0.0461999 1.11206726047903e-07 1.11943695014794e-07 18
0.0923998 5.866871263984079e-07 5.712020878191311e-07 62
0.1386 9.700208281805355e-07 9.499434848680779e-07 98
0.1848 2.14143572294566e-06 2.186327268851329e-06 210
0.230999 2.708445390364372e-06 2.9867082483966e-06 350
0.277199 3.802204609893507e-06 4.19627141667198e-06 450
0.323399 5.525529447317278e-06 5.873561396502774e-06 602
0.369599 6.613851092102543e-06 7.616720067173671e-06 762
0.415799 9.752673434118838e-06 1.111243961478893e-05 1142
0.461999 1.090882579210304e-05 1.325963696368204e-05 1250
0.508199 1.292827893962533e-05 1.635468156364546e-05 1458
0.554399 1.652928860621441e-05 2.214062832099018e-05 1814
0.600599 2.000302836180368e-05 2.702030179107196e-05 2178
0.646798 2.202141732839348e-05 3.085421609933299e-05 2498
0.692998 2.263624917751756e-05 3.29138410949137e-05 2622
0.739198 3.088152457144243e-05 4.639046881826316e-05 3338
0.785398 3.311961172681559e-05 5.264302066713408e-05 3722
0.831598 3.547563209410696e-05 6.095804706202432e-05 4170
0.877798 3.877926598748629e-05 6.738641465500412e-05 4358
0.923998 4.477913585994118e-05 8.105116307292453e-05 5034
0.970198 5.033034838500987e-05 9.743001801949561e-05 5714
1.0164 5.283143706953533e-05 0.0001046863562899113 5982
1.0626 6.014267436928059e-05 0.0001284460732029434 6602
1.1088 6.262309389114521e-05 0.0001388029038231382 7130
1.155 7.050753825606873e-05 0.0001613929145598688 8034
1.2012 7.750977226320432e-05 0.0001812597999330844 8606
1.2474 7.943838571979719e-05 0.0002032004386387535 9066
1.2936 8.734991873304517e-05 0.0002324034440442921 9962
1.3398 9.11555102339516e-05 0.0002531161643951116 10550
1.386 9.947728021238166e-05 0.0002848203225391635 11226
1.4322 0.0001058108834776288 0.0003264317849629466 12146
1.4784 0.0001126299855835858 0.0003509244935351728 12606
1.5246 0.0001227000256408631 0.0004027809510069836 13802
1.5708 0.0001304906812833414 0.0004459218628764165 14754
1.617 0.0001328123292227782 0.0004823755362150632 15194
1.6632 0.0001443200381342005 0.0005423738349503767 16454
1.7094 0.0001534555690629242 0.0005847579378195906 17154
1.7556 0.0001603130438630679 0.0006508213914165695 18266
1.8018 0.0001687255970888296 0.0006964589637561415 18750
1.848 0.0001783506141369236 0.0007855445228992788 20234
1.8942 0.000190708088204371 0.0008773884316022293 21450
1.9404 0.0001959970234918008 0.0009330628043375574 21962
1.9866 0.0002068726944062337 0.001013042697160752 23462
2.0328 0.0002112802593051754 0.001090385072692469 24042
2.079 0.0002288054452219219 0.001211638641000965 25946
2.1252 0.0002295288679055762 0.00125826408163306 26118
2.17139 0.000246023321817891 0.001383572071279614 27506
2.21759 0.0002551547390851848 0.001494235151244723 29066
2.26379 0.0002688535576477893 0.001636621297378373 30450
2.30999 0.0002869111084894895 0.001816720682573055 31742
2.35619 0.000283796764827803 0.001846411595285765 32250
2.40239 0.0003050967791182322 0.00207210232664033 34250
2.44859 0.0003095507963633584 0.002164433903848536 35454
2.49479 0.0003258070138857675 0.002317231747252534 36434
2.54099 0.0003320297524679786 0.002455050875708263 37682
2.58719 0.0003457067356379337 0.002649707383193609 39294
2.63339 0.0003645502777507272 0.002927738641514906 41426
2.67959 0.0003752240636307372 0.003056350511681231 42066
2.72579 0.0003845369721357512 0.003217034496305035 43490
2.77199 0.0004070561967941385 0.003526983279841211 45702
2.81819 0.0004128709575264821 0.003648745414185834 46634
2.86439 0.0004262434961053528 0.003905428204326026 48554
2.91059 0.0004357469050973979 0.004054208818286482 48870
2.95679 0.0004587560629849069 0.004422736946766659 51554
3.00299 0.0002028953830232343 0.002006974372796935 54090
3.04919 3.564614383113154e-36 2.524205608342838e-35 54314
3.09539 3.426474568721038e-36 2.410337896572759e-35 56910
3.14159 3.085044378704264e-36 2.171127775068384e-35 57482
3.18779 2.904546224477552e-36 1.974216861902561e-35 60626
3.23399 2.781519263056152e-36 1.856928011822427e-35 61206
3.28019 2.656899035733962e-36 1.759950474463713e-35 62570
3.32639 2.554611350408057e-36 1.654216344523002e-35 65730
3.37259 2.440489534140561e-36 1.533118272450237e-35 66686
3.41879 2.461579824409993e-36 1.561498690683493e-35 69698
3.46499 2.421310670270439e-36 1.498450058402822e-35 70026
3.51119 2.382981102764938e-36 1.493201963919596e-35 72746
3.55739 2.451656320010279e-36 1.486210676642432e-35 74910
3.60359 2.35936869911997e-36 1.461511627804286e-35 75722
3.64979 2.343914213265608e-36 1.426281503407732e-35 78378
3.69599 2.320860882708303e-36 1.423533506455718e-35 80030
3.74219 2.31683609904007e-36 1.419158746207328e-35 83186
3.78839 2.361201458904458e-36 1.400348598335833e-35 84666
3.83459 2.333066102860407e-36 1.402662720123205e-35 86546
3.88079 2.341456671298206e-36 1.40251803329731e-35 88134
3.92699 2.44713246117094e-36 1.458821945738712e-35 91538
3.97319 2.434781918093256e-36 1.448467269719059e-35 93138
4.01939 2.458258390839625e-36 1.488596112224031e-35 94478
4.06559 2.512334962923103e-36 1.486373338396387e-35 97274
4.11179 2.573761860923627e-36 1.491035388268963e-35 99690
4.15799 2.59230686941924e-36 1.52913014192139e-35 102590
4.20419 2.582491448277282e-36 1.536379028639452e-35 103770
4.25039 2.611011096699704e-36 1.549726596539255e-35 106346
4.29659 2.685683119234939e-36 1.588179204562804e-35 108546
4.34279 2.656627220323827e-36 1.54935243112756e-35 110726
4.38899 2.699945587559419e-36 1.577155364279193e-35 112322
4.43519 2.722230989608378e-36 1.551398221370775e-35 115890
4.48139 2.737971890043208e-36 1.602419538515552e-35 118766
4.52759 2.750672114364685e-36 1.621853798281648e-35 122298
4.57379 2.811643586511511e-36 1.600958914245998e-35 122090
4.61999 2.85568293883657e-36 1.646463151573006e-35 125810
4.66619 2.893746995979577e-36 1.668904248844481e-35 128190
4.71239 2.982711388572424e-36 1.747952628767578e-35 130994
4.75859 3.015125612049425e-36 1.757930506216252e-35 133722
4.80479 3.02646057269216e-36 1.729136554682283e-35 133886
4.85099 3.19977498361434e-36 1.800460026220286e-35 140538
4.89719 3.121946413813081e-36 1.769480574784862e-35 140594
4.94339 3.185000175365453e-36 1.802278663935837e-35 143594
4.98959 3.28742702022987e-36 1.838772768308388e-35 146310
5.03579 3.324687015648598e-36 1.929259997142683e-35 150650
5.08199 3.418961320842469e-36 1.964792092738056e-35 151914
5.12819 3.467269568272248e-36 1.911864049726612e-35 153398
5.17439 3.468386164875602e-36 1.965346112220291e-35 157866
5.22059 3.528720964343104e-36 1.901075765909772e-35 160658
5.26679 3.489634754940572e-36 1.976955957997704e-35 164102
5.31299 3.636369664381771e-36 1.9924432360231e-35 164994
5.35919 3.648607855097438e-36 2.063826016899038e-35 169850
5.40539 3.699773927514238e-36 2.033633330794954e-35 172986
5.45159 3.795040644705302e-36 1.999769086965484e-35 173894
5.49779 3.787346135343966e-36 2.053651155023319e-35 176778
5.54399 3.899795847162392e-36 2.066818979374602e-35 181802
5.59019 3.949081379287186e-36 2.069488432797855e-35 184430
5.63639 3.879520681059327e-36 2.043951168925754e-35 187242
5.68259 4.18126406536486e-36 2.088300522575904e-35 190250
5.72879 4.132865062028691e-36 2.107601781875781e-35 192570
5.77499 4.185208660497135e-36 2.050352973985895e-35 198254
5.82119 4.341532134069256e-36 2.017491151363374e-35 198074
5.86739 4.41303196399251e-36 2.081475010980793e-35 202050
5.91359 4.039949260572614e-36 2.032929110793645e-35 205502
5.95979 4.047203635700388e-36 2.029302416708587e-35 210666
6.00599 3.946475241347704e-36 2.060421445900332e-35 212426
6.05219 3.888658003059379e-36 2.070405154995176e-35 213918
6.09839 3.89911872028026e-36 2.110082778911999e-35 220994
6.14459 3.849217007396775e-36 2.099801800836702e-35 221522
6.19079 3.80150083954786e-36 2.104115271049142e-35 226314
6.23699 3.816419201729336e-36 2.067579336523153e-35 227294
6.28319 3.733913512489625e-36 2.08795365912791e-35 232962
6.32939 3.743459492259737e-36 2.092917957863784e-35 237818
6.37559 3.649477434029627e-36 2.035105527692584e-35 238398
6.42178 3.662796403316112e-36 2.064295226205231e-35 241418
6.46798 3.679369666686776e-36 2.022832142697283e-35 246818
6.51418 3.753689188105715e-36 2.051609700640526e-35 249906
6.56038 3.70831846397565e-36 2.054015641973354e-35 254702
6.60658 3.574373320126817e-36 1.971296734847796e-35 254418
6.65278 3.610180165250069e-36 2.024591329161683e-35 260354
6.69898 3.612984751815901e-36 2.025695104894464e-35 264974
6.74518 3.599222523621369e-36 1.996389330173825e-35 268722
6.79138 3.660607839855567e-36 2.02703806647556e-35 271562
6.83758 3.702707569986933e-36 2.053538554632042e-35 275586
6.88378 3.773489399125517e-36 2.111189318356881e-35 280190
6.92998 3.783674771160998e-36 2.100573075732256e-35 282834
6.97618 3.825102249778045e-36 2.150426462053871e-35 285170
7.02238 3.808262613156528e-36 2.163548132954949e-35 289886
7.06858 3.765372325192552e-36 2.154252030647394e-35 294474
7.11478 3.911760155952419e-36 2.180028754732798e-35 299498
7.16098 3.892435412898164e-36 2.229042018997536e-35 299958
7.20718 3.898258175512295e-36 2.198737988419729e-35 305858
7.25338 3.965781092679168e-36 2.263975829978493e-35 310794
7.29958 4.014503143689575e-36 2.282056340041714e-35 313082
7.34578 4.035448674843925e-36 2.282937068060055e-35 316046
7.39198 3.966934444751415e-36 2.260281065983139e-35 322218
7.43818 3.96619204419363e-36 2.272834162536971e-35 328562
7.48438 3.926641831944845e-36 2.238117767124537e-35 327990
7.53058 4.06317657215266e-36 2.301253241757484e-35 335282
7.57678 4.00242507027606e-36 2.281003182870525e-35 335970
7.62298 4.132152767346496e-36 2.362526823580079e-35 344066
7.66918 4.093123636424949e-36 2.367543691062113e-35 343718
7.71538 4.177557188282663e-36 2.395707841179742e-35 351498
7.76158 4.079370367789775e-36 2.358058501926303e-35 354458
7.80778 4.127132206573231e-36 2.342970856378688e-35 358566
7.85398 4.134293313688925e-36 2.375618396898721e-35 366122
7.90018 4.320185278777222e-36 2.428853384798359e-35 365810
7.94638 4.266690156559251e-36 2.482382429383166e-35 371622
7.99258 4.267136972472211e-36 2.440273236253039e-35 375986
8.03878 4.280487659605175e-36 2.479179043387625e-35 382170
8.08498 4.301299813151721e-36 2.419243588875474e-35 381818
8.13118 4.267270526307057e-36 2.442230928595964e-35 389574
8.17738 4.375349804240407e-36 2.428159539638525e-35 393698
8.22358 4.294713791386058e-36 2.436844987414926e-35 399458
8.26978 4.31803822692636e-36 2.362276965201486e-35 402222
8.31598 4.353564746857748e-36 2.390571891144064e-35 406922
8.36218 4.405156795732106e-36 2.459624161319418e-35 412842
8.40838 4.446545098934302e-36 2.445291841742534e-35 415346
8.45458 4.454894359313807e-36 2.43993070500582e-35 421182
8.50078 4.404698697295004e-36 2.425072564704198e-35 425018
8.54698 4.418306025886367e-36 2.363455264906273e-35 431138
8.59318 4.333691564247019e-36 2.374146273510888e-35 434382
8.63938 4.366800651290211e-36 2.404431697865117e-35 439514
8.68558 4.376729707738297e-36 2.401799659475345e-35 444738
8.73178 4.454965448252216e-36 2.360014318113135e-35 448910
8.77798 4.3243290098547e-36 2.291986962817701e-35 450618
8.82418 4.449811657465947e-36 2.323881848223341e-35 459554
8.87038 4.176736014145865e-36 2.263968880713348e-35 463106
8.91658 4.109015798736243e-36 2.214741385060859e-35 467094
8.96278 4.3267865921152e-36 2.278809825843759e-35 474938
9.00898 4.404164472510816e-36 2.300481529703148e-35 477186
9.05518 4.521485307720311e-36 2.435069864394029e-35 484670
9.10138 4.624252608772392e-36 2.497671500017013e-35 487010
9.14758 4.661965808018892e-36 2.48702898636003e-35 493314
9.19378 4.649679743959702e-36 2.545339789895894e-35 496322
9.23998 4.736443106161155e-36 2.621787156565828e-35 501702
9.28618 4.823460849077306e-36 2.660250927277707e-35 508562
9.33238 4.906992930962485e-36 2.718603754874531e-35 514242
9.37858 5.070852922283228e-36 2.777449221326973e-35 516158
9.42478 5.234612611022411e-36 2.890886180652422e-35 522602
9.47098 5.314764749590394e-36 2.978418759769945e-35 530658
9.51718 5.416079241855843e-36 2.99752495651052e-35 530042
9.56338 5.374814660320668e-36 2.957037618877699e-35 538878
9.60958 5.397392676379606e-36 3.005481419897196e-35 544130
9.65578 5.37327710187818e-36 3.051416073924648e-35 551106
9.70198 5.298699354074468e-36 3.103973115723996e-35 553982
9.74818 5.587359312123387e-36 3.122127708883031e-35 558242
9.79438 5.453930459078738e-36 3.171490206424958e-35 564546
9.84058 5.583394619731986e-36 3.162256675871183e-35 570494
9.88678 5.628154088701683e-36 3.196109193770766e-35 576762
9.93298 5.739426844509223e-36 3.219380195595729e-35 578234
9.97918 5.833139222706328e-36 3.254852645086959e-35 585666
10.0254 5.908043803111549e-36 3.350542949048936e-35 594446
10.0716 6.105774622471268e-36 3.458624469924074e-35 595250
10.1178 6.210014371146175e-36 3.501852240310511e-35 603402
10.164 6.196975991432086e-36 3.615274412533763e-35 607382
10.2102 6.14830604930569e-36 3.661506189148069e-35 617010
10.2564 6.233166516232677e-36 3.579927755220814e-35 616778
10.3026 6.166784887302402e-36 3.555349482305858e-35 624746
10.3488 5.972979624561237e-36 3.423690672855164e-35 628062
10.395 5.930745170153764e-36 3.425803042777371e-35 639410
10.4412 6.086365098018771e-36 3.484624654583812e-35 642954
10.4874 6.140615591170723e-36 3.471203059606498e-35 645974
10.5336 6.106604265339795e-36 3.50673379555004e-35 653490
10.5798 6.204380138378819e-36 3.475521573747081e-35 660746
10.626 6.201529809048577e-36 3.551435978688793e-35 664646
10.6722 6.423318471136546e-36 3.613476880850527e-35 667290
10.7184 6.532676633715928e-36 3.699586143898192e-35 679034
10.7646 6.571213883286172e-36 3.74878647415582e-35 682722
10.8108 6.768564878335241e-36 3.73520561520859e-35 691238
10.857 6.863031951516067e-36 3.806693560246315e-35 688602
10.9032 6.934699535154716e-36 3.917762792941393e-35 700826
10.9494 6.85791576803252e-36 3.807329483539833e-35 705662
10.9956 6.930144113156773e-36 3.833566438815567e-35 710082
11.0418 7.07599262330353e-36 3.884527120895935e-35 719162
11.088 6.853489381091008e-36 3.830650030294278e-35 722250
11.1342 6.835998718756362e-36 3.859808776662083e-35 731510
11.1804 7.045680931463996e-36 3.851612604494074e-35 736442
11.2266 7.061525712535302e-36 3.871373400347839e-35 740898
11.2728 7.181286245695352e-36 3.89915614689262e-35 750158
11.319 7.258567032619046e-36 3.937289969018492e-35 754866
11.3652 7.353866081610008e-36 3.897893716667767e-35 760826
11.4114 7.352234290707773e-36 3.957061214546813e-35 764034
11.4576 7.369362249778389e-36 3.971244133867408e-35 773846
11.5038 7.42273668754585e-36 3.969490001056066e-35 779714
11.55 7.454573970971716e-36 3.894795440297073e-35 784314
11.5962 7.623961140421634e-36 3.932925349052996e-35 791342
11.6424 7.651640220731108e-36 3.969134577047497e-35 799458
11.6886 7.696902024128948e-36 3.984496215482964e-35 804962
11.7348 7.730949723674623e-36 3.899681184977676e-35 809550
11.781 7.842855736577354e-36 3.8370647045435e-35 813458
11.8272 7.248972395186212e-36 3.881943744807909e-35 827402
11.8734 7.469650753931019e-36 3.850397784321463e-35 828618
11.9196 7.913319936982341e-36 3.919820073694654e-35 836918
11.9658 7.917907779745055e-36 3.92850360313086e-35 842874
12.012 8.181063032341489e-36 4.000745137886652e-35 849338
12.0582 8.164499285805017e-36 4.084419127663173e-35 858942
12.1044 8.492013664279132e-36 4.192601977230245e-35 860978
12.1506 8.36315086489013e-36 4.266532235630795e-35 868346
12.1968 8.508463375163722e-36 4.3647193424763e-35 875154
12.243 8.611679624358575e-36 4.500676002881072e-35 886214
12.2892 8.706921188620235e-36 4.600638468523687e-35 887346
12.3354 8.720211744416028e-36 4.61973214734752e-35 894986
12.3816 8.568453347220468e-36 4.695590599676748e-35 902774
12.4278 8.62669411390683e-36 4.62011806926453e-35 912114
12.474 8.568195956768126e-36 4.634576228892057e-35 915026
12.5202 8.649868873395148e-36 4.676045112683684e-35 920142
12.5664 8.428229718427338e-36 4.550477101997237e-35 929762
12.6126 8.403216709720276e-36 4.607236172860109e-35 937698
12.6588 8.383498146909405e-36 4.672251337193357e-35 944762
12.705 8.540305881406912e-36 4.640804793813422e-35 948254
12.7512 8.755142221715007e-36 4.697875275061289e-35 956802
12.7974 8.789263746278486e-36 4.711014562913417e-35 967658
12.8436 9.031853888104782e-36 4.904132236554413e-35 969702
12.8898 8.87951565763454e-36 4.892731051532549e-35 974090
12.936 9.169738037532294e-36 5.032143697016654e-35 988482
12.9822 9.094065217686158e-36 5.075958228623218e-35 991994
13.0284 9.102221796427286e-36 5.133230962225975e-35 1001030
13.0746 9.090031732966019e-36 5.145920297369703e-35 1005450
13.1208 8.86536370052097e-36 5.071445544745671e-35 1013738
13.167 8.90059106946413e-36 5.122066859101283e-35 1021710
13.2132 9.004621293037092e-36 5.092919856320168e-35 1023626
13.2594 8.823798037268121e-36 5.129845690125302e-35 1035834
13.3056 8.933117864431276e-36 5.103817136805919e-35 1040786
13.3518 8.930584719413338e-36 5.085701641353253e-35 1053206
13.398 9.044410416197749e-36 5.222622741774372e-35 1057002
13.4442 9.467742521864456e-36 5.426468897159077e-35 1063898
13.4904 9.5282547784705e-36 5.508039608788411e-35 1072782
13.5366 9.611330223977875e-36 5.589201116351896e-35 1078826
13.5828 9.917856186767532e-36 5.665370458788915e-35 1087922
13.629 1.023086222986936e-35 5.831093668664543e-35 1090494
13.6752 1.014839359513982e-35 5.993862136678398e-35 1101362
13.7214 1.029973408098731e-35 6.026434912167054e-35 1109802
13.7676 1.050910127566284e-35 6.249540760110074e-35 1114514
13.8138 1.022687915106651e-35 6.221872763412345e-35 1123926
13.86 9.821478201928321e-36 5.885867360077972e-35 1125986
13.9062 9.55950856700747e-36 5.782944774158016e-35 1143554
13.9524 9.642448513405906e-36 5.662889740357449e-35 1144710
13.9986 9.475417416297228e-36 5.588631038727752e-35 1154018
14.0448 9.258370649763619e-36 5.46885425770793e-35 1159962
14.091 9.261471135342839e-36 5.444306905049267e-35 1170986
14.1372 9.545557232948621e-36 5.50986733867123e-35 1178142
14.1834 9.456519666406154e-36 5.608689860057424e-35 1182674
14.2296 9.529146415562207e-36 5.61939460822736e-35 1191002
14.2758 9.499539191486759e-36 5.634374754026905e-35 1200438
14.322 9.500949236189405e-36 5.643258086833554e-35 1208162
14.3682 9.350186023172242e-36 5.523381244225093e-35 1215258
14.4144 9.340820893154992e-36 5.426083016690326e-35 1224134
14.4606 8.974483052687403e-36 5.146883985553752e-35 1228722
14.5068 8.910407097772487e-36 5.065142005568513e-35 1243154
14.553 9.085396066217407e-36 5.188773467706024e-35 1245434
14.5992 8.777612874955801e-36 4.974693830874628e-35 1255158
14.6454 8.756330372775865e-36 4.81117755121445e-35 1255610
14.6916 8.632191714929583e-36 4.668375688940274e-35 1277562
14.7378 8.449255689064751e-36 4.59797770660706e-35 1274414
14.784 7.846650566415784e-36 4.412704894643647e-35 1285994
14.8302 8.075549659841685e-36 4.273317505009121e-35 1299570
14.8764 8.316307967515129e-36 4.262048560523185e-35 1302122
14.9226 8.530117307295301e-36 4.403421306686806e-35 1311366
14.9688 8.546278082199117e-36 4.472122982188716e-35 1319186
15.015 8.75411380676533e-36 4.613450854120985e-35 1327434
15.0612 8.803426683493362e-36 4.654865259088059e-35 1337294
15.1074 8.859399869493104e-36 4.842301489872656e-35 1342730
15.1536 8.889650065509229e-36 4.806098072163746e-35 1350570
15.1998 8.971996700226682e-36 4.811676567927531e-35 1362590
15.246 8.893188905630655e-36 4.784499956961601e-35 1369698
15.2922 9.059646438643533e-36 4.941242455465673e-35 1374914
15.3384 9.056451152685679e-36 4.994905052745818e-35 1383570
15.3846 9.289344926871374e-36 5.100365860064676e-35 1395374
15.4308 9.197089622163507e-36 5.106351247534549e-35 1396994
15.477 9.35130610033414e-36 5.16160149699448e-35 1411530
15.5232 9.282260764492238e-36 5.185763817884897e-35 1417574
15.5694 9.332498490274624e-36 5.185302830507639e-35 1428834
15.6156 9.430709537871655e-36 5.222883687152371e-35 1439018
15.6618 9.57714434162093e-36 5.310834933307647e-35 1440698
15.708 9.706942350623205e-36 5.341885698117771e-35 1453638
15.7542 9.679276193368254e-36 5.407216000517903e-35 1463426
15.8004 9.74908280707233e-36 5.485509664163043e-35 1471050
15.8466 9.792451870558798e-36 5.478533966016967e-35 1476638
15.8928 9.723549985719804e-36 5.449568893005176e-35 1484466
15.939 9.913669316523501e-36 5.455418290951391e-35 1501154
15.9852 9.764307207455463e-36 5.492080331810161e-35 1501706
16.0314 9.911751162270896e-36 5.522061138412193e-35 1511502
16.0776 9.928261897776329e-36 5.549551133146177e-35 1520234
16.1238 9.940845482988762e-36 5.560750527317524e-35 1535010
16.17 9.939539067085727e-36 5.578545193891483e-35 1543358
16.2162 1.002846972766074e-35 5.571878115735127e-35 1535754
16.2624 1.002983788382172e-35 5.604897443338001e-35 1564802
16.3086 1.00263663347299e-35 5.574337773430963e-35 1563038
16.3548 1.046664832381362e-35 5.748013778194714e-35 1578426
16.401 1.051959203395975e-35 5.884791283655314e-35 1581482
16.4472 1.061544535171294e-35 5.916851812150185e-35 1592250
16.4934 1.056632984618968e-35 6.049038129617646e-35 1602230
16.5396 1.06075856235501e-35 5.946175592564181e-35 1604754
16.5858 1.064822906764419e-35 5.89731758571642e-35 1623458
16.632 1.041228415897901e-35 5.819952373871837e-35 1624910
16.6782 1.065094801119696e-35 5.913976314272818e-35 1645122
16.7244 1.068999847383361e-35 6.013511526161481e-35 1645130
16.7706 1.079761590595427e-35 6.007702790666356e-35 1655706
16.8168 1.098794836997282e-35 6.113487097621059e-35 1663502
16.863 1.089477282349864e-35 6.113699184995933e-35 1675514
16.9092 1.100840582540781e-35 6.143915789907814e-35 1685298
16.9554 1.109732671462827e-35 6.083624939038184e-35 1689566
17.0016 1.1026456413257e-35 6.152097179582152e-35 1697850
17.0478 1.118127374135367e-35 6.171539464356248e-35 1718546
17.094 1.11311327774678e-35 6.111662360374265e-35 1719822
17.1402 1.124280029368194e-35 6.075093537509251e-35 1726586
17.1864 1.121132634803176e-35 6.143946550555347e-35 1739186
17.2326 1.133941330029981e-35 6.131634189042163e-35 1751538
17.2788 1.141049548127594e-35 6.136842937299987e-35 1758062
17.325 1.14664206104956e-35 6.129811927963109e-35 1763010
17.3712 1.139694827311678e-35 6.156814871874695e-35 1778642
17.4174 1.125739928525546e-35 6.089474356969387e-35 1788582
17.4636 1.146702535173609e-35 6.159355032254192e-35 1794746
17.5098 1.165420071087962e-35 6.12626970766186e-35 1803290
17.556 1.16630979693883e-35 6.20126645175982e-35 1811058
17.6022 1.194249665678814e-35 6.158465286333152e-35 1828358
17.6484 1.202666120984243e-35 6.205745550647285e-35 1831362
17.6946 1.180757748969953e-35 6.116127405049402e-35 1842458
17.7408 1.099536496249312e-35 6.011950937950084e-35 1846998
17.787 1.126884598680721e-35 5.903408329487342e-35 1869122
17.8332 1.170209605352213e-35 5.999259751312794e-35 1876346
17.8794 1.19433147029786e-35 6.003519741232553e-35 1879506
17.9256 1.250169974250895e-35 6.148685283352394e-35 1893326
17.9718 1.262170467235037e-35 6.44172591273679e-35 1901826
18.018 1.299079169951253e-35 6.714940906034491e-35 1911962
18.0642 1.29298711906226e-35 6.836749773834084e-35 1919198
18.1104 1.288009164337868e-35 6.876647939622345e-35 1930242
18.1566 1.282655954055767e-35 6.934866708921246e-35 1942442
18.2028 1.296171104749308e-35 7.003694802323893e-35 1951734
18.249 1.306070227357051e-35 7.023924099961892e-35 1955402
18.2952 1.272993403860724e-35 6.838456828213232e-35 1971858
18.3414 1.275336642795056e-35 6.987413436838461e-35 1984898
18.3876 1.2868369379406e-35 6.925663799433192e-35 1986422
18.4338 1.297788087476793e-35 7.006773549509572e-35 1996146
18.48 1.293664208198719e-35 7.048165262264e-35 2017106
18.5262 1.302551777185881e-35 7.045026882632435e-35 2020638
18.5724 1.312632677759683e-35 7.133723934912595e-35 2029346
18.6186 1.363543237481217e-35 7.315528299316182e-35 2041002
18.6648 1.350811024426096e-35 7.461651852086818e-35 2051450
18.711 1.352441095637822e-35 7.492775230153514e-35 2065886
18.7572 1.345153716303636e-35 7.51021317531838e-35 2064546
18.8034 1.362330376758525e-35 7.5486719476954e-35 2082650
18.8496 1.34104462403033e-35 7.511855974551501e-35 2095182
18.8958 1.333952142529897e-35 7.507238672625307e-35 2101346
18.942 1.37698007049321e-35 7.676929354404502e-35 2115554
18.9882 1.374394055436139e-35 7.760016085346856e-35 2115654
19.0344 1.391967472271679e-35 7.70820936877842e-35 2141066
19.0806 1.391715726834692e-35 7.852917045902471e-35 2139786
19.1268 1.372112720338396e-35 7.771548114183803e-35 2152202
19.173 1.361390695721438e-35 7.678662306036474e-35 2161086
19.2192 1.31926942765803e-35 7.520696814756028e-35 2176058
19.2654 1.329629710010925e-35 7.392277100150619e-35 2190818
19.3116 1.320207547338964e-35 7.486098002583975e-35 2191158
19.3578 1.331966332684372e-35 7.459457074893198e-35 2205314
19.404 1.335732871768649e-35 7.580033923976325e-35 2215554
19.4502 1.363970041726218e-35 7.645896893245539e-35 2230562
19.4964 1.390487292575144e-35 7.810600712943887e-35 2239614
19.5426 1.389766373404544e-35 7.990109989891425e-35 2245706
19.5888 1.387161631452704e-35 8.019793566168019e-35 2259674
19.635 1.374556157075095e-35 7.822336408416694e-35 2273214
19.6812 1.387193483057536e-35 7.704454056197941e-35 2278802
19.7274 1.386646705817167e-35 7.789864424737558e-35 2294034
19.7736 1.372602579370008e-35 7.805473879196944e-35 2294942
19.8198 1.40105721626299e-35 7.947985355632209e-35 2317050
19.866 1.40657743128444e-35 7.909139715525604e-35 2322842
19.9122 1.399607054655905e-35 7.9282701001877e-35 2330810
19.9584 1.378023201835647e-35 7.960705219533181e-35 2345958
20.0046 1.357848235185641e-35 7.781825108101795e-35 2353586
20.0508 1.364355187828472e-35 7.637264696431257e-35 2376210
20.097 1.348746700929607e-35 7.590454653789486e-35 2374502
20.1432 1.369802028086157e-35 7.58013077031045e-35 2386346
20.1894 1.382409193835353e-35 7.622080253637803e-35 2401314
20.2356 1.410601038418256e-35 7.762212258648957e-35 2411450
20.2818 1.408220341448167e-35 7.761293290696436e-35 2420718
20.328 1.388082288389268e-35 7.644112784042912e-35 2425754
20.3742 1.365222211900539e-35 7.446886999640167e-35 2455218
20.4204 1.396612767230596e-35 7.527372783932934e-35 2450942
20.4666 1.391288163955708e-35 7.623965871140258e-35 2467130
20.5128 1.435851761010962e-35 7.605059183830823e-35 2474874
20.559 1.418855522925166e-35 7.600251290889076e-35 2490362
20.6052 1.405363077849216e-35 7.510055239721068e-35 2498142
20.6514 1.373060496387571e-35 7.31264871103374e-35 2507090
20.6976 1.31817399999593e-35 7.304039736626145e-35 2525562
20.7438 1.325888770886731e-35 7.178798557836774e-35 2534726
20.79 1.345224502649411e-35 7.278151840806968e-35 2549906
20.8362 1.370027139798059e-35 7.416267659328908e-35 2551074
20.8824 1.431441879335668e-35 7.488617059930936e-35 2570702
20.9286 1.46288257533208e-35 7.932219250097422e-35 2574642
20.9748 1.493816120226594e-35 8.136289308741554e-35 2594066
21.021 1.497985939272653e-35 8.38396070503035e-35 2594802
21.0672 1.499794913050924e-35 8.468835261889562e-35 2612030
21.1134 1.492266231701462e-35 8.460473276211548e-35 2627954
21.1596 1.575824610184373e-35 8.699442509055428e-35 2640402
21.2058 1.595022966436721e-35 8.866873899299078e-35 2641454
21.252 1.600830041325845e-35 8.984489828572008e-35 2661834
21.2982 1.590537580202658e-35 8.952055965470232e-35 2669138
21.3444 1.635855933047815e-35 9.441548978662241e-35 2684858
21.3905 1.628151162664548e-35 9.434457010091629e-35 2693910
21.4367 1.586876912787368e-35 9.143128239791597e-35 2701682
21.4829 1.573750579872241e-35 8.977707200098784e-35 2722698
21.5291 1.622450853519629e-35 9.240435951597053e-35 2725262
21.5753 1.664337993495761e-35 9.429290463517403e-35 2742450
21.6215 1.693192700067913e-35 9.703063071617761e-35 2749850
21.6677 1.737711850214525e-35 9.942857407961617e-35 2763902
21.7139 1.739640119400084e-35 1.002626493409572e-34 2778498
21.7601 1.743508315284367e-35 1.01636057597662e-34 2784530
21.8063 1.720891828044289e-35 9.998948804237764e-35 2804106
21.8525 1.733991484035859e-35 9.918276334284065e-35 2809790
21.8987 1.768003778403505e-35 1.017842047565588e-34 2825058
21.9449 1.881515648211702e-35 1.059467415652843e-34 2834330
21.9911 1.857617630864349e-35 1.054000119295705e-34 2842022
22.0373 1.877683368364593e-35 1.067857601253238e-34 2864754
22.0835 1.86492126478838e-35 1.082395553286033e-34 2864186
22.1297 1.894518846724361e-35 1.08376825600644e-34 2879538
22.1759 1.874710004796652e-35 1.083352210042086e-34 2899454
22.2221 1.886717891779152e-35 1.074334048242899e-34 2904258
22.2683 1.930404444240386e-35 1.074183884030227e-34 2930234
22.3145 1.928170822635638e-35 1.077168162165444e-34 2929526
22.3607 1.947137815244696e-35 1.099311771391633e-34 2942442
22.4069 1.984533598295433e-35 1.117210403068948e-34 2960810
22.4531 2.025951687785499e-35 1.138842370082943e-34 2964954
22.4993 2.014578446227182e-35 1.154642880812398e-34 2980910
22.5455 2.011035085519698e-35 1.13638374610277e-34 2990978
22.5917 2.015358041167733e-35 1.123721076642179e-34 3007626
22.6379 2.017316706833206e-35 1.128686641860524e-34 3019166
22.6841 2.078722395507327e-35 1.145623461120763e-34 3021090
22.7303 2.101971371703934e-35 1.172843175924806e-34 3047834
22.7765 2.137354389282095e-35 1.174294071673091e-34 3055590
22.8227 2.183305796478863e-35 1.183604297143595e-34 3068546
22.8689 2.155329809591109e-35 1.166463809193258e-34 3067274
22.9151 2.135914352923746e-35 1.155930927154422e-34 3098058
22.9613 2.136754671691345e-35 1.152550406618383e-34 3109214
23.0075 2.189294003647443e-35 1.159770779111869e-34 3110466
23.0537 2.20829233050743e-35 1.181290215680777e-34 3124370
23.0999 2.228501878918061e-35 1.192661996298061e-34 3144174
23.1461 2.244256863073595e-35 1.199927599614154e-34 3161738
23.1923 2.242122810567509e-35 1.194986415854652e-34 3159890
23.2385 2.29531481066088e-35 1.208612888076175e-34 3174138
23.2847 2.249476946332055e-35 1.181813745088407e-34 3195926
23.3309 2.299878991904257e-35 1.201450004058262e-34 3211386
23.3771 2.353185568356699e-35 1.215678351402398e-34 3219314
23.4233 2.360645495780615e-35 1.220414243571105e-34 3225494
23.4695 2.415255066784875e-35 1.243432518132787e-34 3242562
23.5157 2.428689764435311e-35 1.230951069694253e-34 3257450
23.5619 2.421908472581119e-35 1.230979731404379e-34 3269118
23.6081 2.371783769285077e-35 1.209026792055145e-34 3278930
23.6543 2.223771405550481e-35 1.149803284594125e-34 3286650
23.7005 2.255106182147181e-35 1.142112204120502e-34 3316610
23.7467 2.414584064080206e-35 1.158204352012545e-34 3321542
23.7929 2.423358726543618e-35 1.166533120427407e-34 3328578
23.8391 2.489243843826027e-35 1.212084247429204e-34 3345074
23.8853 2.484624708771949e-35 1.27770202193562e-34 3361686
23.9315 2.504242727118453e-35 1.288945933650318e-34 3369722
23.9777 2.509905930968682e-35 1.308147630157964e-34 3385290
24.0239 2.492372785261288e-35 1.303156587731531e-34 3391370
24.0701 2.517467902126317e-35 1.310207131831308e-34 3422966
24.1163 2.504677657040446e-35 1.308886419314447e-34 3419538
24.1625 2.496094778972446e-35 1.330388192556589e-34 3441890
24.2087 2.456622997199915e-35 1.320461425132828e-34 3447582
24.2549 2.493301674055478e-35 1.315825910307489e-34 3466298
24.3011 2.438683873608928e-35 1.316910199462303e-34 3466194
24.3473 2.415005577991292e-35 1.293098907978146e-34 3492062
24.3935 2.395010278453967e-35 1.291685336398268e-34 3503114
24.4397 2.385494458400639e-35 1.271740759998917e-34 3517146
24.4859 2.448551068008646e-35 1.311853977044405e-34 3535706
24.5321 2.476573273580671e-35 1.317193775045146e-34 3539742
24.5783 2.51038222127654e-35 1.371616271342599e-34 3558698
24.6245 2.530460079522335e-35 1.39395746305625e-34 3570122
24.6707 2.547641212330158e-35 1.409085198212578e-34 3585174
24.7169 2.552628463301524e-35 1.397043801685886e-34 3594314
24.7631 2.499644506621589e-35 1.416661755426567e-34 3612258
24.8093 2.454493560802027e-35 1.371964165139614e-34 3620282
24.8555 2.469588073660877e-35 1.378800110179706e-34 3639078
24.9017 2.493152594829862e-35 1.370309853509857e-34 3650450
24.9479 2.497573925449172e-35 1.398302139317267e-34 3661418
24.9941 2.519220114707715e-35 1.398941138388958e-34 3677694
25.0403 2.484505236654945e-35 1.415506007542237e-34 3695978
25.0865 2.490799479570926e-35 1.408086338151737e-34 3702810
25.1327 2.467509447047269e-35 1.41293475103309e-34 3716162
25.1789 2.483921057609877e-35 1.418203381438084e-34 3740094
25.2251 2.507138603137095e-35 1.421427034092566e-34 3740954
25.2713 2.647832823694764e-35 1.502407891967392e-34 3760946
25.3175 2.671042288770957e-35 1.544498507990027e-34 3778278
25.3637 2.644732464584702e-35 1.543256323825701e-34 3784922
25.4099 2.574936905965747e-35 1.509452763878215e-34 3805266
25.4561 2.666454054939012e-35 1.544412495723038e-34 3807686
25.5023 2.665792872789055e-35 1.5692534660641e-34 3833130
25.5485 2.583056908831689e-35 1.503715460340056e-34 3841898
25.5947 2.595075445436023e-35 1.486694241427331e-34 3858074
25.6409 2.657145763858425e-35 1.550850756961116e-34 3868974
25.6871 2.591074750938424e-35 1.543195754745956e-34 3885362
25.7333 2.567698921068492e-35 1.495064246059164e-34 3898290
25.7795 2.502247756769346e-35 1.470961538432515e-34 3907334
25.8257 2.523337248498628e-35 1.476896035783399e-34 3928730
25.8719 2.46862715185576e-35 1.472873597611253e-34 3936666
25.9181 2.38160722922445e-35 1.387397623793977e-34 3961346
25.9643 2.475265191390532e-35 1.487772675292886e-34 3975774
26.0105 2.574174175301699e-35 1.534752226956384e-34 3970106
26.0567 2.471421391836487e-35 1.45387824977766e-34 4003170
26.1029 2.400758221079515e-35 1.355756076521161e-34 4019558
26.1491 2.412320735877203e-35 1.395409381659089e-34 4025642
26.1953 2.3991751613488e-35 1.41445940773382e-34 4028514
26.2415 2.355823922546487e-35 1.365960704586835e-34 4059398
26.2877 2.344808640616188e-35 1.332575394401716e-34 4069674
26.3339 2.419837296246302e-35 1.35713290415405e-34 4083698
26.3801 2.342568298862821e-35 1.332472084437924e-34 4095210
26.4263 2.302595045739377e-35 1.314523853309106e-34 4110518
26.4725 2.276633537445354e-35 1.251874832343415e-34 4126850
26.5187 2.258591961729667e-35 1.228948123056528e-34 4140114
26.5649 2.221354857339353e-35 1.204004842560083e-34 4144070
26.6111 2.110926728269689e-35 1.160878175798358e-34 4175802
26.6573 2.083000719407761e-35 1.118576794698813e-34 4187882
26.7035 2.124896799147654e-35 1.132033306940294e-34 4199250
26.7497 2.178226905131271e-35 1.13672773748211e-34 4209326
26.7959 2.198004360113783e-35 1.192167630227778e-34 4222130
26.8421 2.229783776307357e-35 1.212480596240507e-34 4254258
26.8883 2.218496498390339e-35 1.213727201439227e-34 4252478
26.9345 2.288300488601914e-35 1.22574257151251e-34 4270698
26.9807 2.287088541920002e-35 1.257845183165125e-34 4278122
27.0269 2.341530554013324e-35 1.278367219337255e-34 4309898
27.0731 2.390738991268377e-35 1.2966356463537e-34 4317150
27.1193 2.35058005944278e-35 1.294204645946351e-34 4329698
27.1655 2.355850319695245e-35 1.313362452225583e-34 4340826
27.2117 2.349010463560274e-35 1.302228391815303e-34 4359590
27.2579 2.338637830604532e-35 1.297473419444248e-34 4376850
27.3041 2.357261580876669e-35 1.305698896215836e-34 4386674
27.3503 2.340112049077971e-35 1.311635080559605e-34 4401782
27.3965 2.326542663138284e-35 1.288329693960217e-34 4419210
27.4427 2.401907161571794e-35 1.357317170611787e-34 4446482
27.4889 2.413978710612875e-35 1.340905997483312e-34 4435554
27.5351 2.418233181706912e-35 1.364504108677191e-34 4468934
27.5813 2.451836306045812e-35 1.347022073712275e-34 4477650
27.6275 2.48322351915811e-35 1.378815248115137e-34 4491218
27.6737 2.508434531745656e-35 1.394530361267237e-34 4510358
27.7199 2.48971084611306e-35 1.415173827259614e-34 4518594
27.7661 2.490021579566795e-35 1.407475259791653e-34 4544474
27.8123 2.531172345302292e-35 1.410305282471691e-34 4552098
27.8585 2.5469997254449e-35 1.433564866874459e-34 4574990
27.9047 2.54528984892392e-35 1.435540454863422e-34 4577210
27.9509 2.549009786791614e-35 1.426429834788137e-34 4608186
27.9971 2.538454448898737e-35 1.43034117118232e-34 4610198
28.0433 2.575341442752058e-35 1.445514115945581e-34 4628898
28.0895 2.512114798066842e-35 1.419127137921041e-34 4641170
28.1357 2.498836166953665e-35 1.382881632875455e-34 4662462
28.1819 2.485722944458257e-35 1.390586096356546e-34 4681442
28.2281 2.523119884962227e-35 1.402652935087447e-34 4687850
28.2743 2.558683039542696e-35 1.43465111032915e-34 4708818
28.3205 2.621643105766846e-35 1.454358310822253e-34 4721534
28.3667 2.633832025448845e-35 1.465911193866554e-34 4732770
28.4129 2.661068987124802e-35 1.468522981959009e-34 4753346
28.4591 2.600853451627148e-35 1.465728410094651e-34 4772886
28.5053 2.630899935956897e-35 1.464569236011745e-34 4785098
28.5515 2.647719728388697e-35 1.485715703592449e-34 4795394
28.5977 2.694978779214795e-35 1.493198649124175e-34 4813986
28.6439 2.682804353740111e-35 1.485275437616531e-34 4832654
28.6901 2.751679906473333e-35 1.494863013401337e-34 4849362
28.7363 2.766886419173201e-35 1.54112442917562e-34 4858322
28.7825 2.836004680349745e-35 1.532392711918364e-34 4871286
28.8287 2.810382987480835e-35 1.558438564973262e-34 4894370
28.8749 2.773393666325236e-35 1.528134381204146e-34 4914650
28.9211 2.755991272608018e-35 1.51858053055622e-34 4919658
28.9673 2.707761791154325e-35 1.477889194903502e-34 4941638
29.0135 2.744840761830225e-35 1.532502356473341e-34 4965954
29.0597 2.740952069376375e-35 1.49823717477796e-34 4971770
29.1059 2.765375740698089e-35 1.492004214811364e-34 4985702
29.1521 2.842116953089567e-35 1.521184181425896e-34 4996314
29.1983 2.817601819813744e-35 1.529636504545001e-34 5021258
29.2445 2.860653143617842e-35 1.527042329451306e-34 5038470
29.2907 2.887986865880391e-35 1.536666405270288e-34 5048570
29.3369 2.861415683590308e-35 1.524559471299121e-34 5067786
29.3831 2.959696131221658e-35 1.5368730231949e-34 5084402
29.4293 2.93551946457596e-35 1.546717961108995e-34 5104238
29.4755 2.889795734300881e-35 1.536897555657552e-34 5101890
29.5217 2.918651261473256e-35 1.542421386064248e-34 5129594
29.5679 2.681490780768576e-35 1.460117061443017e-34 5149086
29.6141 2.70257869992207e-35 1.433141459165966e-34 5168834
29.6603 2.730777329530275e-35 1.432339533203767e-34 5172306
29.7065 2.750882904962266e-35 1.435502987014939e-34 5199218
29.7527 2.854050317318885e-35 1.499256776383895e-34 5215430
29.7989 2.88557412227243e-35 1.519884977471328e-34 5229066
29.8451 2.865512830548019e-35 1.529440413349866e-34 5244530
29.8913 2.921813267707719e-35 1.559660030753745e-34 5262870
29.9375 2.818415217465826e-35 1.542656055132174e-34 5272562
29.9837 2.869801722282502e-35 1.532330292457017e-34 5290098
30.0299 2.880729103594641e-35 1.544198252552512e-34 5314358
30.0761 2.902693587075898e-35 1.590971822229966e-34 5322098
30.1223 2.859304087307943e-35 1.590314648417697e-34 5341026
30.1685 2.81731510924391e-35 1.55621830917171e-34 5366858
30.2147 2.844813702744342e-35 1.539777421543227e-34 5374422
30.2609 2.898735634763381e-35 1.579522017645605e-34 5377730
30.3071 2.872306286681583e-35 1.580825526223195e-34 5409410
30.3533 2.905732565854065e-35 1.595703348742656e-34 5434014
30.3995 2.950075810473535e-35 1.614097615745262e-34 5438882
30.4457 2.979047089570948e-35 1.642351228271606e-34 5456178
30.4919 2.933598123595838e-35 1.630429579421355e-34 5469242
30.5381 2.937771223077852e-35 1.630617109732695e-34 5496174
30.5843 2.937372225792609e-35 1.630977857049932e-34 5505530
30.6305 2.948427162896742e-35 1.64172640764761e-34 5521202
30.6767 2.911301280350731e-35 1.634561754217154e-34 5544126
30.7229 2.887235814831602e-35 1.609052776821711e-34 5560106
30.7691 2.973556663822732e-35 1.638186957911124e-34 5579754
30.8153 2.943242854057098e-35 1.638989164029323e-34 5576270
30.8615 2.930229873485411e-35 1.651165589960784e-34 5607138
30.9077 2.94016432238281e-35 1.629308202143184e-34 5625026
30.9539 2.959522654898876e-35 1.654143281608527e-34 5646698
31.0001 3.004357546653878e-35 1.671732815275364e-34 5649126
31.0463 2.922704122168665e-35 1.643175723033154e-34 5676434
31.0925 2.91642077265735e-35 1.6039963703294e-34 5687418
31.1387 2.991690728575779e-35 1.657174870689385e-34 5715830
31.1849 3.03767134854141e-35 1.697605234372414e-34 5729210
31.2311 3.067502017759349e-35 1.725630419219798e-34 5744802
31.2773 3.065197253912531e-35 1.721865188949474e-34 5752154
31.3235 3.039547046581764e-35 1.713783492910653e-34 5786382
31.3697 3.036427170302246e-35 1.692818298930122e-34 5784146
31.4159 2.9928227674963e-35 1.687577162284884e-34 5812146
31.4621 2.98342978347937e-35 1.648306039709697e-34 5830166
31.5083 3.022360574109565e-35 1.674858176278014e-34 5845850
31.5545 3.07573270989713e-35 1.724478216637709e-34 5862834
31.6007 3.068590342866585e-35 1.717316080344203e-34 5876066
31.6469 3.070854164040538e-35 1.703526312953192e-34 5905854
31.6931 3.103971888560923e-35 1.722205492842997e-34 5902274
31.7393 3.133084017546336e-35 1.731444654749872e-34 5931258
31.7855 3.114778545598641e-35 1.748714185532544e-34 5954966
31.8317 3.017182625119928e-35 1.660527212478321e-34 5965346
31.8779 3.04374356504843e-35 1.682458907270883e-34 5977818
31.9241 3.030710079762057e-35 1.664030883986244e-34 6004718
31.9703 3.039874931106408e-35 1.662940191625084e-34 6011706
32.0165 3.056810485771066e-35 1.683041601555336e-34 6045770
32.0627 3.087197981451933e-35 1.693451011792059e-34 6041586
32.1089 3.112517929353849e-35 1.709860613496435e-34 6073166
32.1551 3.065122534713677e-35 1.685659314096437e-34 6078962
32.2013 3.08292332143369e-35 1.674856351502103e-34 6114258
32.2475 3.099873842575276e-35 1.682950870147578e-34 6123086
32.2937 3.095707821301554e-35 1.688121522268161e-34 6136770
32.3399 3.12685715032627e-35 1.694976240797963e-34 6154898
32.3861 3.102299474576144e-35 1.657347003971308e-34 6178610
32.4323 3.112276316946101e-35 1.658414549753297e-34 6197982
32.4785 3.06452790009029e-35 1.658426722642584e-34 6205322
32.5247 2.899102115219436e-35 1.603738151258001e-34 6218850
32.5709 2.916785434509709e-35 1.566281988691692e-34 6249542
32.6171 3.092649643245382e-35 1.601592158009056e-34 6274146
32.6633 3.210478006332652e-35 1.692733434269129e-34 6270242
32.7095 3.248917354243711e-35 1.768884641268783e-34 6305222
32.7557 3.258420716089995e-35 1.77455736536326e-34 6325026
32.8019 3.235112206932179e-35 1.751089667266875e-34 6331922
32.8481 3.26207623818298e-35 1.778367317249624e-34 6343698
32.8943 3.251975876149223e-35 1.7858597868257e-34 6375158
32.9405 3.22958538325266e-35 1.784793607514515e-34 6392178
32.9867 3.313039886010423e-35 1.801399502541787e-34 6412826
33.0329 3.327047925445351e-35 1.850615277641193e-34 6407078
33.0791 3.336429802913289e-35 1.839269777840183e-34 6447954
33.1253 3.32756604917719e-35 1.840865168767062e-34 6456026
33.1715 3.299907034658849e-35 1.829560059981719e-34 6482034
33.2177 3.335170024792477e-35 1.847623636411352e-34 6492878
33.2639 3.275435428075396e-35 1.832758357335045e-34 6502074
33.3101 3.301898126490386e-35 1.834599813835911e-34 6542930
33.3563 3.419839649812725e-35 1.918146107398543e-34 6556598
33.4025 3.489157440241243e-35 1.956353550705279e-34 6570330
33.4487 3.502953654207355e-35 1.975246986675182e-34 6581882
33.4949 3.515407721256608e-35 1.965875472916989e-34 6612546
33.5411 3.534920430431762e-35 2.001742664755977e-34 6628622
33.5873 3.552155913035718e-35 2.00228430658198e-34 6629498
33.6335 3.499994425010601e-35 1.987068684963089e-34 6659250
33.6797 3.548155867729186e-35 2.000245791877145e-34 6686006
33.7259 3.629872680506061e-35 2.052394143484054e-34 6693786
33.7721 3.662808281363936e-35 2.065062602058463e-34 6711554
33.8183 3.614943511124974e-35 2.043019043382026e-34 6735678
33.8645 3.692761779906458e-35 2.040844467507239e-34 6754754
33.9107 3.733175018900716e-35 2.062333254777359e-34 6776570
33.9569 3.711580135054035e-35 2.092817732748511e-34 6767394
34.0031 3.544840488999352e-35 2.021066129324085e-34 6818246
34.0493 3.488563925626029e-35 1.943138070098123e-34 6830562
34.0955 3.589180527154451e-35 1.977328903067821e-34 6839186
34.1417 3.667899950278881e-35 2.052829136083869e-34 6861462
34.1879 3.649593231595787e-35 2.050949580770986e-34 6880394
34.2341 3.658745928328305e-35 2.031076475944723e-34 6907178
34.2803 3.678751980504306e-35 2.043877037193017e-34 6917034
34.3265 3.726623951909288e-35 2.078970881050155e-34 6937934
34.3727 3.631787242432743e-35 2.045677186838196e-34 6947250
34.4189 3.651236150597179e-35 2.042397368866608e-34 6982106
34.4651 3.674410973158663e-35 2.033664021276725e-34 6995718
34.5113 3.760267482770971e-35 2.102923929242313e-34 7006682
34.5575 3.752686329426454e-35 2.11297641269056e-34 7035866
34.6037 3.764153197964027e-35 2.097237822435594e-34 7054110
34.6499 3.776424429132942e-35 2.090390893561879e-34 7059194
34.6961 3.792126788970461e-35 2.096538872938731e-34 7091802
34.7423 3.689446951701723e-35 2.033938469694366e-34 7100666
34.7885 3.69035321679652e-35 2.035231787618711e-34 7129070
34.8347 3.732484873243657e-35 2.022811004222994e-34 7143282
34.8809 3.800012954050473e-35 2.069914539169745e-34 7161482
34.9271 3.861881523099158e-35 2.089388865757675e-34 7184694
34.9733 3.933330243315865e-35 2.108771666335931e-34 7203914
35.0195 3.920954076152358e-35 2.14162199663729e-34 7219746
35.0657 3.919380162561209e-35 2.130849820329996e-34 7228634
35.1119 3.848039929078766e-35 2.090033425666352e-34 7271990
35.1581 3.897873484424151e-35 2.091080372986567e-34 7266786
35.2043 3.933401027041821e-35 2.094388914880991e-34 7293650
35.2505 4.018831966754968e-35 2.148714800812198e-34 7324086
35.2967 4.018443342995133e-35 2.147850894613403e-34 7338650
35.3429 4.014356050352605e-35 2.132895191322519e-34 7351962
35.3891 3.96022152483053e-35 2.098335937061786e-34 7357190
35.4353 4.01950245503739e-35 2.10061237163821e-34 7406042
35.4815 3.75472399285039e-35 2.027476599039028e-34 7408626
35.5277 3.848006606958811e-35 2.000916761955084e-34 7435610
35.5739 3.963719948462948e-35 2.029339944287381e-34 7453542
35.6201 4.065743625777634e-35 2.130671392537287e-34 7464002
35.6663 4.127543834141024e-35 2.185610242066593e-34 7493546
35.7125 4.185223643160884e-35 2.203204897872132e-34 7510806
35.7587 4.219933746896274e-35 2.234521483466134e-34 7532114
35.8049 4.192726814092368e-35 2.22830547363734e-34 7536234
35.8511 4.153545477212917e-35 2.219796644480036e-34 7565834
35.8973 4.141357157608342e-35 2.238877574109535e-34 7603062
35.9435 4.177773111589315e-35 2.251184039108475e-34 7593890
35.9897 4.30690943437741e-35 2.298206057596806e-34 7622906
36.0359 4.292242803919427e-35 2.314279534368288e-34 7646622
36.0821 4.265218267600689e-35 2.325621848097961e-34 7672058
36.1283 4.221944480564484e-35 2.298081025948149e-34 7679346
36.1745 4.193740226115999e-35 2.292538713520704e-34 7693058
36.2207 4.15532972551163e-35 2.277072143848528e-34 7732158
36.2669 4.072116287546535e-35 2.233606116786697e-34 7746962
36.3131 4.114274442756523e-35 2.250682794921645e-34 7770986
36.3593 4.215507603661016e-35 2.309424593280264e-34 7772094
36.4055 4.218515794190895e-35 2.332963966882678e-34 7803818
36.4517 4.222739220114339e-35 2.328279009337615e-34 7834338
36.4979 4.174190631124577e-35 2.318144274210814e-34 7833710
36.5441 4.197280721160461e-35 2.326561417606218e-34 7858794
36.5903 4.156352026862177e-35 2.320389619273919e-34 7884290
36.6365 4.162941415932563e-35 2.308457913973673e-34 7901522
36.6827 4.206208128785302e-35 2.318788413567795e-34 7930662
36.7289 4.241911158678988e-35 2.354582157691314e-34 7934426
36.7751 4.256295873546372e-35 2.375226168903229e-34 7967322
36.8213 4.238914621281141e-35 2.38387517066227e-34 7981934
36.8675 4.241074461506904e-35 2.33937624883563e-34 8003282
36.9137 4.260393004594747e-35 2.354297181937524e-34 8019666
36.9599 4.099428110974537e-35 2.311302683027866e-34 8034482
37.0061 4.160586139272365e-35 2.287248146351493e-34 8068542
37.0523 4.272523053080263e-35 2.375691597122162e-34 8088290
37.0985 4.394514043824598e-35 2.453139974319221e-34 8096322
37.1447 4.407280540601773e-35 2.479800559366613e-34 8122646
37.1909 4.43928699108249e-35 2.491416515017761e-34 8150138
37.2371 4.459380594226467e-35 2.494012756141469e-34 8165322
37.2833 4.539075025211263e-35 2.555222040554424e-34 8182574
37.3295 4.461124315125643e-35 2.541500506644487e-34 8203698
37.3757 4.36199106091655e-35 2.45143268369741e-34 8226914
37.4219 4.419417859585762e-35 2.488986458755459e-34 8246898
37.4681 4.426477791115117e-35 2.497117388111718e-34 8261774
37.5143 4.362602071345678e-35 2.479244393821515e-34 8279426
37.5605 4.404105765293592e-35 2.495047210213238e-34 8308722
37.6067 4.438514728748577e-35 2.480886703035659e-34 8326214
37.6529 4.365723292513064e-35 2.480718257102165e-34 8342682
37.6991 4.235143615159603e-35 2.399197297221684e-34 8360834
37.7453 4.228025194396178e-35 2.321876566304429e-34 8393226
37.7915 4.371790402122726e-35 2.437898468494243e-34 8420150
37.8377 4.393231720157962e-35 2.478564288393582e-34 8421986
37.8839 4.339532765589515e-35 2.426455354899012e-34 8445714
37.9301 4.364483777492733e-35 2.420208686899176e-34 8472590
37.9763 4.403643228833091e-35 2.432761015702123e-34 8495370
38.0225 4.37720441942217e-35 2.45637491196387e-34 8512802
38.0687 4.291469988391533e-35 2.39736069422265e-34 8523290
38.1149 4.227953214988523e-35 2.321330256310567e-34 8570982
38.1611 4.275728437133478e-35 2.363960087018474e-34 8568458
38.2073 4.292743765586307e-35 2.360261116651129e-34 8586498
38.2535 4.260559227018109e-35 2.33093978939374e-34 8608838
38.2997 4.197562853584738e-35 2.298206737193474e-34 8645610
38.3459 4.289664619511051e-35 2.282654509144199e-34 8658386
38.3921 4.284226491418164e-35 2.313574156259067e-34 8668598
38.4383 4.052045755312841e-35 2.246955710644152e-34 8697426
38.4845 4.109197810168087e-35 2.187601312260783e-34 8722562
38.5307 4.176568056585458e-35 2.215357073690708e-34 8737962
38.5769 4.374833726835497e-35 2.344271970028958e-34 8771366
38.6231 4.275903410110508e-35 2.319783088406336e-34 8771010
38.6693 4.343009902717334e-35 2.349062143377709e-34 8822618
38.7155 4.314562656576453e-35 2.357368803751757e-34 8807726
38.7617 4.384907261415029e-35 2.41047076832183e-34 8844618
38.8079 4.338968261472601e-35 2.360901649215105e-34 8868722
38.8541 4.349643636352659e-35 2.364507501430287e-34 8891394
38.9003 4.455903330678955e-35 2.435277477404108e-34 8911934
38.9465 4.501149299886797e-35 2.469183249363876e-34 8923938
38.9927 4.484973364123814e-35 2.470495146054075e-34 8953682
39.0389 4.5609906512322e-35 2.495193211621904e-34 8981966
39.0851 4.518540851287668e-35 2.478259389035501e-34 8990442
39.1313 4.573062679844258e-35 2.54165032894079e-34 9007874
39.1775 4.455210521002381e-35 2.494389244297449e-34 9038982
39.2237 4.471989582515459e-35 2.463526403745255e-34 9068570
39.2699 4.48459965136179e-35 2.472108216743364e-34 9085250
39.3161 4.56134221524194e-35 2.538364711454575e-34 9084690
39.3623 4.602017083743431e-35 2.5526568531219e-34 9128654
39.4085 4.658927051911455e-35 2.577689975250338e-34 9133170
39.4547 4.604332494358618e-35 2.603477648194387e-34 9185882
39.5009 4.660524445558857e-35 2.565107445320257e-34 9163254
39.5471 4.627515038578086e-35 2.582156567726576e-34 9220130
39.5933 4.671176906425072e-35 2.574218385836721e-34 9233138
39.6395 4.64317359321536e-35 2.600121966124716e-34 9249378
39.6857 4.706185768806333e-35 2.598952527029258e-34 9271550
39.7319 4.734144706060392e-35 2.620261166004086e-34 9286266
39.7781 4.726365948901302e-35 2.622229974953741e-34 9320762
39.8243 4.710821616460095e-35 2.627657313669963e-34 9326718
39.8705 4.734046643743194e-35 2.613734153886027e-34 9354602
39.9167 4.558652678674599e-35 2.560043834478828e-34 9384122
39.9629 4.607689948796409e-35 2.518595640132513e-34 9400482
40.0091 4.801224780824563e-35 2.635826497041363e-34 9432638
40.0553 4.96511548243263e-35 2.771989222548607e-34 9445314
40.1015 4.979507303188211e-35 2.782832091772357e-34 9477290
40.1477 4.997379303373164e-35 2.780525103107934e-34 9489182
40.1939 5.016954284926602e-35 2.796295915189791e-34 9506706
40.2401 5.022551757299387e-35 2.815292064108095e-34 9533978
40.2863 4.988966736643924e-35 2.776364321805748e-34 9553662
40.3325 5.047734704590272e-35 2.772295476013462e-34 9579506
40.3787 5.090898288746172e-35 2.831617045620499e-34 9607866
40.4249 5.146264982658824e-35 2.853920589856997e-34 9608354
40.4711 5.143684686485761e-35 2.862339041846232e-34 9643862
40.5173 5.202147694923894e-35 2.854182293492961e-34 9670578
40.5635 5.227124961181252e-35 2.848911197312735e-34 9687890
40.6097 5.165896915660813e-35 2.851958380106608e-34 9693294
40.6559 4.975703215426645e-35 2.770211005441767e-34 9736034
40.7021 4.930911297691504e-35 2.706462341679532e-34 9758946
40.7483 4.994232998141426e-35 2.728370727360787e-34 9778994
40.7945 5.030092718935024e-35 2.755665400282524e-34 9796814
40.8407 4.955311643039151e-35 2.743288340229587e-34 9816882
40.8869 4.961754346848708e-35 2.729761726007818e-34 9850514
40.9331 4.961923519637294e-35 2.719484113931715e-34 9856062
40.9793 4.984608186670144e-35 2.711591863338379e-34 9886706
41.0255 4.943256575316834e-35 2.698101510109613e-34 9916194
41.0717 4.948109299222244e-35 2.689495978990875e-34 9924854
41.1179 5.066547995096844e-35 2.724982907536405e-34 9961490
41.1641 5.149790477305836e-35 2.754297728597831e-34 9979098
41.2103 5.100093970765076e-35 2.736381260281506e-34 9990266
41.2565 5.11008658861639e-35 2.738731665141129e-34 10012398
41.3027 5.067586492991611e-35 2.744557007814912e-34 10038818
41.3489 5.124391466935326e-35 2.719603543623691e-34 10072082
41.3951 4.806469798131071e-35 2.636454629649022e-34 10082670
41.4413 5.051437727578729e-35 2.62904988391588e-34 10123226
41.4875 5.307206575851217e-35 2.731365699509547e-34 10134834
41.5337 5.492262170268242e-35 2.936177541912407e-34 10151450
41.5799 5.568589008242354e-35 2.936188403967484e-34 10184118
41.6261 5.687544494582774e-35 2.985610964562863e-34 10199810
41.6723 5.633127098564172e-35 2.988166409138449e-34 10230386
41.7185 5.577259894130388e-35 3.026668075928586e-34 10238334
41.7647 5.503851576033306e-35 2.994200187684018e-34 10271594
41.8109 5.518302108294607e-35 2.957101288464723e-34 10298418
41.8571 5.525281320483746e-35 2.968942928048671e-34 10306814
41.9033 5.604338145865009e-35 3.035561697478801e-34 10341306
41.9495 5.581804337921261e-35 3.040510064741607e-34 10362842
41.9957 5.581565835526092e-35 3.03952419129858e-34 10388834
42.0419 5.646120486921442e-35 3.048332976727852e-34 10395630
42.0881 5.687871122052441e-35 3.080062913952421e-34 10425362
42.1343 5.596218715547718e-35 3.061502276299717e-34 10454274
42.1805 5.609936082679086e-35 3.048862707507447e-34 10478294
42.2267 5.716385172581608e-35 3.101313133428393e-34 10501818
42.2729 5.68369382661943e-35 3.111767768049217e-34 10514810
42.3191 5.725976356167922e-35 3.127858737169401e-34 10548842
42.3653 5.742120549100413e-35 3.16816326607743e-34 10566462
42.4115 5.70242651728634e-35 3.173927057938214e-34 10586810
42.4577 5.701357123843529e-35 3.170887838484213e-34 10614954
42.5039 5.626084513406905e-35 3.142327820773566e-34 10631054
42.5501 5.692260335477274e-35 3.156995895124569e-34 10662362
42.5963 5.695044703148093e-35 3.158673745486539e-34 10683354
42.6425 5.746384450830274e-35 3.186605532956007e-34 10699298
42.6887 5.718733532187999e-35 3.166449678663201e-34 10738782
42.7349 5.705549414645902e-35 3.186964358848839e-34 10744202
42.7811 5.740630188749354e-35 3.180373994038689e-34 10782186
42.8273 5.75934785306058e-35 3.193109042259666e-34 10784966
42.8735 5.546387032061307e-35 3.121090051138864e-34 10833938
42.9197 5.574595727238968e-35 3.065497179808284e-34 10848138
42.9659 5.803142622810281e-35 3.224837224743764e-34 10873766
43.0121 5.912615485145931e-35 3.344788185819534e-34 10886970
43.0583 5.927756046341433e-35 3.323051926532783e-34 10912442
43.1045 5.877577433724246e-35 3.296461949010115e-34 10936698
43.1507 5.863628087744986e-35 3.317327100628083e-34 10966142
43.1969 5.819924345053809e-35 3.256461257414795e-34 10968746
43.2431 5.803428247717544e-35 3.273858933167111e-34 11014602
43.2893 5.778504114788637e-35 3.274833184626786e-34 11042774
43.3355 5.847852708797418e-35 3.271381098284966e-34 11061474
43.3817 5.87304149550367e-35 3.314059864891909e-34 11072450
43.4279 5.848869057755191e-35 3.316976484812059e-34 11096922
43.4741 5.835862043386296e-35 3.306029749552286e-34 11146526
43.5203 5.790000567189043e-35 3.264763551493504e-34 11145602
43.5665 5.767477028730763e-35 3.264274464025464e-34 11168442
43.6127 5.610466192482099e-35 3.167537532440165e-34 11181086
43.6589 5.626457303379653e-35 3.126310102271137e-34 11250114
43.7051 5.677660881112851e-35 3.164045416443422e-34 11242106
43.7513 5.713799283763684e-35 3.175968038381952e-34 11265446
43.7975 5.743853896676716e-35 3.181901053085584e-34 11285490
43.8437 5.783426135951618e-35 3.183727317114289e-34 11335922
43.8899 5.784682761600739e-35 3.199721878965155e-34 11330130
43.9361 5.778771208281924e-35 3.194464071060546e-34 11357270
43.9823 5.650774420069234e-35 3.147517125327423e-34 11389098
44.0285 5.638959489990514e-35 3.130995210588508e-34 11426642
44.0747 5.778217817400273e-35 3.137227119020095e-34 11431358
44.1209 5.952211025973406e-35 3.202773268914468e-34 11462298
44.1671 5.843405036872811e-35 3.207392013306767e-34 11479202
44.2133 5.731248992639899e-35 3.143336171740793e-34 11509746
44.2595 5.737272498905e-35 3.080654441965429e-34 11523062
44.3057 5.613821502109255e-35 3.055921631452065e-34 11556210
44.3519 5.362777561969834e-35 2.984685401976405e-34 11588282
44.3981 5.396892360512658e-35 2.902325383009783e-34 11599646
44.4443 5.675136203144508e-35 3.081069115206223e-34 11645274
44.4905 5.829474766828218e-35 3.187496986849388e-34 11649338
44.5367 5.97673979500545e-35 3.326996464126139e-34 11665386
44.5829 6.143136423772361e-35 3.346332677547905e-34 11719286
44.6291 6.373617236737661e-35 3.582856943734594e-34 11720738
44.6753 6.172613445657951e-35 3.485828680685536e-34 11755074
44.7215 6.050629567425707e-35 3.414231010438378e-34 11767166
44.7677 6.187481912219304e-35 3.536648044481734e-34 11813346
44.8139 6.220270605896402e-35 3.54292054438627e-34 11825450
44.8601 6.438229098869324e-35 3.656928806181293e-34 11828814
44.9063 6.719745512426304e-35 3.822215265944399e-34 11884418
44.9525 6.602313346008525e-35 3.821902573983411e-34 11900378
44.9987 6.531432155309865e-35 3.740331365627315e-34 11908002
45.0449 6.483726362266552e-35 3.691808904288524e-34 11937470
45.0911 6.53489151688312e-35 3.759697207125941e-34 11981346
45.1373 6.885282840238331e-35 3.944459427181369e-34 11998154
45.1835 6.787051590642044e-35 3.933712039224003e-34 12015798
45.2297 6.943998661317857e-35 3.961181121215012e-34 12046586
45.2759 7.061563111584752e-35 4.120250941075061e-34 12073226
45.3221 6.798970816019988e-35 3.923270772726011e-34 12089370
45.3683 6.911267575697444e-35 3.986207826787231e-34 12123662
45.4145 7.141102661671681e-35 4.06419395651341e-34 12129018
45.4607 7.279723358939903e-35 4.274686389458423e-34 12168698
45.5069 7.200242662289896e-35 4.119667466298379e-34 12191070
45.5531 7.322356166655365e-35 4.24593244052639e-34 12237290
45.5993 7.412029477689126e-35 4.240507731404588e-34 12237434
45.6455 7.354036218556457e-35 4.200147342971591e-34 12269430
45.6917 7.588721254018339e-35 4.33913747150992e-34 12288314
45.7379 7.812522182782989e-35 4.544104160200077e-34 12312018
45.7841 7.726043983462774e-35 4.421512625063577e-34 12333770
45.8303 7.57045665803087e-35 4.32186637010965e-34 12362654
45.8765 7.717702451423323e-35 4.392024986022844e-34 12405282
45.9227 7.468234509297376e-35 4.246247189748421e-34 12414842
45.9689 7.66035258040385e-35 4.259157076841938e-34 12433278
46.0151 7.605628161692908e-35 4.305261015869957e-34 12469442
46.0613 7.521310096374619e-35 4.240331967920549e-34 12497106
46.1075 7.944274598564715e-35 4.378629344203121e-34 12513074
46.1537 8.153889412534474e-35 4.570561227860853e-34 12531902
46.1999 7.825123957842568e-35 4.460349673754287e-34 12567690
46.2461 7.843475147221485e-35 4.338584451669354e-34 12603338
46.2923 7.911343557610181e-35 4.423940266262951e-34 12612726
46.3385 7.927679704042436e-35 4.409839153946451e-34 12634802
46.3847 8.065353539755035e-35 4.485583811954745e-34 12662730
46.4309 8.605958147964076e-35 4.642004327810895e-34 12699086
46.4771 8.690445254906029e-35 4.779293836636161e-34 12711074
46.5233 8.701941022919447e-35 4.719233570094604e-34 12739098
46.5695 8.659500160323964e-35 4.74080554816349e-34 12769490
46.6157 8.458645735924628e-35 4.589726787939999e-34 12799686
46.6619 8.58233934008448e-35 4.557699965158592e-34 12828626
46.7081 8.473395770721412e-35 4.620357220399247e-34 12832794
46.7543 9.019660312493471e-35 4.743455396191286e-34 12875942
46.8005 9.467248554813592e-35 4.929390463002214e-34 12906314
46.8467 9.214734306647486e-35 4.992923269214922e-34 12913122
46.8929 9.082612930827388e-35 4.824424569285854e-34 12937346
46.9391 9.231477581827325e-35 4.855692390926154e-34 12973374
46.9853 9.441881052917631e-35 4.880015525146972e-34 13008170
47.0315 9.25520282455943e-35 4.867097809439809e-34 13025810
47.0777 9.596443385893285e-35 4.921202674253007e-34 13033590
47.1239 9.681699602492083e-35 4.95746688783192e-34 13083698
47.1701 9.634485322427137e-35 5.02699477380999e-34 13094706
47.2163 9.938187044925052e-35 4.994050852076561e-34 13119002
47.2625 9.517641336626413e-35 4.944913666241781e-34 13146318
47.3087 8.061550264020009e-35 4.49778470176627e-34 13167383
47.3549 6.305177569506441e-35 3.671270575618304e-34 13180844
47.4011 5.390214290767967e-35 2.997899243473242e-34 13147596
47.4473 5.182925776335557e-35 2.841888807104739e-34 13144028
47.4935 5.138494869144815e-35 2.815215704169328e-34 13122684
47.5397 5.082502914297056e-35 2.788142398321267e-34 13103336
47.5859 5.066078669392855e-35 2.774186893969069e-34 13108416
47.6321 5.00821327565431e-35 2.749331675213703e-34 13073744
47.6783 4.989512844263892e-35 2.738273882074169e-34 13076900
47.7245 4.956167157100326e-35 2.726728012407065e-34 13051992
47.7707 4.939443330995323e-35 2.715379250417616e-34 13056752
47.8169 4.929765376848769e-35 2.710351955913174e-34 13036344
47.8631 4.88487820063254e-35 2.677562202326667e-34 13009832
47.9093 4.873993106206548e-35 2.672332231775427e-34 12996668
47.9555 4.858058812359851e-35 2.669069011821362e-34 13003248
48.0017 4.830087300053488e-35 2.651883923221782e-34 12967172
48.0479 4.83379270401846e-35 2.655095714413362e-34 12963480
48.0941 4.786957925284625e-35 2.631417311523105e-34 12954260
48.1403 4.792431626693014e-35 2.635013103334201e-34 12942432
48.1865 4.782900679483642e-35 2.624434165796584e-34 12924296
48.2327 4.75796389414916e-35 2.609536855843739e-34 12903392
48.2789 4.749200776795843e-35 2.613003864476267e-34 12906168
48.3251 4.717551532007785e-35 2.586859979064375e-34 12873656
48.3713 4.724749124009425e-35 2.59408914894652e-34 12870720
48.4175 4.70022605173374e-35 2.587596482222748e-34 12855428
48.4637 4.681190269220317e-35 2.573514562699388e-34 12842256
48.5099 4.671954137854552e-35 2.567699888415181e-34 12820304
48.5561 4.667264629949635e-35 2.558506513704077e-34 12820328
48.6023 4.659409871306813e-35 2.565152857818545e-34 12794856
48.6485 4.634228584938352e-35 2.549028617085752e-34 12787940
48.6947 4.617321793543865e-35 2.537945507640419e-34 12748392
48.7409 4.625740442812363e-35 2.5387369953175e-34 12752756
48.7871 4.597400674919069e-35 2.527119117511288e-34 12732036
48.8333 4.594138473660401e-35 2.528698822964579e-34 12737132
48.8795 4.573564817094215e-35 2.516098177960485e-34 12712976
48.9257 4.576150342211655e-35 2.512088449692228e-34 12696348
48.9719 4.554547599834763e-35 2.505481742259567e-34 12673892
49.0181 4.551041921832677e-35 2.500530757838106e-34 12677316
49.0643 4.530351399454054e-35 2.496941126631921e-34 12650384
49.1105 4.519707476550732e-35 2.482370463974096e-34 12621344
49.1567 4.536224209215944e-35 2.490893293592312e-34 12624204
49.2029 4.509541226149349e-35 2.480461984727127e-34 12615632
49.2491 4.501283233640782e-35 2.473406435118999e-34 12600420
49.2953 4.481879292933244e-35 2.458368104166458e-34 12570224
49.3415 4.488282758559857e-35 2.463485813082733e-34 12566868
49.3877 4.47788251189449e-35 2.463361082930728e-34 12545828
49.4339 4.454246292754123e-35 2.453082997558096e-34 12538232
49.4801 4.439425401391212e-35 2.447424554755153e-34 12496452
49.5263 4.463777912461753e-35 2.448228290784921e-34 12502688
49.5725 4.442440990819923e-35 2.441572151569666e-34 12498708
49.6187 4.431249746069958e-35 2.438494721604712e-34 12469640
49.6649 4.401236017459734e-35 2.422825869842614e-34 12440136
49.7111 4.423558193060818e-35 2.429654204245267e-34 12442412
49.7573 4.410746952386173e-35 2.4300645828468e-34 12433712
49.8035 4.407043852319932e-35 2.425085241220147e-34 12410544
49.8497 4.383425128767575e-35 2.406602831248331e-34 12381512
49.8959 4.386349037967947e-35 2.404436726592035e-34 12378960
49.9421 4.395944650289572e-35 2.411783673642245e-34 12366872
49.9883 4.363860456710126e-35 2.398840844128416e-34 12345588
50.0345 4.363857907801501e-35 2.400208700116149e-34 12327008
50.0807 4.345859607202604e-35 2.392061168089883e-34 12313388
50.1269 4.361479411068938e-35 2.394553703123734e-34 12306768
50.1731 4.343937770525994e-35 2.390227151160815e-34 12275504
50.2193 4.326073274415007e-35 2.379901600316053e-34 12265620
50.2655 4.318226434272201e-35 2.376542179419481e-34 12236324
50.3117 4.325964165665438e-35 2.376581861283391e-34 12253880
50.3579 4.319113960434033e-35 2.374361739828782e-34 12219756
50.4041 4.29866336825683e-35 2.362583417305088e-34 12195524
50.4503 4.279184264138125e-35 2.360190180500746e-34 12189000
50.4965 4.305509346917645e-35 2.36455244607612e-34 12170168
50.5427 4.281000961965098e-35 2.352541701768258e-34 12147588
50.5889 4.280153073361479e-35 2.353536557161001e-34 12134360
50.6351 4.268838181636631e-35 2.350441519004612e-34 12122816
50.6813 4.25791807976099e-35 2.342531450348224e-34 12107580
50.7275 4.265613557547398e-35 2.345723285824644e-34 12098972
50.7737 4.23754418736891e-35 2.335656479778547e-34 12054744
50.8199 4.249472468656424e-35 2.33570990253446e-34 12056912
50.8661 4.232455831120416e-35 2.332156942896079e-34 12039108
50.9123 4.229663156082235e-35 2.332056442371091e-34 12019400
50.9585 4.232356561737832e-35 2.324823595618791e-34 11996936
51.0047 4.200761965764105e-35 2.313309916917311e-34 11979744
51.0509 4.221355986100328e-35 2.31804369035084e-34 11975504
51.0971 4.207759247025771e-35 2.316225569615505e-34 11963472
51.1433 4.19994507104901e-35 2.309782515217638e-34 11928692
51.1895 4.185299666287268e-35 2.304989736152624e-34 11920356
51.2357 4.174670097808225e-35 2.296296957865735e-34 11900072
51.2819 4.19490011606005e-35 2.304024353438697e-34 11897312
51.3281 4.164557685156869e-35 2.291423240591132e-34 11857164
51.3743 4.168122078203261e-35 2.289730863951569e-34 11842556
51.4205 4.155222865039401e-35 2.286258395477719e-34 11841552
51.4667 4.158087024462402e-35 2.282092210777929e-34 11811860
51.5129 4.154752523624249e-35 2.288245642492207e-34 11798888
51.5591 4.126649884912155e-35 2.269646191420869e-34 11768748
51.6053 4.136794783271327e-35 2.277610044402099e-34 11777096
51.6515 4.116732812567801e-35 2.269735520439772e-34 11733936
51.6977 4.124713565374148e-35 2.273039365095457e-34 11714324
51.7439 4.125607708497485e-35 2.266646330829552e-34 11725020
51.7901 4.100052612449854e-35 2.252524955517712e-34 11696816
51.8363 4.096207676239928e-35 2.259973961175385e-34 11666048
51.8825 4.097132070059336e-35 2.249612615723309e-34 11661996
51.9287 4.100028534171049e-35 2.255519963932899e-34 11645228
51.9749 4.086335665780104e-35 2.247349767131301e-34 11620884
52.0211 4.066161002831004e-35 2.234590195536025e-34 11590808
52.0673 4.083641121324073e-35 2.241853549873163e-34 11587908
52.1135 4.053495160519048e-35 2.234077642621319e-34 11569028
52.1597 4.071682881697938e-35 2.234967009113543e-34 11558012
52.2059 4.035804535819495e-35 2.220920700562014e-34 11528724
52.2521 4.038221070626538e-35 2.224149562363487e-34 11506964
52.2983 4.041110330753085e-35 2.217529268226835e-34 11494536
52.3445 4.017851629339839e-35 2.207245078819481e-34 11477444
52.3907 4.024073173488516e-35 2.208535530521564e-34 11456804
52.4369 3.991149674773872e-35 2.199317463850401e-34 11428740
52.4831 4.020730505017634e-35 2.204022581953514e-34 11427272
52.5293 3.993631540663115e-35 2.199248073977141e-34 11407524
52.5755 3.975748451969798e-35 2.184311875641156e-34 11376992
52.6217 3.970238331459066e-35 2.185417885895566e-34 11363952
52.6679 3.968768789242517e-35 2.179639476067369e-34 11346680
52.7141 3.973166695712465e-35 2.177833449533512e-34 11322272
52.7603 3.953023378838886e-35 2.17788337523048e-34 11313672
52.8065 3.930783298966364e-35 2.159692860789247e-34 11276120
52.8527 3.961454675748393e-35 2.173756902996157e-34 11283648
52.8989 3.915516704649684e-35 2.153830637809079e-34 11248088
52.9451 3.931944917868242e-35 2.16121333110598e-34 11240592
52.9913 3.910343403989652e-35 2.153098785505542e-34 11217380
53.0375 3.889693490776973e-35 2.138173874475709e-34 11185436
53.0837 3.905264907160368e-35 2.144957023468493e-34 11182920
53.1299 3.876045075906336e-35 2.132943976817758e-34 11148968
53.1761 3.879111076543593e-35 2.138118639403525e-34 11132988
53.2223 3.861273244956203e-35 2.129015364461996e-34 11121068
53.2685 3.862406745060799e-35 2.120648980668006e-34 11080992
53.3147 3.871163585402042e-35 2.131359946051664e-34 11101004
53.3609 3.834631125871265e-35 2.114408635142013e-34 11052488
53.4071 3.845925378771554e-35 2.116455793233441e-34 11042760
53.4533 3.818668530055614e-35 2.105122093482013e-34 11024240
53.4995 3.822517786751131e-35 2.102794415012414e-34 11000652
53.5457 3.818515472096396e-35 2.096268288431717e-34 10983116
53.5919 3.805246191622043e-35 2.094028831351821e-34 10951520
53.6381 3.80407375127076e-35 2.093468195775809e-34 10954992
53.6843 3.785764069847285e-35 2.083350170866254e-34 10922468
53.7305 3.78843114146536e-35 2.085339274855095e-34 10900932
53.7767 3.77091740981437e-35 2.073810056806135e-34 10876700
53.8229 3.766374800687242e-35 2.07744897162194e-34 10874520
53.8691 3.762701558425135e-35 2.070006364580205e-34 10837064
53.9153 3.750678859797143e-35 2.059747553812425e-34 10811504
53.9615 3.749940638607778e-35 2.063962636843163e-34 10817724
54.0077 3.738543863496444e-35 2.052897339543135e-34 10782764
54.0539 3.737857193231617e-35 2.053947195258879e-34 10759932
54.1001 3.713000915331891e-35 2.044502572689918e-34 10739204
54.1463 3.721820645786783e-35 2.046820022875034e-34 10720560
54.1925 3.717053729050422e-35 2.044669206116437e-34 10715144
54.2387 3.699263625987386e-35 2.032095521990272e-34 10664960
54.2849 3.712199288911762e-35 2.042456612483778e-34 10661076
54.3311 3.679188302083549e-35 2.025644693664839e-34 10634540
54.3773 3.69291267121023e-35 2.026957678412738e-34 10629012
54.4235 3.676185276087474e-35 2.02687472465004e-34 10600856
54.4697 3.665005532992348e-35 2.014063551545016e-34 10566600
54.5159 3.677608576848011e-35 2.026868777451741e-34 10567232
54.5621 3.640379346113334e-35 2.007754888316689e-34 10531880
54.6083 3.672009215250048e-35 2.017738684260533e-34 10530996
54.6545 3.637096757983633e-35 2.002195819941875e-34 10477004
54.7007 3.640388945264117e-35 1.99920983448698e-34 10471488
54.7469 3.647126848661914e-35 2.004987088181551e-34 10464068
54.7931 3.614790312057531e-35 1.988354881036204e-34 10430660
54.8393 3.638610439003062e-35 1.99987820509234e-34 10419756
54.8855 3.606427741811284e-35 1.98627266883441e-34 10384784
54.9317 3.610358947318931e-35 1.98571654450434e-34 10374072
54.9779 3.600077331185254e-35 1.985437434426558e-34 10348256
55.0241 3.584361011002248e-35 1.971949963272356e-34 10318008
55.0703 3.599892410023354e-35 1.978033554506188e-34 10309604
55.1165 3.572208323389678e-35 1.965603294795609e-34 10286924
55.1627 3.5834600381188e-35 1.966920328016251e-34 10261848
55.2089 3.578250300710398e-35 1.962679174165607e-34 10243016
55.2551 3.55385296674825e-35 1.957102373125517e-34 10211616
55.3013 3.572180598639017e-35 1.964893157294863e-34 10207340
55.3475 3.537452963745593e-35 1.946400497466273e-34 10164252
55.3937 3.544946621542454e-35 1.957539843169298e-34 10159472
55.4399 3.534815321946181e-35 1.946016928367961e-34 10129184
55.4861 3.525667175535449e-35 1.935019242752121e-34 10114464
55.5323 3.536943889196667e-35 1.9425627219302e-34 10103336
55.5785 3.497099122984055e-35 1.927950728341556e-34 10049364
55.6247 3.521736466943411e-35 1.938498066103631e-34 10056980
55.6709 3.50589811631193e-35 1.927050584921144e-34 10027464
55.7171 3.497653653955538e-35 1.92220675266356e-34 10001132
55.7633 3.492088893916259e-35 1.916430353772364e-34 9984704
55.8095 3.474677597497543e-35 1.912843979030256e-34 9946872
55.8557 3.491704147440729e-35 1.919134235619378e-34 9950204
55.9019 3.468802030057059e-35 1.908305785627223e-34 9907884
55.9481 3.470950878862157e-35 1.904971306482651e-34 9890480
55.9943 3.457020001236286e-35 1.905942322295078e-34 9864212
56.0405 3.452035416688572e-35 1.897452092614765e-34 9850680
56.0867 3.451417588825752e-35 1.896170930923066e-34 9831356
56.1329 3.416730355182532e-35 1.883580382732699e-34 9781176
56.1791 3.445693905607126e-35 1.894578946161497e-34 9789368
56.2253 3.418467550693468e-35 1.88700221502365e-34 9760404
56.2715 3.420114884816982e-35 1.882453003912578e-34 9735800
56.3177 3.409307046528265e-35 1.877696297888797e-34 9711092
56.3639 3.405696782231616e-35 1.870307829913033e-34 9689040
56.4101 3.405933981841846e-35 1.875603820404804e-34 9668192
56.4563 3.385417360475878e-35 1.861961200130959e-34 9643500
56.5025 3.391705049879555e-35 1.865254065770494e-34 9617840
56.5487 3.37602218028095e-35 1.858709336679284e-34 9596220
56.5949 3.368917270422045e-35 1.854075062450345e-34 9579572
56.6411 3.367282719034222e-35 1.853551170146528e-34 9553832
56.6873 3.350305593470803e-35 1.84279740537567e-34 9523872
56.7335 3.365036695101892e-35 1.850578192360837e-34 9502856
56.7797 3.350747781215127e-35 1.839946547028356e-34 9490980
56.8259 3.341882202980245e-35 1.835187341565959e-34 9456200
56.8721 3.333687818264951e-35 1.835683116239383e-34 9434060
56.9183 3.309171470593701e-35 1.825904795858517e-34 9409128
56.9645 3.339067745153152e-35 1.830439497751454e-34 9392816
57.0107 3.308161483831599e-35 1.822933730739423e-34 9367812
57.0569 3.31188132928846e-35 1.822074849021147e-34 9335648
57.1031 3.305899386327242e-35 1.819732462960035e-34 9334140
57.1493 3.288374509618509e-35 1.808142021288029e-34 9287804
57.1955 3.295837035283579e-35 1.811606651313969e-34 9280268
57.2417 3.267314102602559e-35 1.797067603777033e-34 9232656
57.2879 3.280111460335889e-35 1.806406114692789e-34 9235316
57.3341 3.26791338528646e-35 1.798890956356333e-34 9201576
57.3803 3.263327425399699e-35 1.791387411976115e-34 9175664
57.4265 3.250851420114558e-35 1.793623590001468e-34 9151536
57.4727 3.240790286171161e-35 1.78287462877943e-34 9128240
57.5189 3.249163356764833e-35 1.791668274477635e-34 9109832
57.5651 3.226384071829437e-35 1.77608154173763e-34 9072324
57.6113 3.237118380056446e-35 1.776858860245729e-34 9060392
57.6575 3.21835270141421e-35 1.774339444966788e-34 9034272
57.7037 3.198635524891711e-35 1.768050307352896e-34 9008744
57.7499 3.214555086185732e-35 1.767158480281316e-34 8989764
57.7961 3.19694485615634e-35 1.758425428823416e-34 8956412
57.8423 3.20631211927393e-35 1.761724512502003e-34 8941880
57.8885 3.188323724969328e-35 1.754760689612082e-34 8914968
57.9347 3.171635699725595e-35 1.742013117352084e-34 8881592
57.9809 3.175855327968241e-35 1.747496667389731e-34 8866164
58.0271 3.157312274511541e-35 1.734710570047252e-34 8832464
58.0733 3.169505008673741e-35 1.741146413615141e-34 8819384
58.1195 3.153304324777887e-35 1.7287345392954e-34 8784948
58.1657 3.144030731551235e-35 1.729500504906421e-34 8766056
58.2119 3.133924318483658e-35 1.727248221204682e-34 8741592
58.2581 3.113685726476264e-35 1.718392442180695e-34 8715404
58.3043 3.127231863237596e-35 1.720736497410934e-34 8693160
58.3505 3.100713980421071e-35 1.706566071335701e-34 8660528
58.3967 3.115160724188804e-35 1.70587035951282e-34 8638364
58.4429 3.100346134794462e-35 1.703638295240636e-34 8622660
58.4891 3.080465486056792e-35 1.696151108316842e-34 8587712
58.5353 3.089687404540827e-35 1.695085351192283e-34 8569368
58.5815 3.061080357657485e-35 1.685162595772964e-34 8529836
58.6277 3.079636056083181e-35 1.69245420397588e-34 8529840
58.6739 3.049698534729928e-35 1.678966882852317e-34 8486240
58.7201 3.049054550257814e-35 1.67772952006511e-34 8464964
58.7663 3.047262243174942e-35 1.675499646697864e-34 8441376
58.8125 3.016710556084808e-35 1.656582433627048e-34 8401016
58.8587 3.045839916191766e-35 1.672656640070247e-34 8409180
58.9049 3.002872275947309e-35 1.653214986410862e-34 8351564
58.9511 3.019310359876317e-35 1.659031104262866e-34 8339304
58.9973 2.994094896318484e-35 1.64991351956618e-34 8310416
59.0435 2.983625070670624e-35 1.645269417643449e-34 8286104
59.0897 2.9951090338485e-35 1.646206115143648e-34 8262372
59.1359 2.960804973797063e-35 1.631370886546145e-34 8225852
59.1821 2.985669267222934e-35 1.641785727117997e-34 8224104
59.2283 2.955788228283852e-35 1.626067251047105e-34 8180564
59.2745 2.952319225617708e-35 1.623504009098627e-34 8150744
59.3207 2.948401612562844e-35 1.624853639106774e-34 8137680
59.3669 2.924757951540279e-35 1.612428621965591e-34 8111156
59.4131 2.935934914767387e-35 1.615743667842936e-34 8078748
59.4593 2.912905520669004e-35 1.605950015989805e-34 8045600
59.5055 2.913162500159653e-35 1.606859793783825e-34 8035524
59.5517 2.91270385386062e-35 1.601817102096259e-34 8002928
59.5979 2.881882012223912e-35 1.590869218166257e-34 7975760
59.6441 2.901062021266369e-35 1.59713326569418e-34 7946448
59.6903 2.869060089024003e-35 1.583322321364992e-34 7924280
59.7365 2.881067780211029e-35 1.584618343450525e-34 7899672
59.7827 2.860441940600734e-35 1.575798075737933e-34 7869572
59.8289 2.842513765446153e-35 1.565548610624838e-34 7830276
59.8751 2.849653881765676e-35 1.573019445940336e-34 7826636
59.9213 2.822733905618643e-35 1.557233451092605e-34 7792388
59.9675 2.837882229310055e-35 1.568340769557426e-34 7765296
60.0137 2.816415906302082e-35 1.549542016719973e-34 7733948
60.0599 2.807644588831718e-35 1.547292103251495e-34 7710948
60.1061 2.806891524915477e-35 1.548340100422604e-34 7689260
60.1523 2.774729680898038e-35 1.533377391296365e-34 7649916
60.1985 2.79704346407567e-35 1.541658793483231e-34 7638020
60.2447 2.768559445704333e-35 1.52513366730756e-34 7597136
60.2909 2.775340902912386e-35 1.53136604293128e-34 7586532
60.3371 2.752565364380144e-35 1.521269370948757e-34 7540628
60.3833 2.743102361465821e-35 1.511810142018157e-34 7519344
60.4295 2.754022594097265e-35 1.518708119637746e-34 7501880
60.4757 2.730185651229988e-35 1.505871542419399e-34 7466540
60.5219 2.732951261696767e-35 1.503742411142745e-34 7440012
60.5681 2.721186052157689e-35 1.495879024161991e-34 7414112
60.6143 2.710373544583848e-35 1.493183649452265e-34 7382808
60.6605 2.711863632781802e-35 1.496721490026845e-34 7365056
60.7067 2.686804129050436e-35 1.474227428435629e-34 7324200
60.7529 2.700136885068534e-35 1.487173367152439e-34 7308356
60.7991 2.666983107451803e-35 1.470199560701122e-34 7275944
60.8453 2.658771570524649e-35 1.470977021229744e-34 7238628
60.8915 2.666272558829853e-35 1.468433622442997e-34 7231832
60.9377 2.647155503632525e-35 1.455939374874254e-34 7189104
60.9839 2.660789403953437e-35 1.464175196421113e-34 7168592
61.0301 2.632195618265623e-35 1.445804022285388e-34 7136184
61.0763 2.642880435663603e-35 1.454311065355572e-34 7116188
61.1225 2.617693705504136e-35 1.441773035157548e-34 7077644
61.1687 2.618419961465854e-35 1.438358804779953e-34 7053780
61.2149 2.614966307577249e-35 1.439983737599931e-34 7031900
61.2611 2.582488605347643e-35 1.420877348448305e-34 6993612
61.3073 2.606855544765112e-35 1.432044721249062e-34 6976868
61.3535 2.569749506057935e-35 1.420497172175953e-34 6934520
61.3997 2.578370235110409e-35 1.421356409667492e-34 6920268
61.4459 2.569107060672846e-35 1.414720854111936e-34 6889172
61.4921 2.541554893240447e-35 1.402860482614919e-34 6844680
61.5383 2.563238532219591e-35 1.411471705147376e-34 6834860
61.5845 2.53902513163512e-35 1.395258696586159e-34 6802656
61.6307 2.543647545293366e-35 1.398210109067465e-34 6777188
61.6769 2.520807158536146e-35 1.389051167536e-34 6737144
61.7231 2.507147634309335e-35 1.382380142295411e-34 6712620
61.7693 2.516727587830311e-35 1.386034728623187e-34 6695444
61.8155 2.48692893084378e-35 1.369242852500518e-34 6653604
61.8617 2.492532451495886e-35 1.372938304046329e-34 6626744
61.9079 2.481499295068199e-35 1.363417881037199e-34 6602196
61.9541 2.469415470332564e-35 1.361945034535083e-34 6571892
62.0003 2.471603041183636e-35 1.360281716210157e-34 6541832
62.0465 2.439317958432795e-35 1.345217353809219e-34 6504960
62.0927 2.463058347950802e-35 1.35365975242915e-34 6496244
62.1389 2.427270716147577e-35 1.338363409605965e-34 6453468
62.1851 2.434600236158512e-35 1.339703967761508e-34 6432680
62.2313 2.424088628170935e-35 1.334873936649555e-34 6396960
62.2775 2.396229319427312e-35 1.322604029923765e-34 6364784
62.3237 2.421363056049658e-35 1.328463014923984e-34 6352916
62.3699 2.381901087252503e-35 1.310465351097896e-34 6304836
62.4161 2.40109006457663e-35 1.316160707422036e-34 6282080
62.4623 2.3707991588659e-35 1.310131321711946e-34 6251508
62.5085 2.366730418267819e-35 1.301587112664904e-34 6225728
62.5547 2.365528657738862e-35 1.300081753334041e-34 6187640
62.6009 2.335007600880991e-35 1.286417726071752e-34 6159276
62.6471 2.354542698113977e-35 1.294783898111937e-34 6141404
62.6933 2.32758772891189e-35 1.283916388694038e-34 6104412
62.7395 2.32080457646862e-35 1.276899144763275e-34 6071612
62.7857 2.317515793105793e-35 1.27721070130446e-34 6046032
62.8319 2.293423696610524e-35 1.264700728123763e-34 6013244
62.8781 2.31573997380261e-35 1.274204021970138e-34 5990204
62.9243 2.275574587772402e-35 1.253811941327663e-34 5950020
62.9705 2.292559736679969e-35 1.261951044322659e-34 5938520
63.0167 2.266322877647433e-35 1.249276322176164e-34 5890944
63.0629 2.249540958764332e-35 1.241863077555814e-34 5864480
63.1091 2.258748457000405e-35 1.245484046888628e-34 5834628
63.1553 2.224779276172803e-35 1.227699893092118e-34 5806868
63.2015 2.240493316287476e-35 1.233251157009162e-34 5779796
63.2477 2.213633070637885e-35 1.222662919102562e-34 5744076
63.2939 2.203851200744675e-35 1.219334475928735e-34 5716436
63.3401 2.201497359626725e-35 1.215662754820452e-34 5686140
63.3863 2.167734889854542e-35 1.195963696245421e-34 5648924
63.4325 2.20049766968814e-35 1.212093052456652e-34 5631720
63.4787 2.155036060566166e-35 1.189096602960847e-34 5592584
63.5249 2.164168183103446e-35 1.193661948181306e-34 5565032
63.5711 2.143948121391847e-35 1.185371753929707e-34 5527812
63.6173 2.125989800053924e-35 1.174743978448272e-34 5502944
63.6635 2.1478156048616e-35 1.182958188015344e-34 5479728
63.7097 2.101526633859848e-35 1.159173123392585e-34 5435888
63.7559 2.12461715451451e-35 1.169966617650326e-34 5413076
63.8021 2.094423506081197e-35 1.156097358235144e-34 5379972
63.8483 2.083083203327549e-35 1.150763759802497e-34 5348924
63.8945 2.089798936332419e-35 1.150498312949062e-34 5317392
63.9407 2.044740606644368e-35 1.128810796822717e-34 5279504
63.9869 2.078786994998973e-35 1.149373146546291e-34 5268480
64.0331 2.040341346153341e-35 1.121720243002659e-34 5223572
64.0793 2.042206609220767e-35 1.121928485897358e-34 5190452
64.1255 2.033751717313993e-35 1.119288240001578e-34 5162808
64.1716 2.003845693848544e-35 1.104494489929668e-34 5130032
64.2178 2.025658845731549e-35 1.116698675612156e-34 5102844
64.264 1.9815990610303e-35 1.094019336304059e-34 5064404
64.3102 1.997180633716186e-35 1.0991931660004e-34 5041788
64.3564 1.980749419654687e-35 1.090107040430093e-34 5006048
64.4026 1.956292424767148e-35 1.076032678211995e-34 4974476
64.4488 1.974305780482704e-35 1.087960580505125e-34 4944876
64.495 1.923147102927564e-35 1.060930220470692e-34 4906532
64.5412 1.961110334784059e-35 1.078161262289895e-34 4887960
64.5874 1.918912218767126e-35 1.056040702006959e-34 4844576
64.6336 1.923234761840387e-35 1.055095619750865e-34 4814876
64.6798 1.915885046468236e-35 1.05543015287482e-34 4789392
64.726 1.878039462932039e-35 1.031960342335098e-34 4742684
64.7722 1.911866846337865e-35 1.053453724152515e-34 4734516
64.8184 1.861179811053894e-35 1.028143939188543e-34 4682588
64.8646 1.881537556849555e-35 1.034698412293432e-34 4661736
64.9108 1.861401292818326e-35 1.024326989127494e-34 4628360
64.957 1.841030000980956e-35 1.011939980839834e-34 4589408
65.0032 1.846402894409143e-35 1.016186552970264e-34 4560588
65.0494 1.810309074189013e-35 9.991495810965753e-35 4531724
65.0956 1.822127189020576e-35 1.005243303531132e-34 4499988
65.1418 1.803219129888671e-35 9.916022450915541e-35 4461728
65.188 1.7844852608524e-35 9.823607834418486e-35 4433484
65.2342 1.796778460661386e-35 9.847649822290915e-35 4405280
65.2804 1.731467562525345e-35 9.577114118916781e-35 4360472
65.3266 1.783758414708972e-35 9.762455554181822e-35 4339080
65.3728 1.727790133099382e-35 9.495732414848699e-35 4301396
65.419 1.730719065085689e-35 9.481406430158443e-35 4271340
65.4652 1.721179947272154e-35 9.46741273414972e-35 4239968
65.5114 1.676390519977454e-35 9.214711940397547e-35 4201116
65.5576 1.711943817113354e-35 9.399948352534766e-35 4177748
65.6038 1.644149313581664e-35 9.022946474064324e-35 4136636
65.65 1.678012159588975e-35 9.158421849709963e-35 4110516
65.6962 1.633952975691233e-35 8.95721952780078e-35 4075076
65.7424 1.621105822555631e-35 8.847878417987391e-35 4037220
65.7886 1.629708007939967e-35 8.880622007553614e-35 4008632
65.8348 1.569185600231674e-35 8.584675178449613e-35 3972800
65.881 1.614044383516663e-35 8.760692977634089e-35 3946224
65.9272 1.543866365538917e-35 8.4767853180802e-35 3908516
65.9734 1.564645577460609e-35 8.485418901314968e-35 3876912
66.0196 1.529092170000315e-35 8.345071519029245e-35 3839720
66.0658 1.498913886713113e-35 8.17690021452763e-35 3813012
66.112 1.524937078672028e-35 8.251460975485008e-35 3777968
66.1582 1.460499242121736e-35 7.970215390095137e-35 3737048
66.2044 1.487902036165992e-35 8.0551917747387e-35 3713520
66.2506 1.43484004879504e-35 7.821018466539332e-35 3677996
66.2968 1.434715640182035e-35 7.745819430841718e-35 3640800
66.343 1.410324112532442e-35 7.670483257276987e-35 3607976
66.3892 1.37193270209505e-35 7.469001803084841e-35 3570924
66.4354 1.393246143747253e-35 7.52221354553857e-35 3545936
66.4816 1.342994490084581e-35 7.308992035503867e-35 3506408
66.5278 1.339932844510921e-35 7.24657388794768e-35 3471600
66.574 1.312850275097465e-35 7.128500576668635e-35 3442172
66.6202 1.283117069885025e-35 6.994401757808617e-35 3407676
66.6664 1.28315363925748e-35 6.957815993145749e-35 3373964
66.7126 1.247081283732257e-35 6.779571743709662e-35 3336468
66.7588 1.236716400066721e-35 6.711067529186275e-35 3307520
66.805 1.205500097118406e-35 6.598890220275022e-35 3272000
66.8512 1.18853327662827e-35 6.477130021473671e-35 3237408
66.8974 1.162460337738919e-35 6.358195124321591e-35 3196721
66.9436 1.153490838860799e-35 6.30429442641918e-35 3179382
66.9898 1.137408924331448e-35 6.202810965656014e-35 3135572
67.036 1.123191059222225e-35 6.155953018868743e-35 3103196
67.0822 1.11533768494713e-35 6.107703330254964e-35 3079200
67.1284 1.10777185351764e-35 6.059104465040449e-35 3053732
67.1746 1.096939661339583e-35 6.004066845148154e-35 3018894
67.2208 1.085814518758954e-35 5.944593489377622e-35 2988590
67.267 1.081217366523314e-35 5.903400939014055e-35 2970498
67.3132 1.068236474463671e-35 5.841945051319515e-35 2938226
67.3594 1.059709958315849e-35 5.806969821364713e-35 2910458
67.4056 1.049683026709734e-35 5.746544795775432e-35 2883180
67.4518 1.041301983009714e-35 5.715006865146242e-35 2860964
67.498 1.031583021367995e-35 5.652347117403647e-35 2833284
67.5442 1.024501277303456e-35 5.606507285290892e-35 2808758
67.5904 1.017717581278415e-35 5.563939864350158e-35 2780862
67.6366 1.005974130960828e-35 5.518833161101636e-35 2758742
67.6828 9.998337703864107e-36 5.485053448177085e-35 2734520
67.729 9.925556506791497e-36 5.426979907715554e-35 2707878
67.7752 9.827323602442666e-36 5.391207207782031e-35 2685368
67.8214 9.737893718904437e-36 5.345006634080437e-35 2660304
67.8676 9.716284776153348e-36 5.316488551875403e-35 2642216
67.9138 9.593916173234594e-36 5.252295855021036e-35 2610312
67.96 9.537524539378999e-36 5.231282088099067e-35 2593256
68.0062 9.463926825443372e-36 5.187060462491744e-35 2569946
68.0524 9.392406864130044e-36 5.130902997377906e-35 2542752
68.0986 9.334470656768972e-36 5.109575560945203e-35 2526218
68.1448 9.218984493149288e-36 5.069139592852492e-35 2501610
68.191 9.16509096951236e-36 5.008979364157601e-35 2479202
68.2372 9.12321477259877e-36 4.987815380088949e-35 2457824
68.2834 9.014155328916773e-36 4.949329202581651e-35 2436522
68.3296 8.94537706187281e-36 4.899936540075853e-35 2413964
68.3758 8.897849858991215e-36 4.87534011020889e-35 2396034
68.422 8.809199189534906e-36 4.820694364253526e-35 2369162
68.4682 8.752012239430304e-36 4.79698820352559e-35 2354394
68.5144 8.696261794751119e-36 4.771803989403344e-35 2332340
68.5606 8.615981780363923e-36 4.727939183507745e-35 2309150
68.6068 8.54917031439382e-36 4.670022533999644e-35 2288172
68.653 8.500494546062132e-36 4.648130084816843e-35 2269922
68.6992 8.428478780473018e-36 4.623920685251203e-35 2250780
68.7454 8.361734275291463e-36 4.582191467448027e-35 2229338
68.7916 8.311441930810936e-36 4.548142280610543e-35 2210772
68.8378 8.2504357684028e-36 4.511621811941051e-35 2192108
68.884 8.161614304203177e-36 4.479740932308208e-35 2170988
68.9302 8.137606265966303e-36 4.444598702985124e-35 2152722
68.9764 8.038993319868405e-36 4.411096516068296e-35 2132996
69.0226 8.002838981747919e-36 4.382908169149002e-35 2117244
69.0688 7.931675632733724e-36 4.343367232367002e-35 2092700
69.115 7.868107781608178e-36 4.310548549097216e-35 2074508
69.1612 7.831542611762008e-36 4.289934091079223e-35 2061852
69.2074 7.760739037886122e-36 4.248625674436098e-35 2041724
69.2536 7.664439796871464e-36 4.206019005831895e-35 2018460
69.2998 7.629260927224233e-36 4.198970425040238e-35 2003006
69.346 7.588685790599531e-36 4.154210634435898e-35 1989396
69.3922 7.520436307467655e-36 4.116476663404497e-35 1968260
69.4384 7.460593338537597e-36 4.087467415235094e-35 1946780
69.4846 7.408978690991126e-36 4.065062846627927e-35 1934142
69.5308 7.352956066208203e-36 4.03156676803087e-35 1918124
69.577 7.288713922309543e-36 3.995661570479733e-35 1896468
69.6232 7.228863153800222e-36 3.965932552203367e-35 1879406
69.6694 7.182696701879597e-36 3.93000816245976e-35 1864284
69.7156 7.132808357292393e-36 3.91780247720847e-35 1850846
69.7618 7.067342186005135e-36 3.870967667377865e-35 1826084
69.808 7.026777653859146e-36 3.853057831152873e-35 1814094
69.8542 6.977268618723223e-36 3.824802021198737e-35 1799300
69.9004 6.918479432695209e-36 3.793664680840248e-35 1780710
69.9466 6.859858548719084e-36 3.764214957828951e-35 1764884
69.9928 6.796907364712871e-36 3.726765481236095e-35 1744434
70.039 6.76884893196841e-36 3.707857195784673e-35 1734356
70.0852 6.69929076963879e-36 3.673053019553628e-35 1717670
70.1314 6.653246265058893e-36 3.642482800680684e-35 1697718
70.1776 6.582499740627539e-36 3.610524017181459e-35 1682948
70.2238 6.548579539993732e-36 3.594890522607499e-35 1670502
70.27 6.501796286426637e-36 3.56009522279156e-35 1654382
70.3162 6.434735793713291e-36 3.529177102621806e-35 1635902
70.3624 6.390581621611409e-36 3.51286105135779e-35 1623948
70.4086 6.348747787120554e-36 3.479491778937119e-35 1607870
70.4548 6.295335382801302e-36 3.459955101586216e-35 1591710
70.501 6.236074756468901e-36 3.424581006076153e-35 1575254
70.5472 6.207303236144424e-36 3.407246249990832e-35 1565550
70.5934 6.141703376034461e-36 3.362662241555998e-35 1546364
70.6396 6.109821809539584e-36 3.338416931647152e-35 1531526
70.6858 6.054441980962664e-36 3.320710934149561e-35 1516926
70.732 6.026161811447164e-36 3.301387595424131e-35 1508390
70.7782 5.947143937709988e-36 3.26973027876177e-35 1486182
70.8244 5.920732126465459e-36 3.24024918588563e-35 1475414
70.8706 5.861347068772517e-36 3.21305931023658e-35 1459662
70.9168 5.829388962008211e-36 3.182928617508175e-35 1447358
70.963 5.777209562170417e-36 3.159958245588078e-35 1433654
71.0092 5.72758262812584e-36 3.1382299680286e-35 1417218
71.0554 5.683024466840045e-36 3.117356360190012e-35 1405838
71.1016 5.641698405746821e-36 3.097723256134373e-35 1392414
71.1478 5.580062504004235e-36 3.058676740851031e-35 1376246
71.194 5.559466729998648e-36 3.039868057604442e-35 1363542
71.2402 5.513475006019023e-36 3.016861478641847e-35 1352918
71.2864 5.471716600173127e-36 2.988333593423473e-35 1338134
71.3326 5.416958195264592e-36 2.970155204112592e-35 1323840
71.3788 5.370431143193855e-36 2.939063454988125e-35 1308782
71.425 5.341766322399459e-36 2.923804637405257e-35 1301238
71.4712 5.298888596702622e-36 2.903206295229168e-35 1284854
71.5174 5.240299471756835e-36 2.86526118028952e-35 1268942
71.5636 5.192694875004074e-36 2.853273423200014e-35 1261590
71.6098 5.177874141338952e-36 2.834378847461478e-35 1247528
71.656 5.129674018711852e-36 2.802633635094816e-35 1233438
71.7022 5.061802465893833e-36 2.779354270326327e-35 1217750
71.7484 5.047849601153274e-36 2.770988408430629e-35 1213134
71.7946 5.00436092345409e-36 2.734001285858484e-35 1197782
71.8408 4.944669362288099e-36 2.710980358503949e-35 1180700
71.887 4.917776065952705e-36 2.690950669622216e-35 1171854
71.9332 4.878374130839019e-36 2.670602254623131e-35 1163174
71.9794 4.817792207633906e-36 2.646848501509098e-35 1146192
72.0256 4.788701559446562e-36 2.632997668772914e-35 1135046
72.0718 4.763066917176546e-36 2.602041749337772e-35 1124070
72.118 4.720080843834878e-36 2.586246378904402e-35 1113638
72.1642 4.67336341673263e-36 2.562320574979538e-35 1100408
72.2104 4.637203620280841e-36 2.542298390232846e-35 1087734
72.2566 4.605319990652892e-36 2.519644071961895e-35 1078334
72.3028 4.550343512234468e-36 2.504766030641641e-35 1066848
72.349 4.537322795384216e-36 2.479097051255725e-35 1055558
72.3952 4.472255458966563e-36 2.448260222797364e-35 1039512
72.4414 4.453455167769645e-36 2.43824332956272e-35 1034006
72.4876 4.421211203894251e-36 2.414743891546204e-35 1023206
72.5338 4.369490968076587e-36 2.39591339659003e-35 1008276
72.58 4.328073995486848e-36 2.371463538083079e-35 996998
72.6262 4.305350512110943e-36 2.361514445067798e-35 990336
72.6724 4.249784629802418e-36 2.33986732261919e-35 977246
72.7186 4.212253751353213e-36 2.303045480297057e-35 964328
72.7648 4.188694490605828e-36 2.291154302886331e-35 955686
72.811 4.153460881407624e-36 2.276869642953287e-35 947630
72.8572 4.096841411698005e-36 2.249783397911272e-35 932496
72.9034 4.07670082703611e-36 2.23452695071986e-35 923126
72.9496 4.045279060124588e-36 2.215555103027414e-35 915264
72.9958 3.987431372690897e-36 2.182121009564019e-35 902150
73.042 3.968348405318917e-36 2.172407703310069e-35 893672
73.0882 3.909286683415197e-36 2.153086636418184e-35 880782
73.1344 3.904142184276741e-36 2.13608094145179e-35 875360
73.1806 3.850106216827883e-36 2.107048918094845e-35 862326
73.2268 3.825079075151191e-36 2.095987689840119e-35 852140
73.273 3.800848266866623e-36 2.079023797476941e-35 842544
73.3192 3.74547685037792e-36 2.043048548701085e-35 832910
73.3654 3.726990831821237e-36 2.04310670985245e-35 824288
73.4116 3.700835580040004e-36 2.022685178686837e-35 812262
73.4578 3.646070325021801e-36 2.0017580313701e-35 804728
73.504 3.612306695611854e-36 1.985437284308069e-35 795486
73.5502 3.5899952359206e-36 1.961324602173579e-35 784520
73.5964 3.551019143127668e-36 1.941161558401567e-35 773576
73.6426 3.514768243062767e-36 1.925620454237047e-35 767574
73.6888 3.500585720742155e-36 1.905346197905808e-35 757976
73.735 3.454547774223191e-36 1.88907885297866e-35 747246
73.7812 3.404731137729525e-36 1.86780492267678e-35 736088
73.8274 3.397870027970377e-36 1.858870383061999e-35 733116
73.8736 3.347015395302841e-36 1.835423865858197e-35 720086
73.9198 3.321949662456754e-36 1.812270580888985e-35 710432
73.966 3.289365353095232e-36 1.802629483209805e-35 702960
74.0122 3.262369439046434e-36 1.782594117435721e-35 695102
74.0584 3.22267599465465e-36 1.758256491903684e-35 685680
74.1046 3.1778711409527e-36 1.745808181702256e-35 674000
74.1508 3.15708080282354e-36 1.733041028351615e-35 669294
74.197 3.143705404369434e-36 1.713268936144123e-35 661064
74.2432 3.095717647736061e-36 1.691957049444042e-35 649664
74.2894 3.070695484740948e-36 1.680356747221112e-35 641262
74.3356 3.04568923209839e-36 1.660143641822492e-35 636632
74.3818 3.015877143841437e-36 1.651134953100412e-35 627324
74.428 2.960254544778765e-36 1.622775939112117e-35 615680
74.4742 2.912436377424119e-36 1.606675004623637e-35 607974
74.5204 2.922980981823012e-36 1.595719124044843e-35 604784
74.5666 2.866483990871763e-36 1.570312413088529e-35 593216
74.6128 2.848656513245447e-36 1.55320464989456e-35 583830
74.659 2.825318023527688e-36 1.537878543399881e-35 578624
74.7052 2.782734373069254e-36 1.529245050151137e-35 571152
74.7514 2.783178952858735e-36 1.511825352221395e-35 562616
74.7976 2.71814121119161e-36 1.488422946229544e-35 551246
74.8438 2.725833313638864e-36 1.483267771843306e-35 549072
74.89 2.683008775358236e-36 1.467036755356044e-35 540848
74.9362 2.631031682758721e-36 1.443043302405094e-35 529620
74.9824 2.625743061140516e-36 1.440561882738804e-35 523232
75.0286 2.594606930604219e-36 1.413745524341417e-35 518286
75.0748 2.573479653790407e-36 1.404746269961118e-35 511160
75.121 2.524751803404935e-36 1.383370004065875e-35 500648
75.1672 2.49471946764108e-36 1.36343286935692e-35 493848
75.2134 2.48560119400095e-36 1.350949373152441e-35 489776
75.2596 2.448427676412285e-36 1.336792772602021e-35 480798
75.3058 2.418297233118292e-36 1.32464476531531e-35 472664
75.352 2.385622299475476e-36 1.312166326715036e-35 467208
75.3982 2.375361246811925e-36 1.297604184905038e-35 461456
75.4444 2.339978562577379e-36 1.278325830220323e-35 451988
75.4906 2.297610119198075e-36 1.258520678143303e-35 443496
75.5368 2.290117091541304e-36 1.252017571474374e-35 441638
75.583 2.270040628700166e-36 1.244251846978201e-35 433968
75.6292 2.239584735690714e-36 1.218475578352598e-35 425888
75.6754 2.205651003964818e-36 1.201865855933517e-35 417600
75.7216 2.175671794780696e-36 1.189050690395165e-35 414632
75.7678 2.148672810148278e-36 1.176931905872337e-35 407024
75.814 2.118579214510248e-36 1.161575266650307e-35 399048
75.8602 2.104637169347442e-36 1.154480017183637e-35 393878
75.9064 2.085433830941833e-36 1.134884293609099e-35 389196
75.9526 2.049212832301626e-36 1.119117344620852e-35 380816
75.9988 2.017260578793385e-36 1.100612317263425e-35 373160
76.045 2.010237847496946e-36 1.091128482662128e-35 370176
76.0912 1.979332956840467e-36 1.086260793930463e-35 364856
76.1374 1.933400894514645e-36 1.063855980570668e-35 356088
76.1836 1.92380946443628e-36 1.050228572228311e-35 348848
76.2298 1.907828508474234e-36 1.044372254794691e-35 347208
76.276 1.882036253456453e-36 1.029944359198606e-35 339944
76.3222 1.845915943596008e-36 1.007317962562831e-35 331856
76.3684 1.821414252249052e-36 9.983689239121449e-36 327150
76.4146 1.812457814248475e-36 9.863400608483113e-36 324092
76.4608 1.797095990158693e-36 9.695685768880107e-36 316944
76.507 1.757819812766559e-36 9.556124057601389e-36 309512
76.5532 1.738229611775673e-36 9.466616588260426e-36 305496
76.5994 1.715759549721957e-36 9.336172176271908e-36 301904
76.6456 1.676731424821783e-36 9.177251099104756e-36 293552
76.6918 1.66351911151479e-36 9.011335521071559e-36 287328
76.738 1.645994647132749e-36 9.055590828789063e-36 285656
76.7842 1.624851061481747e-36 8.789342210686422e-36 279936
76.8304 1.599252214758251e-36 8.668419391694652e-36 273404
76.8766 1.556408583967877e-36 8.533820363911731e-36 264384
76.9228 1.560334425905332e-36 8.501158818780575e-36 266672
76.969 1.527419813628091e-36 8.304573671078197e-36 259208
77.0152 1.49760650331764e-36 8.190503181492548e-36 252216
77.0614 1.487883270962092e-36 8.100939148220361e-36 247088
77.1076 1.468257854850632e-36 8.005608910485095e-36 245664
77.1538 1.450170273189425e-36 7.833659591596671e-36 239288
77.2 1.409488397811413e-36 7.702316766632459e-36 231968
77.2462 1.403120199045411e-36 7.623505544321144e-36 229608
77.2924 1.380834277841395e-36 7.521567660375189e-36 226340
77.3386 1.354801895265673e-36 7.398692533604314e-36 219360
77.3848 1.332578973201617e-36 7.196843937710018e-36 213104
77.431 1.326024855847674e-36 7.176149411215751e-36 213024
77.4772 1.306577540970444e-36 7.053403153802699e-36 208088
77.5234 1.269659725749756e-36 6.848103668978146e-36 200336
77.5696 1.242233554465675e-36 6.743152650038616e-36 195552
77.6158 1.244131047127827e-36 6.783831364019941e-36 196328
77.662 1.21322822991969e-36 6.594206624122256e-36 189792
77.7082 1.185226467070793e-36 6.472654259709917e-36 183908
77.7544 1.156835820275236e-36 6.313356281696808e-36 179424
77.8006 1.16827763320862e-36 6.300753454586892e-36 178760
77.8468 1.130530431239934e-36 6.169363416811027e-36 172928
77.893 1.106406263609673e-36 6.00571646675172e-36 167352
77.9392 1.093711632029928e-36 5.932028642983103e-36 164984
77.9854 1.074241898601307e-36 5.849247827553211e-36 161736
78.0316 1.051066257951518e-36 5.701345546211843e-36 157112
78.0778 1.023170273176816e-36 5.475716089994338e-36 150848
78.124 1.028847791917257e-36 5.554296040119631e-36 151332
78.1702 1.007040737631279e-36 5.442238532974196e-36 146720
78.2164 9.741958979845884e-37 5.249233143985387e-36 140874
78.2626 9.540215850838821e-37 5.114022138940624e-36 136832
78.3088 9.622133765110733e-37 5.213710978838334e-36 137904
78.355 9.23282455092473e-37 4.982004623949158e-36 131384
78.4012 8.965265534799067e-37 4.807719161646223e-36 126248
78.4474 8.831779402191077e-37 4.769925485799177e-36 124152
78.4936 8.862810663191036e-37 4.79280366617814e-36 123896
78.5398 8.564875268593399e-37 4.623909859865606e-36 117588
78.586 8.183464225308232e-37 4.388731339454168e-36 112160
78.6322 8.209456090378724e-37 4.426169518334472e-36 112488
78.6784 8.100751648386373e-37 4.371868453550061e-36 110072
78.7246 7.814804613904933e-37 4.214413846540844e-36 104906
78.7708 7.416582116774429e-37 3.975632297725844e-36 98880
78.817 7.58040522590534e-37 4.116511500437635e-36 101408
78.8632 7.352367603924159e-37 3.950098033438969e-36 97128
78.9094 7.114237702606348e-37 3.825993697049418e-36 92504
78.9556 6.798997201518845e-37 3.668809840299242e-36 88308
79.0018 6.955685256909167e-37 3.766958674078648e-36 89504
79.048 6.687422352900799e-37 3.556160192485369e-36 85064
79.0942 6.378350552550268e-37 3.420320259850804e-36 80856
79.1404 6.313326051668441e-37 3.352098214351619e-36 78914
79.1866 6.23673700723438e-37 3.403954897381033e-36 77928
79.2328 5.922933377859507e-37 3.195441522554477e-36 73760
79.279 5.712553917151517e-37 3.016597530378798e-36 69752
79.3252 5.837126892551231e-37 3.118689059598336e-36 70788
79.3714 5.540914899582477e-37 2.956622647127662e-36 66920
79.4176 5.282773787347529e-37 2.794872656939165e-36 63192
79.4638 5.055632226963438e-37 2.683544900616094e-36 59594
79.51 5.363569345247953e-37 2.869220812018763e-36 62760
79.5562 4.785870036620649e-37 2.601839911015806e-36 56720
79.6024 4.63698714691822e-37 2.484651618861991e-36 53384
79.6486 4.552063984908042e-37 2.433167662248515e-36 52272
79.6948 4.744709392853753e-37 2.517714054702108e-36 53456
79.741 4.257479776616288e-37 2.259915386753745e-36 47676
79.7872 3.920731648046285e-37 2.085613181622701e-36 44234
79.8334 4.118120730947433e-37 2.142081676182727e-36 45288
79.8796 4.132376600087533e-37 2.184905680304151e-36 44960
79.9258 3.596914698540121e-37 1.93358964731012e-36 39344
79.972 3.33399507867984e-37 1.747062225187937e-36 35664
80.0182 3.679658677959758e-37 1.960890681613699e-36 39440
80.0644 3.565613303231656e-37 1.855713949593936e-36 37194
80.1106 3.009259735085e-37 1.610859913595016e-36 31484
80.1568 2.827545619933874e-37 1.448017648224016e-36 28848
80.203 3.256376201309018e-37 1.67922751026789e-36 33200
80.2492 2.981818704989787e-37 1.55653554414205e-36 30056
80.2954 2.47540386629758e-37 1.253155119374848e-36 24570
80.3416 2.411751439917464e-37 1.255414078647257e-36 23936
80.3878 2.744838829997308e-37 1.393158104516359e-36 26640
80.434 2.454254176019704e-37 1.232065440345793e-36 23624
80.4802 1.856519517807711e-37 9.446558718606511e-37 18020
80.5264 2.081932655075248e-37 1.054564749863449e-36 19986
80.5726 2.193511075836136e-37 1.120487256514569e-36 20744
80.6188 1.925621266736666e-37 9.764868594488267e-37 18000
80.665 1.267796156916001e-37 6.417216451754622e-37 12152
80.7112 1.744991913969312e-37 8.754236732101339e-37 16488
80.7574 1.715866779788789e-37 8.387408470822719e-37 15698
80.8036 1.449071227410394e-37 7.23591587070393e-37 13136
80.8498 8.895533630894312e-38 4.360012686458709e-37 8196
80.896 1.395076909568393e-37 6.925559930926894e-37 12488
80.9422 1.254729416671237e-37 6.046941242099217e-37 11250
80.9884 9.997495524679433e-38 4.947383270105836e-37 8984
81.0346 6.570568532834857e-38 2.994229585924537e-37 5736
81.0808 9.770790559860637e-38 4.676703760400787e-37 8456
81.127 8.588715949527608e-38 4.024090314454111e-37 7448
81.1732 6.58627168788715e-38 2.990188542524012e-37 5538
81.2194 4.602786406875474e-38 2.125801545112317e-37 3884
81.2656 6.0813853606548e-38 2.854545951085318e-37 5208
81.3118 5.377095699065698e-38 2.427297334791665e-37 4424
81.358 2.734720487550801e-38 1.181203724562263e-37 2186
81.4042 3.848034705054976e-38 1.761241425214723e-37 3120
81.4504 3.255815751350794e-38 1.524545625591572e-37 2744
81.4966 2.630090810398717e-38 1.131535097667991e-37 2184
81.5428 1.166935009219059e-38 5.084354184887408e-38 902
81.589 1.724008506256778e-38 7.883597853147578e-38 1464
81.6352 1.287953505876745e-38 5.8662495442221e-38 1064
81.6814 8.082873870968899e-39 3.846159155081192e-38 728
81.7276 3.124272445194425e-39 1.396023223038829e-38 258
81.7738 3.740376528147391e-39 1.557203755223113e-38 344
81.82 2.188562861222863e-39 7.218821820940214e-39 168
81.8662 7.580694744842026e-40 3.063207081426988e-39 56
81.9124 8.723348981727249e-41 5.270235370260651e-40 7


0.0461999 5.930240685855828e-09 6.122429706227389e-12 18
0.0923998 3.462809532085008e-08 8.226904649396814e-11 62
0.1386 5.185962518206259e-08 2.22106874753385e-10 98
0.1848 8.387351741056551e-08 1.078587215656061e-09 210
0.230999 1.160602077707029e-07 2.827700647954232e-09 350
0.277199 1.349792662730127e-07 5.798321490753873e-09 450
0.323399 2.002995465042521e-07 1.227137457634334e-08 602
0.369599 2.515089058257534e-07 1.936859159898687e-08 762
0.415799 3.28305719415116e-07 3.89378657416811e-08 1142
0.461999 3.800998372878537e-07 5.601093289299742e-08 1250
0.508199 4.418655606866033e-07 8.083751550583284e-08 1458
0.554399 5.592750399185961e-07 1.202258510787977e-07 1814
0.600599 6.548167192445392e-07 1.700829074146243e-07 2178
0.646798 7.08379792430259e-07 2.263824600351931e-07 2498
0.692998 7.234213315311709e-07 2.727381343300907e-07 2622
0.739198 9.654502855066084e-07 4.187651150422299e-07 3338
0.785398 1.018984815837711e-06 5.273867201998983e-07 3722
0.831598 1.063128537017096e-06 6.626000221676448e-07 4170
0.877798 1.11368299770325e-06 8.055675878445382e-07 4358
0.923998 1.270683971551582e-06 1.038496798546182e-06 5034
0.970198 1.437083484321397e-06 1.299962287732988e-06 5714
1.0164 1.47477327665958e-06 1.511461782512246e-06 5982
1.0626 1.713179272416358e-06 1.822018111938596e-06 6602
1.1088 1.782882180946238e-06 2.116958064671864e-06 7130
1.155 1.996085563048444e-06 2.535373460832075e-06 8034
1.2012 2.196395605103528e-06 2.910870082296477e-06 8606
1.2474 2.302285652590982e-06 3.289159673920213e-06 9066
1.2936 2.532033472420692e-06 3.930832996638239e-06 9962
1.3398 2.654072829863541e-06 4.401951980897639e-06 10550
1.386 2.845468399427169e-06 5.085036152253772e-06 11226
1.4322 3.033258057684269e-06 5.967542360112733e-06 12146
1.4784 3.141220939019862e-06 6.727566401200554e-06 12606
1.5246 3.428053030771479e-06 7.869254399794882e-06 13802
1.5708 3.615531991978038e-06 8.956200063258703e-06 14754
1.617 3.707222876987299e-06 9.680991948909521e-06 15194
1.6632 4.030684693722553e-06 1.125321081456693e-05 16454
1.7094 4.176037563718978e-06 1.249996329005912e-05 17154
1.7556 4.456421214288038e-06 1.388032097383693e-05 18266
1.8018 4.694223590430144e-06 1.478564121525007e-05 18750
1.848 5.04458847984842e-06 1.671561306963336e-05 20234
1.8942 5.413611609715717e-06 1.881879669712441e-05 21450
1.9404 5.600324327585104e-06 2.012034247191727e-05 21962
1.9866 5.874663678389541e-06 2.208491591888241e-05 23462
2.0328 5.986769223023688e-06 2.409499299416774e-05 24042
2.079 6.478176638500089e-06 2.714960183580101e-05 25946
2.1252 6.390795317592482e-06 2.872233766852184e-05 26118
2.17139 6.683255589283197e-06 3.235670674418716e-05 27506
2.21759 7.022727191872636e-06 3.510058956499357e-05 29066
2.26379 7.380350059756891e-06 3.840412406006811e-05 30450
2.30999 7.945170203929925e-06 4.241133407350713e-05 31742
2.35619 7.852163172111272e-06 4.381376091059554e-05 32250
2.40239 8.561960735520808e-06 4.859392760721034e-05 34250
2.44859 8.666588954757086e-06 5.140589275112446e-05 35454
2.49479 9.169976960797954e-06 5.476712848628656e-05 36434
2.54099 9.375798957491521e-06 5.816646105210018e-05 37682
2.58719 9.802617272895703e-06 6.314772724961893e-05 39294
2.63339 1.027397686155652e-05 7.019917943575512e-05 41426
2.67959 1.038565670233684e-05 7.464907045803521e-05 42066
2.72579 1.071201295514584e-05 7.89652745843397e-05 43490
2.77199 1.123350802856038e-05 8.730278063388673e-05 45702
2.81819 1.137468388028689e-05 9.15459003293319e-05 46634
2.86439 1.173821214298485e-05 9.796757471948291e-05 48554
2.91059 1.182791973867946e-05 0.000102993529013147 48870
2.95679 1.257803218416312e-05 0.0001119028694625773 51554
3.00299 5.599378765843408e-06 5.067877555996149e-05 54090
3.04919 4.53029136215519e-13 4.167472548538961e-12 54314
3.09539 4.422972593975945e-13 4.168089062938792e-12 56910
3.14159 4.07589298250663e-13 4.073362676917159e-12 57482
3.18779 3.970814376892477e-13 4.121613180076946e-12 60626
3.23399 3.715489183471496e-13 4.018577705768679e-12 61206
3.28019 3.611301912718761e-13 3.974603534879654e-12 62570
3.32639 3.532282073348351e-13 4.017790703279148e-12 65730
3.37259 3.38151894223037e-13 3.939411033268512e-12 66686
3.41879 3.350276240630797e-13 3.967662740460136e-12 69698
3.46499 3.204469723004064e-13 3.938991782199976e-12 70026
3.51119 3.131876473033967e-13 3.926622193463024e-12 72746
3.55739 3.04399177093679e-13 3.906018349225348e-12 74910
3.60359 2.900075881891117e-13 3.886446088044216e-12 75722
3.64979 2.8291948814339e-13 3.898698622219296e-12 78378
3.69599 2.736804326709803e-13 3.916753667922827e-12 80030
3.74219 2.66042443016849e-13 3.951869051428283e-12 83186
3.78839 2.582594728702584e-13 3.931150413491882e-12 84666
3.83459 2.48385590082233e-13 3.877693180356244e-12 86546
3.88079 2.368722540928463e-13 3.846433089057105e-12 88134
3.92699 2.342551106000438e-13 3.859118562554335e-12 91538
3.97319 2.260744758037211e-13 3.768352078231126e-12 93138
4.01939 2.182166025744055e-13 3.699373348981117e-12 94478
4.06559 2.118686344641896e-13 3.652173745485313e-12 97274
4.11179 2.088562588867766e-13 3.658206301626886e-12 99690
4.15799 2.009259276406939e-13 3.612503285721028e-12 102590
4.20419 1.953001519072726e-13 3.51174520868133e-12 103770
4.25039 1.860387975683635e-13 3.48360913684528e-12 106346
4.29659 1.785567713937311e-13 3.430037387615051e-12 108546
4.34279 1.711868079701502e-13 3.399508259806361e-12 110726
4.38899 1.622402243127701e-13 3.318815927745018e-12 112322
4.43519 1.581409229536344e-13 3.279542632118871e-12 115890
4.48139 1.511217179406153e-13 3.197023139456191e-12 118766
4.52759 1.458532711422973e-13 3.179686009563292e-12 122298
4.57379 1.357114042313066e-13 3.012164798034182e-12 122090
4.61999 1.326506271156057e-13 2.959730778027695e-12 125810
4.66619 1.260019649986138e-13 2.857847940987246e-12 128190
4.71239 1.195550465410712e-13 2.75822071429438e-12 130994
4.75859 1.144296563016592e-13 2.667176391109277e-12 133722
4.80479 1.068469863057918e-13 2.497640613736067e-12 133886
4.85099 1.030023364212991e-13 2.482691047124328e-12 140538
4.89719 9.493306039981593e-14 2.332293509451574e-12 140594
4.94339 8.845182829424309e-14 2.219608520426115e-12 143594
4.98959 8.262369681323675e-14 2.130122712438379e-12 146310
5.03579 7.687577078262085e-14 2.036573542986351e-12 150650
5.08199 6.993689956688129e-14 1.892063121122074e-12 151914
5.12819 6.366768521419119e-14 1.757838459937353e-12 153398
5.17439 5.838111621663585e-14 1.648612770880588e-12 157866
5.22059 5.333511794014e-14 1.526375875101128e-12 160658
5.26679 4.841595507849261e-14 1.386056165162895e-12 164102
5.31299 4.277399631118542e-14 1.238779353700083e-12 164994
5.35919 3.849362985796847e-14 1.121772959284125e-12 169850
5.40539 3.37705605383933e-14 9.896396802820895e-13 172986
5.45159 2.879515346738586e-14 8.533602785462808e-13 173894
5.49779 2.457195365599316e-14 7.38171828603079e-13 176778
5.54399 2.080238730385151e-14 6.277455446583742e-13 181802
5.59019 1.695055377053687e-14 5.213494280617146e-13 184430
5.63639 1.348439155814859e-14 4.213594160472285e-13 187242
5.68259 1.027019853181722e-14 3.297702641772903e-13 190250
5.72879 7.496459098413102e-15 2.464618734786362e-13 192570
5.77499 5.24440503636544e-15 1.762994130423873e-13 198254
5.82119 3.270674396115383e-15 1.113309726871622e-13 198074
5.86739 1.813886448593158e-15 6.296159395875466e-14 202050
5.91359 7.874639335321646e-16 2.757886486179286e-14 205502
5.95979 1.845259583692323e-16 6.528193048098333e-15 210666
6.00599 3.517945838788621e-18 1.23939163315494e-16 212426
6.05219 7.499104862687799e-20 2.737723864871515e-18 213918
6.09839 7.23409707978567e-20 2.670886510100806e-18 220994
6.14459 6.825120767735127e-20 2.559173748196583e-18 221522
6.19079 6.507970572472353e-20 2.485286341919129e-18 226314
6.23699 6.076216964014799e-20 2.381639489516526e-18 227294
6.28319 5.824127134221729e-20 2.328597637690171e-18 232962
6.32939 5.532044030859399e-20 2.274610532910653e-18 237818
6.37559 5.163046985161033e-20 2.164684933340581e-18 238398
6.42178 4.905686277942497e-20 2.089295899294571e-18 241418
6.46798 4.681381790004892e-20 2.024021381766806e-18 246818
6.51418 4.386022844178552e-20 1.933415892066749e-18 249906
6.56038 4.22495133441855e-20 1.855760834866084e-18 254702
6.60658 3.961755807338483e-20 1.739800712166264e-18 254418
6.65278 3.795383877471179e-20 1.67379239762138e-18 260354
6.69898 3.611592395051247e-20 1.606672869498969e-18 264974
6.74518 3.408640088752475e-20 1.540330647283612e-18 268722
6.79138 3.191053992340147e-20 1.47740269213964e-18 271562
6.83758 2.979706357237232e-20 1.414368627395023e-18 275586
6.88378 2.795622129271407e-20 1.354713679722888e-18 280190
6.92998 2.58333635266322e-20 1.300008233551166e-18 282834
6.97618 2.391012078049357e-20 1.235074578663997e-18 285170
7.02238 2.241409944434602e-20 1.175857758235151e-18 289886
7.06858 2.118387554535336e-20 1.112313002701114e-18 294474
7.11478 1.986498662755373e-20 1.054013785216381e-18 299498
7.16098 1.838760435406526e-20 9.746711499338051e-19 299958
7.20718 1.739866964775101e-20 9.205723625498235e-19 305858
7.25338 1.625966213999354e-20 8.574561379260947e-19 310794
7.29958 1.501912203670714e-20 7.968043845404411e-19 313082
7.34578 1.387674282099547e-20 7.42948684152621e-19 316046
7.39198 1.288802917962324e-20 6.985455033222616e-19 322218
7.43818 1.181940127391993e-20 6.560445465261392e-19 328562
7.48438 1.055376632385309e-20 6.075715096993683e-19 327990
7.53058 9.692337667863467e-21 5.709124648143209e-19 335282
7.57678 8.626181441400341e-21 5.214457572824638e-19 335970
7.62298 7.836302883083448e-21 4.889981881181301e-19 344066
7.66918 6.980226436346429e-21 4.403142139881177e-19 343718
7.71538 6.329716269487759e-21 4.030245902477728e-19 351498
7.76158 5.676312423593743e-21 3.594554777334596e-19 354458
7.80778 5.057262533478141e-21 3.215754844160713e-19 358566
7.85398 4.549863278593887e-21 2.862201989877865e-19 366122
7.90018 4.007715351098436e-21 2.482075111567698e-19 365810
7.94638 3.505765512381334e-21 2.180552974849178e-19 371622
7.99258 3.042219293029869e-21 1.900849321067271e-19 375986
8.03878 2.609398961586106e-21 1.664290506685264e-19 382170
8.08498 2.184953745929793e-21 1.403924991172318e-19 381818
8.13118 1.831427788345181e-21 1.214592750552978e-19 389574
8.17738 1.502140645903429e-21 1.022894329499098e-19 393698
8.22358 1.21836507400984e-21 8.541947330383067e-20 399458
8.26978 9.755432895565564e-22 6.961829848812867e-20 402222
8.31598 7.664926094678787e-22 5.617438581259023e-20 406922
8.36218 5.956032097097424e-22 4.43496626067777e-20 412842
8.40838 4.504958981829624e-22 3.361643167506752e-20 415346
8.45458 3.37778015768471e-22 2.507199359340503e-20 421182
8.50078 2.438126715318315e-22 1.797659633851569e-20 425018
8.54698 1.708811338591306e-22 1.248369497503273e-20 431138
8.59318 1.142579245836549e-22 8.295418744452932e-21 434382
8.63938 7.277531624496268e-23 5.231799771383465e-21 439514
8.68558 4.299980694643397e-23 3.107239953899503e-21 444738
8.73178 2.32909265783923e-23 1.674043420601948e-21 448910
8.77798 1.103623256175986e-23 8.033554420406817e-22 450618
8.82418 4.456273436787447e-24 3.341258525606062e-22 459554
8.87038 1.341634602316895e-24 1.028987555530624e-22 463106
8.91658 2.488842101633927e-25 1.957735480084351e-23 467094
8.96278 1.578906581417801e-26 1.276378675799293e-24 474938
9.00898 6.993163532355731e-28 6.018982843415654e-26 477186
9.05518 6.36581487603527e-28 5.5407017704183e-26 484670
9.10138 5.864940849543308e-28 5.142561717283877e-26 487010
9.14758 5.418152514558353e-28 4.803162290692601e-26 493314
9.19378 4.973604690552887e-28 4.450341186625183e-26 496322
9.23998 4.57806295487996e-28 4.149224155805837e-26 501702
9.28618 4.22277817693395e-28 3.868500050854832e-26 508562
9.33238 3.887742722280605e-28 3.591536820452689e-26 514242
9.37858 3.534944636514877e-28 3.310723570840908e-26 516158
9.42478 3.249543079503286e-28 3.057588640911861e-26 522602
9.47098 2.983880124993191e-28 2.832161524253409e-26 530658
9.51718 2.703878117739192e-28 2.587040287244064e-26 530042
9.56338 2.475470222846562e-28 2.397010108922027e-26 538878
9.60958 2.256345141792434e-28 2.186881483226526e-26 544130
9.65578 2.053918826140277e-28 2.013115352313606e-26 551106
9.70198 1.852245115322702e-28 1.835132095589841e-26 553982
9.74818 1.673279417000135e-28 1.664395539478e-26 558242
9.79438 1.507993281711061e-28 1.522070415471873e-26 564546
9.84058 1.359861709399541e-28 1.378027623382075e-26 570494
9.88678 1.215108654668088e-28 1.249013371035561e-26 576762
9.93298 1.083971070219663e-28 1.121763879335461e-26 578234
9.97918 9.706252574298137e-29 1.017423888642647e-26 585666
10.0254 8.711544183051646e-29 9.165208820004141e-27 594446
10.0716 7.66753511356487e-29 8.153565450558569e-27 595250
10.1178 6.827029793233995e-29 7.26290013711817e-27 603402
10.164 6.001317413794064e-29 6.483563151610482e-27 607382
10.2102 5.289529135652707e-29 5.759323114312585e-27 617010
10.2564 4.579667276205111e-29 5.007173783455924e-27 616778
10.3026 4.022875506422202e-29 4.428890536837956e-27 624746
10.3488 3.46051590586746e-29 3.842607033379777e-27 628062
10.395 3.01375710495792e-29 3.365919340498037e-27 639410
10.4412 2.582556197799696e-29 2.908210343196509e-27 642954
10.4874 2.183828567092872e-29 2.485575925862179e-27 645974
10.5336 1.868846539461022e-29 2.135971895525431e-27 653490
10.5798 1.573072554473652e-29 1.819838750963821e-27 660746
10.626 1.314045190987261e-29 1.532582931515345e-27 664646
10.6722 1.090693838062017e-29 1.282804080588431e-27 667290
10.7184 9.108913355810852e-30 1.076782211849757e-27 679034
10.7646 7.421332822556436e-30 8.824428980613199e-28 682722
10.8108 6.068828242743738e-30 7.235918586081388e-28 691238
10.857 4.824599069717992e-30 5.795655530201053e-28 688602
10.9032 3.879066235292478e-30 4.696947925793152e-28 700826
10.9494 3.05143112071898e-30 3.716765729893905e-28 705662
10.9956 2.379151336218076e-30 2.909712996648063e-28 710082
11.0418 1.835123332236279e-30 2.261234682974598e-28 719162
11.088 1.381226048619996e-30 1.718027110027991e-28 722250
11.1342 1.03621053353062e-30 1.294656348170296e-28 731510
11.1804 7.547390039363796e-31 9.517964859503453e-29 736442
11.2266 5.407831442658771e-31 6.870134901974237e-29 740898
11.2728 3.811931968319381e-31 4.874752646553214e-29 750158
11.319 2.600136522982262e-31 3.341867176965937e-29 754866
11.3652 1.732648782747141e-31 2.235040380434399e-29 760826
11.4114 1.111175593005035e-31 1.447714614472632e-29 764034
11.4576 6.876653696654805e-32 9.097052891491797e-30 773846
11.5038 4.103522620117828e-32 5.416711775528674e-30 779714
11.55 2.304632643095168e-32 3.064318817111106e-30 784314
11.5962 1.222701312242645e-32 1.633272911536388e-30 791342
11.6424 6.005315940584542e-33 8.06902029178231e-31 799458
11.6886 2.670818287870138e-33 3.58684732411581e-31 804962
11.7348 1.05004024649251e-33 1.420728814430005e-31 809550
11.781 3.605713084671256e-34 4.948596028015179e-32 813458
11.8272 1.120964005014514e-34 1.557929530222097e-32 827402
11.8734 4.039592392222959e-35 5.805884264841064e-33 828618
11.9196 2.553324151059159e-35 3.808359008085138e-33 836918
11.9658 2.229341824222174e-35 3.347111366292438e-33 842874
12.012 2.028623210173061e-35 3.061181857295117e-33 849338
12.0582 1.84531319549543e-35 2.803425211398832e-33 858942
12.1044 1.676798176343427e-35 2.538878785204143e-33 860978
12.1506 1.528350009931014e-35 2.309519756087815e-33 868346
12.1968 1.395483406406629e-35 2.090335084449073e-33 875154
12.243 1.274244635286076e-35 1.908414071481671e-33 886214
12.2892 1.143096086560486e-35 1.718632664316496e-33 887346
12.3354 1.03656439273798e-35 1.558493778347587e-33 894986
12.3816 9.334301030479154e-36 1.418627979441406e-33 902774
12.4278 8.396723953621996e-36 1.298126475886243e-33 912114
12.474 7.440546514106672e-36 1.174728451517802e-33 915026
12.5202 6.613602191193184e-36 1.072313769788625e-33 920142
12.5664 5.88801422609534e-36 9.796344697326482e-34 929762
12.6126 5.271012155066655e-36 8.902168204861824e-34 937698
12.6588 4.719060284756713e-36 8.043318604966212e-34 944762
12.705 4.245284386667225e-36 7.208470054711536e-34 948254
12.7512 3.863248968126565e-36 6.477348432897215e-34 956802
12.7974 3.572398993915579e-36 5.738818383565626e-34 967658
12.8436 3.299968116359978e-36 5.044233717708883e-34 969702
12.8898 3.039688619603983e-36 4.428390411277601e-34 974090
12.936 2.828594505237917e-36 3.942265343124431e-34 988482
12.9822 2.589375558207526e-36 3.499265843249727e-34 991994
13.0284 2.354554530143638e-36 3.183753237652604e-34 1001030
13.0746 2.105704027987507e-36 2.943617076755612e-34 1005450
13.1208 1.854704960930779e-36 2.779799971551713e-34 1013738
13.167 1.631515744325276e-36 2.660088825036116e-34 1021710
13.2132 1.433130950204663e-36 2.569709912077821e-34 1023626
13.2594 1.279044891390732e-36 2.484580699231636e-34 1035834
13.3056 1.149953057836172e-36 2.384624483641187e-34 1040786
13.3518 1.078332145285312e-36 2.258101757952968e-34 1053206
13.398 1.047210864843418e-36 2.08502507011523e-34 1057002
13.4442 1.063572082319079e-36 1.917238636847915e-34 1063898
13.4904 1.10403405293658e-36 1.709939051407903e-34 1072782
13.5366 1.129795687364706e-36 1.503974646508108e-34 1078826
13.5828 1.171596370914117e-36 1.346780577284646e-34 1087922
13.629 1.207024822188496e-36 1.231636150750884e-34 1090494
13.6752 1.200284861355421e-36 1.182098952805635e-34 1101362
13.7214 1.155778138036172e-36 1.196229473510336e-34 1109802
13.7676 1.099917619980853e-36 1.26923250068516e-34 1114514
13.8138 1.002641689945467e-36 1.382681470703008e-34 1123926
13.86 9.139846446627438e-37 1.497603287798249e-34 1125986
13.9062 8.363924033110383e-37 1.621539575641669e-34 1143554
13.9524 7.778238978560155e-37 1.726695003861898e-34 1144710
13.9986 7.497819114406513e-37 1.764182740937143e-34 1154018
14.0448 7.485900169901488e-37 1.740486671925752e-34 1159962
14.091 7.824247594223359e-37 1.71155723588424e-34 1170986
14.1372 8.468760519982344e-37 1.635950836190566e-34 1178142
14.1834 9.113266107434257e-37 1.504644953977931e-34 1182674
14.2296 9.844428436910849e-37 1.397408899620786e-34 1191002
14.2758 1.053892713325389e-36 1.304585455405044e-34 1200438
14.322 1.098464583111332e-36 1.248371380942376e-34 1208162
14.3682 1.10630011287258e-36 1.23104270604734e-34 1215258
14.4144 1.073378320160716e-36 1.271913962257069e-34 1224134
14.4606 1.031248363483821e-36 1.354689064307674e-34 1228722
14.5068 9.783655955920395e-37 1.472378317267058e-34 1243154
14.553 9.244815786041903e-37 1.60485764946833e-34 1245434
14.5992 8.590418151602118e-37 1.716286124556723e-34 1255158
14.6454 8.129548660012931e-37 1.813048349948206e-34 1255610
14.6916 7.957899285060695e-37 1.862859432580077e-34 1277562
14.7378 7.884291884873351e-37 1.868622191776531e-34 1274414
14.784 7.984679159546869e-37 1.780535969890676e-34 1285994
14.8302 8.451672488273759e-37 1.741871049644044e-34 1299570
14.8764 8.874063922836005e-37 1.688360403969807e-34 1302122
14.9226 9.560675275269127e-37 1.631651264173778e-34 1311366
14.9688 1.004092888180589e-36 1.551277186375614e-34 1319186
15.015 1.056631184075463e-36 1.501235492535859e-34 1327434
15.0612 1.077942493437001e-36 1.477729454460919e-34 1337294
15.1074 1.07514074983406e-36 1.500292185074002e-34 1342730
15.1536 1.062990059061491e-36 1.569707564665198e-34 1350570
15.1998 1.032034199526146e-36 1.6726250466144e-34 1362590
15.246 9.966946112834195e-37 1.793702785780283e-34 1369698
15.2922 9.427577463047796e-37 1.923631221806396e-34 1374914
15.3384 9.04317284817372e-37 2.038411480540693e-34 1383570
15.3846 8.792795274393268e-37 2.140637651547043e-34 1395374
15.4308 8.59306452010119e-37 2.184958229138477e-34 1396994
15.477 8.75567281007327e-37 2.208091419516628e-34 1411530
15.5232 9.007593343860836e-37 2.155024158649259e-34 1417574
15.5694 9.515998517460106e-37 2.086406804696538e-34 1428834
15.6156 1.006233611876056e-36 2.008327171262981e-34 1439018
15.6618 1.055328743084795e-36 1.916339448666582e-34 1440698
15.708 1.114857857164297e-36 1.844971491263405e-34 1453638
15.7542 1.148081825703337e-36 1.79168995371925e-34 1463426
15.8004 1.167404405504408e-36 1.783126717124079e-34 1471050
15.8466 1.171786418085751e-36 1.813342448157871e-34 1476638
15.8928 1.147536062873481e-36 1.886898261701343e-34 1484466
15.939 1.12259337682991e-36 2.012799822556314e-34 1501154
15.9852 1.062342819730576e-36 2.133713983777114e-34 1501706
16.0314 1.022160924595723e-36 2.270590752456108e-34 1511502
16.0776 9.804699985609215e-37 2.39485685339805e-34 1520234
16.1238 9.578219212315263e-37 2.486498689789419e-34 1535010
16.17 9.425384286436703e-37 2.544238432447812e-34 1543358
16.2162 9.458710965760269e-37 2.542629605094706e-34 1535754
16.2624 9.860175070926989e-37 2.510969832240466e-34 1564802
16.3086 1.020819035695632e-36 2.447188295874661e-34 1563038
16.3548 1.090408874607394e-36 2.387371214719905e-34 1578426
16.401 1.144856705698059e-36 2.277790575902188e-34 1581482
16.4472 1.197066574816479e-36 2.191711002809873e-34 1592250
16.4934 1.233277779356278e-36 2.129053096867566e-34 1602230
16.5396 1.257146825890407e-36 2.100412101759409e-34 1604754
16.5858 1.271440527183598e-36 2.146886826132429e-34 1623458
16.632 1.230695344068021e-36 2.21300537963526e-34 1624910
16.6782 1.208118591059954e-36 2.348879991726097e-34 1645122
16.7244 1.170570850097548e-36 2.497329711326155e-34 1645130
16.7706 1.118801971040951e-36 2.660475003699002e-34 1655706
16.8168 1.077862791015803e-36 2.837594665084737e-34 1663502
16.863 1.036802628979927e-36 2.938270979163267e-34 1675514
16.9092 1.028675216123579e-36 3.035070036993994e-34 1685298
16.9554 1.038507795744371e-36 3.045946252164194e-34 1689566
17.0016 1.058288003218274e-36 2.996395877913467e-34 1697850
17.0478 1.112430001924206e-36 2.960945680114522e-34 1718546
17.094 1.16342366848121e-36 2.825990628586553e-34 1719822
17.1402 1.229004275654247e-36 2.697587563186994e-34 1726586
17.1864 1.282488903560762e-36 2.589299268952255e-34 1739186
17.2326 1.33446983397451e-36 2.506142827363073e-34 1751538
17.2788 1.365458350341665e-36 2.461472468924027e-34 1758062
17.325 1.369359240970021e-36 2.465354275118988e-34 1763010
17.3712 1.357229049223803e-36 2.552224940509579e-34 1778642
17.4174 1.314538469137231e-36 2.679294949084305e-34 1788582
17.4636 1.272949079300709e-36 2.849537482541798e-34 1794746
17.5098 1.232265838750356e-36 3.043758262938415e-34 1803290
17.556 1.179437611994164e-36 3.230511047184617e-34 1811058
17.6022 1.137758131149362e-36 3.421760837242062e-34 1828358
17.6484 1.105660013916744e-36 3.582900516359498e-34 1831362
17.6946 1.108355596682943e-36 3.593900050104172e-34 1842458
17.7408 1.107392238887496e-36 3.44582055364293e-34 1846998
17.787 1.166380021393447e-36 3.392100426497997e-34 1869122
17.8332 1.242247901760817e-36 3.332477425077944e-34 1876346
17.8794 1.312161838613285e-36 3.194353474383112e-34 1879506
17.9256 1.389161742335486e-36 3.074082445014684e-34 1893326
17.9718 1.470554969172191e-36 2.93993310403385e-34 1901826
18.018 1.537050088596011e-36 2.859790678304651e-34 1911962
18.0642 1.53983116636566e-36 2.83965728314523e-34 1919198
18.1104 1.512852403888571e-36 2.907322595109575e-34 1930242
18.1566 1.483441271883016e-36 3.044792337462043e-34 1942442
18.2028 1.432500381112667e-36 3.247707689439509e-34 1951734
18.249 1.374935733553247e-36 3.468102836476455e-34 1955402
18.2952 1.302322846000681e-36 3.692030099776297e-34 1971858
18.3414 1.248584676124002e-36 3.920078571602398e-34 1984898
18.3876 1.206077258028353e-36 4.078926001168496e-34 1986422
18.4338 1.188853662606193e-36 4.170837239767485e-34 1996146
18.48 1.208091636982208e-36 4.187382990896498e-34 2017106
18.5262 1.240875222618936e-36 4.158311222791999e-34 2020638
18.5724 1.309486898686295e-36 4.053160565335414e-34 2029346
18.6186 1.41077112664906e-36 3.896019458290309e-34 2041002
18.6648 1.498246441379742e-36 3.678103649555835e-34 2051450
18.711 1.582603521869483e-36 3.484255792533682e-34 2065886
18.7572 1.640558187198804e-36 3.314798741798874e-34 2064546
18.8034 1.671361623758536e-36 3.267715556170223e-34 2082650
18.8496 1.656320318591405e-36 3.293773904440169e-34 2095182
18.8958 1.623069483508081e-36 3.408012451444188e-34 2101346
18.942 1.5900269142873e-36 3.633311936038471e-34 2115554
18.9882 1.518382534219575e-36 3.904066627789604e-34 2115654
19.0344 1.450160317289016e-36 4.249263125341419e-34 2141066
19.0806 1.363935904232822e-36 4.530450642630139e-34 2139786
19.1268 1.301243344494733e-36 4.752332847275474e-34 2152202
19.173 1.261453426008946e-36 4.887030882661799e-34 2161086
19.2192 1.25324678385106e-36 4.865006607054321e-34 2176058
19.2654 1.278703646648341e-36 4.844847777126798e-34 2190818
19.3116 1.325373334166297e-36 4.693588255848852e-34 2191158
19.3578 1.394267854240773e-36 4.51449040224224e-34 2205314
19.404 1.473808167042081e-36 4.312750910618456e-34 2215554
19.4502 1.573296176870596e-36 4.117240976368505e-34 2230562
19.4964 1.662899556383333e-36 3.93578276108122e-34 2239614
19.5426 1.704060377457587e-36 3.785627225379397e-34 2245706
19.5888 1.723127249330907e-36 3.748541373781695e-34 2259674
19.635 1.717415158006717e-36 3.826554567725135e-34 2273214
19.6812 1.68463141504456e-36 3.986449886356012e-34 2278802
19.7274 1.635664579686849e-36 4.226466880040159e-34 2294034
19.7736 1.557933791469569e-36 4.511494937025511e-34 2294942
19.8198 1.488986116222974e-36 4.860800657913949e-34 2317050
19.866 1.426622666034547e-36 5.137297484146385e-34 2322842
19.9122 1.366609659490909e-36 5.37484872133844e-34 2330810
19.9584 1.337941885358375e-36 5.502548756306041e-34 2345958
20.0046 1.338986676693656e-36 5.512029249393785e-34 2353586
20.0508 1.369489326147716e-36 5.461091445050704e-34 2376210
20.097 1.412622405618042e-36 5.289905929294855e-34 2374502
20.1432 1.489340769295262e-36 5.127603863592527e-34 2386346
20.1894 1.582188954465487e-36 4.937176569497702e-34 2401314
20.2356 1.663009449698656e-36 4.721402208762409e-34 2411450
20.2818 1.7418297263938e-36 4.519254733869302e-34 2420718
20.328 1.765810576579571e-36 4.369642719840201e-34 2425754
20.3742 1.788693742361092e-36 4.382796911217762e-34 2455218
20.4204 1.797285281072695e-36 4.441323013772801e-34 2450942
20.4666 1.768980139923011e-36 4.613612008404383e-34 2467130
20.5128 1.71691321156915e-36 4.863379176784211e-34 2474874
20.559 1.660100265825731e-36 5.167459031214196e-34 2490362
20.6052 1.580547866469029e-36 5.469267651871091e-34 2498142
20.6514 1.515399864788168e-36 5.722996066106317e-34 2507090
20.6976 1.45146267871392e-36 5.865451296633984e-34 2525562
20.7438 1.430150320698041e-36 6.014496054055619e-34 2534726
20.79 1.438679181222517e-36 6.116343100764817e-34 2549906
20.8362 1.45738977997907e-36 6.119564746947583e-34 2551074
20.8824 1.51062279719598e-36 6.137988669770187e-34 2570702
20.9286 1.583950208452874e-36 5.994448237678716e-34 2574642
20.9748 1.679493186674632e-36 5.804495272759108e-34 2594066
21.021 1.759484805308296e-36 5.538093492997037e-34 2594802
21.0672 1.83724924994479e-36 5.329598879596264e-34 2612030
21.1134 1.885590366860983e-36 5.181675961985898e-34 2627954
21.1596 1.964058382996995e-36 5.162935897585838e-34 2640402
21.2058 1.966268642209881e-36 5.170822928190682e-34 2641454
21.252 1.951979137214219e-36 5.329203675633393e-34 2661834
21.2982 1.911282964113286e-36 5.56385015358762e-34 2669138
21.3444 1.866770845980703e-36 5.887211022113591e-34 2684858
21.3905 1.776522569455752e-36 6.194935405189132e-34 2693910
21.4367 1.709392926578158e-36 6.481769568726613e-34 2701682
21.4829 1.648973269052131e-36 6.748926070108971e-34 2722698
21.5291 1.621211994957101e-36 6.987954140881336e-34 2725262
21.5753 1.615684763553545e-36 7.266197494070474e-34 2742450
21.6215 1.624276361368269e-36 7.310026720221947e-34 2749850
21.6677 1.65613159392472e-36 7.333589007833841e-34 2763902
21.7139 1.716167047771254e-36 7.245211988389314e-34 2778498
21.7601 1.79005456533325e-36 6.978247968403161e-34 2784530
21.8063 1.878141265617769e-36 6.686330539022584e-34 2804106
21.8525 1.944571525357474e-36 6.447847975440113e-34 2809790
21.8987 2.038017914705326e-36 6.283184298964931e-34 2825058
21.9449 2.161140946583523e-36 6.173179037723905e-34 2834330
21.9911 2.182796266587178e-36 6.071500792704211e-34 2842022
22.0373 2.193906076520975e-36 6.131645027975552e-34 2864754
22.0835 2.173032692912742e-36 6.251906468510983e-34 2864186
22.1297 2.141987710149674e-36 6.501663673862133e-34 2879538
22.1759 2.063778593687281e-36 6.821902524117645e-34 2899454
22.2221 1.996454391893457e-36 7.169799367841594e-34 2904258
22.2683 1.945956441759431e-36 7.581234517370014e-34 2930234
22.3145 1.892022784591121e-36 7.8902438468681e-34 2929526
22.3607 1.835485145756397e-36 8.158621951725414e-34 2942442
22.4069 1.818215610783784e-36 8.443897992748553e-34 2960810
22.4531 1.810954799204417e-36 8.63117964770125e-34 2964954
22.4993 1.836899132764973e-36 8.552856502501314e-34 2980910
22.5455 1.87690074295724e-36 8.414521131168853e-34 2990978
22.5917 1.940773773196583e-36 8.257363791101179e-34 3007626
22.6379 2.03305659769634e-36 8.041645691261022e-34 3019166
22.6841 2.122699011763597e-36 7.793404291014061e-34 3021090
22.7303 2.213311479059787e-36 7.546185525166449e-34 3047834
22.7765 2.289197549483208e-36 7.328645538335417e-34 3055590
22.8227 2.383473171958423e-36 7.187914070026277e-34 3068546
22.8689 2.375133422842498e-36 7.096236403106763e-34 3067274
22.9151 2.394114702628872e-36 7.207790360229479e-34 3098058
22.9613 2.382098803440106e-36 7.361329254064841e-34 3109214
23.0075 2.339224209712576e-36 7.617593000436342e-34 3110466
23.0537 2.310728404349102e-36 8.000512400314771e-34 3124370
23.0999 2.220075236466364e-36 8.442008229959524e-34 3144174
23.1461 2.16437062963239e-36 8.868792106018088e-34 3161738
23.1923 2.074835391059162e-36 9.237337436775124e-34 3159890
23.2385 2.046495517060974e-36 9.666686994583566e-34 3174138
23.2847 2.019217187110211e-36 9.821505594481495e-34 3195926
23.3309 2.0267831948459e-36 1.002735959806841e-33 3211386
23.3771 2.047059723039338e-36 1.005456982909222e-33 3219314
23.4233 2.085926690437083e-36 9.933119849971854e-34 3225494
23.4695 2.179626007419216e-36 9.777152857970414e-34 3242562
23.5157 2.272672304162748e-36 9.472986351264919e-34 3257450
23.5619 2.377727898088916e-36 9.107421499679504e-34 3269118
23.6081 2.466538966555782e-36 8.743329808498194e-34 3278930
23.6543 2.442946503601271e-36 8.352691209941438e-34 3286650
23.7005 2.548247072075018e-36 8.230652203267261e-34 3316610
23.7467 2.645817180179537e-36 8.169496894613314e-34 3321542
23.7929 2.668601954857656e-36 8.197986678173496e-34 3328578
23.8391 2.699281215314499e-36 8.406462781868603e-34 3345074
23.8853 2.673321397585621e-36 8.802058563052381e-34 3361686
23.9315 2.587997555131578e-36 9.27436450273645e-34 3369722
23.9777 2.494180620532486e-36 9.82622910112997e-34 3385290
24.0239 2.402900819677525e-36 1.042491738466207e-33 3391370
24.0701 2.307976659647423e-36 1.101418213491927e-33 3422966
24.1163 2.223948901744836e-36 1.138701568712561e-33 3419538
24.1625 2.157967730897238e-36 1.167744079952253e-33 3441890
24.2087 2.134424698720545e-36 1.176943756980395e-33 3447582
24.2549 2.147125864684387e-36 1.183573389235786e-33 3466298
24.3011 2.188715109274169e-36 1.158018185214903e-33 3466194
24.3473 2.258800571053789e-36 1.130942549749254e-33 3492062
24.3935 2.343346812592214e-36 1.095022365748883e-33 3503114
24.4397 2.441023663135945e-36 1.052866995612885e-33 3517146
24.4859 2.583212944326293e-36 1.020704055820265e-33 3535706
24.5321 2.702660751456487e-36 9.84622203527558e-34 3539742
24.5783 2.822649628477255e-36 9.545733689101338e-34 3558698
24.6245 2.872353654996642e-36 9.358854877009161e-34 3570122
24.6707 2.918010634040472e-36 9.378705807845454e-34 3585174
24.7169 2.876032369728522e-36 9.526595057298658e-34 3594314
24.7631 2.828112554227513e-36 9.894090536896261e-34 3612258
24.8093 2.717737057382334e-36 1.032602562154094e-33 3620282
24.8555 2.649996644482969e-36 1.086449089715752e-33 3639078
24.9017 2.538907923453497e-36 1.147702312023264e-33 3650450
24.9479 2.457914876631207e-36 1.215299625166684e-33 3661418
24.9941 2.368714599997492e-36 1.272638325770632e-33 3677694
25.0403 2.295743736361422e-36 1.315219677582005e-33 3695978
25.0865 2.273676811462782e-36 1.343308498955944e-33 3702810
25.1327 2.253745308372975e-36 1.338447653634888e-33 3716162
25.1789 2.295753414989766e-36 1.340625721788107e-33 3740094
25.2251 2.34423317220016e-36 1.337869294362294e-33 3740954
25.2713 2.454731366273983e-36 1.336151998012882e-33 3760946
25.3175 2.604160046990614e-36 1.292326636550809e-33 3778278
25.3637 2.724057091732519e-36 1.22420231235077e-33 3784922
25.4099 2.794119848110527e-36 1.170663900817673e-33 3805266
25.4561 2.95712000433028e-36 1.136122957476673e-33 3807686
25.5023 3.120092682482006e-36 1.104908733903421e-33 3833130
25.5485 3.081795451489708e-36 1.08407698551397e-33 3841898
25.5947 3.094292390230309e-36 1.089216843517731e-33 3858074
25.6409 3.134751057231696e-36 1.109136003727385e-33 3868974
25.6871 3.053823814074672e-36 1.144090573634467e-33 3885362
25.7333 2.959406745992474e-36 1.193869175714297e-33 3898290
25.7795 2.840279679049075e-36 1.245527208396421e-33 3907334
25.8257 2.764462974052188e-36 1.305383974691339e-33 3928730
25.8719 2.6377104679097e-36 1.356934502131522e-33 3936666
25.9181 2.53881614640147e-36 1.38175223344909e-33 3961346
25.9643 2.512240423311474e-36 1.454395283862193e-33 3975774
26.0105 2.470813392708051e-36 1.515371624314923e-33 3970106
26.0567 2.444770809253938e-36 1.496023749332912e-33 4003170
26.1029 2.44339892961361e-36 1.47113990976289e-33 4019558
26.1491 2.484652567534677e-36 1.475913122940166e-33 4025642
26.1953 2.536384931360098e-36 1.455235826683203e-33 4028514
26.2415 2.615035643130414e-36 1.415092507366512e-33 4059398
26.2877 2.700919266259429e-36 1.378348375240392e-33 4069674
26.3339 2.797705458488984e-36 1.357170603039041e-33 4083698
26.3801 2.857165859796459e-36 1.313746684962123e-33 4095210
26.4263 2.891842274107532e-36 1.289931073998951e-33 4110518
26.4725 2.930368072443304e-36 1.276519803970855e-33 4126850
26.5187 2.947544552354039e-36 1.272112297472918e-33 4140114
26.5649 2.939384888797794e-36 1.274581002699594e-33 4144070
26.6111 2.841664390243736e-36 1.296849483614339e-33 4175802
26.6573 2.816351256357837e-36 1.319333012587349e-33 4187882
26.7035 2.803080750326862e-36 1.343447878953688e-33 4199250
26.7497 2.782163370692404e-36 1.380813534994384e-33 4209326
26.7959 2.764378544940327e-36 1.421852249777716e-33 4222130
26.8421 2.725555991707106e-36 1.464404804368316e-33 4254258
26.8883 2.673794718140216e-36 1.491863915917185e-33 4252478
26.9345 2.665127820605819e-36 1.545491441938465e-33 4270698
26.9807 2.621322188332258e-36 1.574479272850482e-33 4278122
27.0269 2.629907953272128e-36 1.611591795829454e-33 4309898
27.0731 2.63280398431877e-36 1.629545471761257e-33 4317150
27.1193 2.636608840381993e-36 1.630450475421187e-33 4329698
27.1655 2.675380089185634e-36 1.626811398489491e-33 4340826
27.2117 2.726870338010673e-36 1.609499172243237e-33 4359590
27.2579 2.792243318040398e-36 1.588509087907701e-33 4376850
27.3041 2.876259652664167e-36 1.565083826656028e-33 4386674
27.3503 2.932469035139851e-36 1.53438685142987e-33 4401782
27.3965 3.00349796335103e-36 1.514867372361876e-33 4419210
27.4427 3.110267374518577e-36 1.499415649268105e-33 4446482
27.4889 3.161493568508508e-36 1.472626089208855e-33 4435554
27.5351 3.201411956277093e-36 1.467527568657412e-33 4468934
27.5813 3.252031667770148e-36 1.466524245161787e-33 4477650
27.6275 3.25948831635129e-36 1.480114941167444e-33 4491218
27.6737 3.264898276829359e-36 1.505166354997979e-33 4510358
27.7199 3.230998856782121e-36 1.542051739974413e-33 4518594
27.7661 3.171209901022217e-36 1.591710522529571e-33 4544474
27.8123 3.095896212101856e-36 1.647779376299919e-33 4552098
27.8585 3.041966979023318e-36 1.706840002791916e-33 4574990
27.9047 2.957541644130652e-36 1.765664580792848e-33 4577210
27.9509 2.894171766530386e-36 1.828078543939019e-33 4608186
27.9971 2.846609736441591e-36 1.867792578160852e-33 4610198
28.0433 2.821079498863132e-36 1.913446407315382e-33 4628898
28.0895 2.799633838195732e-36 1.901810752581961e-33 4641170
28.1357 2.821058617204622e-36 1.898809217201717e-33 4662462
28.1819 2.858565793033092e-36 1.88523881127357e-33 4681442
28.2281 2.920421399498116e-36 1.87316333937633e-33 4687850
28.2743 3.008481254428167e-36 1.85795433234531e-33 4708818
28.3205 3.111119097836142e-36 1.825477570729536e-33 4721534
28.3667 3.209836259967088e-36 1.779610808439965e-33 4732770
28.4129 3.310993851152569e-36 1.743656732472543e-33 4753346
28.4591 3.388100531806972e-36 1.704586860892557e-33 4772886
28.5053 3.470683253608157e-36 1.677571097425344e-33 4785098
28.5515 3.522751598812097e-36 1.66224081729502e-33 4795394
28.5977 3.580287539044868e-36 1.664796971735641e-33 4813986
28.6439 3.589263497667884e-36 1.679913739592271e-33 4832654
28.6901 3.568240114214483e-36 1.710222285894634e-33 4849362
28.7363 3.579859044464942e-36 1.756296992661903e-33 4858322
28.7825 3.530344018629108e-36 1.81582404809007e-33 4871286
28.8287 3.441026699349822e-36 1.883174265320417e-33 4894370
28.8749 3.315181815548762e-36 1.948470507397053e-33 4914650
28.9211 3.263748500010827e-36 2.004481801451406e-33 4919658
28.9673 3.184315408979998e-36 2.054288692005019e-33 4941638
29.0135 3.135771511078453e-36 2.10168502909058e-33 4965954
29.0597 3.114724872870048e-36 2.129214428661065e-33 4971770
29.1059 3.104005898791993e-36 2.161059464719548e-33 4985702
29.1521 3.113142674674364e-36 2.200370606854295e-33 4996314
29.1983 3.14245450580448e-36 2.194698013958291e-33 5021258
29.2445 3.205247751645577e-36 2.182838440699336e-33 5038470
29.2907 3.259809947704861e-36 2.167626916592906e-33 5048570
29.3369 3.347304300193122e-36 2.126635072129049e-33 5067786
29.3831 3.449069134386283e-36 2.111390582055664e-33 5084402
29.4293 3.540168777987572e-36 2.072582145830891e-33 5104238
29.4755 3.615066977305083e-36 2.025481223007005e-33 5101890
29.5217 3.718488360499219e-36 2.007847457719712e-33 5129594
29.5679 3.634903816149294e-36 1.969879813410354e-33 5149086
29.6141 3.68970560144409e-36 1.975669173524486e-33 5168834
29.6603 3.687328466787219e-36 1.972964651363011e-33 5172306
29.7065 3.734181713612924e-36 1.98710508347187e-33 5199218
29.7527 3.791900816896366e-36 2.007847867109444e-33 5215430
29.7989 3.799874569120279e-36 2.035757415188741e-33 5229066
29.8451 3.745994748320348e-36 2.070248557692751e-33 5244530
29.8913 3.751205687191503e-36 2.120361404492164e-33 5262870
29.9375 3.642883065829854e-36 2.155272186001385e-33 5272562
29.9837 3.609504066378386e-36 2.208526144332478e-33 5290098
30.0299 3.567377493403409e-36 2.262425865488278e-33 5314358
30.0761 3.51475789721153e-36 2.311127334486842e-33 5322098
30.1223 3.456322131685714e-36 2.354433866772873e-33 5341026
30.1685 3.417957967411407e-36 2.379307447699613e-33 5366858
30.2147 3.413943152397592e-36 2.421533984236653e-33 5374422
30.2609 3.398115427034532e-36 2.471135448815654e-33 5377730
30.3071 3.395121957482574e-36 2.474786922891574e-33 5409410
30.3533 3.402140380327837e-36 2.504679424012966e-33 5434014
30.3995 3.430586758920204e-36 2.529748909630721e-33 5438882
30.4457 3.471471106713049e-36 2.525598113069815e-33 5456178
30.4919 3.538863240792241e-36 2.481276115476583e-33 5469242
30.5381 3.603283761428918e-36 2.4586914747469e-33 5496174
30.5843 3.676051070893164e-36 2.428808119586432e-33 5505530
30.6305 3.775868944424833e-36 2.392871913601445e-33 5521202
30.6767 3.838634233050213e-36 2.350903794843193e-33 5544126
30.7229 3.912142392447115e-36 2.318812804462852e-33 5560106
30.7691 4.002754976636234e-36 2.299468122464422e-33 5579754
30.8153 4.057343438733088e-36 2.271365228649838e-33 5576270
30.8615 4.079195321301442e-36 2.2633981145707e-33 5607138
30.9077 4.130463410397064e-36 2.275205739729562e-33 5625026
30.9539 4.142339191208445e-36 2.298218065753888e-33 5646698
31.0001 4.118506999425382e-36 2.325521897333237e-33 5649126
31.0463 4.034551166907424e-36 2.373969452092458e-33 5676434
31.0925 3.978380766878793e-36 2.42138034612773e-33 5687418
31.1387 3.959524418857247e-36 2.502033647109355e-33 5715830
31.1849 3.911529640143258e-36 2.583624385832663e-33 5729210
31.2311 3.830700588345278e-36 2.663447780232122e-33 5744802
31.2773 3.763576867716568e-36 2.72319058109104e-33 5752154
31.3235 3.690660795831763e-36 2.780105997561626e-33 5786382
31.3697 3.644594142538235e-36 2.832352764676936e-33 5784146
31.4159 3.611961947471228e-36 2.855042101180902e-33 5812146
31.4621 3.610173538541954e-36 2.883730644145259e-33 5830166
31.5083 3.624227677606596e-36 2.910481422445675e-33 5845850
31.5545 3.662653317107449e-36 2.921039284922173e-33 5862834
31.6007 3.705909956862192e-36 2.896517769704751e-33 5876066
31.6469 3.778632322672984e-36 2.867518656037361e-33 5905854
31.6931 3.869882209282625e-36 2.837733272782145e-33 5902274
31.7393 3.959736972482366e-36 2.821757655718544e-33 5931258
31.7855 4.067531839361761e-36 2.764474109895442e-33 5954966
31.8317 4.077717855687678e-36 2.70722484540714e-33 5965346
31.8779 4.183238764112454e-36 2.686174337647172e-33 5977818
31.9241 4.239532570922591e-36 2.669026838975377e-33 6004718
31.9703 4.260883474019273e-36 2.655420054839003e-33 6011706
32.0165 4.315019336352682e-36 2.660846522135076e-33 6045770
32.0627 4.356038809472393e-36 2.656553369303362e-33 6041586
32.1089 4.414725481047488e-36 2.684012575465648e-33 6073166
32.1551 4.353734308848898e-36 2.69898009591131e-33 6078962
32.2013 4.384513014996267e-36 2.741140080212132e-33 6114258
32.2475 4.348322419176668e-36 2.771051967352464e-33 6123086
32.2937 4.313235367965033e-36 2.817846945696878e-33 6136770
32.3399 4.282804401746432e-36 2.865934399526004e-33 6154898
32.3861 4.237824843659885e-36 2.910244807570051e-33 6178610
32.4323 4.209229795182195e-36 2.955277326209814e-33 6197982
32.4785 4.157685518203492e-36 3.001374373441428e-33 6205322
32.5247 4.037314313327124e-36 3.005694574906038e-33 6218850
32.5709 4.052033800861687e-36 3.048849924770266e-33 6249542
32.6171 4.080804296869573e-36 3.148367468033525e-33 6274146
32.6633 4.056033121954235e-36 3.232250501523975e-33 6270242
32.7095 4.037604912542456e-36 3.2836858570376e-33 6305222
32.7557 4.053838195094523e-36 3.315048703008276e-33 6325026
32.8019 4.033453433843625e-36 3.311092349844285e-33 6331922
32.8481 4.049814288737247e-36 3.34446684236017e-33 6343698
32.8943 4.09269505263172e-36 3.3495845864282e-33 6375158
32.9405 4.128702252063439e-36 3.341302157972823e-33 6392178
32.9867 4.178201253583483e-36 3.34923569723796e-33 6412826
33.0329 4.23827707565959e-36 3.327607972077264e-33 6407078
33.0791 4.30908887315362e-36 3.315521864906262e-33 6447954
33.1253 4.363017055524962e-36 3.271017771476459e-33 6456026
33.1715 4.431648972728823e-36 3.243895791287511e-33 6482034
33.2177 4.529816300617036e-36 3.210758637165348e-33 6492878
33.2639 4.573071500488384e-36 3.165551052141774e-33 6502074
33.3101 4.639691458909387e-36 3.15178477302331e-33 6542930
33.3563 4.783187211031006e-36 3.139043000303383e-33 6556598
33.4025 4.864757152868523e-36 3.120142254239838e-33 6570330
33.4487 4.882819158862117e-36 3.112376177613875e-33 6581882
33.4949 4.939451222299496e-36 3.126133580016193e-33 6612546
33.5411 4.98217175231629e-36 3.143488375557537e-33 6628622
33.5873 4.970275222287253e-36 3.174088629749626e-33 6629498
33.6335 4.919537644123123e-36 3.227273967205436e-33 6659250
33.6797 4.941350765776193e-36 3.294307679534135e-33 6686006
33.7259 4.884139341454582e-36 3.366959096122953e-33 6693786
33.7721 4.854342005664037e-36 3.452037309595726e-33 6711554
33.8183 4.732907177516343e-36 3.528268103993907e-33 6735678
33.8645 4.69536713097581e-36 3.628422388745055e-33 6754754
33.9107 4.625527870163812e-36 3.703687509341676e-33 6776570
33.9569 4.554090361236237e-36 3.76022756008009e-33 6767394
34.0031 4.459018593350978e-36 3.781261837571059e-33 6818246
34.0493 4.422989374112149e-36 3.824724355728187e-33 6830562
34.0955 4.423491112861607e-36 3.896677630168769e-33 6839186
34.1417 4.432173760724985e-36 3.970411661554168e-33 6861462
34.1879 4.446905646706141e-36 3.963710705970159e-33 6880394
34.2341 4.490802125176398e-36 3.974921902052775e-33 6907178
34.2803 4.528900637608942e-36 3.967260606202808e-33 6917034
34.3265 4.596063334522976e-36 3.942981372218241e-33 6937934
34.3727 4.640276072488835e-36 3.884187774024796e-33 6947250
34.4189 4.72521141987568e-36 3.865634257140253e-33 6982106
34.4651 4.807465977570292e-36 3.847012861042983e-33 6995718
34.5113 4.905820176713225e-36 3.847934043375148e-33 7006682
34.5575 4.978921839476278e-36 3.810261020395752e-33 7035866
34.6037 5.042788307925657e-36 3.786397461971455e-33 7054110
34.6499 5.115202096407313e-36 3.762744140909516e-33 7059194
34.6961 5.203444064409814e-36 3.748353132786063e-33 7091802
34.7423 5.170137228682571e-36 3.726108639174387e-33 7100666
34.7885 5.209584896228014e-36 3.729941750025901e-33 7129070
34.8347 5.264367261558033e-36 3.73329058996822e-33 7143282
34.8809 5.338660285763213e-36 3.752369955833848e-33 7161482
34.9271 5.389993961449536e-36 3.765881424826397e-33 7184694
34.9733 5.457841218828202e-36 3.782660310439278e-33 7203914
35.0195 5.465228084250759e-36 3.808961557200713e-33 7219746
35.0657 5.436348640217154e-36 3.833053019205356e-33 7228634
35.1119 5.402026979572856e-36 3.877476505106177e-33 7271990
35.1581 5.406403539191644e-36 3.899592468450287e-33 7266786
35.2043 5.384805780998908e-36 3.945184235560959e-33 7293650
35.2505 5.41023133097589e-36 4.008964677016993e-33 7324086
35.2967 5.375488404829459e-36 4.072187018505856e-33 7338650
35.3429 5.3221313226611e-36 4.135335660900283e-33 7351962
35.3891 5.251400617594025e-36 4.181589911640202e-33 7357190
35.4353 5.263515744559563e-36 4.269793927574899e-33 7406042
35.4815 5.078770241397372e-36 4.259753527331738e-33 7408626
35.5277 5.105385642884252e-36 4.340996274555618e-33 7435610
35.5739 5.091531353083193e-36 4.450330752544854e-33 7453542
35.6201 5.047579982689553e-36 4.566984266383781e-33 7464002
35.6663 5.054038180873225e-36 4.65742976233151e-33 7493546
35.7125 5.033406123353735e-36 4.726452616078971e-33 7510806
35.7587 5.026653568052127e-36 4.771743690960568e-33 7532114
35.8049 5.020584594176135e-36 4.778240524350078e-33 7536234
35.8511 5.048855102882641e-36 4.79227687424618e-33 7565834
35.8973 5.103512629864644e-36 4.777524804423076e-33 7603062
35.9435 5.136635322927506e-36 4.761779861382442e-33 7593890
35.9897 5.22957642791689e-36 4.78138479761118e-33 7622906
36.0359 5.314144314869041e-36 4.750048063026112e-33 7646622
36.0821 5.428571602764758e-36 4.68759407993772e-33 7672058
36.1283 5.497977998051758e-36 4.622581499834201e-33 7679346
36.1745 5.591490137941913e-36 4.567851586864631e-33 7693058
36.2207 5.656007005404959e-36 4.508438899729187e-33 7732158
36.2669 5.697519830780155e-36 4.464855092623617e-33 7746962
36.3131 5.780228139967601e-36 4.45285689885356e-33 7770986
36.3593 5.867202091142496e-36 4.435705808179906e-33 7772094
36.4055 5.952930568878547e-36 4.424427878178105e-33 7803818
36.4517 5.996052677713002e-36 4.427663096197416e-33 7834338
36.4979 6.01391259747328e-36 4.423924241584719e-33 7833710
36.5441 6.057698544667172e-36 4.451964860658465e-33 7858794
36.5903 6.026920797353239e-36 4.480032872409532e-33 7884290
36.6365 6.011737458489672e-36 4.508344826675022e-33 7901522
36.6827 6.017705512491948e-36 4.559769894291833e-33 7930662
36.7289 6.054096368466981e-36 4.585270328720116e-33 7934426
36.7751 6.059443450062274e-36 4.649722820000902e-33 7967322
36.8213 6.020470881995623e-36 4.698846137892344e-33 7981934
36.8675 6.028660637130516e-36 4.74684554777845e-33 8003282
36.9137 5.985302655867075e-36 4.803712070202927e-33 8019666
36.9599 5.848938412442445e-36 4.83323117411252e-33 8034482
37.0061 5.882845122060296e-36 4.896951358716095e-33 8068542
37.0523 5.917208334932381e-36 4.976402826177746e-33 8088290
37.0985 5.941076277544857e-36 5.061668829880789e-33 8096322
37.1447 5.844256598181724e-36 5.137120549651676e-33 8122646
37.1909 5.899570562911452e-36 5.235403006493628e-33 8150138
37.2371 5.797974949340672e-36 5.284966884811266e-33 8165322
37.2833 5.779391283878926e-36 5.371441922523788e-33 8182574
37.3295 5.70912249240142e-36 5.428395882730476e-33 8203698
37.3757 5.680845115047088e-36 5.435097512993071e-33 8226914
37.4219 5.645963052535912e-36 5.485337216558055e-33 8246898
37.4681 5.632267105868515e-36 5.54280855128994e-33 8261774
37.5143 5.605641377090853e-36 5.569578442357811e-33 8279426
37.5605 5.610218952060991e-36 5.658384000773177e-33 8308722
37.6067 5.617960766469796e-36 5.711307764048153e-33 8326214
37.6529 5.648614391575901e-36 5.663588576753544e-33 8342682
37.6991 5.664082231061024e-36 5.574195487183422e-33 8360834
37.7453 5.702280806623815e-36 5.601175152116779e-33 8393226
37.7915 5.778939695719143e-36 5.673180691086412e-33 8420150
37.8377 5.835647439728888e-36 5.632762369098929e-33 8421986
37.8839 5.881844810213564e-36 5.603544398584473e-33 8445714
37.9301 5.95461120239949e-36 5.583612587691589e-33 8472590
37.9763 6.03357615852791e-36 5.565555822803593e-33 8495370
38.0225 6.11884004987929e-36 5.538138582017391e-33 8512802
38.0687 6.167577640421148e-36 5.482320504597934e-33 8523290
38.1149 6.218236152588734e-36 5.457479129533572e-33 8570982
38.1611 6.284055568098379e-36 5.431302788331682e-33 8568458
38.2073 6.360726072311789e-36 5.41628216809689e-33 8586498
38.2535 6.398971973176619e-36 5.399911228589248e-33 8608838
38.2997 6.437217904093516e-36 5.396275116532887e-33 8645610
38.3459 6.500675359128461e-36 5.401028463632718e-33 8658386
38.3921 6.53399947816309e-36 5.398723684862045e-33 8668598
38.4383 6.438350572791689e-36 5.406790362679703e-33 8697426
38.4845 6.507208001505765e-36 5.442952470348357e-33 8722562
38.5307 6.534652728825967e-36 5.461049836149666e-33 8737962
38.5769 6.652299447737387e-36 5.501698162433159e-33 8771366
38.6231 6.607273851801204e-36 5.512735086539228e-33 8771010
38.6693 6.642413879178756e-36 5.581196183876211e-33 8822618
38.7155 6.619856022714351e-36 5.592323980016522e-33 8807726
38.7617 6.663517116390995e-36 5.658366040222241e-33 8844618
38.8079 6.622947615425054e-36 5.697926808289381e-33 8868722
38.8541 6.627469574190479e-36 5.744683735713613e-33 8891394
38.9003 6.664771508333382e-36 5.798247519459972e-33 8911934
38.9465 6.700588885600402e-36 5.849461456965652e-33 8923938
38.9927 6.660657888632032e-36 5.919356546515091e-33 8953682
39.0389 6.683028027688519e-36 5.970990625924858e-33 8981966
39.0851 6.632375905352869e-36 6.017649524406913e-33 8990442
39.1313 6.637660462037261e-36 6.068342540595456e-33 9007874
39.1775 6.54958904351728e-36 6.096319472735505e-33 9038982
39.2237 6.560859024467464e-36 6.149234770526296e-33 9068570
39.2699 6.551376170830217e-36 6.206076332387043e-33 9085250
39.3161 6.534932134547731e-36 6.272323359614554e-33 9084690
39.3623 6.511265748479174e-36 6.339925726742285e-33 9128654
39.4085 6.507687364211562e-36 6.393416984857331e-33 9133170
39.4547 6.499660222612937e-36 6.457502899572055e-33 9185882
39.5009 6.459978261125915e-36 6.508479890704501e-33 9163254
39.5471 6.450073099409007e-36 6.570677450935308e-33 9220130
39.5933 6.44135484626239e-36 6.631191199676271e-33 9233138
39.6395 6.434581898494911e-36 6.689892780179502e-33 9249378
39.6857 6.443739917161507e-36 6.751837723214587e-33 9271550
39.7319 6.430086658041384e-36 6.778617769390786e-33 9286266
39.7781 6.45422694054397e-36 6.831892742415663e-33 9320762
39.8243 6.448190274808814e-36 6.859332580774758e-33 9326718
39.8705 6.491459042192416e-36 6.898550177074495e-33 9354602
39.9167 6.507102016445811e-36 6.810122386039594e-33 9384122
39.9629 6.55453295454979e-36 6.828688278378039e-33 9400482
40.0091 6.630290012051174e-36 6.935202064132951e-33 9432638
40.0553 6.710209046569771e-36 6.991694817696384e-33 9445314
40.1015 6.767709207433603e-36 6.993575072925238e-33 9477290
40.1477 6.823407262537749e-36 6.986722899550908e-33 9489182
40.1939 6.923512674215083e-36 7.003614148643665e-33 9506706
40.2401 7.030033963945299e-36 6.954021980277552e-33 9533978
40.2863 7.052192553913009e-36 6.92693776627529e-33 9553662
40.3325 7.123575762979362e-36 6.923243857779791e-33 9579506
40.3787 7.209681227496757e-36 6.922698485040582e-33 9607866
40.4249 7.263525855088255e-36 6.918024238270329e-33 9608354
40.4711 7.363993665485164e-36 6.927665279251139e-33 9643862
40.5173 7.448325111974136e-36 6.931799289991321e-33 9670578
40.5635 7.488335000294977e-36 6.923818297468187e-33 9687890
40.6097 7.53746867652245e-36 6.889493596155131e-33 9693294
40.6559 7.46440781572081e-36 6.880338885850259e-33 9736034
40.7021 7.501519028575714e-36 6.912842725801652e-33 9758946
40.7483 7.545221468785599e-36 6.930741240645069e-33 9778994
40.7945 7.590588455847244e-36 6.93167687278921e-33 9796814
40.8407 7.592332736730083e-36 6.939481278742072e-33 9816882
40.8869 7.627425483595227e-36 6.959658665815754e-33 9850514
40.9331 7.655941680086427e-36 6.9653569461344e-33 9856062
40.9793 7.719298945408597e-36 6.988644120420584e-33 9886706
41.0255 7.718359476392412e-36 6.998452862898635e-33 9916194
41.0717 7.741624056834395e-36 6.999002431426957e-33 9924854
41.1179 7.863715112649936e-36 7.033055281355436e-33 9961490
41.1641 7.94185123098214e-36 7.049302511918092e-33 9979098
41.2103 7.92090784461809e-36 7.06156040764724e-33 9990266
41.2565 7.936172656033669e-36 7.076915177514821e-33 10012398
41.3027 7.963776897510914e-36 7.113064190843644e-33 10038818
41.3489 8.042179392185218e-36 7.153835204360918e-33 10072082
41.3951 7.752248388196052e-36 7.193677235207204e-33 10082670
41.4413 7.959203796613482e-36 7.245355799237146e-33 10123226
41.4875 8.093346823423994e-36 7.283414333548373e-33 10134834
41.5337 8.149326227569419e-36 7.367530747792675e-33 10151450
41.5799 8.160257695278988e-36 7.447718414641093e-33 10184118
41.6261 8.201053141778332e-36 7.517641063928779e-33 10199810
41.6723 8.178001948467231e-36 7.606085180107807e-33 10230386
41.7185 8.109709849558774e-36 7.672644860123251e-33 10238334
41.7647 8.019001829421549e-36 7.741793303291099e-33 10271594
41.8109 8.004758709796428e-36 7.801486758454336e-33 10298418
41.8571 7.985520365459098e-36 7.849628209429688e-33 10306814
41.9033 7.999260566214956e-36 7.957545063939448e-33 10341306
41.9495 7.933635579409935e-36 7.994544848035426e-33 10362842
41.9957 7.949295204524917e-36 8.051602713480781e-33 10388834
42.0419 7.937546165594229e-36 8.111479775201561e-33 10395630
42.0881 7.955625047714434e-36 8.167710740033386e-33 10425362
42.1343 7.901768553704446e-36 8.204496796732725e-33 10454274
42.1805 7.910613590927627e-36 8.255356360921219e-33 10478294
42.2267 7.925661470700486e-36 8.351622789966131e-33 10501818
42.2729 7.904254814822656e-36 8.395145200992202e-33 10514810
42.3191 7.925508215786623e-36 8.4450392269877e-33 10548842
42.3653 7.939800139790644e-36 8.477016234826641e-33 10566462
42.4115 7.913891378008974e-36 8.52013753573e-33 10586810
42.4577 7.937742452904761e-36 8.563453472992887e-33 10614954
42.5039 7.90972202629234e-36 8.56708135719786e-33 10631054
42.5501 7.921009871122907e-36 8.639510669336604e-33 10662362
42.5963 7.953929842299908e-36 8.699176940909473e-33 10683354
42.6425 7.924872955757854e-36 8.781067928360531e-33 10699298
42.6887 7.951569642363679e-36 8.817536906623492e-33 10738782
42.7349 7.925084498341801e-36 8.8475629885406e-33 10744202
42.7811 7.94580729356995e-36 8.919700333316406e-33 10782186
42.8273 7.939911997334974e-36 8.960368687330718e-33 10784966
42.8735 7.91755005332193e-36 8.912744787966539e-33 10833938
42.9197 7.945300320751395e-36 8.970514827600302e-33 10848138
42.9659 7.998490272392757e-36 9.155648244073017e-33 10873766
43.0121 8.013964531295685e-36 9.231438859766277e-33 10886970
43.0583 8.01436858351322e-36 9.277861699575127e-33 10912442
43.1045 8.03888445517097e-36 9.281514441803148e-33 10936698
43.1507 8.086097211814607e-36 9.332252814101259e-33 10966142
43.1969 8.101560289752893e-36 9.311258047382239e-33 10968746
43.2431 8.125963847445738e-36 9.30528078538702e-33 11014602
43.2893 8.184907936900318e-36 9.318002661733332e-33 11042774
43.3355 8.206611664387386e-36 9.335751764616594e-33 11061474
43.3817 8.236342924248919e-36 9.37271614228116e-33 11072450
43.4279 8.292545608852721e-36 9.376921844310933e-33 11096922
43.4741 8.355740515685432e-36 9.387196932816814e-33 11146526
43.5203 8.387585385012275e-36 9.326357240140336e-33 11145602
43.5665 8.420843488819212e-36 9.30885334918659e-33 11168442
43.6127 8.426185368451303e-36 9.238244135510856e-33 11181086
43.6589 8.490217573159701e-36 9.317234173099482e-33 11250114
43.7051 8.533454743225941e-36 9.356692790692336e-33 11242106
43.7513 8.580080427170184e-36 9.349635523253125e-33 11265446
43.7975 8.613757324120018e-36 9.389579586830769e-33 11285490
43.8437 8.673016338381517e-36 9.427114127233518e-33 11335922
43.8899 8.700828868618058e-36 9.41812531912032e-33 11330130
43.9361 8.715698567027161e-36 9.445201386103512e-33 11357270
43.9823 8.733583591231048e-36 9.42705878717718e-33 11389098
44.0285 8.761563430310672e-36 9.476893643373011e-33 11426642
44.0747 8.806078411866654e-36 9.526531334005122e-33 11431358
44.1209 8.893715170277361e-36 9.637191723790723e-33 11462298
44.1671 8.926991560297053e-36 9.59503823722491e-33 11479202
44.2133 8.918318209815155e-36 9.60732320552486e-33 11509746
44.2595 8.929928484759035e-36 9.61948992623157e-33 11523062
44.3057 8.941865965053128e-36 9.626642399374324e-33 11556210
44.3519 8.855208172285013e-36 9.601427989503101e-33 11588282
44.3981 8.86532280190507e-36 9.648191619658633e-33 11599646
44.4443 9.058971988263914e-36 9.748117580918724e-33 11645274
44.4905 9.151101530986481e-36 9.747299235258655e-33 11649338
44.5367 9.260104025314121e-36 9.80008480130602e-33 11665386
44.5829 9.407024569096503e-36 9.828903160020179e-33 11719286
44.6291 9.525278887420399e-36 9.856665773055845e-33 11720738
44.6753 9.519746508855681e-36 9.825148279356292e-33 11755074
44.7215 9.491966886779597e-36 9.821349738189008e-33 11767166
44.7677 9.635389976252751e-36 9.87622308354326e-33 11813346
44.8139 9.616384852675395e-36 9.880961447332094e-33 11825450
44.8601 9.8201014575184e-36 9.908268839800972e-33 11828814
44.9063 1.006104916350712e-35 9.969080532425757e-33 11884418
44.9525 9.949390779035862e-36 9.964716873732363e-33 11900378
44.9987 9.942041566137474e-36 9.966402055895058e-33 11908002
45.0449 9.899902035641729e-36 9.992109228503357e-33 11937470
45.0911 1.000619303868698e-35 1.004035501561962e-32 11981346
45.1373 1.022313771328354e-35 1.012043897028858e-32 11998154
45.1835 1.02012040415783e-35 1.012194826809579e-32 12015798
45.2297 1.032240857065265e-35 1.02134654394444e-32 12046586
45.2759 1.04342069177159e-35 1.023981932495269e-32 12073226
45.3221 1.02354902732055e-35 1.026018409440566e-32 12089370
45.3683 1.029812642084886e-35 1.031757438147432e-32 12123662
45.4145 1.045177567118401e-35 1.037511564189785e-32 12129018
45.4607 1.064227441217416e-35 1.041842517981424e-32 12168698
45.5069 1.051478352867402e-35 1.046213327983531e-32 12191070
45.5531 1.06682148647278e-35 1.051453185745162e-32 12237290
45.5993 1.076945721052515e-35 1.052664656126593e-32 12237434
45.6455 1.066616074545586e-35 1.05606385918822e-32 12269430
45.6917 1.08087756686229e-35 1.060774352390704e-32 12288314
45.7379 1.107899589510951e-35 1.062586976860252e-32 12312018
45.7841 1.105604422660167e-35 1.06303589867789e-32 12333770
45.8303 1.080260070572614e-35 1.066655939015315e-32 12362654
45.8765 1.109726523479444e-35 1.071466992716851e-32 12405282
45.9227 1.085554496469907e-35 1.07210844779375e-32 12414842
45.9689 1.097312508034051e-35 1.073928326022378e-32 12433278
46.0151 1.106340088015792e-35 1.077616783277722e-32 12469442
46.0613 1.099406438879498e-35 1.081822856648279e-32 12497106
46.1075 1.132660541619403e-35 1.085543657248426e-32 12513074
46.1537 1.15130613789854e-35 1.088051642534435e-32 12531902
46.1999 1.120512824306846e-35 1.092738417241754e-32 12567690
46.2461 1.121068004921795e-35 1.098087818643528e-32 12603338
46.2923 1.129990760686723e-35 1.101570414032224e-32 12612726
46.3385 1.131848534917456e-35 1.106335056798945e-32 12634802
46.3847 1.140666397264845e-35 1.112453551928073e-32 12662730
46.4309 1.187178124033252e-35 1.119386433429498e-32 12699086
46.4771 1.180955375140414e-35 1.124321223478674e-32 12711074
46.5233 1.18878419282356e-35 1.13086230487655e-32 12739098
46.5695 1.172603218886629e-35 1.135063863374273e-32 12769490
46.6157 1.16036848520812e-35 1.142831939468447e-32 12799686
46.6619 1.176332930122661e-35 1.146185806282653e-32 12828626
46.7081 1.168174104267867e-35 1.15141851665865e-32 12832794
46.7543 1.20462216861764e-35 1.158875356830028e-32 12875942
46.8005 1.236533324437298e-35 1.164963562091668e-32 12906314
46.8467 1.218608434137862e-35 1.168629682797368e-32 12913122
46.8929 1.226692516559791e-35 1.172131182002804e-32 12937346
46.9391 1.224389470380245e-35 1.17793463831616e-32 12973374
46.9853 1.241539984493653e-35 1.185220911280143e-32 13008170
47.0315 1.231415937639917e-35 1.187243656272674e-32 13025810
47.0777 1.251219615317893e-35 1.188889519962574e-32 13033590
47.1239 1.265283497495706e-35 1.194775050398117e-32 13083698
47.1701 1.266192442912392e-35 1.198531431099097e-32 13094706
47.2163 1.281488369332953e-35 1.201771280723324e-32 13119002
47.2625 1.261291334076135e-35 1.204745884535221e-32 13146318
47.3087 1.16460372728608e-35 1.208358663563486e-32 13167383
47.3549 1.067392000660611e-35 1.207768890375347e-32 13180844
47.4011 1.021007246227963e-35 1.202929025451226e-32 13147596
47.4473 1.011882034957312e-35 1.203610005216554e-32 13144028
47.4935 1.01114990183053e-35 1.202063974955073e-32 13122684
47.5397 1.009780309218867e-35 1.199852668948764e-32 13103336
47.5859 1.011091417757429e-35 1.202173532980472e-32 13108416
47.6321 1.007601311689284e-35 1.199507875000849e-32 13073744
47.6783 1.006881278792083e-35 1.203830433875017e-32 13076900
47.7245 1.003340156183876e-35 1.204307991992948e-32 13051992
47.7707 1.000510399602618e-35 1.208248310232503e-32 13056752
47.8169 9.988320547091442e-36 1.212029667874872e-32 13036344
47.8631 9.95065025171369e-36 1.212059305478098e-32 13009832
47.9093 9.939003259201868e-36 1.214651439761349e-32 12996668
47.9555 9.938806527143817e-36 1.216402859823796e-32 13003248
48.0017 9.908934594361083e-36 1.215843240941725e-32 12967172
48.0479 9.915513929858636e-36 1.220336312853079e-32 12963480
48.0941 9.886453771408521e-36 1.222044914500287e-32 12954260
48.1403 9.864362603765399e-36 1.227070965316667e-32 12942432
48.1865 9.831124378617812e-36 1.230190840054441e-32 12924296
48.2327 9.798311952807653e-36 1.231999450987643e-32 12903392
48.2789 9.798283249548864e-36 1.235769024875553e-32 12906168
48.3251 9.772840193143008e-36 1.234935311701521e-32 12873656
48.3713 9.786084056618934e-36 1.236079528472395e-32 12870720
48.4175 9.782682602903599e-36 1.235060479580644e-32 12855428
48.4637 9.780091456789066e-36 1.235976014037639e-32 12842256
48.5099 9.77786936579526e-36 1.236064311018574e-32 12820304
48.5561 9.767899053355438e-36 1.237139079545732e-32 12820328
48.6023 9.768554637104065e-36 1.239339225740704e-32 12794856
48.6485 9.758401861116134e-36 1.239398914457802e-32 12787940
48.6947 9.730658748432345e-36 1.236416463310937e-32 12748392
48.7409 9.761236437755121e-36 1.238854180906713e-32 12752756
48.7871 9.758370667240541e-36 1.236096447114553e-32 12732036
48.8333 9.775126944434015e-36 1.23627733463641e-32 12737132
48.8795 9.780436162161043e-36 1.2352956781382e-32 12712976
48.9257 9.781349327987404e-36 1.23560161774876e-32 12696348
48.9719 9.756546511988465e-36 1.235689167671287e-32 12673892
49.0181 9.757653327423192e-36 1.23847840027695e-32 12677316
49.0643 9.723243298644524e-36 1.23956508209466e-32 12650384
49.1105 9.69628458665881e-36 1.240561669242324e-32 12621344
49.1567 9.710243745020187e-36 1.244793469411739e-32 12624204
49.2029 9.692690384777947e-36 1.247242002319091e-32 12615632
49.2491 9.68233701613503e-36 1.248296483941078e-32 12600420
49.2953 9.663748199979383e-36 1.248310849082173e-32 12570224
49.3415 9.655121144917554e-36 1.250588344537641e-32 12566868
49.3877 9.647205324582243e-36 1.253199069295565e-32 12545828
49.4339 9.627170206563747e-36 1.254870417724989e-32 12538232
49.4801 9.581926960413422e-36 1.256523722082986e-32 12496452
49.5263 9.578017682785663e-36 1.261981814046441e-32 12502688
49.5725 9.554213474107885e-36 1.265202179385283e-32 12498708
49.6187 9.526906813461204e-36 1.267584013303138e-32 12469640
49.6649 9.50268238547652e-36 1.267492395725122e-32 12440136
49.7111 9.51565474835536e-36 1.272031595340718e-32 12442412
49.7573 9.508989652975904e-36 1.272546432265931e-32 12433712
49.8035 9.502171882823157e-36 1.272112467460658e-32 12410544
49.8497 9.478633130882638e-36 1.270348953622016e-32 12381512
49.8959 9.499167347148775e-36 1.272265494214656e-32 12378960
49.9421 9.49518577159718e-36 1.275305855408929e-32 12366872
49.9883 9.47199969151383e-36 1.274000013115546e-32 12345588
50.0345 9.473404236596565e-36 1.274771421509133e-32 12327008
50.0807 9.457064285052944e-36 1.274473346633814e-32 12313388
50.1269 9.476956640490427e-36 1.276305344970636e-32 12306768
50.1731 9.454946783010262e-36 1.274402505834161e-32 12275504
50.2193 9.468269086705776e-36 1.274993120921887e-32 12265620
50.2655 9.454432981290593e-36 1.271288136760851e-32 12236324
50.3117 9.485496661301645e-36 1.273268775198833e-32 12253880
50.3579 9.478527041008044e-36 1.273033379246679e-32 12219756
50.4041 9.469971898152028e-36 1.272096694989496e-32 12195524
50.4503 9.466853873660517e-36 1.273782197290373e-32 12189000
50.4965 9.471999763231661e-36 1.273842979672389e-32 12170168
50.5427 9.444579336497469e-36 1.274345846058668e-32 12147588
50.5889 9.437998788323388e-36 1.275806006345911e-32 12134360
50.6351 9.430492475245928e-36 1.277735233039021e-32 12122816
50.6813 9.421249677482586e-36 1.278895560911487e-32 12107580
50.7275 9.428341428010842e-36 1.280090349327945e-32 12098972
50.7737 9.382603631366832e-36 1.278249289535315e-32 12054744
50.8199 9.401204896708074e-36 1.281343082031331e-32 12056912
50.8661 9.387419907574893e-36 1.281742943541043e-32 12039108
50.9123 9.36990828519549e-36 1.282549553815664e-32 12019400
50.9585 9.341767773738638e-36 1.283678581335925e-32 11996936
51.0047 9.324855508861163e-36 1.287292968346868e-32 11979744
51.0509 9.318290396390758e-36 1.290394438997796e-32 11975504
51.0971 9.316076547363394e-36 1.292197235932982e-32 11963472
51.1433 9.273819254061826e-36 1.295871631021062e-32 11928692
51.1895 9.253194680770384e-36 1.297471561278843e-32 11920356
51.2357 9.234231174985423e-36 1.29758748510002e-32 11900072
51.2819 9.240075923843155e-36 1.302688054519728e-32 11897312
51.3281 9.204410803264645e-36 1.300115083402421e-32 11857164
51.3743 9.195872828890895e-36 1.3019193893731e-32 11842556
51.4205 9.19395340261779e-36 1.304061225047488e-32 11841552
51.4667 9.175864634893379e-36 1.304033539415577e-32 11811860
51.5129 9.180153409241001e-36 1.305605873773406e-32 11798888
51.5591 9.161997276912047e-36 1.303935655001344e-32 11768748
51.6053 9.168031934951082e-36 1.307972058775706e-32 11777096
51.6515 9.143288055583147e-36 1.305212733863729e-32 11733936
51.6977 9.133237957985166e-36 1.306762400487954e-32 11714324
51.7439 9.15255008297751e-36 1.308059596392407e-32 11725020
51.7901 9.124763350263801e-36 1.306354105890205e-32 11696816
51.8363 9.123303641478233e-36 1.305718873900571e-32 11666048
51.8825 9.126755709955587e-36 1.30673475045874e-32 11661996
51.9287 9.132625422917194e-36 1.305573595076737e-32 11645228
51.9749 9.121434033736367e-36 1.303606410396386e-32 11620884
52.0211 9.119895763073778e-36 1.300928739301267e-32 11590808
52.0673 9.1421644084478e-36 1.302577114096116e-32 11587908
52.1135 9.131663688744884e-36 1.299851595807323e-32 11569028
52.1597 9.142352016132725e-36 1.301012405535234e-32 11558012
52.2059 9.123961845886397e-36 1.297917641581973e-32 11528724
52.2521 9.124146047101886e-36 1.298906357927195e-32 11506964
52.2983 9.116799228749697e-36 1.298270403254265e-32 11494536
52.3445 9.092898275432246e-36 1.299832038672838e-32 11477444
52.3907 9.090939344268129e-36 1.300364177737323e-32 11456804
52.4369 9.05015179590538e-36 1.300216899209322e-32 11428740
52.4831 9.067797149358696e-36 1.304443425873887e-32 11427272
52.5293 9.044081961348626e-36 1.304313888289995e-32 11407524
52.5755 9.018368968408998e-36 1.303743156614555e-32 11376992
52.6217 9.013756351526471e-36 1.304823271393989e-32 11363952
52.6679 9.003356548291058e-36 1.305944852583981e-32 11346680
52.7141 8.987880468098904e-36 1.307009516270004e-32 11322272
52.7603 8.975361531750275e-36 1.30899895415913e-32 11313672
52.8065 8.936901000186934e-36 1.308281684162847e-32 11276120
52.8527 8.953019070826118e-36 1.312703774665891e-32 11283648
52.8989 8.911594167809614e-36 1.311983084428053e-32 11248088
52.9451 8.899426383089164e-36 1.314998882178484e-32 11240592
52.9913 8.869846112247808e-36 1.315309749519755e-32 11217380
53.0375 8.838482354291783e-36 1.31638064401694e-32 11185436
53.0837 8.836212740867869e-36 1.319160811665694e-32 11182920
53.1299 8.806415977013642e-36 1.319048185098342e-32 11148968
53.1761 8.795204368467645e-36 1.320864833708772e-32 11132988
53.2223 8.788849372250399e-36 1.320816428670445e-32 11121068
53.2685 8.768077860719356e-36 1.318185611779459e-32 11080992
53.3147 8.78994567966689e-36 1.323432879473482e-32 11101004
53.3609 8.759980435111797e-36 1.31827924465188e-32 11052488
53.4071 8.766270331685391e-36 1.320006853163558e-32 11042760
53.4533 8.746981628359417e-36 1.318121706861352e-32 11024240
53.4995 8.730671971842402e-36 1.318195346977766e-32 11000652
53.5457 8.733783987006943e-36 1.318759736021074e-32 10983116
53.5919 8.708611173658299e-36 1.316748239489623e-32 10951520
53.6381 8.712167601749332e-36 1.319420398387306e-32 10954992
53.6843 8.693794903627914e-36 1.318443882103331e-32 10922468
53.7305 8.682329219049049e-36 1.317754660216956e-32 10900932
53.7767 8.663787919194905e-36 1.31654321421862e-32 10876700
53.8229 8.671498295234228e-36 1.316842380703157e-32 10874520
53.8691 8.661278884988215e-36 1.315291797753374e-32 10837064
53.9153 8.642941572256247e-36 1.313969098029454e-32 10811504
53.9615 8.665873562797832e-36 1.314946070257353e-32 10817724
54.0077 8.643294434869364e-36 1.312858215531764e-32 10782764
54.0539 8.646872001126028e-36 1.309333563421842e-32 10759932
54.1001 8.637696385781487e-36 1.308736421858029e-32 10739204
54.1463 8.634861396824112e-36 1.30891966512324e-32 10720560
54.1925 8.641231620515515e-36 1.308198601716849e-32 10715144
54.2387 8.60887977034824e-36 1.304722006797024e-32 10664960
54.2849 8.629474812089837e-36 1.305590070544618e-32 10661076
54.3311 8.604375070354988e-36 1.304278972314563e-32 10634540
54.3773 8.601630518347267e-36 1.306516619574055e-32 10629012
54.4235 8.586635759957087e-36 1.304190596165776e-32 10600856
54.4697 8.559522944141534e-36 1.304491453745706e-32 10566600
54.5159 8.564688163989864e-36 1.306368041950594e-32 10567232
54.5621 8.534568546772054e-36 1.305020310395321e-32 10531880
54.6083 8.535346876607233e-36 1.307819466387881e-32 10530996
54.6545 8.48527921035015e-36 1.304358471588494e-32 10477004
54.7007 8.479847279608862e-36 1.307310462787471e-32 10471488
54.7469 8.483132298076923e-36 1.311298272437244e-32 10464068
54.7931 8.443285938789008e-36 1.30835355690651e-32 10430660
54.8393 8.443465488433477e-36 1.310060315240164e-32 10419756
54.8855 8.41256265067319e-36 1.308435948856206e-32 10384784
54.9317 8.407350102536112e-36 1.312139915002644e-32 10374072
54.9779 8.391692316496978e-36 1.311288601239477e-32 10348256
55.0241 8.35528928296579e-36 1.307687375317003e-32 10318008
55.0703 8.354395570648977e-36 1.311604095986279e-32 10309604
55.1165 8.333244700236816e-36 1.311533699247506e-32 10286924
55.1627 8.310965651170112e-36 1.312203114536205e-32 10261848
55.2089 8.296773870653288e-36 1.313064745333844e-32 10243016
55.2551 8.26881342683552e-36 1.312618761331531e-32 10211616
55.3013 8.268514841393263e-36 1.315202962269813e-32 10207340
55.3475 8.227368715979504e-36 1.313306677231354e-32 10164252
55.3937 8.221414047411716e-36 1.31498237725374e-32 10159472
55.4399 8.201576947054704e-36 1.315985259222029e-32 10129184
55.4861 8.187194591252863e-36 1.31543147242356e-32 10114464
55.5323 8.188922705063253e-36 1.31689918304463e-32 10103336
55.5785 8.143043805057251e-36 1.310336263302247e-32 10049364
55.6247 8.171390821051246e-36 1.313202482042124e-32 10056980
55.6709 8.159667143955826e-36 1.310590111139847e-32 10027464
55.7171 8.144255790816993e-36 1.306812737859988e-32 10001132
55.7633 8.15348286609267e-36 1.307690062321496e-32 9984704
55.8095 8.12537716842249e-36 1.30253982812549e-32 9946872
55.8557 8.137326841808747e-36 1.304893847994893e-32 9950204
55.9019 8.121730438225403e-36 1.300079342163379e-32 9907884
55.9481 8.11269698760752e-36 1.299872002653092e-32 9890480
55.9943 8.086401871511989e-36 1.298108096652767e-32 9864212
56.0405 8.101600230138667e-36 1.298527904518896e-32 9850680
56.0867 8.090845585691554e-36 1.296547527530217e-32 9831356
56.1329 8.049296570358885e-36 1.292018027610571e-32 9781176
56.1791 8.072861753266784e-36 1.294561785862507e-32 9789368
56.2253 8.042011891362302e-36 1.293805723129992e-32 9760404
56.2715 8.029611436141493e-36 1.292597840702043e-32 9735800
56.3177 8.022594457316477e-36 1.291464840903542e-32 9711092
56.3639 8.0081251029678e-36 1.29037104510868e-32 9689040
56.4101 8.011453851694125e-36 1.289051103056349e-32 9668192
56.4563 7.982917229269548e-36 1.286303588152784e-32 9643500
56.5025 7.978066396832362e-36 1.287042264622621e-32 9617840
56.5487 7.968110197129949e-36 1.284210064416316e-32 9596220
56.5949 7.967963051560191e-36 1.284220932630186e-32 9579572
56.6411 7.957732478691727e-36 1.281738654865585e-32 9553832
56.6873 7.930579239342967e-36 1.277543357939716e-32 9523872
56.7335 7.936440270824224e-36 1.278233519952863e-32 9502856
56.7797 7.924503537306983e-36 1.277823238684885e-32 9490980
56.8259 7.910428961883437e-36 1.274447350737867e-32 9456200
56.8721 7.90219164664702e-36 1.273442673558884e-32 9434060
56.9183 7.878205406987404e-36 1.272446079453491e-32 9409128
56.9645 7.867283982794137e-36 1.272995579811025e-32 9392816
57.0107 7.849731205364941e-36 1.270650947986977e-32 9367812
57.0569 7.820727701826939e-36 1.270342497802354e-32 9335648
57.1031 7.824238172059716e-36 1.272791360256596e-32 9334140
57.1493 7.789091875516938e-36 1.268490728999654e-32 9287804
57.1955 7.781705028400183e-36 1.271019238584584e-32 9280268
57.2417 7.727220957475847e-36 1.268745762680529e-32 9232656
57.2879 7.733930978416947e-36 1.272949267035921e-32 9235316
57.3341 7.693236992510832e-36 1.272539552407326e-32 9201576
57.3803 7.673533977729114e-36 1.271404440925663e-32 9175664
57.4265 7.645258551783541e-36 1.272717601220092e-32 9151536
57.4727 7.622580408207037e-36 1.272188499580158e-32 9128240
57.5189 7.604054103063764e-36 1.274078896377962e-32 9109832
57.5651 7.574032355935506e-36 1.271019433456223e-32 9072324
57.6113 7.570599349395808e-36 1.272756511412314e-32 9060392
57.6575 7.549038427307334e-36 1.271694104158473e-32 9034272
57.7037 7.522896243924197e-36 1.269382551678424e-32 9008744
57.7499 7.522903462870124e-36 1.269659454338086e-32 8989764
57.7961 7.494762618322276e-36 1.265692377127231e-32 8956412
57.8423 7.486822099674965e-36 1.268182744384772e-32 8941880
57.8885 7.471687289529658e-36 1.265895523392906e-32 8914968
57.9347 7.446598070402746e-36 1.262914433497968e-32 8881592
57.9809 7.431127573283949e-36 1.263241876952228e-32 8866164
58.0271 7.412505674887305e-36 1.260414393921221e-32 8832464
58.0733 7.410722371416119e-36 1.261786018798856e-32 8819384
58.1195 7.385821880189525e-36 1.25720486977887e-32 8784948
58.1657 7.371937673264702e-36 1.255018312005521e-32 8766056
58.2119 7.366039098986007e-36 1.252686485465283e-32 8741592
58.2581 7.332754754983357e-36 1.252000358954925e-32 8715404
58.3043 7.328733162418215e-36 1.250900612057853e-32 8693160
58.3505 7.311309990367786e-36 1.246564745376261e-32 8660528
58.3967 7.291844128760546e-36 1.24720959996895e-32 8638364
58.4429 7.289514839900694e-36 1.245280716345032e-32 8622660
58.4891 7.264858081587039e-36 1.242092360442872e-32 8587712
58.5353 7.259773628571477e-36 1.241294037956487e-32 8569368
58.5815 7.222454978543113e-36 1.237371051493005e-32 8529836
58.6277 7.246838849051715e-36 1.239747718373182e-32 8529840
58.6739 7.202531886260629e-36 1.234046176430127e-32 8486240
58.7201 7.190162711062357e-36 1.233595435740232e-32 8464964
58.7663 7.180916009818476e-36 1.231239875443813e-32 8441376
58.8125 7.143701575072874e-36 1.225869883472607e-32 8401016
58.8587 7.178182344282242e-36 1.230080255328645e-32 8409180
58.9049 7.125306984783475e-36 1.220601325285034e-32 8351564
58.9511 7.127060400755325e-36 1.221202526978022e-32 8339304
58.9973 7.112690151160938e-36 1.216797305001765e-32 8310416
59.0435 7.100449842739936e-36 1.214318864629611e-32 8286104
59.0897 7.106369445733127e-36 1.212272107541377e-32 8262372
59.1359 7.06319576601525e-36 1.208037304629498e-32 8225852
59.1821 7.091732390482681e-36 1.207974856827611e-32 8224104
59.2283 7.063678172519679e-36 1.202228779023852e-32 8180564
59.2745 7.048630128886231e-36 1.198913621664458e-32 8150744
59.3207 7.050324080868633e-36 1.198042046564837e-32 8137680
59.3669 7.017889725874251e-36 1.194808331934953e-32 8111156
59.4131 7.01319967060849e-36 1.192071535321929e-32 8078748
59.4593 6.978099097419739e-36 1.188163458235704e-32 8045600
59.5055 6.978248710676138e-36 1.188483015592361e-32 8035524
59.5517 6.961955213274431e-36 1.185616013377273e-32 8002928
59.5979 6.930594596911165e-36 1.182765532642589e-32 7975760
59.6441 6.931331080841164e-36 1.180362470287862e-32 7946448
59.6903 6.900344920818395e-36 1.179619695684328e-32 7924280
59.7365 6.89350979258618e-36 1.177177213818453e-32 7899672
59.7827 6.860413195126811e-36 1.174420204743053e-32 7869572
59.8289 6.830076940705975e-36 1.171317039472459e-32 7830276
59.8751 6.838373376714751e-36 1.172211813166231e-32 7826636
59.9213 6.789704990999105e-36 1.169464028001706e-32 7792388
59.9675 6.781620868167766e-36 1.168271343631482e-32 7765296
60.0137 6.749686946306606e-36 1.164992538891921e-32 7733948
60.0599 6.738475288262779e-36 1.163936242003662e-32 7710948
60.1061 6.717096100826776e-36 1.162711761542507e-32 7689260
60.1523 6.675656011682706e-36 1.159356901357522e-32 7649916
60.1985 6.680088994627862e-36 1.161285849077039e-32 7638020
60.2447 6.634658423626795e-36 1.15727947404594e-32 7597136
60.2909 6.632419187322988e-36 1.158462575444422e-32 7586532
60.3371 6.584802117336062e-36 1.153558670521376e-32 7540628
60.3833 6.563410993902136e-36 1.152712160169547e-32 7519344
60.4295 6.556986625715808e-36 1.153961511827014e-32 7501880
60.4757 6.513045436270973e-36 1.148711417802923e-32 7466540
60.5219 6.509174709665114e-36 1.14721596864239e-32 7440012
60.5681 6.48248869645588e-36 1.144313882070105e-32 7414112
60.6143 6.465634304308921e-36 1.142231432190072e-32 7382808
60.6605 6.458142411393161e-36 1.140943364300638e-32 7365056
60.7067 6.414732098534392e-36 1.135632354003041e-32 7324200
60.7529 6.417550192111785e-36 1.136603185643377e-32 7308356
60.7991 6.384895361717963e-36 1.131913572027489e-32 7275944
60.8453 6.359537027562363e-36 1.128101532248061e-32 7238628
60.8915 6.352386113657262e-36 1.129127721154672e-32 7231832
60.9377 6.320899844099658e-36 1.124773797800371e-32 7189104
60.9839 6.310287827369896e-36 1.122695495676401e-32 7168592
61.0301 6.279131587581663e-36 1.118097156842955e-32 7136184
61.0763 6.276133840646058e-36 1.120867591789437e-32 7116188
61.1225 6.235261980301423e-36 1.114850697144224e-32 7077644
61.1687 6.222064534322657e-36 1.11374397739434e-32 7053780
61.2149 6.199634474080029e-36 1.111128899092172e-32 7031900
61.2611 6.166359950742979e-36 1.107883699728747e-32 6993612
61.3073 6.156644484673931e-36 1.108339274657304e-32 6976868
61.3535 6.112605245484608e-36 1.10278178403867e-32 6934520
61.3997 6.106574210769292e-36 1.10357503875192e-32 6920268
61.4459 6.078177325832948e-36 1.10110067794105e-32 6889172
61.4921 6.040842259611065e-36 1.094841309828811e-32 6844680
61.5383 6.036127048790136e-36 1.098445731979168e-32 6834860
61.5845 5.996300633738445e-36 1.092943947847179e-32 6802656
61.6307 5.98119495599886e-36 1.093650358811839e-32 6777188
61.6769 5.94793574886656e-36 1.088959581610972e-32 6737144
61.7231 5.915888838144953e-36 1.086451292733639e-32 6712620
61.7693 5.908580007107382e-36 1.088041675546646e-32 6695444
61.8155 5.856603921135506e-36 1.082288150020531e-32 6653604
61.8617 5.833583779590056e-36 1.082422762951536e-32 6626744
61.9079 5.812997959297924e-36 1.080160191888201e-32 6602196
61.9541 5.782043595482983e-36 1.076904179838848e-32 6571892
62.0003 5.762251324466085e-36 1.074675086739014e-32 6541832
62.0465 5.727010290847993e-36 1.071897864996877e-32 6504960
62.0927 5.723464268544468e-36 1.073046841018077e-32 6496244
62.1389 5.681759388321851e-36 1.06699187812618e-32 6453468
62.1851 5.669028293315902e-36 1.066290443745849e-32 6432680
62.2313 5.637576598923028e-36 1.062234815769012e-32 6396960
62.2775 5.611673287892189e-36 1.057265009621062e-32 6364784
62.3237 5.607277828206868e-36 1.059710143736644e-32 6352916
62.3699 5.567212482716582e-36 1.051461753805633e-32 6304836
62.4161 5.557325575910857e-36 1.050015483827862e-32 6282080
62.4623 5.53348384045132e-36 1.044886925627323e-32 6251508
62.5085 5.518522387939906e-36 1.041972582850906e-32 6225728
62.5547 5.492394785107416e-36 1.036489903650099e-32 6187640
62.6009 5.469203051870596e-36 1.031717861524164e-32 6159276
62.6471 5.473630707540213e-36 1.030861127892245e-32 6141404
62.6933 5.438994678685874e-36 1.025805443864601e-32 6104412
62.7395 5.418469957319523e-36 1.02082052269957e-32 6071612
62.7857 5.411854722503574e-36 1.016888123091532e-32 6046032
62.8319 5.382029393725684e-36 1.010367846703333e-32 6013244
62.8781 5.383699446166895e-36 1.009804852605652e-32 5990204
62.9243 5.34538055777773e-36 1.001867929883953e-32 5950020
62.9705 5.343693443894708e-36 1.00055267912605e-32 5938520
63.0167 5.317730354894925e-36 9.929815474909622e-33 5890944
63.0629 5.299742609354554e-36 9.886250091526891e-33 5864480
63.1091 5.29275480642413e-36 9.851221892176869e-33 5834628
63.1553 5.262858077886703e-36 9.79829496904204e-33 5806868
63.2015 5.262526916277836e-36 9.762107238346983e-33 5779796
63.2477 5.230871722164709e-36 9.702101699603629e-33 5744076
63.2939 5.214270814622846e-36 9.654808429430304e-33 5716436
63.3401 5.198162404152397e-36 9.612120964651959e-33 5686140
63.3863 5.171805283017042e-36 9.534977857583749e-33 5648924
63.4325 5.180392821228994e-36 9.528544756722095e-33 5631720
63.4787 5.132923680311175e-36 9.462094744492908e-33 5592584
63.5249 5.129193364756051e-36 9.435393658762264e-33 5565032
63.5711 5.104736452599067e-36 9.371517576033018e-33 5527812
63.6173 5.078570128121301e-36 9.335685550921196e-33 5502944
63.6635 5.078348160496918e-36 9.305003293762278e-33 5479728
63.7097 5.025210486770151e-36 9.240608282478726e-33 5435888
63.7559 5.018879252892217e-36 9.203669252983944e-33 5413076
63.8021 4.994146437064069e-36 9.174497213520918e-33 5379972
63.8483 4.968159657139473e-36 9.130731706577081e-33 5348924
63.8945 4.958285468126155e-36 9.092420615400411e-33 5317392
63.9407 4.907882497459908e-36 9.039248038494285e-33 5279504
63.9869 4.923596445392697e-36 9.026537802432086e-33 5268480
64.0331 4.871890621156311e-36 8.956876860346189e-33 5223572
64.0793 4.855868860829231e-36 8.91610316082568e-33 5190452
64.1255 4.834255821510156e-36 8.881952481521605e-33 5162808
64.1716 4.803424794580501e-36 8.835211192184351e-33 5130032
64.2178 4.805004258060148e-36 8.796513509272855e-33 5102844
64.264 4.744972915397278e-36 8.739718133689063e-33 5064404
64.3102 4.746570459071247e-36 8.714115781320601e-33 5041788
64.3564 4.721093700210401e-36 8.659715731186454e-33 5006048
64.4026 4.688233594082096e-36 8.609164559269355e-33 4974476
64.4488 4.679634197744541e-36 8.564487125224431e-33 4944876
64.495 4.620864105453068e-36 8.516976255953795e-33 4906532
64.5412 4.643184973504217e-36 8.491092729686422e-33 4887960
64.5874 4.592860789799106e-36 8.435493037964944e-33 4844576
64.6336 4.575705426451281e-36 8.38910890739158e-33 4814876
64.6798 4.549848598292869e-36 8.358378345236495e-33 4789392
64.726 4.497354201296522e-36 8.293749383906525e-33 4742684
64.7722 4.521727499066336e-36 8.279441170889842e-33 4734516
64.8184 4.452121857081572e-36 8.209284327052051e-33 4682588
64.8646 4.45269051237377e-36 8.189071766310644e-33 4661736
64.9108 4.414775841360362e-36 8.145335553177971e-33 4628360
64.957 4.368697732042532e-36 8.088993559616673e-33 4589408
65.0032 4.359509832115803e-36 8.059678936298484e-33 4560588
65.0494 4.319455214985193e-36 8.021760057721505e-33 4531724
65.0956 4.304557733641013e-36 7.982473863578886e-33 4499988
65.1418 4.267442562689681e-36 7.935278200350308e-33 4461728
65.188 4.236700577405128e-36 7.892145700723354e-33 4433484
65.2342 4.220948181796405e-36 7.864486841930881e-33 4405280
65.2804 4.15009338642128e-36 7.806503734468398e-33 4360472
65.3266 4.175089569974352e-36 7.774703752737042e-33 4339080
65.3728 4.112810612373343e-36 7.724165603313563e-33 4301396
65.419 4.088258519716993e-36 7.675646183448545e-33 4271340
65.4652 4.060781026790483e-36 7.638145576964405e-33 4239968
65.5114 4.00365000130842e-36 7.589686867958161e-33 4201116
65.5576 4.017515298688524e-36 7.552100878762838e-33 4177748
65.6038 3.944774846926131e-36 7.503523614748786e-33 4136636
65.65 3.953682243730811e-36 7.46167275565384e-33 4110516
65.6962 3.898730947551147e-36 7.420088987461745e-33 4075076
65.7424 3.860607831956936e-36 7.369663495610661e-33 4037220
65.7886 3.850029263918319e-36 7.336639530243663e-33 4008632
65.8348 3.779681167064695e-36 7.278202530637844e-33 3972800
65.881 3.796267734906814e-36 7.256888963921076e-33 3946224
65.9272 3.722547044727513e-36 7.197239398303131e-33 3908516
65.9734 3.712268825037468e-36 7.145858026677654e-33 3876912
66.0196 3.664187880688536e-36 7.097849487597494e-33 3839720
66.0658 3.624069094233208e-36 7.071482457560939e-33 3813012
66.112 3.622333142657752e-36 7.02451998312346e-33 3777968
66.1582 3.543272127495203e-36 6.962255352067028e-33 3737048
66.2044 3.549464140708772e-36 6.927757038453272e-33 3713520
66.2506 3.49283100979965e-36 6.888943689376901e-33 3677996
66.2968 3.466925158837171e-36 6.81920176828204e-33 3640800
66.343 3.431615203098234e-36 6.775143756546091e-33 3607976
66.3892 3.378525087540631e-36 6.716982682128125e-33 3570924
66.4354 3.384583228495766e-36 6.670190108598484e-33 3545936
66.4816 3.321641545195579e-36 6.606958531570645e-33 3506408
66.5278 3.296914283714789e-36 6.559180324442974e-33 3471600
66.574 3.260731814931252e-36 6.503973285578775e-33 3442172
66.6202 3.220539569311966e-36 6.460561652354253e-33 3407676
66.6664 3.198735180776326e-36 6.399028868567779e-33 3373964
66.7126 3.15272164940476e-36 6.33109019430351e-33 3336468
66.7588 3.126129290971648e-36 6.285524153917803e-33 3307520
66.805 3.085310447152361e-36 6.230465226852838e-33 3272000
66.8512 3.049162036386251e-36 6.173186543564266e-33 3237408
66.8974 3.01138282833178e-36 6.104388790620659e-33 3196721
66.9436 2.99089775090383e-36 6.071986160385099e-33 3179382
66.9898 2.955744171348372e-36 6.005937526265899e-33 3135572
67.036 2.919852049391712e-36 5.962789560328678e-33 3103196
67.0822 2.902753283460358e-36 5.916025568067763e-33 3079200
67.1284 2.879082837661829e-36 5.88697089722461e-33 3053732
67.1746 2.849111684226353e-36 5.826919771058678e-33 3018894
67.2208 2.82164160776181e-36 5.778289803458621e-33 2988590
67.267 2.800811190093244e-36 5.755330813912943e-33 2970498
67.3132 2.775328202993561e-36 5.709054696525491e-33 2938226
67.3594 2.749642495033442e-36 5.657386863201577e-33 2910458
67.4056 2.724600022074652e-36 5.616417722540144e-33 2883180
67.4518 2.702821917885125e-36 5.594374242908847e-33 2860964
67.498 2.678423743821452e-36 5.553577053137655e-33 2833284
67.5442 2.655169758917129e-36 5.510185151573506e-33 2808758
67.5904 2.627671384677546e-36 5.472171189852688e-33 2780862
67.6366 2.609821713097682e-36 5.433727792862215e-33 2758742
67.6828 2.584081335169568e-36 5.399795509172984e-33 2734520
67.729 2.562173785697884e-36 5.364484707101534e-33 2707878
67.7752 2.541464452843519e-36 5.322849557253289e-33 2685368
67.8214 2.524036734993945e-36 5.28625942396154e-33 2660304
67.8676 2.50602078929559e-36 5.254026478728044e-33 2642216
67.9138 2.480685654577768e-36 5.1980039899643e-33 2610312
67.96 2.45831255872357e-36 5.175991049540126e-33 2593256
68.0062 2.441306381584153e-36 5.135595104284543e-33 2569946
68.0524 2.416452507773474e-36 5.086620808471649e-33 2542752
68.0986 2.402284008568504e-36 5.068563981758412e-33 2526218
68.1448 2.37929658077575e-36 5.020565335064576e-33 2501610
68.191 2.360814507194556e-36 4.985166778735474e-33 2479202
68.2372 2.340957657916895e-36 4.952148956269323e-33 2457824
68.2834 2.319057281120363e-36 4.91298115675612e-33 2436522
68.3296 2.302564807836257e-36 4.881118403958054e-33 2413964
68.3758 2.288684499793159e-36 4.845331009521707e-33 2396034
68.422 2.262861214304977e-36 4.79856298831255e-33 2369162
68.4682 2.25140410368009e-36 4.787894544324175e-33 2354394
68.5144 2.230939034130996e-36 4.753776956502854e-33 2332340
68.5606 2.208630301448535e-36 4.708308593174053e-33 2309150
68.6068 2.185335666107983e-36 4.683259818017761e-33 2288172
68.653 2.171994004215837e-36 4.64148314304268e-33 2269922
68.6992 2.153250224962721e-36 4.606919960017829e-33 2250780
68.7454 2.138432636140999e-36 4.576307110654975e-33 2229338
68.7916 2.122138152336916e-36 4.543798509991691e-33 2210772
68.8378 2.107752899258258e-36 4.507973496970226e-33 2192108
68.884 2.089341649541722e-36 4.468531448727207e-33 2170988
68.9302 2.069186356510397e-36 4.451425063410868e-33 2152722
68.9764 2.05336713665073e-36 4.400308304033203e-33 2132996
69.0226 2.042989642262963e-36 4.373556554362668e-33 2117244
69.0688 2.018498239012522e-36 4.326638132917883e-33 2092700
69.115 2.008830295741303e-36 4.295662815408886e-33 2074508
69.1612 1.99810651246373e-36 4.271269080136939e-33 2061852
69.2074 1.982627430441944e-36 4.235639272918833e-33 2041724
69.2536 1.961480628609704e-36 4.18807287713065e-33 2018460
69.2998 1.948029802900715e-36 4.159034583696188e-33 2003006
69.346 1.936342473811325e-36 4.130780328572666e-33 1989396
69.3922 1.920251195046099e-36 4.08838301078967e-33 1968260
69.4384 1.900425445261506e-36 4.051027632781908e-33 1946780
69.4846 1.888920698273891e-36 4.032422856861226e-33 1934142
69.5308 1.87285326790252e-36 4.008073554445267e-33 1918124
69.577 1.85477910862908e-36 3.966990164538382e-33 1896468
69.6232 1.840618928433513e-36 3.940781471997207e-33 1879406
69.6694 1.827376540309936e-36 3.910506549321406e-33 1864284
69.7156 1.816960727628217e-36 3.887972770614154e-33 1850846
69.7618 1.790904000700962e-36 3.840711009569657e-33 1826084
69.808 1.787574146420612e-36 3.824887615507507e-33 1814094
69.8542 1.767359726269329e-36 3.801983106655075e-33 1799300
69.9004 1.747540691285465e-36 3.766520671989691e-33 1780710
69.9466 1.733497981966249e-36 3.743038149108329e-33 1764884
69.9928 1.711423247119071e-36 3.712001950562234e-33 1744434
70.039 1.701112353433172e-36 3.69165424558405e-33 1734356
70.0852 1.68999017584227e-36 3.672958622409516e-33 1717670
70.1314 1.666645543556323e-36 3.639155866103893e-33 1697718
70.1776 1.653749641709143e-36 3.613082581963598e-33 1682948
70.2238 1.63936558824197e-36 3.599100675814719e-33 1670502
70.27 1.625648153428038e-36 3.569979035554109e-33 1654382
70.3162 1.604846499482872e-36 3.533511076346777e-33 1635902
70.3624 1.594806470764035e-36 3.521397927625887e-33 1623948
70.4086 1.578401796596918e-36 3.497112783034623e-33 1607870
70.4548 1.56602831260739e-36 3.464366872976514e-33 1591710
70.501 1.546957741714262e-36 3.430745169310311e-33 1575254
70.5472 1.540763652920245e-36 3.408734235376995e-33 1565550
70.5934 1.521253567841574e-36 3.389486406953808e-33 1546364
70.6396 1.510364845186857e-36 3.357024974839932e-33 1531526
70.6858 1.494945407870128e-36 3.330791953275533e-33 1516926
70.732 1.491188139613401e-36 3.315957389954932e-33 1508390
70.7782 1.465529630109666e-36 3.261963258679044e-33 1486182
70.8244 1.459133552929379e-36 3.248223259004954e-33 1475414
70.8706 1.444637976420982e-36 3.211958031111122e-33 1459662
70.9168 1.433492233002291e-36 3.180788047690225e-33 1447358
70.963 1.425674024194982e-36 3.15972685793093e-33 1433654
71.0092 1.410660142685339e-36 3.12671522732978e-33 1417218
71.0554 1.401038805456722e-36 3.096594758904948e-33 1405838
71.1016 1.390849230880549e-36 3.069792285034466e-33 1392414
71.1478 1.377210335609538e-36 3.040040624489545e-33 1376246
71.194 1.366670305081679e-36 3.015719776761429e-33 1363542
71.2402 1.35900286464433e-36 2.992327628216135e-33 1352918
71.2864 1.342735259675982e-36 2.962793579940602e-33 1338134
71.3326 1.331400279122661e-36 2.936280836873849e-33 1323840
71.3788 1.322326588653044e-36 2.900087264718619e-33 1308782
71.425 1.310086992269439e-36 2.891340181821693e-33 1301238
71.4712 1.295483415872291e-36 2.855359722504029e-33 1284854
71.5174 1.282631894758672e-36 2.830372512275493e-33 1268942
71.5636 1.27527949067654e-36 2.80129858410091e-33 1261590
71.6098 1.263267235562763e-36 2.788566092164952e-33 1247528
71.656 1.248144077618872e-36 2.757806985064844e-33 1233438
71.7022 1.231810900804861e-36 2.725738930591117e-33 1217750
71.7484 1.230542072804943e-36 2.722811337762187e-33 1213134
71.7946 1.215298190426344e-36 2.695420611904916e-33 1197782
71.8408 1.198673579124629e-36 2.657306312048525e-33 1180700
71.887 1.190143823124033e-36 2.644612051166779e-33 1171854
71.9332 1.178877652188374e-36 2.628395097877775e-33 1163174
71.9794 1.165384789689125e-36 2.599276312192628e-33 1146192
72.0256 1.153155060959567e-36 2.573809207617014e-33 1135046
72.0718 1.146145976532042e-36 2.554276902747366e-33 1124070
72.118 1.13273756802025e-36 2.541015672178494e-33 1113638
72.1642 1.119442798926194e-36 2.509072685448923e-33 1100408
72.2104 1.108130223696439e-36 2.485456146471009e-33 1087734
72.2566 1.100703859127655e-36 2.467952068212173e-33 1078334
72.3028 1.090574264677787e-36 2.446353768131293e-33 1066848
72.349 1.080856414677233e-36 2.42460791116763e-33 1055558
72.3952 1.065327796096021e-36 2.386247115388396e-33 1039512
72.4414 1.057703740013185e-36 2.377166298901502e-33 1034006
72.4876 1.048051077125386e-36 2.356038935334136e-33 1023206
72.5338 1.034568277760185e-36 2.322608379557312e-33 1008276
72.58 1.024739646691279e-36 2.295958624013726e-33 996998
72.6262 1.020779120254677e-36 2.290496800046813e-33 990336
72.6724 1.008328590528689e-36 2.260131693787235e-33 977246
72.7186 9.948051811392956e-37 2.228867733722114e-33 964328
72.7648 9.879177339955525e-37 2.212520526823622e-33 955686
72.811 9.833613798686444e-37 2.189280778332983e-33 947630
72.8572 9.666701973116822e-37 2.154651285209664e-33 932496
72.9034 9.591621612614985e-37 2.139684761363375e-33 923126
72.9496 9.558848226064783e-37 2.126244513990188e-33 915264
72.9958 9.395143679241499e-37 2.091331081936834e-33 902150
73.042 9.332914163065066e-37 2.068621866528301e-33 893672
73.0882 9.213482532427479e-37 2.042721402861149e-33 880782
73.1344 9.16341944561123e-37 2.036371583651247e-33 875360
73.1806 9.073829934108074e-37 2.007606457195079e-33 862326
73.2268 8.972820955510755e-37 1.985310610615468e-33 852140
73.273 8.885256590090674e-37 1.959578792161263e-33 842544
73.3192 8.783496384910068e-37 1.940501460844928e-33 832910
73.3654 8.708872081709994e-37 1.926258339506064e-33 824288
73.4116 8.594789901462081e-37 1.900604047220259e-33 812262
73.4578 8.516044574430799e-37 1.885236598629107e-33 804728
73.504 8.401156983324508e-37 1.869734113533738e-33 795486
73.5502 8.305760427610928e-37 1.843337237849571e-33 784520
73.5964 8.19491096976057e-37 1.826094185918888e-33 773576
73.6426 8.107721926021449e-37 1.817556216221924e-33 767574
73.6888 8.032615107928473e-37 1.798482314274327e-33 757976
73.735 7.906621712116314e-37 1.782026184086154e-33 747246
73.7812 7.800455800819255e-37 1.755443433079772e-33 736088
73.8274 7.750872485643211e-37 1.752328104987476e-33 733116
73.8736 7.599425187934803e-37 1.727501685953316e-33 720086
73.9198 7.511414829012762e-37 1.709204050958996e-33 710432
73.966 7.420222848110208e-37 1.699918770932988e-33 702960
74.0122 7.319763436494229e-37 1.683835441551171e-33 695102
74.0584 7.216236784439786e-37 1.667926987137341e-33 685680
74.1046 7.098971264261156e-37 1.642381279190316e-33 674000
74.1508 7.03415988806185e-37 1.633411625999963e-33 669294
74.197 6.957319850540915e-37 1.617112704079666e-33 661064
74.2432 6.826626584709179e-37 1.597771730426972e-33 649664
74.2894 6.713201174197804e-37 1.585998425939033e-33 641262
74.3356 6.682577883544473e-37 1.580347017208324e-33 636632
74.3818 6.575017266515223e-37 1.559651194178563e-33 627324
74.428 6.460140101106362e-37 1.53408760139539e-33 615680
74.4742 6.35067260723537e-37 1.520535320405198e-33 607974
74.5204 6.343872110678389e-37 1.513166271661185e-33 604784
74.5666 6.225366308085944e-37 1.485887687403876e-33 593216
74.6128 6.130493309185758e-37 1.472404500817815e-33 583830
74.659 6.046815884045731e-37 1.458639262259231e-33 578624
74.7052 5.977215800841635e-37 1.440207503343233e-33 571152
74.7514 5.904032365771732e-37 1.425003633208706e-33 562616
74.7976 5.795993290271154e-37 1.397006744561303e-33 551246
74.8438 5.760399432782661e-37 1.389017690689136e-33 549072
74.89 5.685130823376522e-37 1.369686757996999e-33 540848
74.9362 5.590340492391108e-37 1.345766791749058e-33 529620
74.9824 5.524234226998101e-37 1.331188571558679e-33 523232
75.0286 5.500518908514371e-37 1.31484055281173e-33 518286
75.0748 5.423563100168005e-37 1.300792522452316e-33 511160
75.121 5.361892732465773e-37 1.270397999345407e-33 500648
75.1672 5.284407633881971e-37 1.252855899804436e-33 493848
75.2134 5.271395380742986e-37 1.242351598874064e-33 489776
75.2596 5.182198492082001e-37 1.215575624430874e-33 480798
75.3058 5.110188916273882e-37 1.196785137129443e-33 472664
75.352 5.086315477899393e-37 1.176711251536398e-33 467208
75.3982 5.014085032608466e-37 1.161154631252692e-33 461456
75.4444 4.944937986514649e-37 1.133977613863296e-33 451988
75.4906 4.868703453046777e-37 1.113703969686874e-33 443496
75.5368 4.871694705287726e-37 1.105409578498416e-33 441638
75.583 4.795849998234555e-37 1.086738464379774e-33 433968
75.6292 4.725609461680464e-37 1.060072962744865e-33 425888
75.6754 4.679367753433553e-37 1.037354632500367e-33 417600
75.7216 4.664381848367252e-37 1.028861715868498e-33 414632
75.7678 4.595482693559914e-37 1.00669073410123e-33 407024
75.814 4.531364307171108e-37 9.8524646907176e-34 399048
75.8602 4.465306457016865e-37 9.756280505491006e-34 393878
75.9064 4.458032393259718e-37 9.583426028287486e-34 389196
75.9526 4.357028329216163e-37 9.422070430466387e-34 380816
75.9988 4.295343561980519e-37 9.20092928017088e-34 373160
76.045 4.273673763286173e-37 9.07914074757351e-34 370176
76.0912 4.223418250742013e-37 8.954327720749048e-34 364856
76.1374 4.130920747904101e-37 8.729967679647044e-34 356088
76.1836 4.084623995302154e-37 8.510287929931317e-34 348848
76.2298 4.059246470943002e-37 8.470907621723657e-34 347208
76.276 3.994395859469496e-37 8.257051466421993e-34 339944
76.3222 3.923133970885564e-37 8.102132606541889e-34 331856
76.3684 3.869669780630406e-37 7.972648646398529e-34 327150
76.4146 3.838840694140103e-37 7.903802974143808e-34 324092
76.4608 3.783940240935242e-37 7.716781303384446e-34 316944
76.507 3.699510658410197e-37 7.505464865360881e-34 309512
76.5532 3.660755945562382e-37 7.418149525671793e-34 305496
76.5994 3.602764441924646e-37 7.34086925948606e-34 301904
76.6456 3.541664911820655e-37 7.100635024137658e-34 293552
76.6918 3.479847196064002e-37 6.983820616013088e-34 287328
76.738 3.456725839091344e-37 6.909972874045737e-34 285656
76.7842 3.391894148911531e-37 6.790113095426434e-34 279936
76.8304 3.333048249137685e-37 6.66548762012644e-34 273404
76.8766 3.215880413320915e-37 6.442146824931894e-34 264384
76.9228 3.252082164032257e-37 6.532978156779558e-34 266672
76.969 3.154798377823088e-37 6.361191807923526e-34 259208
77.0152 3.099005497270058e-37 6.147397344554192e-34 252216
77.0614 3.032569032441403e-37 6.068137980158008e-34 247088
77.1076 3.028221441484881e-37 6.049464389366208e-34 245664
77.1538 2.92673056535586e-37 5.919329039697881e-34 239288
77.2 2.844448792020489e-37 5.756621457922133e-34 231968
77.2462 2.83162647063938e-37 5.714225982294305e-34 229608
77.2924 2.763636068997943e-37 5.650733529614266e-34 226340
77.3386 2.685654721708049e-37 5.516210621415331e-34 219360
77.3848 2.609352286352584e-37 5.398444136705039e-34 213104
77.431 2.599279590527895e-37 5.447269792643619e-34 213024
77.4772 2.522947571217585e-37 5.333193918804377e-34 208088
77.5234 2.433442671631502e-37 5.151540513397839e-34 200336
77.5696 2.385751269105956e-37 5.075909706723546e-34 195552
77.6158 2.354979822440301e-37 5.152473227491419e-34 196328
77.662 2.283050982229302e-37 5.007075627234336e-34 189792
77.7082 2.208704534900138e-37 4.893695527704959e-34 183908
77.7544 2.149801796506758e-37 4.829113629513435e-34 179424
77.8006 2.116482215425077e-37 4.821869374009879e-34 178760
77.8468 2.05454230820069e-37 4.695680770991981e-34 172928
77.893 1.976904221660373e-37 4.582391283839555e-34 167352
77.9392 1.931811931191451e-37 4.597205767062934e-34 164984
77.9854 1.885738967569552e-37 4.517198246773494e-34 161736
78.0316 1.821343626345959e-37 4.452647441130729e-34 157112
78.0778 1.748229964114986e-37 4.322218078159702e-34 150848
78.124 1.724622122487802e-37 4.347778359476377e-34 151332
78.1702 1.677979812569315e-37 4.27048125805147e-34 146720
78.2164 1.601486751712216e-37 4.13221379924622e-34 140874
78.2626 1.547960256998343e-37 4.063195497673434e-34 136832
78.3088 1.550940490705036e-37 4.127611960362642e-34 137904
78.355 1.477170585220337e-37 3.960431868707579e-34 131384
78.4012 1.402097630147038e-37 3.86075311700201e-34 126248
78.4474 1.371416971609454e-37 3.804950122310845e-34 124152
78.4936 1.373761822172765e-37 3.832421292880229e-34 123896
78.5398 1.291021415074659e-37 3.678224792616226e-34 117588
78.586 1.228568479455689e-37 3.502938242394197e-34 112160
78.6322 1.233151622089168e-37 3.505919282837993e-34 112488
78.6784 1.198325280436762e-37 3.46703124159337e-34 110072
78.7246 1.12673400376684e-37 3.344257601825414e-34 104906
78.7708 1.071189333936631e-37 3.193981073930665e-34 98880
78.817 1.092829026590896e-37 3.282861326052646e-34 101408
78.8632 1.05267381466082e-37 3.152241680609816e-34 97128
78.9094 1.003371597611084e-37 3.038930931536266e-34 92504
78.9556 9.513286229626807e-38 2.908114233181288e-34 88308
79.0018 9.498595419923127e-38 2.961581837167694e-34 89504
79.048 9.09879439054279e-38 2.821529915389232e-34 85064
79.0942 8.782853466953373e-38 2.711066723747975e-34 80856
79.1404 8.463194091699343e-38 2.653142962318044e-34 78914
79.1866 8.321040373110855e-38 2.615558875658694e-34 77928
79.2328 7.908703580919759e-38 2.495731246352777e-34 73760
79.279 7.561476726413293e-38 2.374326559850123e-34 69752
79.3252 7.640395416134466e-38 2.401218648662973e-34 70788
79.3714 7.278094097505183e-38 2.296551197797507e-34 66920
79.4176 6.81875351557674e-38 2.181863627487629e-34 63192
79.4638 6.470792670588603e-38 2.072817313915912e-34 59594
79.51 6.828726275491594e-38 2.172284339121249e-34 62760
79.5562 6.177493591108758e-38 1.941911541867864e-34 56720
79.6024 5.830223124730784e-38 1.841744589674384e-34 53384
79.6486 5.76053069286532e-38 1.820928525367849e-34 52272
79.6948 5.929208782454627e-38 1.868052307561904e-34 53456
79.741 5.294091924332336e-38 1.669446582427085e-34 47676
79.7872 4.987053881848309e-38 1.551510327273979e-34 44234
79.8334 5.057641276939785e-38 1.559322182948831e-34 45288
79.8796 5.090906278263506e-38 1.578709437929282e-34 44960
79.9258 4.446810992328217e-38 1.364675749938534e-34 39344
79.972 4.070826519806827e-38 1.24531259161302e-34 35664
80.0182 4.508446689661934e-38 1.383567713784765e-34 39440
80.0644 4.273282466442025e-38 1.319364958594053e-34 37194
80.1106 3.628194376569729e-38 1.125354096537931e-34 31484
80.1568 3.317533286225754e-38 1.027245896212282e-34 28848
80.203 3.890297939470038e-38 1.178349986622679e-34 33200
80.2492 3.579037552105974e-38 1.05682153963015e-34 30056
80.2954 2.891900890460536e-38 8.674423441488833e-35 24570
80.3416 2.897990676655551e-38 8.508150060973753e-35 23936
80.3878 3.179069558973616e-38 9.514543978036294e-35 26640
80.434 2.841764049508498e-38 8.44720646112086e-35 23624
80.4802 2.167924887503647e-38 6.316479092922542e-35 18020
80.5264 2.437366800873161e-38 7.213937760306348e-35 19986
80.5726 2.567256478450146e-38 7.499668558837468e-35 20744
80.6188 2.22044663690318e-38 6.395831729979489e-35 18000
80.665 1.503364049756075e-38 4.230927427006595e-35 12152
80.7112 2.034289211322531e-38 5.88845989686827e-35 16488
80.7574 1.932901128855946e-38 5.65612603402174e-35 15698
80.8036 1.65826616923021e-38 4.719710004740178e-35 13136
80.8498 1.033699915948039e-38 2.910856925085394e-35 8196
80.896 1.601207101218823e-38 4.526336100942117e-35 12488
80.9422 1.436585705736701e-38 4.090876999714011e-35 11250
80.9884 1.186514844178318e-38 3.198949221739273e-35 8984
81.0346 7.316647197344881e-39 1.99564604321737e-35 5736
81.0808 1.101808140049951e-38 3.084905423542143e-35 8456
81.127 9.798968354388335e-39 2.630213364543849e-35 7448
81.1732 7.543888896930378e-39 2.010560768561311e-35 5538
81.2194 5.02960728719242e-39 1.398157848520231e-35 3884
81.2656 6.977204174326446e-39 1.889311525549108e-35 5208
81.3118 5.810759243055944e-39 1.572599489006697e-35 4424
81.358 2.915589634830253e-39 7.895057803776581e-36 2186
81.4042 4.358267961219172e-39 1.182739843937852e-35 3120
81.4504 3.968782015513832e-39 9.801215818995074e-36 2744
81.4966 2.881264858737226e-39 7.909975341867624e-36 2184
81.5428 1.221443646169983e-39 3.294756544124904e-36 902
81.589 1.989296185128349e-39 5.359033946648047e-36 1464
81.6352 1.545299647522276e-39 3.610577922441261e-36 1064
81.6814 9.89979499967634e-40 2.527684612763368e-36 728
81.7276 3.402448420143602e-40 1.003479776092334e-36 258
81.7738 4.607476699058224e-40 1.230430873547416e-36 344
81.82 2.50373503988867e-40 5.520028761867306e-37 168
81.8662 7.197387252309824e-41 2.211017253059127e-37 56
81.9124 1.303894042988087e-41 3.836377366177105e-38 7


0.0461999 7.083591319770407e-08 1.460186539079685e-08 18
0.0923998 3.824311671308125e-07 7.617082416577365e-08 62
0.1386 4.826046466615438e-07 9.11041393681612e-08 98
0.1848 6.14414755773283e-07 1.079777230884534e-07 210
0.230999 7.443463002902694e-07 1.168349015845245e-07 350
0.277199 6.383315638435761e-07 8.580732471690658e-08 450
0.323399 6.676374730273112e-07 7.416286216856272e-08 602
0.369599 6.221405167079774e-07 5.290968659918433e-08 762
0.415799 6.127262791547061e-07 3.84434306710934e-08 1142
0.461999 4.677457697208166e-07 1.961773979112528e-08 1250
0.508199 4.033851390963124e-07 1.401456153065336e-08 1458
0.554399 3.791231236441346e-07 1.756753958149286e-08 1814
0.600599 3.593292176960142e-07 2.702070158427233e-08 2178
0.646798 3.513371792313446e-07 3.865930581376189e-08 2498
0.692998 3.272261584073697e-07 5.12136445598633e-08 2622
0.739198 4.176287223558332e-07 8.137036540090146e-08 3338
0.785398 4.160118066950114e-07 1.095510952491231e-07 3722
0.831598 4.1231012822666e-07 1.460390586189757e-07 4170
0.877798 4.106150694070973e-07 1.858898581853746e-07 4358
0.923998 4.622659033047769e-07 2.433762394173524e-07 5034
0.970198 5.2842926462105e-07 3.05074323191463e-07 5714
1.0164 5.457286033711628e-07 3.53185446574382e-07 5982
1.0626 5.961937011434635e-07 4.606724449980978e-07 6602
1.1088 6.194390195226654e-07 5.343277219874238e-07 7130
1.155 6.627363681296149e-07 6.729700905242633e-07 8034
1.2012 6.899041501523897e-07 8.153571855996746e-07 8606
1.2474 7.44508040197128e-07 8.872508535152539e-07 9066
1.2936 8.149285736215729e-07 1.068574803524045e-06 9962
1.3398 8.566291997567692e-07 1.194435726088235e-06 10550
1.386 9.04424648783522e-07 1.399156704723035e-06 11226
1.4322 9.611978356480985e-07 1.649257739880498e-06 12146
1.4784 9.745648331839029e-07 1.888961029591659e-06 12606
1.5246 1.079968873589172e-06 2.180182858356852e-06 13802
1.5708 1.159790492950232e-06 2.439151218750496e-06 14754
1.617 1.197836077492734e-06 2.633093096529987e-06 15194
1.6632 1.307588588065239e-06 3.042844196309476e-06 16454
1.7094 1.351680634211977e-06 3.417348574385255e-06 17154
1.7556 1.410844933467561e-06 3.87341158995491e-06 18266
1.8018 1.419695913754394e-06 4.318446755192324e-06 18750
1.848 1.541590006066027e-06 4.820563269095337e-06 20234
1.8942 1.660211900045373e-06 5.404773297708325e-06 21450
1.9404 1.73006987875699e-06 5.736831994634665e-06 21962
1.9866 1.801961187502965e-06 6.341054283532684e-06 23462
2.0328 1.825636703692576e-06 6.958628823911559e-06 24042
2.079 1.951213737286573e-06 7.931526523187071e-06 25946
2.1252 1.93404383704534e-06 8.335569561396499e-06 26118
2.17139 2.100239023958589e-06 9.050173858203475e-06 27506
2.21759 2.203052195533418e-06 9.84014858386039e-06 29066
2.26379 2.321952113890435e-06 1.078320139156434e-05 30450
2.30999 2.444244991582473e-06 1.219714326344465e-05 31742
2.35619 2.404799651977492e-06 1.265305433626494e-05 32250
2.40239 2.574866633678097e-06 1.427001792148537e-05 34250
2.44859 2.604030329916949e-06 1.511193050299688e-05 35454
2.49479 2.756223666527822e-06 1.608270651442657e-05 36434
2.54099 2.844055054500791e-06 1.691952725662612e-05 37682
2.58719 2.977429869694274e-06 1.835475902799578e-05 39294
2.63339 3.108294898933386e-06 2.047508349189263e-05 41426
2.67959 3.108187503292895e-06 2.197015596061374e-05 42066
2.72579 3.195191902658347e-06 2.331938803025731e-05 43490
2.77199 3.433386313216202e-06 2.517587057378529e-05 45702
2.81819 3.479731643580739e-06 2.634637835850242e-05 46634
2.86439 3.636560267917317e-06 2.789858623615159e-05 48554
2.91059 3.692349878707459e-06 2.919969417263509e-05 48870
2.95679 3.870280656843501e-06 3.218803444076317e-05 51554
3.00299 1.702800800408023e-06 1.474638474901753e-05 54090
3.04919 1.824478905204822e-12 1.545113564164937e-11 54314
3.09539 1.6002344556608e-12 1.41608001965019e-11 56910
3.14159 1.366581844468576e-12 1.254219637433875e-11 57482
3.18779 1.228601814338909e-12 1.190327089475069e-11 60626
3.23399 1.10344627152515e-12 1.118319265431551e-11 61206
3.28019 1.017395155242201e-12 1.053400712129159e-11 62570
3.32639 9.708172258202492e-13 1.04776677155666e-11 65730
3.37259 9.059074959474e-13 1.010790198614427e-11 66686
3.41879 8.75480602360162e-13 1.008158014324586e-11 69698
3.46499 8.17776806904635e-13 9.778118186205292e-12 70026
3.51119 7.934280182439514e-13 9.821183620934469e-12 72746
3.55739 7.659517112198863e-13 9.621106767304924e-12 74910
3.60359 7.249405350479912e-13 9.544549841757799e-12 75722
3.64979 7.163133696237029e-13 9.479769504718681e-12 78378
3.69599 6.987862837111511e-13 9.390929563188646e-12 80030
3.74219 6.715242359299184e-13 9.583847900378799e-12 83186
3.78839 6.518018103067061e-13 9.400025660955637e-12 84666
3.83459 6.268024045267843e-13 9.416437980022603e-12 86546
3.88079 6.017436297637169e-13 9.154699896015548e-12 88134
3.92699 5.933027047595745e-13 9.227183655430086e-12 91538
3.97319 5.644742294803676e-13 9.071734457567328e-12 93138
4.01939 5.458456724347763e-13 8.916944571670207e-12 94478
4.06559 5.320149979676131e-13 8.863884658719111e-12 97274
4.11179 5.164078915708645e-13 8.779207839367542e-12 99690
4.15799 5.030571562492432e-13 8.761130324335803e-12 102590
4.20419 4.79361761416351e-13 8.631915579333612e-12 103770
4.25039 4.648372593369239e-13 8.456764009758289e-12 106346
4.29659 4.474768672241586e-13 8.336712485466984e-12 108546
4.34279 4.304161230456091e-13 8.212221181889807e-12 110726
4.38899 4.091070816308482e-13 8.043126083550062e-12 112322
4.43519 3.963823828973827e-13 8.007678886097782e-12 115890
4.48139 3.815604394654828e-13 7.813982655139834e-12 118766
4.52759 3.719836160016472e-13 7.720246895471145e-12 122298
4.57379 3.472686392795188e-13 7.382303137843081e-12 122090
4.61999 3.388166830040096e-13 7.319309450778376e-12 125810
4.66619 3.21013500831564e-13 7.079647280258098e-12 128190
4.71239 3.058533377089939e-13 6.88630793616861e-12 130994
4.75859 2.923344319814729e-13 6.676267442916111e-12 133722
4.80479 2.737935607218842e-13 6.420803174477686e-12 133886
4.85099 2.670004286524936e-13 6.37305338249897e-12 140538
4.89719 2.481521991143471e-13 5.998182751761641e-12 140594
4.94339 2.353664121328635e-13 5.770453486212007e-12 143594
4.98959 2.204810295917438e-13 5.569903103368685e-12 146310
5.03579 2.097855282084238e-13 5.338118807364655e-12 150650
5.08199 1.926814721404081e-13 5.061221947741633e-12 151914
5.12819 1.774722242065916e-13 4.727695018370846e-12 153398
5.17439 1.663589131661222e-13 4.491157118213507e-12 157866
5.22059 1.541955662451933e-13 4.231329344462539e-12 160658
5.26679 1.403871329502177e-13 3.938386658655302e-12 164102
5.31299 1.267494125922152e-13 3.582856224510893e-12 164994
5.35919 1.152932940482986e-13 3.324801554523908e-12 169850
5.40539 1.027654665719768e-13 3.009912132173797e-12 172986
5.45159 8.869717268314877e-14 2.661132415743845e-12 173894
5.49779 7.739617003412225e-14 2.342628371766779e-12 176778
5.54399 6.64594658092505e-14 2.036349742132819e-12 181802
5.59019 5.548372878610144e-14 1.716304547503567e-12 184430
5.63639 4.482919076103814e-14 1.407935266824049e-12 187242
5.68259 3.485146557743591e-14 1.114108079415918e-12 190250
5.72879 2.589363766761981e-14 8.425633308369799e-13 192570
5.77499 1.843497834691952e-14 6.07029482180023e-13 198254
5.82119 1.165985292986641e-14 3.862995187909314e-13 198074
5.86739 6.560133292992305e-15 2.189685720597157e-13 202050
5.91359 2.84717244173132e-15 9.646572973346417e-14 205502
5.95979 6.696178884620228e-16 2.283308890797316e-14 210666
6.00599 1.234678330524161e-17 4.303267619409241e-16 212426
6.05219 5.518906983563101e-20 2.108340171428583e-18 213918
6.09839 5.261842058122804e-20 2.041252362007938e-18 220994
6.14459 4.877044248748109e-20 1.927532814407384e-18 221522
6.19079 4.599734682178614e-20 1.844878730573954e-18 226314
6.23699 4.287095349280286e-20 1.756331055367164e-18 227294
6.28319 4.057915095230782e-20 1.680841596804952e-18 232962
6.32939 3.856984159028679e-20 1.617090372090272e-18 237818
6.37559 3.575697252699649e-20 1.527960398010128e-18 238398
6.42178 3.381009264297559e-20 1.460895567307493e-18 241418
6.46798 3.214613950921105e-20 1.398519079751085e-18 246818
6.51418 3.013108080950202e-20 1.331565767907604e-18 249906
6.56038 2.837335994929183e-20 1.281424645500382e-18 254702
6.60658 2.619162449742049e-20 1.210348852561736e-18 254418
6.65278 2.475997592055362e-20 1.159581742170793e-18 260354
6.69898 2.34164039177185e-20 1.105172400530323e-18 264974
6.74518 2.204286416122674e-20 1.046158220829306e-18 268722
6.79138 2.063920652665325e-20 9.970219132003856e-19 271562
6.83758 1.933436711541751e-20 9.460146591712151e-19 275586
6.88378 1.802432917980727e-20 9.011423975673898e-19 280190
6.92998 1.670283661157547e-20 8.465303891328782e-19 282834
6.97618 1.547360731899941e-20 7.958425192708392e-19 285170
7.02238 1.453020049387315e-20 7.506706868306196e-19 289886
7.06858 1.362359263806753e-20 7.126327937502882e-19 294474
7.11478 1.273067350156575e-20 6.657009216892276e-19 299498
7.16098 1.157809289932997e-20 6.196777070525249e-19 299958
7.20718 1.07714021584752e-20 5.873085028607203e-19 305858
7.25338 9.945000387934735e-21 5.511446761513925e-19 310794
7.29958 9.09268596905723e-21 5.127681058158933e-19 313082
7.34578 8.370852192711925e-21 4.742398760959562e-19 316046
7.39198 7.785063687634233e-21 4.411674082242971e-19 322218
7.43818 7.173444236571093e-21 4.087573571129699e-19 328562
7.48438 6.473157903703099e-21 3.762638163180757e-19 327990
7.53058 5.927070475593727e-21 3.497818983422045e-19 335282
7.57678 5.2650571525705e-21 3.186199475018026e-19 335970
7.62298 4.8292788984071e-21 2.960396149638665e-19 344066
7.66918 4.348618430602359e-21 2.656662466620665e-19 343718
7.71538 3.961719501271264e-21 2.424527200363117e-19 351498
7.76158 3.536583438095451e-21 2.180630596707092e-19 354458
7.80778 3.144826953126642e-21 1.966779313647428e-19 358566
7.85398 2.792299517817079e-21 1.790118753808483e-19 366122
7.90018 2.428456846853624e-21 1.584106513450854e-19 365810
7.94638 2.130048799752799e-21 1.41165940652784e-19 371622
7.99258 1.875953317415669e-21 1.24282075354145e-19 375986
8.03878 1.643959456024381e-21 1.092957013501662e-19 382170
8.08498 1.406266926797735e-21 9.317216701399205e-20 381818
8.13118 1.215013142107132e-21 8.218619950656825e-20 389574
8.17738 1.022453236264167e-21 7.078662324912646e-20 393698
8.22358 8.587888909815381e-22 6.064262125345263e-20 399458
8.26978 7.1174990949929e-22 5.070787051130894e-20 402222
8.31598 5.893475222844122e-22 4.199160951356878e-20 406922
8.36218 4.847961916129657e-22 3.407576254278228e-20 412842
8.40838 3.800422882986812e-22 2.682084021568403e-20 415346
8.45458 2.944334168381537e-22 2.108518631440267e-20 421182
8.50078 2.180839709947274e-22 1.608521319354625e-20 425018
8.54698 1.568998554582533e-22 1.185425829727372e-20 431138
8.59318 1.084255371215864e-22 8.318280908600917e-21 434382
8.63938 7.172634854349095e-23 5.498096651349884e-21 439514
8.68558 4.434004975875315e-23 3.377565479804391e-21 444738
8.73178 2.508420614548411e-23 1.882060467678448e-21 448910
8.77798 1.240054953527644e-23 9.301135196284996e-22 450618
8.82418 5.175727006227558e-24 3.988439796756582e-22 459554
8.87038 1.60499604475216e-24 1.264554523002769e-22 463106
8.91658 3.081803287927725e-25 2.475345460852792e-23 467094
8.96278 2.24831753890098e-26 1.849729645373968e-24 474938
9.00898 3.335779202104253e-27 2.838204878305205e-25 477186
9.05518 3.072907225794183e-27 2.648675300322038e-25 484670
9.10138 2.820831896518547e-27 2.451283346126174e-25 487010
9.14758 2.615831895687605e-27 2.296202277335478e-25 493314
9.19378 2.393507106417022e-27 2.130091176686853e-25 496322
9.23998 2.205144980061762e-27 1.975191711836967e-25 501702
9.28618 2.038637046316453e-27 1.847502499823026e-25 508562
9.33238 1.877470466356247e-27 1.70949090499427e-25 514242
9.37858 1.717283782149851e-27 1.574026374563653e-25 516158
9.42478 1.570486179398367e-27 1.4633983383246e-25 522602
9.47098 1.449326513767496e-27 1.360491673059272e-25 530658
9.51718 1.311686824626467e-27 1.236440219336259e-25 530042
9.56338 1.207890596047987e-27 1.145852884134587e-25 538878
9.60958 1.10069653360667e-27 1.057586965887309e-25 544130
9.65578 1.00107562240152e-27 9.747858667477446e-26 551106
9.70198 9.080139723819316e-28 8.931454117397252e-26 553982
9.74818 8.225869278592178e-28 8.13762472941908e-26 558242
9.79438 7.448383471703356e-28 7.437057848500899e-26 564546
9.84058 6.749945168591322e-28 6.770394220804138e-26 570494
9.88678 6.096394985812145e-28 6.193228156816112e-26 576762
9.93298 5.455375071633354e-28 5.563086972594739e-26 578234
9.97918 4.912789745943077e-28 5.0658214084595e-26 585666
10.0254 4.424522220680123e-28 4.608069413331843e-26 594446
10.0716 3.945586482228739e-28 4.122862241062308e-26 595250
10.1178 3.517826652193522e-28 3.713413353287641e-26 603402
10.164 3.117366506339035e-28 3.331649754103081e-26 607382
10.2102 2.786452817232625e-28 2.990660875944034e-26 617010
10.2564 2.425373769584371e-28 2.636014558979353e-26 616778
10.3026 2.159724162644107e-28 2.354249484100963e-26 624746
10.3488 1.879811300641964e-28 2.073338386297115e-26 628062
10.395 1.661748424113566e-28 1.847418170474496e-26 639410
10.4412 1.440277766153855e-28 1.614694996194423e-26 642954
10.4874 1.244874230411099e-28 1.403643121586213e-26 645974
10.5336 1.077882603312383e-28 1.224518137883292e-26 653490
10.5798 9.2687403136626e-29 1.060793687003705e-26 660746
10.626 7.890655868262523e-29 9.132726971314427e-27 664646
10.6722 6.671267622175474e-29 7.773187668089324e-27 667290
10.7184 5.706626450380281e-29 6.680383877150457e-27 679034
10.7646 4.743356211190825e-29 5.595433462862192e-27 682722
10.8108 3.963842746825736e-29 4.73164310977518e-27 691238
10.857 3.230490390382091e-29 3.875429743242422e-27 688602
10.9032 2.673801740836415e-29 3.227773278640943e-27 700826
10.9494 2.168171041040743e-29 2.639114151381928e-27 705662
10.9956 1.730442501843198e-29 2.131845518338072e-27 710082
11.0418 1.382432565712895e-29 1.713544503539493e-27 719162
11.088 1.077892323218051e-29 1.34169960155154e-27 722250
11.1342 8.355985396484365e-30 1.045555162760125e-27 731510
11.1804 6.311513255790047e-30 7.957212568337095e-28 736442
11.2266 4.670676362477645e-30 5.943027928505337e-28 740898
11.2728 3.408172318072e-30 4.372724924742751e-28 750158
11.319 2.41309947110251e-30 3.100106806044507e-28 754866
11.3652 1.66210133255224e-30 2.154471666006628e-28 760826
11.4114 1.103738545091237e-30 1.438841289620854e-28 764034
11.4576 7.107882556303743e-31 9.326769998522314e-29 773846
11.5038 4.368894535484707e-31 5.743159829417795e-29 779714
11.55 2.534786010641153e-31 3.353681114013946e-29 784314
11.5962 1.383129383187784e-31 1.844615725096848e-29 791342
11.6424 6.975602993512764e-32 9.329717413685037e-30 799458
11.6886 3.148032152791888e-32 4.256113255390364e-30 804962
11.7348 1.249428254152974e-32 1.699801858530097e-30 809550
11.781 4.188219583691677e-33 5.713715079761149e-31 813458
11.8272 1.115440605700705e-33 1.535142412877632e-31 827402
11.8734 2.30166826921821e-34 3.240582509695761e-32 828618
11.9196 6.370657520475217e-35 9.455646304775161e-33 836918
11.9658 4.47039408997416e-35 6.820708025066011e-33 842874
12.012 4.015924112576569e-35 6.157905708102403e-33 849338
12.0582 3.611225973759138e-35 5.599466974699328e-33 858942
12.1044 3.232742867753838e-35 5.035245485605469e-33 860978
12.1506 2.909458250908655e-35 4.558487102632756e-33 868346
12.1968 2.601655067083438e-35 4.087167575578907e-33 875154
12.243 2.343083717390398e-35 3.706345988633142e-33 886214
12.2892 2.080501224771606e-35 3.299733400968735e-33 887346
12.3354 1.862883228085907e-35 2.973435083041416e-33 894986
12.3816 1.655455107336609e-35 2.671012805832074e-33 902774
12.4278 1.471129129875713e-35 2.404911450510771e-33 912114
12.474 1.299958181085923e-35 2.141218126733892e-33 915026
12.5202 1.152475974776864e-35 1.902972223425415e-33 920142
12.5664 1.022437714937534e-35 1.695042426925979e-33 929762
12.6126 9.075402688860233e-36 1.505603518386461e-33 937698
12.6588 8.012129794645746e-36 1.341247332476774e-33 944762
12.705 7.030686219956109e-36 1.184513076224645e-33 948254
12.7512 6.186052252703007e-36 1.054706994404796e-33 956802
12.7974 5.457717608494277e-36 9.339368525145782e-34 967658
12.8436 4.795319357325812e-36 8.183675203043948e-34 969702
12.8898 4.253700947606915e-36 7.131327925849864e-34 974090
12.936 3.792870985962451e-36 6.242766209155871e-34 988482
12.9822 3.33553777227104e-36 5.45641722891849e-34 991994
13.0284 2.920126560263535e-36 4.834458444781575e-34 1001030
13.0746 2.511899684063495e-36 4.309440366755475e-34 1005450
13.1208 2.164958372077406e-36 3.858922994466641e-34 1013738
13.167 1.883438375269234e-36 3.44499656518308e-34 1021710
13.2132 1.661292224475965e-36 3.015801855556731e-34 1023626
13.2594 1.516705842187869e-36 2.629901864280824e-34 1035834
13.3056 1.36070608284238e-36 2.29254768552518e-34 1040786
13.3518 1.230711466534015e-36 2.042982988164207e-34 1053206
13.398 1.080630028440809e-36 1.854543140101736e-34 1057002
13.4442 9.539624015584877e-37 1.719071418206191e-34 1063898
13.4904 8.653573748465941e-37 1.584223705742697e-34 1072782
13.5366 8.127654241959685e-37 1.40626546571126e-34 1078826
13.5828 7.894541454765322e-37 1.23219688797638e-34 1087922
13.629 7.84765096283643e-37 1.071838820507597e-34 1090494
13.6752 7.583483665157753e-37 9.781219978160417e-35 1101362
13.7214 6.990627297476501e-37 9.577856060960333e-35 1109802
13.7676 6.202397592534576e-37 9.965308533669316e-35 1114514
13.8138 5.494134634737762e-37 1.040403136912514e-34 1123926
13.86 5.062545667941961e-37 1.041910241019173e-34 1125986
13.9062 5.146135610178587e-37 1.007965930961336e-34 1143554
13.9524 5.34233284419244e-37 9.348565778930683e-35 1144710
13.9986 5.511996944008471e-37 8.81460492829217e-35 1154018
14.0448 5.476453297013079e-37 8.605506051193274e-35 1159962
14.091 5.358711193991547e-37 8.986686558901723e-35 1170986
14.1372 5.089449310987193e-37 9.561174840254218e-35 1178142
14.1834 4.941879191362032e-37 9.67820327887457e-35 1182674
14.2296 5.112041044414876e-37 9.500420936670453e-35 1191002
14.2758 5.567244401898858e-37 8.861576412427159e-35 1200438
14.322 5.979908004672304e-37 8.190109798161803e-35 1208162
14.3682 6.121837962256882e-37 7.876984632259795e-35 1215258
14.4144 5.937442792362439e-37 8.20468401653766e-35 1224134
14.4606 5.491534922085739e-37 8.961522220241099e-35 1228722
14.5068 5.144628244836703e-37 9.947549613608521e-35 1243154
14.553 4.953363907816682e-37 1.059194901871398e-34 1245434
14.5992 5.003164036188562e-37 1.0550581401097e-34 1255158
14.6454 5.304137922069462e-37 1.012203755455731e-34 1255610
14.6916 5.692829023733469e-37 9.683205587240416e-35 1277562
14.7378 6.009696255142454e-37 9.415446824422778e-35 1274414
14.784 5.52378211459045e-37 9.46298429943916e-35 1285994
14.8302 5.81895371793645e-37 1.002227550287102e-34 1299570
14.8764 5.43596819027524e-37 1.047120818422564e-34 1302122
14.9226 5.320121919003674e-37 1.07240209919077e-34 1311366
14.9688 5.512676310852561e-37 1.037459327608227e-34 1319186
15.015 5.87138522097536e-37 9.803887508610123e-35 1327434
15.0612 6.13635707879544e-37 9.302766505788762e-35 1337294
15.1074 6.109739571788167e-37 9.385634501810349e-35 1342730
15.1536 5.885942049289986e-37 1.009925190115198e-34 1350570
15.1998 5.481873855940477e-37 1.118622407633389e-34 1362590
15.246 5.188652599073386e-37 1.198674508090735e-34 1369698
15.2922 5.10338918158265e-37 1.23316816218174e-34 1374914
15.3384 5.314508360970191e-37 1.196995659008466e-34 1383570
15.3846 5.712766791536062e-37 1.14366673780915e-34 1395374
15.4308 5.953344981620077e-37 1.093400320160772e-34 1396994
15.477 6.058717150851745e-37 1.117746632450849e-34 1411530
15.5232 5.822051328063877e-37 1.175292084640999e-34 1417574
15.5694 5.581170874801876e-37 1.249858766283552e-34 1428834
15.6156 5.489207908892271e-37 1.29736440997253e-34 1439018
15.6618 5.673769186577688e-37 1.267773452722338e-34 1440698
15.708 6.093559125866122e-37 1.202178480455835e-34 1453638
15.7542 6.514443322293193e-37 1.122592353773491e-34 1463426
15.8004 6.705311485962879e-37 1.093577211326212e-34 1471050
15.8466 6.650688647393768e-37 1.141275565001222e-34 1476638
15.8928 6.209908348024915e-37 1.250498692604866e-34 1484466
15.939 5.798460480092303e-37 1.372683832609937e-34 1501154
15.9852 5.559447046524365e-37 1.432396955178703e-34 1501706
16.0314 5.649442584297865e-37 1.433647745922722e-34 1511502
16.0776 5.95112836338794e-37 1.377437489279257e-34 1520234
16.1238 6.333001322628379e-37 1.321559533491547e-34 1535010
16.17 6.521853153446555e-37 1.296364330235773e-34 1543358
16.2162 6.541367179120605e-37 1.333524663805884e-34 1535754
16.2624 6.147646723746011e-37 1.417647442194354e-34 1564802
16.3086 6.030930600724207e-37 1.488949877452569e-34 1563038
16.3548 6.029419770027917e-37 1.52205367069491e-34 1578426
16.401 6.279730999052476e-37 1.473851339324334e-34 1581482
16.4472 6.716168766361933e-37 1.381539484124753e-34 1592250
16.4934 7.083915250004587e-37 1.306057586862443e-34 1602230
16.5396 7.152888351839733e-37 1.292507050299257e-34 1604754
16.5858 7.056920323113459e-37 1.375344106507063e-34 1623458
16.632 6.525541152770857e-37 1.486151901558887e-34 1624910
16.6782 6.234215621276792e-37 1.614703629898245e-34 1645122
16.7244 6.062643306382961e-37 1.667817416694896e-34 1645130
16.7706 6.2304800351361e-37 1.658927719754076e-34 1655706
16.8168 6.565222547464396e-37 1.605097198118152e-34 1663502
16.863 6.900871971645846e-37 1.546243206949521e-34 1675514
16.9092 7.007801028800622e-37 1.552689623762858e-34 1685298
16.9554 6.954064687927256e-37 1.614273538465317e-34 1689566
17.0016 6.592525569339838e-37 1.699450877047606e-34 1697850
17.0478 6.49045954999088e-37 1.787738443347234e-34 1718546
17.094 6.520466178085274e-37 1.775766140727527e-34 1719822
17.1402 6.880716597364384e-37 1.709051211798225e-34 1726586
17.1864 7.313511014080195e-37 1.615531390693637e-34 1739186
17.2326 7.709678779475737e-37 1.545053344818874e-34 1751538
17.2788 7.861563274723242e-37 1.53592483652717e-34 1758062
17.325 7.61098560187847e-37 1.605304674575717e-34 1763010
17.3712 7.27284874224584e-37 1.733259798912318e-34 1778642
17.4174 6.929509212133301e-37 1.855647719251386e-34 1788582
17.4636 6.785043100692228e-37 1.921826862195142e-34 1794746
17.5098 7.017778724827033e-37 1.945325824031741e-34 1803290
17.556 7.398396309056403e-37 1.900724632335324e-34 1811058
17.6022 7.780542572636852e-37 1.856802096618603e-34 1828358
17.6484 8.160851194515584e-37 1.843149889411818e-34 1831362
17.6946 8.375655018551178e-37 1.890549576328176e-34 1842458
17.7408 7.332414276641796e-37 1.945393680216167e-34 1846998
17.787 8.232646908354206e-37 2.02476586623942e-34 1869122
17.8332 8.260184865637644e-37 2.051904061817469e-34 1876346
17.8794 7.85024517009098e-37 2.012754552064359e-34 1879506
17.9256 8.260709732915286e-37 1.938901891802504e-34 1893326
17.9718 8.62965329518104e-37 1.837427614556511e-34 1901826
18.018 8.915375030548344e-37 1.792386695831734e-34 1911962
18.0642 8.729004379142956e-37 1.837724069037303e-34 1919198
18.1104 8.235167641320214e-37 1.95924169792152e-34 1930242
18.1566 7.780803166745162e-37 2.110103320147758e-34 1942442
18.2028 7.404081206988757e-37 2.238663731510894e-34 1951734
18.249 7.313841438156351e-37 2.286658291100227e-34 1955402
18.2952 7.446086430594043e-37 2.257151869322904e-34 1971858
18.3414 7.812846231977972e-37 2.211103517011875e-34 1984898
18.3876 8.010754693497404e-37 2.160975260535281e-34 1986422
18.4338 8.067850287038228e-37 2.172216015325684e-34 1996146
18.48 7.982205739085087e-37 2.250311750396837e-34 2017106
18.5262 7.777968992093795e-37 2.342624083606825e-34 2020638
18.5724 7.67173764867469e-37 2.428010251029875e-34 2029346
18.6186 7.844873988530555e-37 2.438128194413669e-34 2041002
18.6648 8.233881969858244e-37 2.348257551643643e-34 2051450
18.711 8.801409918501309e-37 2.208440968835357e-34 2065886
18.7572 9.222940399740381e-37 2.085849867650411e-34 2064546
18.8034 9.426914029007626e-37 2.084300588784053e-34 2082650
18.8496 9.022702080978551e-37 2.183436710154088e-34 2095182
18.8958 8.578423124886334e-37 2.359742361797216e-34 2101346
18.942 8.155919378869606e-37 2.569889908844223e-34 2115554
18.9882 7.786833374018881e-37 2.671751077481491e-34 2115654
19.0344 7.820452965518344e-37 2.739786110236573e-34 2141066
19.0806 8.156251757802764e-37 2.653353071078775e-34 2139786
19.1268 8.539979797190772e-37 2.558472486614915e-34 2152202
19.173 8.845309291224598e-37 2.493839170687275e-34 2161086
19.2192 8.687413261542787e-37 2.514299184447362e-34 2176058
19.2654 8.603273522939837e-37 2.611920204713829e-34 2190818
19.3116 8.211160880621915e-37 2.689641458244171e-34 2191158
19.3578 8.15339199527708e-37 2.747242200169111e-34 2205314
19.404 8.274531855787748e-37 2.73874746978867e-34 2215554
19.4502 8.794797222479331e-37 2.642110280327211e-34 2230562
19.4964 9.362555220526213e-37 2.504562182912751e-34 2239614
19.5426 9.65756093578438e-37 2.397041780850413e-34 2245706
19.5888 9.66651963262703e-37 2.407541664398955e-34 2259674
19.635 9.415234166762306e-37 2.545438903626654e-34 2273214
19.6812 8.865141944577667e-37 2.740845096198515e-34 2278802
19.7274 8.419748266176031e-37 2.939508949127444e-34 2294034
19.7736 8.158128568091025e-37 3.039224011600473e-34 2294942
19.8198 8.298251922170982e-37 3.063031894715584e-34 2317050
19.866 8.656017739926881e-37 2.996622421860539e-34 2322842
19.9122 9.082950518993626e-37 2.895487849550549e-34 2330810
19.9584 9.1922648457873e-37 2.847846581078846e-34 2345958
20.0046 9.188031344051391e-37 2.891993095930556e-34 2353586
20.0508 8.947010063421366e-37 2.994951442575688e-34 2376210
20.097 8.757061777562479e-37 3.073589035752292e-34 2374502
20.1432 8.6869555067122e-37 3.148367715801434e-34 2386346
20.1894 8.949146556678179e-37 3.13125180086237e-34 2401314
20.2356 9.325910733047229e-37 3.028029782241525e-34 2411450
20.2818 9.922741701796692e-37 2.885475552827388e-34 2420718
20.328 1.009562996782629e-36 2.779673668506103e-34 2425754
20.3742 1.0288333052905e-36 2.822866884334091e-34 2455218
20.4204 1.007710645782769e-36 2.931556215131042e-34 2450942
20.4666 9.652724628629309e-37 3.130586518757181e-34 2467130
20.5128 9.368135387663804e-37 3.325090006761541e-34 2474874
20.559 9.331959175714508e-37 3.473395961493981e-34 2490362
20.6052 9.324766923897531e-37 3.489721229052876e-34 2498142
20.6514 1.015331866473196e-36 3.430562083094038e-34 2507090
20.6976 9.490661313278279e-37 3.319376928340337e-34 2525562
20.7438 1.041042352651998e-36 3.278036156363626e-34 2534726
20.79 9.979224827404872e-37 3.303503237835121e-34 2549906
20.8362 9.943222189150968e-37 3.377137021775248e-34 2551074
20.8824 9.761918204976198e-37 3.494147796603133e-34 2570702
20.9286 9.657194492531736e-37 3.583719152231577e-34 2574642
20.9748 9.600954414683357e-37 3.639509936994128e-34 2594066
21.021 9.887725550828955e-37 3.544877656271575e-34 2594802
21.0672 1.027796260484685e-36 3.42746298552102e-34 2612030
21.1134 1.070147777351709e-36 3.317439379122951e-34 2627954
21.1596 1.109609514044626e-36 3.29638115383286e-34 2640402
21.2058 1.100243425069412e-36 3.343989095639873e-34 2641454
21.252 1.071166818518584e-36 3.512161449038814e-34 2661834
21.2982 1.024546657554944e-36 3.719886936989983e-34 2669138
21.3444 9.902055441786972e-37 3.938763709081042e-34 2684858
21.3905 9.761619398948466e-37 4.030060956557785e-34 2693910
21.4367 9.681400519040247e-37 4.025457124639974e-34 2701682
21.4829 1.009219595762633e-36 3.965938065947748e-34 2722698
21.5291 1.035805014973678e-36 3.893001711534619e-34 2725262
21.5753 1.079581692568597e-36 3.861749727522424e-34 2742450
21.6215 1.087145431826095e-36 3.872754364073675e-34 2749850
21.6677 1.083539157378539e-36 3.972427534092844e-34 2763902
21.7139 1.063209225578424e-36 4.141764562389846e-34 2778498
21.7601 1.047058967393662e-36 4.236484382746231e-34 2784530
21.8063 1.050454039429645e-36 4.258274537121332e-34 2804106
21.8525 1.079798065432616e-36 4.157952610009507e-34 2809790
21.8987 1.142164742606044e-36 4.041415203202362e-34 2825058
21.9449 1.212390182775358e-36 3.911761606441953e-34 2834330
21.9911 1.239502433180648e-36 3.814304720588152e-34 2842022
22.0373 1.237847448246165e-36 3.887750351779546e-34 2864754
22.0835 1.197258938910781e-36 4.072525085727235e-34 2864186
22.1297 1.163377206160487e-36 4.370043101557813e-34 2879538
22.1759 1.090640020838271e-36 4.60694551256652e-34 2899454
22.2221 1.073790698228699e-36 4.771912050393545e-34 2904258
22.2683 1.080007757891794e-36 4.822504357744171e-34 2930234
22.3145 1.113907649004903e-36 4.717713140941644e-34 2929526
22.3607 1.163137032568476e-36 4.555625487670519e-34 2942442
22.4069 1.205062126119339e-36 4.473862942257725e-34 2960810
22.4531 1.221875827366155e-36 4.470835129911027e-34 2964954
22.4993 1.198936233838358e-36 4.606938626293859e-34 2980910
22.5455 1.160056404271925e-36 4.789037888094738e-34 2990978
22.5917 1.139771662146175e-36 4.959124438052036e-34 3007626
22.6379 1.136072120677788e-36 5.019592277687981e-34 3019166
22.6841 1.169821921755892e-36 4.948429421053669e-34 3021090
22.7303 1.228998886713874e-36 4.778253068801893e-34 3047834
22.7765 1.299241894223418e-36 4.563851238621067e-34 3055590
22.8227 1.345092233145353e-36 4.430195312325528e-34 3068546
22.8689 1.350471942030791e-36 4.436016492827324e-34 3067274
22.9151 1.32160767777837e-36 4.658793195175686e-34 3098058
22.9613 1.283956744242203e-36 4.939277914233956e-34 3109214
23.0075 1.214509252052543e-36 5.222203315841934e-34 3110466
23.0537 1.191605141583154e-36 5.456084431625619e-34 3124370
23.0999 1.17835149876475e-36 5.526587832580175e-34 3144174
23.1461 1.213376394893853e-36 5.504948986889336e-34 3161738
23.1923 1.249791728581708e-36 5.353147126948559e-34 3159890
23.2385 1.304958291566193e-36 5.331846224803308e-34 3174138
23.2847 1.340356631672855e-36 5.263525282073118e-34 3195926
23.3309 1.355258148143193e-36 5.36198836557947e-34 3211386
23.3771 1.345790955047828e-36 5.510153760182082e-34 3219314
23.4233 1.353884104429512e-36 5.672702337029751e-34 3225494
23.4695 1.370107712581789e-36 5.856961232314704e-34 3242562
23.5157 1.40584203213325e-36 5.845697700654991e-34 3257450
23.5619 1.52937756964999e-36 5.726994819687688e-34 3269118
23.6081 1.630722828702101e-36 5.498508586331388e-34 3278930
23.6543 1.651136400070356e-36 5.225413005862669e-34 3286650
23.7005 1.725695515719565e-36 5.174538373080519e-34 3316610
23.7467 1.785989401854245e-36 5.18785275201501e-34 3321542
23.7929 1.660071348216993e-36 5.339567265005638e-34 3328578
23.8391 1.504245001510734e-36 5.696467414773982e-34 3345074
23.8853 1.425037766758804e-36 6.128568567888261e-34 3361686
23.9315 1.349307071790924e-36 6.415563309566172e-34 3369722
23.9777 1.32389744177886e-36 6.57850938905356e-34 3385290
24.0239 1.332747242353495e-36 6.538552233195001e-34 3391370
24.0701 1.387405558344948e-36 6.405471701598022e-34 3422966
24.1163 1.416742043808252e-36 6.214296106652074e-34 3419538
24.1625 1.450947789396787e-36 6.128773389445148e-34 3441890
24.2087 1.442446792829985e-36 6.117745908763425e-34 3447582
24.2549 1.434076164324973e-36 6.247879175616312e-34 3466298
24.3011 1.388697484320045e-36 6.434070644723585e-34 3466194
24.3473 1.362938904803194e-36 6.637095608822201e-34 3492062
24.3935 1.354243762896282e-36 6.671268081027718e-34 3503114
24.4397 1.382152811964457e-36 6.590963938273951e-34 3517146
24.4859 1.440578335894089e-36 6.462962334652884e-34 3535706
24.5321 1.511752149373615e-36 6.202222110793897e-34 3539742
24.5783 1.585440057467897e-36 5.975442653028872e-34 3558698
24.6245 1.609109235387411e-36 5.891472695391096e-34 3570122
24.6707 1.597310300821842e-36 6.063381978849749e-34 3585174
24.7169 1.542388657348062e-36 6.386354857765499e-34 3594314
24.7631 1.462778275988583e-36 6.813376051368081e-34 3612258
24.8093 1.397229722223414e-36 7.102677044976159e-34 3620282
24.8555 1.370866104100602e-36 7.396215655715732e-34 3639078
24.9017 1.371052760482995e-36 7.36657806436605e-34 3650450
24.9479 1.410462713344238e-36 7.385366509224368e-34 3661418
24.9941 1.469346130162359e-36 7.186248367868564e-34 3677694
25.0403 1.525677461786334e-36 7.039585080282314e-34 3695978
25.0865 1.552406279943547e-36 7.009602133594656e-34 3702810
25.1327 1.526632636018438e-36 7.057118939411847e-34 3716162
25.1789 1.522394866525834e-36 7.275658089686302e-34 3740094
25.2251 1.491750644570648e-36 7.469689300612403e-34 3740954
25.2713 1.488610856319693e-36 7.744207858980813e-34 3760946
25.3175 1.484340429130488e-36 7.923248328378806e-34 3778278
25.3637 1.520746845577405e-36 7.708935425725731e-34 3784922
25.4099 1.557726265007232e-36 7.401029008042383e-34 3805266
25.4561 1.655128917235901e-36 7.209010475238528e-34 3807686
25.5023 1.742330540120419e-36 6.995828111653544e-34 3833130
25.5485 1.725192854940349e-36 6.90737445189856e-34 3841898
25.5947 1.722351234829427e-36 7.043664595539315e-34 3858074
25.6409 1.694216819270162e-36 7.382343920887179e-34 3868974
25.6871 1.606969249138257e-36 7.798931285651092e-34 3885362
25.7333 1.53825839100176e-36 8.198549855397889e-34 3898290
25.7795 1.487523629292143e-36 8.473758632062872e-34 3907334
25.8257 1.47239111052306e-36 8.661869089050078e-34 3928730
25.8719 1.490493835440493e-36 8.557395185228755e-34 3936666
25.9181 1.523941595416117e-36 8.329376833004815e-34 3961346
25.9643 1.579845961794109e-36 8.296670020635738e-34 3975774
26.0105 1.636242994271455e-36 8.134514706894891e-34 3970106
26.0567 1.644397233889598e-36 8.000621548054194e-34 4003170
26.1029 1.620221370103274e-36 7.996846981889739e-34 4019558
26.1491 1.610381889860132e-36 8.19522310884213e-34 4025642
26.1953 1.577205031451451e-36 8.405668416930228e-34 4028514
26.2415 1.555779875716066e-36 8.627015648590827e-34 4059398
26.2877 1.557491809906508e-36 8.658145946040654e-34 4069674
26.3339 1.585314449374995e-36 8.638035102034271e-34 4083698
26.3801 1.6343383023448e-36 8.415903427852897e-34 4095210
26.4263 1.680589970233249e-36 8.143827437413015e-34 4110518
26.4725 1.744006971857435e-36 7.998033390111456e-34 4126850
26.5187 1.76759447054542e-36 7.943653673402257e-34 4140114
26.5649 1.817164704065722e-36 8.048437758725221e-34 4144070
26.6111 1.663285987634955e-36 8.322055632987912e-34 4175802
26.6573 1.676447121547687e-36 8.582996526815595e-34 4187882
26.7035 1.637227784134583e-36 8.848717525654709e-34 4199250
26.7497 1.591977758790345e-36 9.100485456429179e-34 4209326
26.7959 1.576489785328575e-36 9.241378432016003e-34 4222130
26.8421 1.597155098226274e-36 9.238656514138967e-34 4254258
26.8883 1.622168116238866e-36 9.090014287465391e-34 4252478
26.9345 1.67501358163027e-36 9.088513840749835e-34 4270698
26.9807 1.689804417995842e-36 8.942085102122811e-34 4278122
27.0269 1.720542168726699e-36 9.036972087269827e-34 4309898
27.0731 1.70711157831422e-36 9.168340467093732e-34 4317150
27.1193 1.686793433097249e-36 9.362504142802835e-34 4329698
27.1655 1.656713736323748e-36 9.578380435524639e-34 4340826
27.2117 1.657522530321328e-36 9.723427238321037e-34 4359590
27.2579 1.655727781123564e-36 9.789331118579843e-34 4376850
27.3041 1.689595958909523e-36 9.756797351903946e-34 4386674
27.3503 1.722657928799973e-36 9.595470872020869e-34 4401782
27.3965 1.77342213770212e-36 9.457148454269311e-34 4419210
27.4427 1.834493755177431e-36 9.347954748910257e-34 4446482
27.4889 1.860592121900497e-36 9.203625345585944e-34 4435554
27.5351 1.86849460804477e-36 9.256306416780547e-34 4468934
27.5813 1.866283853076806e-36 9.389368585808119e-34 4477650
27.6275 1.831356091995386e-36 9.664308832825907e-34 4491218
27.6737 1.801902989900711e-36 1.00382776821131e-33 4510358
27.7199 1.745243695945386e-36 1.039547037381005e-33 4518594
27.7661 1.715853429014232e-36 1.068957178099095e-33 4544474
27.8123 1.702459426537739e-36 1.085201143913656e-33 4552098
27.8585 1.726179082526212e-36 1.090579689683418e-33 4574990
27.9047 1.755975969514413e-36 1.075319641181194e-33 4577210
27.9509 1.814402124139259e-36 1.064373296406307e-33 4608186
27.9971 1.845566842420251e-36 1.050495744191935e-33 4610198
28.0433 1.880109258127933e-36 1.047580858581257e-33 4628898
28.0895 1.851521934907529e-36 1.052952575906122e-33 4641170
28.1357 1.849350670169044e-36 1.070932785919375e-33 4662462
28.1819 1.814113490723888e-36 1.09412686737236e-33 4681442
28.2281 1.806095130376733e-36 1.115666518730369e-33 4687850
28.2743 1.793822124705164e-36 1.135501425864868e-33 4708818
28.3205 1.820993147367617e-36 1.13814098905272e-33 4721534
28.3667 1.857787630183915e-36 1.118252991429202e-33 4732770
28.4129 1.918133275779388e-36 1.097932750385744e-33 4753346
28.4591 1.969627381555295e-36 1.072476019626719e-33 4772886
28.5053 2.01849407105298e-36 1.056794333813899e-33 4785098
28.5515 2.043629614917005e-36 1.052397606496161e-33 4795394
28.5977 2.046587592781634e-36 1.069081785253223e-33 4813986
28.6439 2.013094316370631e-36 1.100791315738952e-33 4832654
28.6901 1.970579739960863e-36 1.139480604709597e-33 4849362
28.7363 1.940743665627599e-36 1.18425366602806e-33 4858322
28.7825 1.91025209148868e-36 1.220088398848572e-33 4871286
28.8287 1.864454356855047e-36 1.251305583573412e-33 4894370
28.8749 1.880067527296313e-36 1.246787920659208e-33 4914650
28.9211 1.889747957880892e-36 1.254811959750221e-33 4919658
28.9673 1.922192697106569e-36 1.240415777547568e-33 4941638
29.0135 1.957949916062767e-36 1.228241204592596e-33 4965954
29.0597 1.986769661426331e-36 1.222016363680761e-33 4971770
29.1059 2.016749858911955e-36 1.218702627887409e-33 4985702
29.1521 2.057805699112053e-36 1.225148179544051e-33 4996314
29.1983 2.047870601303248e-36 1.239116662957535e-33 5021258
29.2445 2.053691773241707e-36 1.262527992998204e-33 5038470
29.2907 2.037526706025403e-36 1.282138412222249e-33 5048570
29.3369 2.039758986798234e-36 1.304182759340389e-33 5067786
29.3831 2.095548911163692e-36 1.316467343038062e-33 5084402
29.4293 2.129624203117711e-36 1.315978662539226e-33 5104238
29.4755 2.215518917698675e-36 1.293135699597492e-33 5101890
29.5217 2.366663352666268e-36 1.280296579813339e-33 5129594
29.5679 2.209485030643476e-36 1.243408434680556e-33 5149086
29.6141 2.403788524926581e-36 1.239041773237732e-33 5168834
29.6603 2.304001009836795e-36 1.233660706704237e-33 5172306
29.7065 2.254405686807324e-36 1.250321213283612e-33 5199218
29.7527 2.244153015048786e-36 1.282415258127992e-33 5215430
29.7989 2.186617334967331e-36 1.325714662076617e-33 5229066
29.8451 2.113599845235886e-36 1.367156901057092e-33 5244530
29.8913 2.068385822767687e-36 1.416323419183939e-33 5262870
29.9375 2.024215902115095e-36 1.425089863143559e-33 5272562
29.9837 2.030426320709749e-36 1.439317295583912e-33 5290098
30.0299 2.056655196393347e-36 1.439244991220298e-33 5314358
30.0761 2.092909917521653e-36 1.425680679598466e-33 5322098
30.1223 2.13146513907194e-36 1.407431030352627e-33 5341026
30.1685 2.158669885468675e-36 1.39466314712885e-33 5366858
30.2147 2.189389073526577e-36 1.394465121672365e-33 5374422
30.2609 2.208517166013681e-36 1.401832518978113e-33 5377730
30.3071 2.179203768786011e-36 1.423104674112279e-33 5409410
30.3533 2.191382480861896e-36 1.440422637230897e-33 5434014
30.3995 2.166321399603271e-36 1.474142835726963e-33 5438882
30.4457 2.149156147258047e-36 1.496761591813005e-33 5456178
30.4919 2.131304287392462e-36 1.505699805662282e-33 5469242
30.5381 2.147517806860209e-36 1.510272042585741e-33 5496174
30.5843 2.173029209558341e-36 1.504748878185855e-33 5505530
30.6305 2.214401481914388e-36 1.492681595830084e-33 5521202
30.6767 2.254371666564126e-36 1.467340385128652e-33 5544126
30.7229 2.307749238348569e-36 1.448971633526065e-33 5560106
30.7691 2.355466223439873e-36 1.43791655834462e-33 5579754
30.8153 2.375594848262889e-36 1.427562610654991e-33 5576270
30.8615 2.383863175213701e-36 1.43717471839197e-33 5607138
30.9077 2.380823547214849e-36 1.462432950543171e-33 5625026
30.9539 2.363469535834333e-36 1.500974908114095e-33 5646698
31.0001 2.321235185040714e-36 1.541855347717377e-33 5649126
31.0463 2.240238000596869e-36 1.585006859447315e-33 5676434
31.0925 2.230634128549772e-36 1.61529829844442e-33 5687418
31.1387 2.207565242410733e-36 1.655364992533346e-33 5715830
31.1849 2.208992160847407e-36 1.679916222720448e-33 5729210
31.2311 2.225056796872615e-36 1.669783711023439e-33 5744802
31.2773 2.263982145684987e-36 1.654297835116022e-33 5752154
31.3235 2.305998084318078e-36 1.637752150868319e-33 5786382
31.3697 2.344530526144965e-36 1.621965924786539e-33 5784146
31.4159 2.354958861029852e-36 1.620220335532973e-33 5812146
31.4621 2.367214664487061e-36 1.629123011538387e-33 5830166
31.5083 2.371763627953862e-36 1.645250301079803e-33 5845850
31.5545 2.366290115108779e-36 1.674148519400524e-33 5862834
31.6007 2.335246914596065e-36 1.694719973093247e-33 5876066
31.6469 2.337046004622085e-36 1.714815374638756e-33 5905854
31.6931 2.335134297388818e-36 1.734327883006843e-33 5902274
31.7393 2.365720232250276e-36 1.741930010870308e-33 5931258
31.7855 2.381551336665612e-36 1.740537053685765e-33 5954966
31.8317 2.402531664586906e-36 1.715394268452285e-33 5965346
31.8779 2.445216752516033e-36 1.706719390664233e-33 5977818
31.9241 2.478602866468231e-36 1.698109400609352e-33 6004718
31.9703 2.501156998069646e-36 1.685857170097802e-33 6011706
32.0165 2.544161262009334e-36 1.684489731718173e-33 6045770
32.0627 2.567381377667157e-36 1.67973065611201e-33 6041586
32.1089 2.586834300436912e-36 1.696120895456786e-33 6073166
32.1551 2.540977884337536e-36 1.719182535712446e-33 6078962
32.2013 2.54390589892313e-36 1.75859556902945e-33 6114258
32.2475 2.496938589330501e-36 1.795238821787075e-33 6123086
32.2937 2.46247717597053e-36 1.839746204774222e-33 6136770
32.3399 2.440612108446649e-36 1.875229796489065e-33 6154898
32.3861 2.451438784270946e-36 1.898126117980947e-33 6178610
32.4323 2.491683879958954e-36 1.913024692537292e-33 6197982
32.4785 2.525977433601596e-36 1.906670166559746e-33 6205322
32.5247 2.458726293154366e-36 1.866470750505158e-33 6218850
32.5709 2.62314637243925e-36 1.868377516722998e-33 6249542
32.6171 2.621148349013638e-36 1.886131988082113e-33 6274146
32.6633 2.629671481440561e-36 1.88005369781858e-33 6270242
32.7095 2.650613594691658e-36 1.881858297934803e-33 6305222
32.7557 2.656123408326186e-36 1.906107815516817e-33 6325026
32.8019 2.606628040696123e-36 1.91618649086753e-33 6331922
32.8481 2.612000891444635e-36 1.943064105939572e-33 6343698
32.8943 2.580189193717502e-36 1.97792372357986e-33 6375158
32.9405 2.572955042022395e-36 1.994698579159514e-33 6392178
32.9867 2.567101300355199e-36 2.017659286199927e-33 6412826
33.0329 2.558847240806223e-36 2.027263884000321e-33 6407078
33.0791 2.578660568642824e-36 2.040420346276378e-33 6447954
33.1253 2.599750093353653e-36 2.026889176045778e-33 6456026
33.1715 2.635941305682104e-36 2.021264459663471e-33 6482034
33.2177 2.694505153330033e-36 2.006756588559306e-33 6492878
33.2639 2.707282809919248e-36 1.981439010267281e-33 6502074
33.3101 2.766915828568599e-36 1.974153402547227e-33 6542930
33.3563 2.822183913540964e-36 1.963861875377237e-33 6556598
33.4025 2.85871567277129e-36 1.959408918436453e-33 6570330
33.4487 2.847922799076977e-36 1.9680464197241e-33 6581882
33.4949 2.851534031991482e-36 2.002539470098293e-33 6612546
33.5411 2.837271606649416e-36 2.041487827495658e-33 6628622
33.5873 2.78059148922647e-36 2.091676920927924e-33 6629498
33.6335 2.730413836740908e-36 2.150598892396297e-33 6659250
33.6797 2.710561844029942e-36 2.206727853120586e-33 6686006
33.7259 2.677584083383423e-36 2.246679090121614e-33 6693786
33.7721 2.676715380784324e-36 2.286101143527631e-33 6711554
33.8183 2.672383687202137e-36 2.286410884882627e-33 6735678
33.8645 2.717273268677008e-36 2.296130101792866e-33 6754754
33.9107 2.756438229274231e-36 2.280878422860588e-33 6776570
33.9569 2.80223815910137e-36 2.265014461681677e-33 6767394
34.0031 2.818563800247037e-36 2.238771975375338e-33 6818246
34.0493 2.839597883939743e-36 2.235160584764189e-33 6830562
34.0955 2.876948415905645e-36 2.243630815937044e-33 6839186
34.1417 2.911878533431877e-36 2.252678348060593e-33 6861462
34.1879 2.899061491347804e-36 2.25953599200173e-33 6880394
34.2341 2.911182844859662e-36 2.280539116127245e-33 6907178
34.2803 2.89611441404629e-36 2.301249738243586e-33 6917034
34.3265 2.887911435653808e-36 2.330198675585336e-33 6937934
34.3727 2.864472983842303e-36 2.341913478478108e-33 6947250
34.4189 2.873401105469251e-36 2.363894107678728e-33 6982106
34.4651 2.873788040277674e-36 2.390671931784947e-33 6995718
34.5113 2.886822695520592e-36 2.411030875149953e-33 7006682
34.5575 2.910384367133407e-36 2.413179167786695e-33 7035866
34.6037 2.947881751832642e-36 2.405763425272008e-33 7054110
34.6499 2.992931573211212e-36 2.387859981931272e-33 7059194
34.6961 3.064672851631228e-36 2.372132682595839e-33 7091802
34.7423 3.074570034433502e-36 2.339653451953635e-33 7100666
34.7885 3.117552257355378e-36 2.331244531728742e-33 7129070
34.8347 3.143751350280136e-36 2.330850124468103e-33 7143282
34.8809 3.183900935842999e-36 2.34387391386101e-33 7161482
34.9271 3.18694924130894e-36 2.367612766737432e-33 7184694
34.9733 3.179367656903189e-36 2.403089622238624e-33 7203914
35.0195 3.147894940862917e-36 2.447470274910941e-33 7219746
35.0657 3.112228649737022e-36 2.491758357980054e-33 7228634
35.1119 3.08218684701354e-36 2.535441979186994e-33 7271990
35.1581 3.078606270714589e-36 2.564276568593112e-33 7266786
35.2043 3.049318436987433e-36 2.595562364759229e-33 7293650
35.2505 3.082590829159255e-36 2.647888935977897e-33 7324086
35.2967 3.096658474364349e-36 2.666289354205314e-33 7338650
35.3429 3.133154870864525e-36 2.680101980770108e-33 7351962
35.3891 3.183891396418557e-36 2.677467892051346e-33 7357190
35.4353 3.384781024532003e-36 2.704253198364976e-33 7406042
35.4815 3.233645137289969e-36 2.648742186813553e-33 7408626
35.5277 3.393402607725372e-36 2.676964726685259e-33 7435610
35.5739 3.298268119440307e-36 2.689582510747244e-33 7453542
35.6201 3.332195812144795e-36 2.681742623443613e-33 7464002
35.6663 3.36289074088585e-36 2.688016511136263e-33 7493546
35.7125 3.349234625483041e-36 2.693380010199596e-33 7510806
35.7587 3.320048078456135e-36 2.711667168657415e-33 7532114
35.8049 3.290851832649202e-36 2.730277090608891e-33 7536234
35.8511 3.26572722550245e-36 2.766652647264393e-33 7565834
35.8973 3.242336668238976e-36 2.804438708874265e-33 7603062
35.9435 3.220382779674766e-36 2.820705797739914e-33 7593890
35.9897 3.231052529513294e-36 2.86678528576551e-33 7622906
36.0359 3.221976113131574e-36 2.88642598466039e-33 7646622
36.0821 3.247229913757958e-36 2.884724515823554e-33 7672058
36.1283 3.272125875921811e-36 2.86665652937463e-33 7679346
36.1745 3.309263928701971e-36 2.8523909291453e-33 7693058
36.2207 3.340806909460117e-36 2.832227878720294e-33 7732158
36.2669 3.366121469755711e-36 2.814756744162696e-33 7746962
36.3131 3.406632160344887e-36 2.815893808479126e-33 7770986
36.3593 3.450776744548601e-36 2.805691525883567e-33 7772094
36.4055 3.489017715753134e-36 2.804059701755395e-33 7803818
36.4517 3.516602733898268e-36 2.809620555794383e-33 7834338
36.4979 3.523197927927807e-36 2.805205663808966e-33 7833710
36.5441 3.546152800942352e-36 2.821714963580079e-33 7858794
36.5903 3.523541564898501e-36 2.846363976851311e-33 7884290
36.6365 3.501606932131643e-36 2.871160863651313e-33 7901522
36.6827 3.508925421786593e-36 2.909891262529123e-33 7930662
36.7289 3.486241376115621e-36 2.951329434101212e-33 7934426
36.7751 3.458451921833806e-36 3.007792211184717e-33 7967322
36.8213 3.427229138857073e-36 3.050657294771291e-33 7981934
36.8675 3.404867005448232e-36 3.102771505792292e-33 8003282
36.9137 3.398416520248838e-36 3.139687037804067e-33 8019666
36.9599 3.348165147173342e-36 3.139634447966427e-33 8034482
37.0061 3.387685791503563e-36 3.177351612786555e-33 8068542
37.0523 3.384559425031627e-36 3.217618509381537e-33 8088290
37.0985 3.412974285317929e-36 3.233822282654433e-33 8096322
37.1447 3.436013379070851e-36 3.231066710234512e-33 8122646
37.1909 3.486230596920996e-36 3.236398449561523e-33 8150138
37.2371 3.516770934049076e-36 3.219478510645146e-33 8165322
37.2833 3.558493725347136e-36 3.222109580808162e-33 8182574
37.3295 3.581849351852588e-36 3.203047297526819e-33 8203698
37.3757 3.590755915568753e-36 3.202041194778115e-33 8226914
37.4219 3.615297756140808e-36 3.210643163720124e-33 8246898
37.4681 3.628726683653819e-36 3.220307995696748e-33 8261774
37.5143 3.629845462319723e-36 3.230592658322807e-33 8279426
37.5605 3.644071860209101e-36 3.256652707794091e-33 8308722
37.6067 3.656191387983043e-36 3.279335866217081e-33 8326214
37.6529 3.628786678758439e-36 3.305718348295605e-33 8342682
37.6991 3.575937688361092e-36 3.311776708328705e-33 8360834
37.7453 3.6054359573934e-36 3.341549714974076e-33 8393226
37.7915 3.599259891370477e-36 3.398018958252412e-33 8420150
37.8377 3.595882720932414e-36 3.418999904266923e-33 8421986
37.8839 3.585906045262167e-36 3.439181300624062e-33 8445714
37.9301 3.592181154379992e-36 3.45240741292394e-33 8472590
37.9763 3.624088699869935e-36 3.459301984801882e-33 8495370
38.0225 3.6571072378914e-36 3.456053823740337e-33 8512802
38.0687 3.675940317759365e-36 3.432045108835914e-33 8523290
38.1149 3.719568709906528e-36 3.423212821055969e-33 8570982
38.1611 3.761978474872387e-36 3.414167314351913e-33 8568458
38.2073 3.810773367983727e-36 3.409455404195495e-33 8586498
38.2535 3.842916948118672e-36 3.402795910152061e-33 8608838
38.2997 3.888866065422079e-36 3.406080357122557e-33 8645610
38.3459 3.973073321772671e-36 3.415000762169489e-33 8658386
38.3921 4.014411404468364e-36 3.419917734113877e-33 8668598
38.4383 3.883615791923048e-36 3.426468145019689e-33 8697426
38.4845 4.046179040698386e-36 3.446889230161206e-33 8722562
38.5307 4.000852861902106e-36 3.45312579299595e-33 8737962
38.5769 3.988747540465383e-36 3.496593637422678e-33 8771366
38.6231 3.933066117194733e-36 3.507357107137825e-33 8771010
38.6693 3.952649356600748e-36 3.553351392278639e-33 8822618
38.7155 3.894096490177003e-36 3.584287331690262e-33 8807726
38.7617 3.894595723717809e-36 3.638935304675901e-33 8844618
38.8079 3.855866325033086e-36 3.67541666364701e-33 8868722
38.8541 3.844513822803617e-36 3.717377185062649e-33 8891394
38.9003 3.825543320997714e-36 3.766789649116932e-33 8911934
38.9465 3.830058768491367e-36 3.809911164658861e-33 8923938
38.9927 3.816342892738436e-36 3.839591164041192e-33 8953682
39.0389 3.830245377501744e-36 3.87634813744838e-33 8981966
39.0851 3.84021619910533e-36 3.875226909813237e-33 8990442
39.1313 3.863727250591905e-36 3.889790346288367e-33 9007874
39.1775 3.873675849543187e-36 3.871518106373969e-33 9038982
39.2237 3.90515156484302e-36 3.894763690290435e-33 9068570
39.2699 3.903605412172971e-36 3.910851764110637e-33 9085250
39.3161 3.928525426561207e-36 3.913259484124939e-33 9084690
39.3623 3.966349712692513e-36 3.918601817166138e-33 9128654
39.4085 3.991913444710296e-36 3.931570957538181e-33 9133170
39.4547 4.020316821275124e-36 3.940262900604338e-33 9185882
39.5009 4.038394054402722e-36 3.932047480170035e-33 9163254
39.5471 4.075072714964033e-36 3.939551051550429e-33 9220130
39.5933 4.097834014228844e-36 3.945589671886474e-33 9233138
39.6395 4.116959609880692e-36 3.954575483225187e-33 9249378
39.6857 4.138652995152245e-36 3.977293929571039e-33 9271550
39.7319 4.141349763307563e-36 3.990358328601417e-33 9286266
39.7781 4.155810049254345e-36 4.024815840557433e-33 9320762
39.8243 4.16318150685914e-36 4.044001234908077e-33 9326718
39.8705 4.171798338011708e-36 4.088024601999789e-33 9354602
39.9167 4.113923103390008e-36 4.100914076246749e-33 9384122
39.9629 4.149739605835939e-36 4.120799962469357e-33 9400482
40.0091 4.177243855553181e-36 4.173574542751766e-33 9432638
40.0553 4.177818913368089e-36 4.218137786041466e-33 9445314
40.1015 4.166611756465299e-36 4.247632937291874e-33 9477290
40.1477 4.181444479669539e-36 4.263319402131923e-33 9489182
40.1939 4.184073852065805e-36 4.29375136952719e-33 9506706
40.2401 4.223391002844708e-36 4.308153596128784e-33 9533978
40.2863 4.217354453418539e-36 4.305335026271312e-33 9553662
40.3325 4.229454527427229e-36 4.330476433316994e-33 9579506
40.3787 4.263395105692225e-36 4.346870641923384e-33 9607866
40.4249 4.281804119778226e-36 4.351966800291562e-33 9608354
40.4711 4.324483344194541e-36 4.368853241617328e-33 9643862
40.5173 4.372244866688387e-36 4.371113736769407e-33 9670578
40.5635 4.418728069819e-36 4.360102733923186e-33 9687890
40.6097 4.470315949972223e-36 4.334719444957827e-33 9693294
40.6559 4.451313106826243e-36 4.317270599114139e-33 9736034
40.7021 4.484838715463124e-36 4.324028962488795e-33 9758946
40.7483 4.526552263380646e-36 4.328100215973183e-33 9778994
40.7945 4.547461212336058e-36 4.332197001650312e-33 9796814
40.8407 4.553960258555983e-36 4.334295907140756e-33 9816882
40.8869 4.5740258786669e-36 4.36370748139078e-33 9850514
40.9331 4.592666599661311e-36 4.370801716507622e-33 9856062
40.9793 4.604882672539135e-36 4.392356389189066e-33 9886706
41.0255 4.611213584471559e-36 4.413354703949463e-33 9916194
41.0717 4.638780313535994e-36 4.43016219881873e-33 9924854
41.1179 4.685168884643904e-36 4.45945260190189e-33 9961490
41.1641 4.737290851052515e-36 4.480979205034724e-33 9979098
41.2103 4.71886089246653e-36 4.515490625080987e-33 9990266
41.2565 4.741017345757729e-36 4.541974617805501e-33 10012398
41.3027 4.801155492238211e-36 4.585690122351018e-33 10038818
41.3489 4.93193898752772e-36 4.636183353958632e-33 10072082
41.3951 4.604142957352165e-36 4.656573452635979e-33 10082670
41.4413 4.917096604471972e-36 4.701081772027316e-33 10123226
41.4875 4.843644184477426e-36 4.77050868411235e-33 10134834
41.5337 4.863088791261216e-36 4.838666460499049e-33 10151450
41.5799 4.7424968190021e-36 4.896559463193938e-33 10184118
41.6261 4.719191002406762e-36 4.939969867213477e-33 10199810
41.6723 4.686365059801602e-36 4.983422003500856e-33 10230386
41.7185 4.654491739109364e-36 4.98776184273637e-33 10238334
41.7647 4.64439698241257e-36 5.004690456578276e-33 10271594
41.8109 4.641295916667334e-36 5.018002831800101e-33 10298418
41.8571 4.639972626815606e-36 5.044375205657318e-33 10306814
41.9033 4.661808900557634e-36 5.083449960914333e-33 10341306
41.9495 4.657530580982519e-36 5.077069924422528e-33 10362842
41.9957 4.689057391882251e-36 5.107666557142645e-33 10388834
42.0419 4.710041895359358e-36 5.114851571761301e-33 10395630
42.0881 4.745533377336503e-36 5.129873929197716e-33 10425362
42.1343 4.75833190091922e-36 5.12946172471861e-33 10454274
42.1805 4.776356277738002e-36 5.13671902285375e-33 10478294
42.2267 4.809339286625732e-36 5.160041429190063e-33 10501818
42.2729 4.83673306677486e-36 5.155584599389735e-33 10514810
42.3191 4.875859052465751e-36 5.164797122815242e-33 10548842
42.3653 4.894553488564486e-36 5.174401487536169e-33 10566462
42.4115 4.915971355634023e-36 5.175783573451105e-33 10586810
42.4577 4.951400260458313e-36 5.189935585861724e-33 10614954
42.5039 4.942463469563709e-36 5.191097313525912e-33 10631054
42.5501 4.984869669512686e-36 5.214356659725307e-33 10662362
42.5963 4.992595253236635e-36 5.246558964903648e-33 10683354
42.6425 5.024553105974637e-36 5.262220854635424e-33 10699298
42.6887 5.029125560298334e-36 5.293495019839526e-33 10738782
42.7349 5.035756673543848e-36 5.298345801838405e-33 10744202
42.7811 5.068379557469009e-36 5.329058782259932e-33 10782186
42.8273 5.104286239203625e-36 5.340967210122644e-33 10784966
42.8735 5.044980303649691e-36 5.346082643120824e-33 10833938
42.9197 5.094627247763527e-36 5.363454437894714e-33 10848138
42.9659 5.126394325045097e-36 5.421787655921433e-33 10873766
43.0121 5.136385165424707e-36 5.454593562806612e-33 10886970
43.0583 5.130989859803e-36 5.488594907319802e-33 10912442
43.1045 5.1238756880062e-36 5.512550355522573e-33 10936698
43.1507 5.129534794309959e-36 5.556443310222885e-33 10966142
43.1969 5.116919053045625e-36 5.567884032350063e-33 10968746
43.2431 5.112838575447282e-36 5.60116601501866e-33 11014602
43.2893 5.127332054870254e-36 5.631934396331098e-33 11042774
43.3355 5.13828547658327e-36 5.648408346036622e-33 11061474
43.3817 5.138744776662152e-36 5.684718681885912e-33 11072450
43.4279 5.146487024904396e-36 5.706275399001541e-33 11096922
43.4741 5.163003036605318e-36 5.734175720122305e-33 11146526
43.5203 5.168693490253414e-36 5.737241629274159e-33 11145602
43.5665 5.190729682827529e-36 5.747914919737171e-33 11168442
43.6127 5.149095751272898e-36 5.73447071888956e-33 11181086
43.6589 5.19247722213411e-36 5.788976731815806e-33 11250114
43.7051 5.182363674813236e-36 5.81770021110293e-33 11242106
43.7513 5.197617376211203e-36 5.840798063192849e-33 11265446
43.7975 5.204920656462376e-36 5.875219297154675e-33 11285490
43.8437 5.23994644146505e-36 5.906863889820546e-33 11335922
43.8899 5.248719646150375e-36 5.90745975390707e-33 11330130
43.9361 5.258793473188685e-36 5.927243317044732e-33 11357270
43.9823 5.275732540357017e-36 5.921856839109322e-33 11389098
44.0285 5.306458782205237e-36 5.950200981316199e-33 11426642
44.0747 5.333171347846622e-36 5.967933108348244e-33 11431358
44.1209 5.412103568308104e-36 6.020687061387549e-33 11462298
44.1671 5.416556569756264e-36 5.999931550438047e-33 11479202
44.2133 5.460211205558338e-36 6.003496536131095e-33 11509746
44.2595 5.521564561609702e-36 6.0213814723645e-33 11523062
44.3057 5.549783063108232e-36 6.027391045442901e-33 11556210
44.3519 5.440924760882638e-36 6.015322017080194e-33 11588282
44.3981 5.592405130924752e-36 6.04647939907513e-33 11599646
44.4443 5.602924694410235e-36 6.1154520763897e-33 11645274
44.4905 5.604024249204242e-36 6.114546625124999e-33 11649338
44.5367 5.607236530528907e-36 6.138976111714596e-33 11665386
44.5829 5.687836541806553e-36 6.169485895786774e-33 11719286
44.6291 5.698379160592008e-36 6.184166101967224e-33 11720738
44.6753 5.723559661219279e-36 6.168523808818173e-33 11755074
44.7215 5.709425432007869e-36 6.169984272217398e-33 11767166
44.7677 5.78279399712654e-36 6.214277041706766e-33 11813346
44.8139 5.775718226483034e-36 6.2133052345578e-33 11825450
44.8601 5.869971713207638e-36 6.251621943883182e-33 11828814
44.9063 5.983198333542786e-36 6.296113353468294e-33 11884418
44.9525 5.921076658501299e-36 6.294829809074082e-33 11900378
44.9987 5.944497706319918e-36 6.303967333321159e-33 11908002
45.0449 5.907475200834661e-36 6.327276365388795e-33 11937470
45.0911 5.986254156245709e-36 6.364219902314149e-33 11981346
45.1373 6.092290045204665e-36 6.399783960272019e-33 11998154
45.1835 6.064283331152549e-36 6.397139537463953e-33 12015798
45.2297 6.131684838980883e-36 6.437211004323754e-33 12046586
45.2759 6.176066596948271e-36 6.448098430637592e-33 12073226
45.3221 6.101100232395311e-36 6.448774390658342e-33 12089370
45.3683 6.145702281756589e-36 6.481197175123672e-33 12123662
45.4145 6.202572953866717e-36 6.506414328564411e-33 12129018
45.4607 6.324997978006365e-36 6.533785705340654e-33 12168698
45.5069 6.248955064318298e-36 6.559348574387895e-33 12191070
45.5531 6.325145382146322e-36 6.600653088217906e-33 12237290
45.5993 6.385846054255685e-36 6.618824213020064e-33 12237434
45.6455 6.321971086476335e-36 6.641971561686635e-33 12269430
45.6917 6.361155992795822e-36 6.674331408058784e-33 12288314
45.7379 6.487683574813464e-36 6.707951600435226e-33 12312018
45.7841 6.519232737170463e-36 6.72518561859565e-33 12333770
45.8303 6.369855461090849e-36 6.747734795978388e-33 12362654
45.8765 6.53011908725132e-36 6.788804292265107e-33 12405282
45.9227 6.415926409059643e-36 6.783214988664461e-33 12414842
45.9689 6.464003219927384e-36 6.810335909755894e-33 12433278
46.0151 6.483942756407065e-36 6.847212343899134e-33 12469442
46.0613 6.472085339640681e-36 6.878753065375099e-33 12497106
46.1075 6.636118944903009e-36 6.903228680585328e-33 12513074
46.1537 6.657900517794404e-36 6.969754802269882e-33 12531902
46.1999 6.516297600762465e-36 6.989479633028398e-33 12567690
46.2461 6.567689954433334e-36 7.022651649152541e-33 12603338
46.2923 6.577960621261299e-36 7.048658178199828e-33 12612726
46.3385 6.596501029465548e-36 7.084262974022064e-33 12634802
46.3847 6.621936901980976e-36 7.124226947411662e-33 12662730
46.4309 6.850524856687588e-36 7.175047648560628e-33 12699086
46.4771 6.765040030688894e-36 7.253632262816067e-33 12711074
46.5233 6.839958839042501e-36 7.258214818697155e-33 12739098
46.5695 6.745748103324938e-36 7.287747646798257e-33 12769490
46.6157 6.727552688031517e-36 7.315386571456922e-33 12799686
46.6619 6.828381616168094e-36 7.316770013569996e-33 12828626
46.7081 6.769719953704755e-36 7.35343460870141e-33 12832794
46.7543 6.962859804527856e-36 7.395567567825673e-33 12875942
46.8005 7.063985650379439e-36 7.457649005499393e-33 12906314
46.8467 6.961476029192919e-36 7.501787153332642e-33 12913122
46.8929 7.04666755786814e-36 7.512552262526733e-33 12937346
46.9391 7.056871288370591e-36 7.552278054080266e-33 12973374
46.9853 7.144968752516995e-36 7.606462609431191e-33 13008170
47.0315 7.097555895132503e-36 7.629457719595872e-33 13025810
47.0777 7.289136367297586e-36 7.637970407311512e-33 13033590
47.1239 7.472836606747399e-36 7.684504844312401e-33 13083698
47.1701 7.5905322014362e-36 7.721593687378816e-33 13094706
47.2163 8.21718381425274e-36 7.737447470093806e-33 13119002
47.2625 8.071463703303534e-36 7.772301398779045e-33 13146318
47.3087 7.206959479659545e-36 7.750192795606628e-33 13167383
47.3549 6.458015174939229e-36 7.664949327865571e-33 13180844
47.4011 6.308219562902072e-36 7.584652671800644e-33 13147596
47.4473 6.273827114773762e-36 7.584637393939783e-33 13144028
47.4935 6.256323692749511e-36 7.582657514842257e-33 13122684
47.5397 6.240615684497398e-36 7.584009411029268e-33 13103336
47.5859 6.23255908863176e-36 7.611394117612217e-33 13108416
47.6321 6.210521380022181e-36 7.614349708493924e-33 13073744
47.6783 6.203609468022011e-36 7.643655835932497e-33 13076900
47.7245 6.171371311448134e-36 7.647308761000358e-33 13051992
47.7707 6.170542669187838e-36 7.666560123033907e-33 13056752
47.8169 6.162194907227066e-36 7.685905221841962e-33 13036344
47.8631 6.143374530476824e-36 7.677732312993326e-33 13009832
47.9093 6.146000495745965e-36 7.683098141658386e-33 12996668
47.9555 6.15033596635098e-36 7.699758145297459e-33 13003248
48.0017 6.136129089109632e-36 7.6915297395102e-33 12967172
48.0479 6.140040051278637e-36 7.701544952111492e-33 12963480
48.0941 6.127742801018053e-36 7.712533864388894e-33 12954260
48.1403 6.127175698523698e-36 7.72303208926757e-33 12942432
48.1865 6.110328010552642e-36 7.733934414886675e-33 12924296
48.2327 6.103617620599599e-36 7.739299415199909e-33 12903392
48.2789 6.108816866500081e-36 7.759541186466012e-33 12906168
48.3251 6.085182585545261e-36 7.751851596333815e-33 12873656
48.3713 6.090161398939759e-36 7.774771737905798e-33 12870720
48.4175 6.082183123617955e-36 7.778578707504997e-33 12855428
48.4637 6.072552639654714e-36 7.789136683882314e-33 12842256
48.5099 6.073889266217052e-36 7.789754644736111e-33 12820304
48.5561 6.066636507510689e-36 7.801431557620724e-33 12820328
48.6023 6.063364018539683e-36 7.805040566702003e-33 12794856
48.6485 6.064747992438382e-36 7.806756248077078e-33 12787940
48.6947 6.051007240848282e-36 7.793127132997844e-33 12748392
48.7409 6.069579847564701e-36 7.802135109160426e-33 12752756
48.7871 6.06073777445178e-36 7.799395150598417e-33 12732036
48.8333 6.063077809811148e-36 7.810023643129302e-33 12737132
48.8795 6.051809671067584e-36 7.8157028299376e-33 12712976
48.9257 6.052244188812438e-36 7.826466526559314e-33 12696348
48.9719 6.034579559176993e-36 7.835293236754903e-33 12673892
49.0181 6.025723562434876e-36 7.860161860206999e-33 12677316
49.0643 6.009326803408006e-36 7.87835930973902e-33 12650384
49.1105 5.988421641043348e-36 7.884479246646774e-33 12621344
49.1567 5.995615778511077e-36 7.912368062497163e-33 12624204
49.2029 5.985621784023999e-36 7.924110877180817e-33 12615632
49.2491 5.976320781108342e-36 7.931997998965879e-33 12600420
49.2953 5.968382513803517e-36 7.928642611197136e-33 12570224
49.3415 5.963467469987203e-36 7.939700682270561e-33 12566868
49.3877 5.967311938304259e-36 7.945994011684049e-33 12545828
49.4339 5.960618785200182e-36 7.954415135869004e-33 12538232
49.4801 5.941586882200988e-36 7.946323721862106e-33 12496452
49.5263 5.944357922577601e-36 7.964985499932343e-33 12502688
49.5725 5.946162852843929e-36 7.970429306027169e-33 12498708
49.6187 5.943542686815581e-36 7.971649567183903e-33 12469640
49.6649 5.926353147427969e-36 7.962424856052165e-33 12440136
49.7111 5.943402363309252e-36 7.992335382143659e-33 12442412
49.7573 5.933354997022496e-36 7.997051523737225e-33 12433712
49.8035 5.927195523542457e-36 8.003077781841233e-33 12410544
49.8497 5.910043598498619e-36 7.998588751975279e-33 12381512
49.8959 5.908313820460491e-36 8.016849215243908e-33 12378960
49.9421 5.910035835122938e-36 8.028250333149197e-33 12366872
49.9883 5.893052709935306e-36 8.035137872563501e-33 12345588
50.0345 5.89038637188119e-36 8.046430881408995e-33 12327008
50.0807 5.880193270838024e-36 8.040070218320287e-33 12313388
50.1269 5.894238337666339e-36 8.05889706591792e-33 12306768
50.1731 5.885485588707881e-36 8.039359451111504e-33 12275504
50.2193 5.889454966681171e-36 8.045320605849659e-33 12265620
50.2655 5.886313280033198e-36 8.036048262418357e-33 12236324
50.3117 5.895552927808803e-36 8.049502407026252e-33 12253880
50.3579 5.887616714245891e-36 8.04853021747313e-33 12219756
50.4041 5.882610493245425e-36 8.038277349153308e-33 12195524
50.4503 5.872515605077576e-36 8.055364022871171e-33 12189000
50.4965 5.872528175785796e-36 8.071519120643079e-33 12170168
50.5427 5.854364909061318e-36 8.075534515147799e-33 12147588
50.5889 5.848286351883372e-36 8.088222207348957e-33 12134360
50.6351 5.835393144898749e-36 8.109922291155276e-33 12122816
50.6813 5.82916574433677e-36 8.118636349359082e-33 12107580
50.7275 5.828155151926289e-36 8.134011271064682e-33 12098972
50.7737 5.796345261096371e-36 8.123587440516814e-33 12054744
50.8199 5.80566853600227e-36 8.15344070641188e-33 12056912
50.8661 5.790581455734427e-36 8.160615449361082e-33 12039108
50.9123 5.7909914950791e-36 8.161682528145439e-33 12019400
50.9585 5.780101993465654e-36 8.15944353324736e-33 11996936
51.0047 5.769058752749229e-36 8.163539205881308e-33 11979744
51.0509 5.777209608918011e-36 8.176641547537448e-33 11975504
51.0971 5.776740718213329e-36 8.186051251599542e-33 11963472
51.1433 5.766709337383217e-36 8.178559725813324e-33 11928692
51.1895 5.762825387199491e-36 8.179364452972725e-33 11920356
51.2357 5.754537111723389e-36 8.178991595404925e-33 11900072
51.2819 5.766739124387666e-36 8.198214786800458e-33 11897312
51.3281 5.746780238162263e-36 8.175459062283124e-33 11857164
51.3743 5.743072541574398e-36 8.193804091907228e-33 11842556
51.4205 5.741992671900268e-36 8.209186454510808e-33 11841552
51.4667 5.726446315700959e-36 8.198625547012349e-33 11811860
51.5129 5.726865078666926e-36 8.21633346634825e-33 11798888
51.5591 5.712027305467442e-36 8.20960895122555e-33 11768748
51.6053 5.711289750229529e-36 8.243838071467556e-33 11777096
51.6515 5.693652462246354e-36 8.228333052262986e-33 11733936
51.6977 5.690488992826628e-36 8.235572364359599e-33 11714324
51.7439 5.698725780041671e-36 8.254667621658737e-33 11725020
51.7901 5.692024925962055e-36 8.240056349959057e-33 11696816
51.8363 5.686594627036183e-36 8.230825525376113e-33 11666048
51.8825 5.692840772288368e-36 8.227751915199693e-33 11661996
51.9287 5.690699438947552e-36 8.229708352795474e-33 11645228
51.9749 5.68551741617661e-36 8.224723044648402e-33 11620884
52.0211 5.675532315546002e-36 8.218853990252607e-33 11590808
52.0673 5.691126898002221e-36 8.221688363210349e-33 11587908
52.1135 5.681417694197963e-36 8.22481909907497e-33 11569028
52.1597 5.67641375658975e-36 8.231616708494327e-33 11558012
52.2059 5.661666312864134e-36 8.228452763610048e-33 11528724
52.2521 5.656226955247337e-36 8.236284379112901e-33 11506964
52.2983 5.642466061504858e-36 8.251165962582499e-33 11494536
52.3445 5.628762352628587e-36 8.264562421168248e-33 11477444
52.3907 5.618717224274269e-36 8.275091230724169e-33 11456804
52.4369 5.602125263374638e-36 8.266940300570387e-33 11428740
52.4831 5.608709243883691e-36 8.299210745960509e-33 11427272
52.5293 5.592342614719469e-36 8.301835117046928e-33 11407524
52.5755 5.575156050274294e-36 8.293655617466398e-33 11376992
52.6217 5.571468179391887e-36 8.304577565703178e-33 11363952
52.6679 5.574146425524301e-36 8.307272951021594e-33 11346680
52.7141 5.557727147292842e-36 8.304214074141323e-33 11322272
52.7603 5.557263299395869e-36 8.309543229120051e-33 11313672
52.8065 5.543926384913957e-36 8.296746187426156e-33 11276120
52.8527 5.558611695882872e-36 8.319523148899312e-33 11283648
52.8989 5.528749359095101e-36 8.309006102267139e-33 11248088
52.9451 5.534227734767352e-36 8.311018040820035e-33 11240592
52.9913 5.519911005938471e-36 8.313292531849217e-33 11217380
53.0375 5.509116015786478e-36 8.298970544537977e-33 11185436
53.0837 5.518962891860436e-36 8.311157599206284e-33 11182920
53.1299 5.496194179305974e-36 8.304127531153144e-33 11148968
53.1761 5.50577856804907e-36 8.300512632603203e-33 11132988
53.2223 5.496002352999864e-36 8.306296122521825e-33 11121068
53.2685 5.478543463413829e-36 8.296774524227028e-33 11080992
53.3147 5.490601168967912e-36 8.333294002385114e-33 11101004
53.3609 5.464976947395497e-36 8.313310448019926e-33 11052488
53.4071 5.462470222940722e-36 8.329083038632965e-33 11042760
53.4533 5.4479880672366e-36 8.323453937831378e-33 11024240
53.4995 5.440462702763879e-36 8.323001378005803e-33 11000652
53.5457 5.437514684742024e-36 8.324836861866439e-33 10983116
53.5919 5.4285068360138e-36 8.319044279797379e-33 10951520
53.6381 5.427713826070149e-36 8.332571214342251e-33 10954992
53.6843 5.418067361305205e-36 8.325360421311555e-33 10922468
53.7305 5.414716225954371e-36 8.318114161556676e-33 10900932
53.7767 5.400449031256805e-36 8.31705512109742e-33 10876700
53.8229 5.409713978469148e-36 8.312090634683893e-33 10874520
53.8691 5.398506209534191e-36 8.299075160411605e-33 10837064
53.9153 5.399480748093264e-36 8.286172634423341e-33 10811504
53.9615 5.403037552362105e-36 8.295159213067242e-33 10817724
54.0077 5.392483605099217e-36 8.284137579905474e-33 10782764
54.0539 5.381339620228556e-36 8.283594078433104e-33 10759932
54.1001 5.377707811008143e-36 8.279590001490237e-33 10739204
54.1463 5.373679609295578e-36 8.28445266241665e-33 10720560
54.1925 5.372061551366848e-36 8.289193928453248e-33 10715144
54.2387 5.352074411357083e-36 8.266535757692982e-33 10664960
54.2849 5.350048558078083e-36 8.288753466697373e-33 10661076
54.3311 5.334703395534759e-36 8.290597140215593e-33 10634540
54.3773 5.330066154645511e-36 8.306358648164638e-33 10629012
54.4235 5.310427647166878e-36 8.306790465747582e-33 10600856
54.4697 5.295877761613152e-36 8.301988700763888e-33 10566600
54.5159 5.291848475275904e-36 8.335231065218118e-33 10567232
54.5621 5.274759810823205e-36 8.311535076288194e-33 10531880
54.6083 5.276674578733231e-36 8.337314872408111e-33 10530996
54.6545 5.246275821858795e-36 8.301108448402239e-33 10477004
54.7007 5.257053016006989e-36 8.32057614791981e-33 10471488
54.7469 5.253178361587353e-36 8.334711657350986e-33 10464068
54.7931 5.23725369978624e-36 8.31068762812035e-33 10430660
54.8393 5.242198317645353e-36 8.312565105085814e-33 10419756
54.8855 5.227166021886521e-36 8.299657097531552e-33 10384784
54.9317 5.220675414445896e-36 8.314181503997584e-33 10374072
54.9779 5.215155295338036e-36 8.297580302632982e-33 10348256
55.0241 5.197644517063047e-36 8.279020639312853e-33 10318008
55.0703 5.211910208533127e-36 8.282310654583581e-33 10309604
55.1165 5.203596255935393e-36 8.279801700906464e-33 10286924
55.1627 5.186600052724864e-36 8.278176951190456e-33 10261848
55.2089 5.183218047504804e-36 8.276883965851355e-33 10243016
55.2551 5.162603828976259e-36 8.274569287599226e-33 10211616
55.3013 5.168935013606824e-36 8.285273461525521e-33 10207340
55.3475 5.145405630137494e-36 8.272799087373281e-33 10164252
55.3937 5.143406235069772e-36 8.283851155341141e-33 10159472
55.4399 5.132466851264016e-36 8.276182627659996e-33 10129184
55.4861 5.131229689396591e-36 8.278820285391296e-33 10114464
55.5323 5.128757389539578e-36 8.282848777791502e-33 10103336
55.5785 5.100399734413086e-36 8.248480620638061e-33 10049364
55.6247 5.111831985568131e-36 8.271072704115266e-33 10056980
55.6709 5.094830978690396e-36 8.26304822733357e-33 10027464
55.7171 5.087898036698319e-36 8.254272791742785e-33 10001132
55.7633 5.083580579065213e-36 8.257966597641183e-33 9984704
55.8095 5.065161930388385e-36 8.22912124077384e-33 9946872
55.8557 5.072673213549309e-36 8.249834149104863e-33 9950204
55.9019 5.054329705693632e-36 8.231482467101424e-33 9907884
55.9481 5.056018772365694e-36 8.218516167931678e-33 9890480
55.9943 5.043025334723025e-36 8.208709740563868e-33 9864212
56.0405 5.04534067647364e-36 8.209637112496517e-33 9850680
56.0867 5.043047694832122e-36 8.202035431298857e-33 9831356
56.1329 5.016619122836966e-36 8.173947212172531e-33 9781176
56.1791 5.033314077256969e-36 8.188464954868339e-33 9789368
56.2253 5.011596827192331e-36 8.178953953736401e-33 9760404
56.2715 5.008339828975563e-36 8.165816318937391e-33 9735800
56.3177 5.003286873077178e-36 8.157987973526966e-33 9711092
56.3639 4.99120362099928e-36 8.165921912252955e-33 9689040
56.4101 4.99451361296367e-36 8.150269586925087e-33 9668192
56.4563 4.969806990538069e-36 8.138982081553004e-33 9643500
56.5025 4.970015464180105e-36 8.136522557277935e-33 9617840
56.5487 4.958649607315102e-36 8.135645703637649e-33 9596220
56.5949 4.951858925172761e-36 8.139401175903585e-33 9579572
56.6411 4.936292865503768e-36 8.134028114764693e-33 9553832
56.6873 4.918944740227513e-36 8.125518883588105e-33 9523872
56.7335 4.911412208794498e-36 8.126714807845151e-33 9502856
56.7797 4.907938329576796e-36 8.136344641696621e-33 9490980
56.8259 4.893810607326856e-36 8.122947421545453e-33 9456200
56.8721 4.879521749473457e-36 8.123789511716802e-33 9434060
56.9183 4.863148554317756e-36 8.116631538413452e-33 9409128
56.9645 4.86063540224542e-36 8.122740343017431e-33 9392816
57.0107 4.845623639522044e-36 8.111082052465636e-33 9367812
57.0569 4.83542807323557e-36 8.101805697450595e-33 9335648
57.1031 4.835195658799475e-36 8.118945066461224e-33 9334140
57.1493 4.807927110616015e-36 8.091422414911637e-33 9287804
57.1955 4.808585429197072e-36 8.108840919830438e-33 9280268
57.2417 4.778325652982829e-36 8.079839622699063e-33 9232656
57.2879 4.794307912068852e-36 8.102803746007483e-33 9235316
57.3341 4.774165580752778e-36 8.078392913275411e-33 9201576
57.3803 4.76892623926334e-36 8.066073276138152e-33 9175664
57.4265 4.763400407185386e-36 8.060854959093196e-33 9151536
57.4727 4.753691450783127e-36 8.049922641381e-33 9128240
57.5189 4.753953127921149e-36 8.037737932352267e-33 9109832
57.5651 4.737003545400799e-36 8.01357085830125e-33 9072324
57.6113 4.739914037569657e-36 8.018214014617839e-33 9060392
57.6575 4.727380890776627e-36 8.005196093850018e-33 9034272
57.7037 4.717547021135996e-36 7.990867266728439e-33 9008744
57.7499 4.71085180534431e-36 7.993940890213039e-33 8989764
57.7961 4.689772158052975e-36 7.969328339805538e-33 8956412
57.8423 4.690775595441764e-36 7.976587055727024e-33 8941880
57.8885 4.676345827994667e-36 7.968839452296024e-33 8914968
57.9347 4.665190533581424e-36 7.95129356139667e-33 8881592
57.9809 4.65692152265512e-36 7.949491359142679e-33 8866164
58.0271 4.639386855269112e-36 7.930350668158307e-33 8832464
58.0733 4.643378998421366e-36 7.938868334767209e-33 8819384
58.1195 4.625195741855273e-36 7.909660479906603e-33 8784948
58.1657 4.619479488681593e-36 7.898307605069621e-33 8766056
58.2119 4.607399195825882e-36 7.902420340211407e-33 8741592
58.2581 4.588515013945953e-36 7.88910770073251e-33 8715404
58.3043 4.582613447721956e-36 7.883143390394961e-33 8693160
58.3505 4.562172847765092e-36 7.878653586097942e-33 8660528
58.3967 4.557250458260955e-36 7.871046929716205e-33 8638364
58.4429 4.547918190409223e-36 7.872962935808245e-33 8622660
58.4891 4.53728820820622e-36 7.85051369300206e-33 8587712
58.5353 4.528266608546752e-36 7.844477515000763e-33 8569368
58.5815 4.509899422603097e-36 7.820029825289883e-33 8529836
58.6277 4.517746557506716e-36 7.834180664731614e-33 8529840
58.6739 4.499532960172838e-36 7.800103901050857e-33 8486240
58.7201 4.494887797020891e-36 7.786721852951998e-33 8464964
58.7663 4.491911080761889e-36 7.769833979212654e-33 8441376
58.8125 4.470022134239055e-36 7.740992196827266e-33 8401016
58.8587 4.489865920729778e-36 7.752708267028688e-33 8409180
58.9049 4.45646296625924e-36 7.698251757384725e-33 8351564
58.9511 4.459552363522263e-36 7.694049781254462e-33 8339304
58.9973 4.444266421141306e-36 7.681481901991533e-33 8310416
59.0435 4.438262512424502e-36 7.675614007537254e-33 8286104
59.0897 4.437071995313285e-36 7.66646374331635e-33 8262372
59.1359 4.409105809755585e-36 7.636291270022495e-33 8225852
59.1821 4.4207653218874e-36 7.647450200695614e-33 8224104
59.2283 4.401987847895181e-36 7.613861246863126e-33 8180564
59.2745 4.385176788818849e-36 7.597850667506583e-33 8150744
59.3207 4.379095581106527e-36 7.599385279178043e-33 8137680
59.3669 4.361550507075773e-36 7.589883389786765e-33 8111156
59.4131 4.354652416190207e-36 7.576998939858329e-33 8078748
59.4593 4.329413041819015e-36 7.552003854083431e-33 8045600
59.5055 4.327854361265702e-36 7.55866361599693e-33 8035524
59.5517 4.314989170253651e-36 7.542223995776463e-33 8002928
59.5979 4.293653882796254e-36 7.534494590342424e-33 7975760
59.6441 4.288668290323128e-36 7.525570623834455e-33 7946448
59.6903 4.267652226659883e-36 7.515849718442179e-33 7924280
59.7365 4.254135082913782e-36 7.514400427034782e-33 7899672
59.7827 4.240750495367672e-36 7.494019296950274e-33 7869572
59.8289 4.217275055143239e-36 7.479617699850086e-33 7830276
59.8751 4.2162950649037e-36 7.499877670308167e-33 7826636
59.9213 4.190154229320588e-36 7.474702581895799e-33 7792388
59.9675 4.180559175778723e-36 7.470628803709415e-33 7765296
60.0137 4.164397420653313e-36 7.453345361085804e-33 7733948
60.0599 4.153903261863698e-36 7.440835402719841e-33 7710948
60.1061 4.144887651894732e-36 7.43626118305137e-33 7689260
60.1523 4.125311997186573e-36 7.401574668843564e-33 7649916
60.1985 4.124275965935754e-36 7.414739789421916e-33 7638020
60.2447 4.10209085990886e-36 7.380450935452353e-33 7597136
60.2909 4.104645828946967e-36 7.383788930601799e-33 7586532
60.3371 4.076503352024182e-36 7.342036686183046e-33 7540628
60.3833 4.073564072800681e-36 7.326983823185646e-33 7519344
60.4295 4.069062215674392e-36 7.329655562362209e-33 7501880
60.4757 4.049843449931454e-36 7.29980678298954e-33 7466540
60.5219 4.044366329431502e-36 7.290345138255239e-33 7440012
60.5681 4.023860302272713e-36 7.270280995043521e-33 7414112
60.6143 4.017168239104666e-36 7.250785234067606e-33 7382808
60.6605 4.007592742522119e-36 7.248998925715704e-33 7365056
60.7067 3.991506289896626e-36 7.207772023168176e-33 7324200
60.7529 3.991864020401999e-36 7.205882736552364e-33 7308356
60.7991 3.972780844721923e-36 7.180275313797414e-33 7275944
60.8453 3.957039888096383e-36 7.157283990997972e-33 7238628
60.8915 3.949587049118777e-36 7.1590434177115e-33 7231832
60.9377 3.93910097369863e-36 7.130356406117635e-33 7189104
60.9839 3.929456033546759e-36 7.11690208845635e-33 7168592
61.0301 3.912105151136227e-36 7.088688685681754e-33 7136184
61.0763 3.908308897602988e-36 7.083338788903674e-33 7116188
61.1225 3.889115936479183e-36 7.053330940975517e-33 7077644
61.1687 3.880667055159733e-36 7.039703721858085e-33 7053780
61.2149 3.872426609714549e-36 7.023973455247405e-33 7031900
61.2611 3.851873159279791e-36 7.000458379613429e-33 6993612
61.3073 3.85116563049346e-36 6.993215881123915e-33 6976868
61.3535 3.823856765905734e-36 6.957729149814609e-33 6934520
61.3997 3.820112555971357e-36 6.96139125274e-33 6920268
61.4459 3.799990418832236e-36 6.948685935502404e-33 6889172
61.4921 3.772811536642505e-36 6.916508119778948e-33 6844680
61.5383 3.774797832842058e-36 6.929508496899844e-33 6834860
61.5845 3.755096800052631e-36 6.902348526003833e-33 6802656
61.6307 3.743741856768032e-36 6.901009715024207e-33 6777188
61.6769 3.720395722254078e-36 6.872019570824678e-33 6737144
61.7231 3.703972346503415e-36 6.851635608427873e-33 6712620
61.7693 3.699893127434748e-36 6.848620649375406e-33 6695444
61.8155 3.671588976025889e-36 6.812056654794148e-33 6653604
61.8617 3.660268835711528e-36 6.803512535214077e-33 6626744
61.9079 3.650488571176675e-36 6.791671024379258e-33 6602196
61.9541 3.632482761202554e-36 6.768011225357582e-33 6571892
62.0003 3.622782950103123e-36 6.757937992203681e-33 6541832
62.0465 3.600871584794423e-36 6.724631066455313e-33 6504960
62.0927 3.602506255516947e-36 6.731560368660375e-33 6496244
62.1389 3.578925166288775e-36 6.681558443726365e-33 6453468
62.1851 3.57455775834849e-36 6.682879100652535e-33 6432680
62.2313 3.558847506293139e-36 6.646768162924356e-33 6396960
62.2775 3.539903949373779e-36 6.62238479329105e-33 6364784
62.3237 3.537169327707146e-36 6.626709525682352e-33 6352916
62.3699 3.510338016323651e-36 6.582299144677733e-33 6304836
62.4161 3.50854937499812e-36 6.565235594741304e-33 6282080
62.4623 3.488428459055313e-36 6.541702316899769e-33 6251508
62.5085 3.483698438145804e-36 6.523165520181725e-33 6225728
62.5547 3.468161908185732e-36 6.485629551977131e-33 6187640
62.6009 3.451758650868586e-36 6.459540163322066e-33 6159276
62.6471 3.450113285832994e-36 6.458944912694259e-33 6141404
62.6933 3.432453970292899e-36 6.416832346915367e-33 6104412
62.7395 3.417441516281068e-36 6.394024972548051e-33 6071612
62.7857 3.402773678586063e-36 6.378684582641637e-33 6046032
62.8319 3.3855074802523e-36 6.346163552239015e-33 6013244
62.8781 3.379596792703921e-36 6.338076877732856e-33 5990204
62.9243 3.357440319629921e-36 6.300671094100916e-33 5950020
62.9705 3.35732837200259e-36 6.291736860832564e-33 5938520
63.0167 3.331734768751263e-36 6.250633048188892e-33 5890944
63.0629 3.3222724321631e-36 6.231129044279951e-33 5864480
63.1091 3.306503426497165e-36 6.209871982795393e-33 5834628
63.1553 3.292750743820879e-36 6.184252324808898e-33 5806868
63.2015 3.288153810414761e-36 6.158737030303018e-33 5779796
63.2477 3.266288603567301e-36 6.128983749030298e-33 5744076
63.2939 3.259161530552394e-36 6.105320542295459e-33 5716436
63.3401 3.241595893002217e-36 6.077274799625566e-33 5686140
63.3863 3.223476997408644e-36 6.041103807858296e-33 5648924
63.4325 3.225223247882704e-36 6.035266320320775e-33 5631720
63.4787 3.198757757489742e-36 5.989819845754571e-33 5592584
63.5249 3.194252417482353e-36 5.972348422870955e-33 5565032
63.5711 3.177108963045947e-36 5.937392634355148e-33 5527812
63.6173 3.162884137703501e-36 5.918302616935667e-33 5502944
63.6635 3.157813788110174e-36 5.893871642551642e-33 5479728
63.7097 3.134639562411535e-36 5.8613881103888e-33 5435888
63.7559 3.127548617334295e-36 5.837649992709267e-33 5413076
63.8021 3.110472945922447e-36 5.814640862443022e-33 5379972
63.8483 3.094610151790275e-36 5.783046382387782e-33 5348924
63.8945 3.085204251913946e-36 5.757193507760338e-33 5317392
63.9407 3.058289987481074e-36 5.724184234696429e-33 5279504
63.9869 3.065747606712007e-36 5.724253358582855e-33 5268480
64.0331 3.031485571321121e-36 5.67830107912811e-33 5223572
64.0793 3.025121249181431e-36 5.64895158517334e-33 5190452
64.1255 3.006937152760895e-36 5.62511753954853e-33 5162808
64.1716 2.988413010131688e-36 5.599473115223046e-33 5130032
64.2178 2.981499042351378e-36 5.582334452578996e-33 5102844
64.264 2.951647634691316e-36 5.546878632939584e-33 5064404
64.3102 2.95047600301618e-36 5.525285641109405e-33 5041788
64.3564 2.932252233319733e-36 5.496574083664423e-33 5006048
64.4026 2.907491398685359e-36 5.469646098113005e-33 4974476
64.4488 2.900964875687448e-36 5.441265265966578e-33 4944876
64.495 2.871397253459091e-36 5.412568338641152e-33 4906532
64.5412 2.873024975370973e-36 5.40651711678538e-33 4887960
64.5874 2.840930358140987e-36 5.369867925475038e-33 4844576
64.6336 2.831719528309748e-36 5.347810655718236e-33 4814876
64.6798 2.813272822523938e-36 5.326610742073177e-33 4789392
64.726 2.778434011452945e-36 5.286941336688737e-33 4742684
64.7722 2.786474247509705e-36 5.287280958300519e-33 4734516
64.8184 2.743372682948088e-36 5.247591737727444e-33 4682588
64.8646 2.742472858006363e-36 5.233959616175441e-33 4661736
64.9108 2.719175639381661e-36 5.218305138364075e-33 4628360
64.957 2.698864784871084e-36 5.179744279463834e-33 4589408
65.0032 2.677358015455241e-36 5.164963556146492e-33 4560588
65.0494 2.662834236361945e-36 5.13844977564036e-33 4531724
65.0956 2.646824125017127e-36 5.112867170401512e-33 4499988
65.1418 2.622699274280911e-36 5.087642565910799e-33 4461728
65.188 2.60282566589892e-36 5.064516200133581e-33 4433484
65.2342 2.592946726992365e-36 5.040231940294698e-33 4405280
65.2804 2.556476109062089e-36 4.995639792108179e-33 4360472
65.3266 2.555475285216951e-36 4.984402929758234e-33 4339080
65.3728 2.526507232766351e-36 4.953662375203327e-33 4301396
65.419 2.511497266295312e-36 4.924741727323635e-33 4271340
65.4652 2.497233088003089e-36 4.897630708808045e-33 4239968
65.5114 2.462776493602744e-36 4.863163514729642e-33 4201116
65.5576 2.466848400621637e-36 4.855624970252222e-33 4177748
65.6038 2.426961410098144e-36 4.806567304040589e-33 4136636
65.65 2.425673027798628e-36 4.796742692913461e-33 4110516
65.6962 2.399294655603834e-36 4.752870374285901e-33 4075076
65.7424 2.371686148774322e-36 4.722708174948895e-33 4037220
65.7886 2.366134889672593e-36 4.701087160341138e-33 4008632
65.8348 2.329390833523147e-36 4.661742253739226e-33 3972800
65.881 2.335499952661957e-36 4.653112192929533e-33 3946224
65.9272 2.293808031156709e-36 4.609529007673173e-33 3908516
65.9734 2.287411766786892e-36 4.584592118995278e-33 3876912
66.0196 2.255494916086637e-36 4.541430432323077e-33 3839720
66.0658 2.241153646748283e-36 4.516187494446089e-33 3813012
66.112 2.23592036507008e-36 4.490493714902631e-33 3777968
66.1582 2.195659160508082e-36 4.441231836244793e-33 3737048
66.2044 2.197989147296499e-36 4.422051696827044e-33 3713520
66.2506 2.164186066443004e-36 4.386754129293343e-33 3677996
66.2968 2.150599449436385e-36 4.34317334959583e-33 3640800
66.343 2.128118622800198e-36 4.30797982448142e-33 3607976
66.3892 2.099849197849231e-36 4.270008243128138e-33 3570924
66.4354 2.099172986880382e-36 4.251032668183646e-33 3545936
66.4816 2.06595142848351e-36 4.203773879652058e-33 3506408
66.5278 2.055686665484759e-36 4.168517923749215e-33 3471600
66.574 2.029811326592556e-36 4.128049500036057e-33 3442172
66.6202 2.012730235513115e-36 4.099426883620467e-33 3407676
66.6664 1.998218528989988e-36 4.06826394796848e-33 3373964
66.7126 1.969132215921908e-36 4.022519908400931e-33 3336468
66.7588 1.954789387983292e-36 3.996134241094824e-33 3307520
66.805 1.927458096459609e-36 3.95250184200218e-33 3272000
66.8512 1.907802005111453e-36 3.922118552284301e-33 3237408
66.8974 1.880581791802259e-36 3.876064119269104e-33 3196721
66.9436 1.867062519119492e-36 3.863797759339578e-33 3179382
66.9898 1.841958445648595e-36 3.821371916393379e-33 3135572
67.036 1.823061786625352e-36 3.785386759241396e-33 3103196
67.0822 1.8085425815319e-36 3.766509188621387e-33 3079200
67.1284 1.794400678427036e-36 3.742163497341793e-33 3053732
67.1746 1.773038906290763e-36 3.713459034735907e-33 3018894
67.2208 1.757949164393892e-36 3.680713991992181e-33 2988590
67.267 1.746209410989883e-36 3.659755937966465e-33 2970498
67.3132 1.72701782123444e-36 3.635757158698866e-33 2938226
67.3594 1.714348976027724e-36 3.59935005913124e-33 2910458
67.4056 1.700757528909035e-36 3.562788630376023e-33 2883180
67.4518 1.685892402370845e-36 3.553690117591884e-33 2860964
67.498 1.672942907682377e-36 3.516455294044578e-33 2833284
67.5442 1.659145437459245e-36 3.497916102944704e-33 2808758
67.5904 1.641069099608964e-36 3.471216376947561e-33 2780862
67.6366 1.632025852514053e-36 3.439945572950033e-33 2758742
67.6828 1.615117633899675e-36 3.424007787368508e-33 2734520
67.729 1.600951138936495e-36 3.394967856539821e-33 2707878
67.7752 1.589670361005179e-36 3.376439792242398e-33 2685368
67.8214 1.578044998687585e-36 3.347561427290356e-33 2660304
67.8676 1.565592573467904e-36 3.324209782893656e-33 2642216
67.9138 1.54799647373805e-36 3.290531313798627e-33 2610312
67.96 1.539775603644586e-36 3.273951609185037e-33 2593256
68.0062 1.528533680646315e-36 3.247947423536977e-33 2569946
68.0524 1.51119804449559e-36 3.220082208239194e-33 2542752
68.0986 1.500955355960542e-36 3.214302454585343e-33 2526218
68.1448 1.488570129995829e-36 3.177497576240235e-33 2501610
68.191 1.476945481171051e-36 3.157693806176639e-33 2479202
68.2372 1.463859052078096e-36 3.138360806154787e-33 2457824
68.2834 1.450841626120465e-36 3.112469456352393e-33 2436522
68.3296 1.438976347027082e-36 3.092315020054677e-33 2413964
68.3758 1.428915544489166e-36 3.070726458845867e-33 2396034
68.422 1.414224963086855e-36 3.044818096294058e-33 2369162
68.4682 1.40623997169902e-36 3.032808858189792e-33 2354394
68.5144 1.394865192701435e-36 3.005730141027799e-33 2332340
68.5606 1.379358785798961e-36 2.979969949906197e-33 2309150
68.6068 1.370171396047898e-36 2.960363790212953e-33 2288172
68.653 1.359374902915873e-36 2.935875293886152e-33 2269922
68.6992 1.349094637128699e-36 2.910585649505433e-33 2250780
68.7454 1.34159100505948e-36 2.890113470246491e-33 2229338
68.7916 1.329499943539383e-36 2.87275572292148e-33 2210772
68.8378 1.320816684399298e-36 2.850538149345227e-33 2192108
68.884 1.308644044603832e-36 2.827398516179671e-33 2170988
68.9302 1.297360892721745e-36 2.805067795117108e-33 2152722
68.9764 1.287118697533887e-36 2.7809484624735e-33 2132996
69.0226 1.277432542424351e-36 2.769356784868319e-33 2117244
69.0688 1.262470393751931e-36 2.736092112665428e-33 2092700
69.115 1.253465282607994e-36 2.721143885458826e-33 2074508
69.1612 1.247445832813488e-36 2.705936597783167e-33 2061852
69.2074 1.236303405988183e-36 2.689890599846569e-33 2041724
69.2536 1.223645051957428e-36 2.662712653925476e-33 2018460
69.2998 1.217174400825361e-36 2.648480478373728e-33 2003006
69.346 1.205648522005153e-36 2.629201591471329e-33 1989396
69.3922 1.196257875183379e-36 2.606226961721113e-33 1968260
69.4384 1.181439464277181e-36 2.579764145494144e-33 1946780
69.4846 1.175104904375089e-36 2.56743848055778e-33 1934142
69.5308 1.166730817707881e-36 2.554156101263038e-33 1918124
69.577 1.152419368233731e-36 2.529976499357364e-33 1896468
69.6232 1.145391600295834e-36 2.510782069157507e-33 1879406
69.6694 1.134200754709767e-36 2.493769546085344e-33 1864284
69.7156 1.127198825624147e-36 2.479471391336275e-33 1850846
69.7618 1.111379742527137e-36 2.447004473495239e-33 1826084
69.808 1.106295882239066e-36 2.44177135213601e-33 1814094
69.8542 1.098609048599278e-36 2.422481504658379e-33 1799300
69.9004 1.086077971460001e-36 2.403581949386102e-33 1780710
69.9466 1.077958965921011e-36 2.384510900896194e-33 1764884
69.9928 1.064857357726304e-36 2.358932542840142e-33 1744434
70.039 1.060841946900143e-36 2.351937344483328e-33 1734356
70.0852 1.051634021335797e-36 2.332312309917677e-33 1717670
70.1314 1.039520150107632e-36 2.307957680224234e-33 1697718
70.1776 1.031659239094689e-36 2.288019081741764e-33 1682948
70.2238 1.025673972151182e-36 2.278700948948895e-33 1670502
70.27 1.01604543002025e-36 2.260624086505482e-33 1654382
70.3162 1.005787054339191e-36 2.234181858543357e-33 1635902
70.3624 1.000726755376966e-36 2.222170839472815e-33 1623948
70.4086 9.916326913311248e-37 2.200839312227535e-33 1607870
70.4548 9.812940052945684e-37 2.18322758316651e-33 1591710
70.501 9.704854864700706e-37 2.162450099900645e-33 1575254
70.5472 9.643416703469135e-37 2.151696699115225e-33 1565550
70.5934 9.548332847619843e-37 2.130529402518425e-33 1546364
70.6396 9.45782928805495e-37 2.109646259783837e-33 1531526
70.6858 9.382995227384813e-37 2.094734860732333e-33 1516926
70.732 9.341897336545761e-37 2.087036894589558e-33 1508390
70.7782 9.203443167176325e-37 2.050605043931689e-33 1486182
70.8244 9.150830733983452e-37 2.048706387088592e-33 1475414
70.8706 9.050480372343744e-37 2.024303709142949e-33 1459662
70.9168 8.972200636672553e-37 2.012603358427708e-33 1447358
70.963 8.913512317536462e-37 1.994439568448704e-33 1433654
71.0092 8.830452481815616e-37 1.971213552982417e-33 1417218
71.0554 8.78309599707735e-37 1.958333708406969e-33 1405838
71.1016 8.685955289550748e-37 1.943413102024524e-33 1392414
71.1478 8.595249252541436e-37 1.92229325623126e-33 1376246
71.194 8.53781052805143e-37 1.906852660516994e-33 1363542
71.2402 8.468815686412318e-37 1.895264337650878e-33 1352918
71.2864 8.397169683123103e-37 1.875507455405075e-33 1338134
71.3326 8.325654834086292e-37 1.854460376991419e-33 1323840
71.3788 8.226452737949951e-37 1.83931063647511e-33 1308782
71.425 8.164404722609461e-37 1.828332889032122e-33 1301238
71.4712 8.067527448785023e-37 1.81063757224505e-33 1284854
71.5174 7.962622245836623e-37 1.790043269317307e-33 1268942
71.5636 7.936927165488379e-37 1.787136370508865e-33 1261590
71.6098 7.864090421749145e-37 1.768803782957564e-33 1247528
71.656 7.763836319586623e-37 1.751407622954044e-33 1233438
71.7022 7.671646417345741e-37 1.724820108310527e-33 1217750
71.7484 7.658270324891033e-37 1.729652715238235e-33 1213134
71.7946 7.566372184351357e-37 1.708037029998977e-33 1197782
71.8408 7.459890781257505e-37 1.687733617325386e-33 1180700
71.887 7.399190323164583e-37 1.67774743377556e-33 1171854
71.9332 7.353595146041991e-37 1.666833241457671e-33 1163174
71.9794 7.259556628224102e-37 1.649597134177422e-33 1146192
72.0256 7.195582115745554e-37 1.630301195978375e-33 1135046
72.0718 7.13931087766758e-37 1.61630734938672e-33 1124070
72.118 7.060220054135994e-37 1.603463361968048e-33 1113638
72.1642 7.007156920857328e-37 1.587090166498551e-33 1100408
72.2104 6.900172713101577e-37 1.572138457377288e-33 1087734
72.2566 6.864055619676679e-37 1.558339687546323e-33 1078334
72.3028 6.784861463502709e-37 1.547426835627011e-33 1066848
72.349 6.743186180048549e-37 1.526290578030774e-33 1055558
72.3952 6.632698993827899e-37 1.509067102591257e-33 1039512
72.4414 6.592907764141756e-37 1.50273553524636e-33 1034006
72.4876 6.552370560195483e-37 1.487400783180214e-33 1023206
72.5338 6.457211813427101e-37 1.467929205668762e-33 1008276
72.58 6.390960941480852e-37 1.452401477070909e-33 996998
72.6262 6.358675825543293e-37 1.448609639566369e-33 990336
72.6724 6.277674248625772e-37 1.430254118594526e-33 977246
72.7186 6.201620979001273e-37 1.4107184232866e-33 964328
72.7648 6.137675573768373e-37 1.400608620106285e-33 955686
72.811 6.083896116668149e-37 1.393006056733858e-33 947630
72.8572 5.998838641339968e-37 1.369674633358326e-33 932496
72.9034 5.965206178531636e-37 1.355189851463428e-33 923126
72.9496 5.932253629909303e-37 1.34835169717697e-33 915264
72.9958 5.842395265165614e-37 1.33031521693483e-33 902150
73.042 5.779526817973195e-37 1.318935718703423e-33 893672
73.0882 5.718580617585986e-37 1.300962126739699e-33 880782
73.1344 5.681660721948412e-37 1.293622449128599e-33 875360
73.1806 5.619234937502853e-37 1.274530051898499e-33 862326
73.2268 5.559797343289882e-37 1.260971794201648e-33 852140
73.273 5.500074610307067e-37 1.248073388044043e-33 842544
73.3192 5.434985720165711e-37 1.237306027799033e-33 832910
73.3654 5.381305433803608e-37 1.225710768365696e-33 824288
73.4116 5.313442469463053e-37 1.212242237267303e-33 812262
73.4578 5.275658432876405e-37 1.20388108080881e-33 804728
73.504 5.191407165020584e-37 1.190741054106835e-33 795486
73.5502 5.123458511041058e-37 1.177006133530361e-33 784520
73.5964 5.062697155908052e-37 1.164943011243063e-33 773576
73.6426 5.008430611299306e-37 1.159710763174744e-33 767574
73.6888 4.955916614982086e-37 1.149313201707924e-33 757976
73.735 4.879685956088302e-37 1.131176520612385e-33 747246
73.7812 4.80410083808044e-37 1.120764566080068e-33 736088
73.8274 4.768803081080982e-37 1.118058418682641e-33 733116
73.8736 4.707660481365656e-37 1.098668511568943e-33 720086
73.9198 4.646418799326965e-37 1.088163061960989e-33 710432
73.966 4.588533001521838e-37 1.077234261380614e-33 702960
74.0122 4.548041932980148e-37 1.066305501555771e-33 695102
74.0584 4.493739699556229e-37 1.053635091170258e-33 685680
74.1046 4.420271704411238e-37 1.04012179235472e-33 674000
74.1508 4.400824120873527e-37 1.027065416232104e-33 669294
74.197 4.326640984968887e-37 1.01935423539376e-33 661064
74.2432 4.276118938019274e-37 1.001990608897755e-33 649664
74.2894 4.229574354977756e-37 9.911427022925589e-34 641262
74.3356 4.195817395598631e-37 9.862198339416607e-34 636632
74.3818 4.142484863267966e-37 9.711542828697457e-34 627324
74.428 4.072840384681724e-37 9.53187717043574e-34 615680
74.4742 4.023994247960161e-37 9.402185530128963e-34 607974
74.5204 4.025189727437373e-37 9.365176420922915e-34 604784
74.5666 3.941470538457323e-37 9.194294806660729e-34 593216
74.6128 3.901581693308764e-37 9.060128850189466e-34 583830
74.659 3.860809386040757e-37 8.979314009526528e-34 578624
74.7052 3.808933621894851e-37 8.868925854804685e-34 571152
74.7514 3.764895813531399e-37 8.769375276238875e-34 562616
74.7976 3.691184272677299e-37 8.570364933699047e-34 551246
74.8438 3.66790661284172e-37 8.533495443128456e-34 549072
74.89 3.633540471511682e-37 8.400272868518132e-34 540848
74.9362 3.564308320516816e-37 8.231478256136601e-34 529620
74.9824 3.540439234700106e-37 8.153883162771388e-34 523232
75.0286 3.496540664502573e-37 8.071265643628213e-34 518286
75.0748 3.458874047434346e-37 7.979537137056069e-34 511160
75.121 3.40209643181617e-37 7.808212085568745e-34 500648
75.1672 3.363775866977369e-37 7.694423010567321e-34 493848
75.2134 3.35054176053369e-37 7.634628209735397e-34 489776
75.2596 3.303094768499646e-37 7.470726432360116e-34 480798
75.3058 3.247916033532659e-37 7.36665907761848e-34 472664
75.352 3.213464162951615e-37 7.254406899743486e-34 467208
75.3982 3.184882848847622e-37 7.185877050466323e-34 461456
75.4444 3.125534010751597e-37 7.028894650469381e-34 451988
75.4906 3.071113452409408e-37 6.885903543924163e-34 443496
75.5368 3.065803361972313e-37 6.854569094651233e-34 441638
75.583 3.025965065923501e-37 6.76296740998438e-34 433968
75.6292 2.968031738738597e-37 6.615882196541024e-34 425888
75.6754 2.923073702498689e-37 6.499912376864001e-34 417600
75.7216 2.900755683534889e-37 6.436792335065036e-34 414632
75.7678 2.85995529057663e-37 6.337454246728156e-34 407024
75.814 2.804994202189067e-37 6.238204225115924e-34 399048
75.8602 2.770604295128046e-37 6.152914627602959e-34 393878
75.9064 2.744914586745527e-37 6.116631011255914e-34 389196
75.9526 2.698941544195709e-37 5.949249305564906e-34 380816
75.9988 2.648221087096983e-37 5.845309584082383e-34 373160
76.045 2.622165534647626e-37 5.81077398476765e-34 370176
76.0912 2.592448504071512e-37 5.73371240948986e-34 364856
76.1374 2.510978855476152e-37 5.617897585456762e-34 356088
76.1836 2.459567563773444e-37 5.524765579729477e-34 348848
76.2298 2.450766380854092e-37 5.507240113057459e-34 347208
76.276 2.408848201524044e-37 5.387262667113857e-34 339944
76.3222 2.35322736806837e-37 5.305279681104167e-34 331856
76.3684 2.31659064348246e-37 5.252070826646379e-34 327150
76.4146 2.27044758208008e-37 5.201234425270202e-34 324092
76.4608 2.236806889933835e-37 5.11013425343654e-34 316944
76.507 2.18789675402107e-37 5.010105833280952e-34 309512
76.5532 2.149773161966514e-37 4.97829376261714e-34 305496
76.5994 2.114403921511788e-37 4.940465377968081e-34 301904
76.6456 2.050842192004672e-37 4.806633517476147e-34 293552
76.6918 2.019867806990561e-37 4.742151501305195e-34 287328
76.738 1.992829150365864e-37 4.720971739433856e-34 285656
76.7842 1.955890364022347e-37 4.645064226897888e-34 279936
76.8304 1.912116971747985e-37 4.582764410760002e-34 273404
76.8766 1.845470829943087e-37 4.456194757671597e-34 264384
76.9228 1.857199127088428e-37 4.495639434275038e-34 266672
76.969 1.808906121905525e-37 4.375734178638644e-34 259208
77.0152 1.752528292463974e-37 4.309247540352013e-34 252216
77.0614 1.708904225537464e-37 4.230535741308522e-34 247088
77.1076 1.706681807268019e-37 4.202640559476466e-34 245664
77.1538 1.653912542818055e-37 4.104143783223498e-34 239288
77.2 1.60469898023688e-37 3.99659339403044e-34 231968
77.2462 1.592268024862774e-37 3.967283636069543e-34 229608
77.2924 1.572945565893488e-37 3.918399269097699e-34 226340
77.3386 1.528077994542212e-37 3.799508961597769e-34 219360
77.3848 1.488093159563195e-37 3.72657515953773e-34 213104
77.431 1.492230348339769e-37 3.725573924680917e-34 213024
77.4772 1.456944567944272e-37 3.622982119405923e-34 208088
77.5234 1.395628754233712e-37 3.504382595987584e-34 200336
77.5696 1.371031837212533e-37 3.441064667239645e-34 195552
77.6158 1.377616611766688e-37 3.396350190421811e-34 196328
77.662 1.334265275095956e-37 3.334993906537238e-34 189792
77.7082 1.301827840221992e-37 3.247524783602723e-34 183908
77.7544 1.269845649551604e-37 3.149392485764715e-34 179424
77.8006 1.266112840854701e-37 3.123243404652371e-34 178760
77.8468 1.226992145593769e-37 3.037298368170613e-34 172928
77.893 1.198097202140694e-37 2.959685513419519e-34 167352
77.9392 1.185305946235292e-37 2.898599260791087e-34 164984
77.9854 1.153435376675211e-37 2.84014011310109e-34 161736
78.0316 1.136964924176177e-37 2.751668630581649e-34 157112
78.0778 1.093266458793039e-37 2.651437169766824e-34 150848
78.124 1.099497359442349e-37 2.638683118071372e-34 151332
78.1702 1.074681726142358e-37 2.575486076745059e-34 146720
78.2164 1.033759289418668e-37 2.46143028570191e-34 140874
78.2626 1.014146806312215e-37 2.395844989738871e-34 136832
78.3088 1.018505142093555e-37 2.404789731733391e-34 137904
78.355 9.755631574426874e-38 2.295960635342034e-34 131384
78.4012 9.480546233676505e-38 2.209686843611455e-34 126248
78.4474 9.307661857942617e-38 2.153186538701782e-34 124152
78.4936 9.363308265062737e-38 2.167583196948577e-34 123896
78.5398 8.846792247012183e-38 2.037392667416303e-34 117588
78.586 8.540342532949299e-38 1.934661166503403e-34 112160
78.6322 8.553100694144092e-38 1.9614360980016e-34 112488
78.6784 8.375101763275092e-38 1.908684588892167e-34 110072
78.7246 7.976173643571758e-38 1.809814528231322e-34 104906
78.7708 7.699503522776008e-38 1.725577119877442e-34 98880
78.817 7.802173540792233e-38 1.758702751280201e-34 101408
78.8632 7.528847453502145e-38 1.695140439554755e-34 97128
78.9094 7.224011031704073e-38 1.619560793648198e-34 92504
78.9556 6.887543696070783e-38 1.550537721441101e-34 88308
79.0018 6.970800491566845e-38 1.570740033575928e-34 89504
79.048 6.583301082961093e-38 1.503549704713493e-34 85064
79.0942 6.337263553141358e-38 1.439239565840559e-34 80856
79.1404 6.151872695044541e-38 1.403152739138802e-34 78914
79.1866 6.061641932806508e-38 1.383893336581598e-34 77928
79.2328 5.752825318239153e-38 1.320655027390364e-34 73760
79.279 5.489692245019814e-38 1.25352441619111e-34 69752
79.3252 5.561134673422256e-38 1.270378680170441e-34 70788
79.3714 5.16899944590321e-38 1.218753995855634e-34 66920
79.4176 4.936145478522687e-38 1.158957726123845e-34 63192
79.4638 4.684394338112669e-38 1.089331932295767e-34 59594
79.51 4.889330477429986e-38 1.161591304066935e-34 62760
79.5562 4.359890793362827e-38 1.057546110747996e-34 56720
79.6024 4.152583434253905e-38 9.863965623155222e-35 53384
79.6486 4.103772252571658e-38 9.931031198091798e-35 52272
79.6948 4.148014133515642e-38 1.019151503050109e-34 53456
79.741 3.717087698594938e-38 8.969250254315899e-35 47676
79.7872 3.487694947145142e-38 8.543787808214096e-35 44234
79.8334 3.499891892300034e-38 8.754105632284794e-35 45288
79.8796 3.471520305897437e-38 8.759111141765119e-35 44960
79.9258 3.071654080208708e-38 7.603344935088256e-35 39344
79.972 2.820478840183687e-38 6.936774926244297e-35 35664
80.0182 3.102346370647083e-38 7.780756097798278e-35 39440
80.0644 2.943492706562911e-38 7.342409699836141e-35 37194
80.1106 2.48384774652398e-38 6.28459822500187e-35 31484
80.1568 2.290270653464439e-38 5.779592425801955e-35 28848
80.203 2.652433471948238e-38 6.599047169356834e-35 33200
80.2492 2.360507875372682e-38 6.008469469585679e-35 30056
80.2954 1.973807941098742e-38 4.827566058690652e-35 24570
80.3416 1.917684976583887e-38 4.873014029149316e-35 23936
80.3878 2.156213144422558e-38 5.388272635336128e-35 26640
80.434 1.91770823080071e-38 4.841955831130218e-35 23624
80.4802 1.470617536577225e-38 3.61455717715742e-35 18020
80.5264 1.645631880239903e-38 4.138691675914115e-35 19986
80.5726 1.702861786427636e-38 4.214410414683175e-35 20744
80.6188 1.481224202621769e-38 3.659246417054075e-35 18000
80.665 1.021074128711966e-38 2.43121643487906e-35 12152
80.7112 1.359148323856841e-38 3.364957140077068e-35 16488
80.7574 1.294846049648475e-38 3.275725284673003e-35 15698
80.8036 1.103696999546995e-38 2.74274884908189e-35 13136
80.8498 7.04342586946155e-39 1.671916217079947e-35 8196
80.896 1.0660735775263e-38 2.568568902942337e-35 12488
80.9422 9.67673812722526e-39 2.344213637666485e-35 11250
80.9884 7.698782690185558e-39 1.835503980004394e-35 8984
81.0346 5.044890465782977e-39 1.17138704257117e-35 5736
81.0808 7.253774381792713e-39 1.767017532224242e-35 8456
81.127 6.701085636677226e-39 1.484207398160219e-35 7448
81.1732 4.879544372666664e-39 1.179874196134592e-35 5538
81.2194 3.543494024927526e-39 7.932993829450133e-36 3884
81.2656 4.693440440760456e-39 1.100344766845115e-35 5208
81.3118 3.937562789660034e-39 9.194127872194499e-36 4424
81.358 1.979864135167947e-39 4.652987416243486e-36 2186
81.4042 3.098425136521825e-39 6.71658782405243e-36 3120
81.4504 2.735749994346085e-39 5.67591133686771e-36 2744
81.4966 2.103183757857244e-39 4.676682878669522e-36 2184
81.5428 9.086907388443803e-40 1.912576664672715e-36 902
81.589 1.466408655801459e-39 3.065064540558737e-36 1464
81.6352 1.095184761370552e-39 2.19064387424002e-36 1064
81.6814 7.50182468069213e-40 1.416090195241485e-36 728
81.7276 2.969563356668883e-40 4.910778424336352e-37 258
81.7738 3.803987372193442e-40 6.477297545827883e-37 344
81.82 1.911325517210425e-40 3.321703948211578e-37 168
81.8662 6.096680065573072e-41 1.074594445943431e-37 56
81.9124 6.984309518442692e-42 2.689851436925835e-38 7


0.0461999 3.498967072466716e-05 2.136748957898673e-05 18
0.0923998 0.0001766735415005147 0.0001056616478981004 62
0.1386 0.0002060167582783838 0.0001221361230058148 98
0.1848 0.0002338953437224605 0.0001350082710650565 210
0.230999 0.0002382402322325034 0.0001331932011137495 350
0.277199 0.0001647833357034271 8.842604231162684e-05 450
0.323399 0.0001353909643940715 6.943395100991484e-05 602
0.369599 9.204375439514276e-05 4.423902609678253e-05 762
0.415799 6.372850406341497e-05 2.875203340517238e-05 1142
0.461999 2.950436603056221e-05 1.192959767013046e-05 1250
0.508199 1.539456864986562e-05 5.641050520365906e-06 1458
0.554399 8.665549085439273e-06 2.786726799349516e-06 1814
0.600599 4.729653816712756e-06 1.257067584639617e-06 2178
0.646798 2.64595219198643e-06 5.566968255205127e-07 2498
0.692998 1.499633221323564e-06 2.365546247973273e-07 2622
0.739198 1.07380685065097e-06 1.19176575750431e-07 3338
0.785398 7.211129106386184e-07 6.000349946679177e-08 3722
0.831598 5.505255944163996e-07 4.294099182915918e-08 4170
0.877798 4.400023665193401e-07 4.580741090608554e-08 4358
0.923998 4.103058134718139e-07 6.551581852734897e-08 5034
0.970198 4.176692273149152e-07 8.842021256435486e-08 5714
1.0164 3.954307865399038e-07 1.102434863555078e-07 5982
1.0626 3.938536399159516e-07 1.557213281768633e-07 6602
1.1088 3.869671537809878e-07 1.901456778944935e-07 7130
1.155 4.149013149631069e-07 2.38755103381923e-07 8034
1.2012 4.44924770264522e-07 2.84580496321819e-07 8606
1.2474 4.264817805352486e-07 3.464839981599004e-07 9066
1.2936 4.532750208314314e-07 4.290395936776557e-07 9962
1.3398 4.683864535341328e-07 4.863905993915102e-07 10550
1.386 5.045973087560349e-07 5.579786082464309e-07 11226
1.4322 5.234118617496737e-07 6.74722073739498e-07 12146
1.4784 5.234416435389498e-07 7.85039473049116e-07 12606
1.5246 5.796742968059569e-07 9.069588885938679e-07 13802
1.5708 6.192026162318554e-07 1.020924959796636e-06 14754
1.617 6.157592508263195e-07 1.142702440878174e-06 15194
1.6632 6.589040442088449e-07 1.350477285796431e-06 16454
1.7094 6.786200291969935e-07 1.512089428780087e-06 17154
1.7556 7.261401722136862e-07 1.673088859415066e-06 18266
1.8018 7.541763189367354e-07 1.817036449812227e-06 18750
1.848 7.855328233948469e-07 2.115642064516057e-06 20234
1.8942 8.305928000903427e-07 2.413227150657376e-06 21450
1.9404 8.623769245026308e-07 2.568494845770232e-06 21962
1.9866 9.084193176980168e-07 2.8069419420027e-06 23462
2.0328 9.116161610907215e-07 3.110486960934264e-06 24042
2.079 9.708595989967554e-07 3.555338668822622e-06 25946
2.1252 9.755702248887822e-07 3.688131916497859e-06 26118
2.17139 1.05780444770051e-06 4.016184245368464e-06 27506
2.21759 1.088718158370588e-06 4.452408572512054e-06 29066
2.26379 1.114387168292894e-06 5.011418337234138e-06 30450
2.30999 1.199940541347543e-06 5.533678814149702e-06 31742
2.35619 1.200973412469752e-06 5.64837548514914e-06 32250
2.40239 1.286820960472175e-06 6.379228451348565e-06 34250
2.44859 1.294848751582098e-06 6.794846707589531e-06 35454
2.49479 1.325050484989524e-06 7.473017041783754e-06 36434
2.54099 1.379647514557648e-06 7.788207624981438e-06 37682
2.58719 1.453852642303916e-06 8.3935012105834e-06 39294
2.63339 1.515790041066769e-06 9.367560692319124e-06 41426
2.67959 1.519357640438216e-06 1.00295462282382e-05 42066
2.72579 1.57250535715888e-06 1.057517249052865e-05 43490
2.77199 1.68936531837281e-06 1.142910223606278e-05 45702
2.81819 1.717011475342853e-06 1.193894115137686e-05 46634
2.86439 1.737971217448805e-06 1.30433967278244e-05 48554
2.91059 1.739678262144188e-06 1.381057346213669e-05 48870
2.95679 1.863314687002526e-06 1.490189825959031e-05 51554
3.00299 8.381636255170697e-07 6.682550725770107e-06 54090
3.04919 1.830705877270968e-10 1.555217231319602e-09 54314
3.09539 1.158474357441383e-10 9.714757078295283e-10 56910
3.14159 6.615493895219619e-11 5.571622823798823e-10 57482
3.18779 3.899913722217212e-11 3.267951498583175e-10 60626
3.23399 2.116573915356826e-11 1.778978845374947e-10 61206
3.28019 1.172170822147592e-11 9.940959613850981e-11 62570
3.32639 6.805487508106859e-12 5.859035742085757e-11 65730
3.37259 4.072472874659026e-12 3.676851983419794e-11 66686
3.41879 2.88249319919272e-12 2.767241184809362e-11 69698
3.46499 2.208760296570017e-12 2.30610628715371e-11 70026
3.51119 1.954532106486898e-12 2.137887521252432e-11 72746
3.55739 1.792952321816391e-12 2.049465071652867e-11 74910
3.60359 1.657540276535434e-12 1.954593098419852e-11 75722
3.64979 1.587478271873847e-12 1.959205780197062e-11 78378
3.69599 1.512445250874298e-12 1.891688051860243e-11 80030
3.74219 1.476079221130779e-12 1.926033676707576e-11 83186
3.78839 1.404627201782727e-12 1.886635778022948e-11 84666
3.83459 1.349830724197343e-12 1.863607402434185e-11 86546
3.88079 1.292266138622663e-12 1.82678779429366e-11 88134
3.92699 1.265877198273171e-12 1.837535247464507e-11 91538
3.97319 1.201886925308571e-12 1.7972387021909e-11 93138
4.01939 1.154425028722747e-12 1.766696967753435e-11 94478
4.06559 1.110814073328702e-12 1.759581614072032e-11 97274
4.11179 1.077779385682459e-12 1.743456476767059e-11 99690
4.15799 1.044051130988586e-12 1.744480071385004e-11 102590
4.20419 1.002094177427734e-12 1.703166044576525e-11 103770
4.25039 9.511872571310539e-13 1.684360948206457e-11 106346
4.29659 9.206131279217526e-13 1.649807272094173e-11 108546
4.34279 8.880444910640832e-13 1.604514799253899e-11 110726
4.38899 8.469321223616102e-13 1.576436707013283e-11 112322
4.43519 8.201364654580785e-13 1.567391471975207e-11 115890
4.48139 7.807400492798356e-13 1.529891449945814e-11 118766
4.52759 7.659509633186875e-13 1.510073457970062e-11 122298
4.57379 7.085953694087417e-13 1.445056611579256e-11 122090
4.61999 6.949823486621735e-13 1.429284256986965e-11 125810
4.66619 6.505934097855898e-13 1.385161072493408e-11 128190
4.71239 6.227240945474339e-13 1.3443681640934e-11 130994
4.75859 5.905070426165631e-13 1.3096688528939e-11 133722
4.80479 5.58997281092708e-13 1.254949594156323e-11 133886
4.85099 5.423434399976599e-13 1.242283540210827e-11 140538
4.89719 5.030510888086525e-13 1.172312558294334e-11 140594
4.94339 4.763202160728916e-13 1.129822450488916e-11 143594
4.98959 4.467382609922425e-13 1.085359650197208e-11 146310
5.03579 4.243668892293425e-13 1.044222063626253e-11 150650
5.08199 3.926698649801572e-13 9.901360507032877e-12 151914
5.12819 3.598285027610637e-13 9.229634645816499e-12 153398
5.17439 3.393959166395688e-13 8.811153594609096e-12 157866
5.22059 3.146887869897566e-13 8.278471179257347e-12 160658
5.26679 2.878199872089712e-13 7.704929340745185e-12 164102
5.31299 2.578179050657702e-13 7.114214879786174e-12 164994
5.35919 2.360956337084783e-13 6.617331349264353e-12 169850
5.40539 2.120361952477718e-13 6.030420721578773e-12 172986
5.45159 1.862910235021092e-13 5.32191222468119e-12 173894
5.49779 1.628120428257791e-13 4.741997321546261e-12 176778
5.54399 1.403953338778687e-13 4.181008129189429e-12 181802
5.59019 1.175916589844104e-13 3.58351665503023e-12 184430
5.63639 9.630742688543037e-14 2.958669717759321e-12 187242
5.68259 7.552238873708554e-14 2.358070700261626e-12 190250
5.72879 5.646774539266638e-14 1.791271337588085e-12 192570
5.77499 4.028985413474779e-14 1.29145600692291e-12 198254
5.82119 2.54691912249317e-14 8.236723904187149e-13 198074
5.86739 1.421031764121131e-14 4.663333063672175e-13 202050
5.91359 6.108454791813107e-15 2.031479223659861e-13 205502
5.95979 1.414765555335755e-15 4.772849747871719e-14 210666
6.00599 2.651251383657073e-17 8.964199613140743e-16 212426
6.05219 4.689006466265926e-19 1.631926597233607e-17 213918
6.09839 3.469263120824269e-19 1.239663641650354e-17 220994
6.14459 2.689022462917978e-19 9.864950392658672e-18 221522
6.19079 2.229914577431482e-19 8.470100518697909e-18 226314
6.23699 1.917342852925412e-19 7.500224249283471e-18 227294
6.28319 1.738582428580225e-19 6.935605057247047e-18 232962
6.32939 1.601661709837828e-19 6.468245590196425e-18 237818
6.37559 1.465821145258468e-19 5.983896755094363e-18 238398
6.42178 1.358713978607691e-19 5.648525155196325e-18 241418
6.46798 1.269013550617927e-19 5.390858702518798e-18 246818
6.51418 1.174030074490113e-19 5.089558592925204e-18 249906
6.56038 1.102780259556581e-19 4.810404286124639e-18 254702
6.60658 1.007004635171354e-19 4.492232132563576e-18 254418
6.65278 9.468721421748132e-20 4.26186808904275e-18 260354
6.69898 8.825487782036036e-20 4.034388467905606e-18 264974
6.74518 8.173799194690776e-20 3.809503300961572e-18 268722
6.79138 7.573409073522867e-20 3.576293543934061e-18 271562
6.83758 7.090406348294528e-20 3.362454427005633e-18 275586
6.88378 6.552418657000631e-20 3.147665852547117e-18 280190
6.92998 6.038654531949807e-20 2.951383182457347e-18 282834
6.97618 5.54572074045743e-20 2.756687972990822e-18 285170
7.02238 5.106837068970425e-20 2.580532241610461e-18 289886
7.06858 4.735125489760287e-20 2.413572543472994e-18 294474
7.11478 4.378841504831539e-20 2.266358105618711e-18 299498
7.16098 3.988070563105665e-20 2.084737716093303e-18 299958
7.20718 3.674541496671292e-20 1.942631101455659e-18 305858
7.25338 3.393366271727399e-20 1.812642829171495e-18 310794
7.29958 3.086381628430987e-20 1.66556422334038e-18 313082
7.34578 2.787560489578363e-20 1.527391244383665e-18 316046
7.39198 2.556758067095086e-20 1.428822060417753e-18 322218
7.43818 2.328965505194794e-20 1.314739364607277e-18 328562
7.48438 2.08320958466179e-20 1.189050552773309e-18 327990
7.53058 1.893249542936949e-20 1.096639475057768e-18 335282
7.57678 1.695360403786952e-20 9.826719262656014e-19 335970
7.62298 1.531734092645712e-20 9.029996552037666e-19 344066
7.66918 1.354045387268771e-20 8.105487480542356e-19 343718
7.71538 1.217906166083927e-20 7.341124051526253e-19 351498
7.76158 1.073726677155274e-20 6.551411259833899e-19 354458
7.80778 9.462272071228714e-21 5.84356863343532e-19 358566
7.85398 8.36385757745284e-21 5.223727364096584e-19 366122
7.90018 7.218586937643535e-21 4.535684951429172e-19 365810
7.94638 6.277924094381313e-21 3.994197522779155e-19 371622
7.99258 5.360854270701823e-21 3.492184781186429e-19 375986
8.03878 4.623975212640161e-21 3.030184957103038e-19 382170
8.08498 3.872934214375829e-21 2.543285642776112e-19 381818
8.13118 3.284379384884492e-21 2.187221752551201e-19 389574
8.17738 2.720623062498128e-21 1.824384223707677e-19 393698
8.22358 2.231961017041941e-21 1.519924916569262e-19 399458
8.26978 1.793866899609567e-21 1.236799886494117e-19 402222
8.31598 1.444168607781477e-21 9.942298169900023e-20 406922
8.36218 1.132319755066185e-21 7.963103695900694e-20 412842
8.40838 8.63339537473488e-22 6.138254672867125e-20 415346
8.45458 6.544932392931465e-22 4.698568638179579e-20 421182
8.50078 4.814828345305426e-22 3.47615365164257e-20 425018
8.54698 3.456468685694639e-22 2.49762564018774e-20 431138
8.59318 2.364016735022153e-22 1.726847223987181e-20 434382
8.63938 1.536116490818253e-22 1.147619966859777e-20 439514
8.68558 9.384995672491151e-23 7.069552222656967e-21 444738
8.73178 5.266245642561708e-23 3.973086746451782e-21 448910
8.77798 2.613563510481396e-23 1.960446273315947e-21 450618
8.82418 1.09760094524425e-23 8.394642399160476e-22 459554
8.87038 3.43591788560759e-24 2.665494815008224e-22 463106
8.91658 6.77111045028781e-25 5.320037996566789e-23 467094
8.96278 6.524925168440381e-26 5.208216046671301e-24 474938
9.00898 2.182903897193267e-26 1.80956632372123e-24 477186
9.05518 1.978809721538128e-26 1.65764053607588e-24 484670
9.10138 1.786076844583386e-26 1.518648630720221e-24 487010
9.14758 1.631117845239502e-26 1.396210648662681e-24 493314
9.19378 1.482407109806298e-26 1.288117016301608e-24 496322
9.23998 1.358562727995706e-26 1.189559566880121e-24 501702
9.28618 1.247736630277771e-26 1.098879969637334e-24 508562
9.33238 1.141859506494422e-26 1.014716720699079e-24 514242
9.37858 1.032154961144098e-26 9.26341868848698e-25 516158
9.42478 9.396910263220174e-27 8.572462786161864e-25 522602
9.47098 8.643599359274996e-27 7.929345550145687e-25 530658
9.51718 7.765410959859479e-27 7.184442670002943e-25 530042
9.56338 7.093982818506693e-27 6.632285822479211e-25 538878
9.60958 6.433579411511402e-27 6.079573558661761e-25 544130
9.65578 5.862834360552173e-27 5.540134835763149e-25 551106
9.70198 5.265960898351082e-27 5.068166709139451e-25 553982
9.74818 4.743400221240278e-27 4.609290854258198e-25 558242
9.79438 4.289786588470148e-27 4.186407544024971e-25 564546
9.84058 3.835808442520445e-27 3.803519937549973e-25 570494
9.88678 3.470229358949365e-27 3.447945370270591e-25 576762
9.93298 3.083404580418811e-27 3.08760957335348e-25 578234
9.97918 2.764672098323549e-27 2.802393199827979e-25 585666
10.0254 2.48190740008472e-27 2.526403179312149e-25 594446
10.0716 2.185043583232245e-27 2.258031321490615e-25 595250
10.1178 1.946245241944544e-27 2.026702182133761e-25 603402
10.164 1.720469112845187e-27 1.807513285693546e-25 607382
10.2102 1.526996212821253e-27 1.611786764049354e-25 617010
10.2564 1.328089576590707e-27 1.41869528381986e-25 616778
10.3026 1.170435292025828e-27 1.260634344844644e-25 624746
10.3488 1.019391994446315e-27 1.103646917266948e-25 628062
10.395 8.953643332360043e-28 9.795593606208404e-26 639410
10.4412 7.72805321756182e-28 8.533656708535764e-26 642954
10.4874 6.639018119888417e-28 7.376230854663997e-26 645974
10.5336 5.711009817866597e-28 6.402172955788401e-26 653490
10.5798 4.89367351817232e-28 5.524927531294773e-26 660746
10.626 4.149383672744166e-28 4.730376039237209e-26 664646
10.6722 3.494101635422539e-28 4.018943171313282e-26 667290
10.7184 2.973288563853178e-28 3.423940838357648e-26 679034
10.7646 2.463137468601828e-28 2.866795455822446e-26 682722
10.8108 2.052608496145494e-28 2.416601896604112e-26 691238
10.857 1.657279091271238e-28 1.969845343538516e-26 688602
10.9032 1.368197367146298e-28 1.63155280410874e-26 700826
10.9494 1.105791999639316e-28 1.32866213099763e-26 705662
10.9956 8.793253720648409e-29 1.067009640284431e-26 710082
11.0418 7.023809697815091e-29 8.499463730060803e-27 719162
11.088 5.441457232549385e-29 6.661342560169614e-27 722250
11.1342 4.210388992450312e-29 5.197532663123644e-27 731510
11.1804 3.179326740332532e-29 3.951224972331947e-27 736442
11.2266 2.357561769821403e-29 2.950135038949239e-27 740898
11.2728 1.719048141163452e-29 2.178707364338547e-27 750158
11.319 1.224873139539952e-29 1.554192658473286e-27 754866
11.3652 8.467024788429955e-30 1.089008850351938e-27 760826
11.4114 5.679207274759415e-30 7.312069504337662e-28 764034
11.4576 3.705324697473516e-30 4.778485166924507e-28 773846
11.5038 2.293342433214274e-30 2.984202414240543e-28 779714
11.55 1.344419896961572e-30 1.76316356029466e-28 784314
11.5962 7.440291927692921e-31 9.810135817872265e-29 791342
11.6424 3.773489435520057e-31 5.033040743705252e-29 799458
11.6886 1.730333800120914e-31 2.315353924929146e-29 804962
11.7348 6.988709846378948e-32 9.385873400987827e-30 809550
11.781 2.402567341667319e-32 3.255516016393675e-30 813458
11.8272 6.995737912968608e-33 9.602847875709103e-31 827402
11.8734 2.052980058532441e-33 2.795194586918658e-31 828618
11.9196 1.034283200919354e-33 1.441156348649471e-31 836918
11.9658 8.497583531421582e-34 1.197709708248086e-31 842874
12.012 7.580960542376213e-34 1.0866587745866e-31 849338
12.0582 6.707107973811616e-34 9.831229531230917e-32 858942
12.1044 5.940140216506266e-34 8.787635871953321e-32 860978
12.1506 5.301620488616574e-34 7.918407229510536e-32 868346
12.1968 4.726921681647834e-34 7.107792356443707e-32 875154
12.243 4.233921227182051e-34 6.395615452301356e-32 886214
12.2892 3.742176730856386e-34 5.70325864124733e-32 887346
12.3354 3.329572876906174e-34 5.104284175974777e-32 894986
12.3816 2.968911513852744e-34 4.564472030663952e-32 902774
12.4278 2.638414901368677e-34 4.078607118476774e-32 912114
12.474 2.321176511883191e-34 3.612642497919962e-32 915026
12.5202 2.066059350056784e-34 3.219269257205009e-32 920142
12.5664 1.81458680561174e-34 2.852238324025768e-32 929762
12.6126 1.617719154396717e-34 2.534206678635026e-32 937698
12.6588 1.424903902612004e-34 2.233920332064651e-32 944762
12.705 1.238485744277767e-34 1.963968889424826e-32 948254
12.7512 1.084158328226356e-34 1.729061532899467e-32 956802
12.7974 9.582527994550524e-35 1.526088024433432e-32 967658
12.8436 8.378760999113063e-35 1.329532203848448e-32 969702
12.8898 7.331484166441901e-35 1.162546288346837e-32 974090
12.936 6.416214736072515e-35 1.020622672820451e-32 988482
12.9822 5.64252548028719e-35 8.847048403139885e-33 991994
13.0284 4.929458481369694e-35 7.704437759178141e-33 1001030
13.0746 4.306720413816521e-35 6.710361059074385e-33 1005450
13.1208 3.815058227062671e-35 5.821216759924482e-33 1013738
13.167 3.48804001244627e-35 5.056449657616595e-33 1021710
13.2132 3.153032844843608e-35 4.350649063969476e-33 1023626
13.2594 3.032892141952328e-35 3.808909950815438e-33 1035834
13.3056 2.42906142753407e-35 3.299183426719532e-33 1040786
13.3518 2.696058761470211e-35 2.876121506305656e-33 1053206
13.398 1.948547660968718e-35 2.494548715936042e-33 1057002
13.4442 1.75444372492825e-35 2.178586007355951e-33 1063898
13.4904 1.455443966612867e-35 1.91469970880122e-33 1072782
13.5366 1.415092803767505e-35 1.698902968044985e-33 1078826
13.5828 1.246577664323961e-35 1.514446612293135e-33 1087922
13.629 1.226370067848252e-35 1.347187304415062e-33 1090494
13.6752 1.036815966861885e-35 1.223906289512056e-33 1101362
13.7214 1.065246270995217e-35 1.127865064493764e-33 1109802
13.7676 9.315580582880275e-36 1.050832387758215e-33 1114514
13.8138 9.371795463395435e-36 9.921828235234283e-34 1123926
13.86 8.985736496789031e-36 9.325131274803252e-34 1125986
13.9062 9.421860637737507e-36 9.050083667559493e-34 1143554
13.9524 1.047604455727301e-35 8.720509915996257e-34 1144710
13.9986 1.129133207657595e-35 8.595158095334583e-34 1154018
14.0448 8.448748295144917e-36 8.428056213790421e-34 1159962
14.091 1.064643688533144e-35 8.350255609235204e-34 1170986
14.1372 1.042256652609016e-35 8.310331266283258e-34 1178142
14.1834 9.199987556954316e-36 8.286528363897018e-34 1182674
14.2296 8.208623517030093e-36 8.369955235598912e-34 1191002
14.2758 8.496838362299739e-36 8.402235418284792e-34 1200438
14.322 8.676182290250765e-36 8.391306635736341e-34 1208162
14.3682 9.00981851400512e-36 8.422356988562367e-34 1215258
14.4144 8.787669802977557e-36 8.56385716098772e-34 1224134
14.4606 9.608062305100517e-36 8.69397322684936e-34 1228722
14.5068 9.844209117838433e-36 8.860185347520874e-34 1243154
14.553 1.07460635013034e-35 8.922705865677644e-34 1245434
14.5992 1.259524155845935e-35 9.020948261237777e-34 1255158
14.6454 1.49759245605596e-35 9.094203109079617e-34 1255610
14.6916 2.459745436738155e-35 9.356321160342439e-34 1277562
14.7378 2.740562355954219e-35 9.52241059577601e-34 1274414
14.784 1.482930517158104e-35 9.419590153080704e-34 1285994
14.8302 3.183827837584669e-35 9.699740369614465e-34 1299570
14.8764 2.281646801308722e-35 9.660435370774143e-34 1302122
14.9226 1.825331021027008e-35 9.764303450868609e-34 1311366
14.9688 1.30624530893537e-35 9.867781542431199e-34 1319186
15.015 1.136667450002668e-35 9.908237890387274e-34 1327434
15.0612 1.123061229487589e-35 9.959383956381356e-34 1337294
15.1074 1.194383748374099e-35 1.009184061638057e-33 1342730
15.1536 9.660773311717872e-36 1.023901818965584e-33 1350570
15.1998 1.062661694743354e-35 1.044754473272368e-33 1362590
15.246 9.72124753178165e-36 1.053667020049307e-33 1369698
15.2922 9.78537762344545e-36 1.060631602753068e-33 1374914
15.3384 9.807482176895555e-36 1.068504612708126e-33 1383570
15.3846 1.019585597278942e-35 1.088786459003653e-33 1395374
15.4308 1.167443046171818e-35 1.096737358634014e-33 1396994
15.477 1.223915112644822e-35 1.113134956747082e-33 1411530
15.5232 1.047627652622845e-35 1.118874414796045e-33 1417574
15.5694 1.245917872374381e-35 1.134591727153725e-33 1428834
15.6156 1.097825169263664e-35 1.149512649252369e-33 1439018
15.6618 1.056712043432639e-35 1.157895026191268e-33 1440698
15.708 9.755832979414057e-36 1.167814790245215e-33 1453638
15.7542 9.76729326484726e-36 1.175124183962469e-33 1463426
15.8004 1.009371746008254e-35 1.182227592689743e-33 1471050
15.8466 1.096270692712064e-35 1.196980491534291e-33 1476638
15.8928 9.825823118726093e-36 1.217171133830783e-33 1484466
15.939 1.053635360828941e-35 1.240430329713449e-33 1501154
15.9852 1.03488056381743e-35 1.241707655485235e-33 1501706
16.0314 1.088731046419214e-35 1.255244452113039e-33 1511502
16.0776 1.062930536035906e-35 1.267722556861097e-33 1520234
16.1238 1.224390102272171e-35 1.290876000041034e-33 1535010
16.17 1.338893263528659e-35 1.305761607800602e-33 1543358
16.2162 1.71638048211663e-35 1.306998569126291e-33 1535754
16.2624 1.203940655237759e-35 1.332879387032065e-33 1564802
16.3086 1.690382584835437e-35 1.338359897409044e-33 1563038
16.3548 1.448941911702803e-35 1.359068432281136e-33 1578426
16.401 1.211946816933814e-35 1.369421277837585e-33 1581482
16.4472 1.139248810101821e-35 1.378313876861481e-33 1592250
16.4934 1.199570954671467e-35 1.387045809918778e-33 1602230
16.5396 1.09155503080376e-35 1.389399961251097e-33 1604754
16.5858 1.187902226244971e-35 1.422409444914549e-33 1623458
16.632 1.06213408468061e-35 1.435026243439232e-33 1624910
16.6782 1.164318090679685e-35 1.467295641360291e-33 1645122
16.7244 1.065196637783421e-35 1.469537606606657e-33 1645130
16.7706 1.166500513665434e-35 1.482651598769267e-33 1655706
16.8168 1.132093085233411e-35 1.491795978101381e-33 1663502
16.863 1.196998019940389e-35 1.519167718250456e-33 1675514
16.9092 1.298535802765932e-35 1.540587066940315e-33 1685298
16.9554 1.334136385721314e-35 1.548078892575563e-33 1689566
17.0016 1.224755406169769e-35 1.555518052989154e-33 1697850
17.0478 1.376982674677962e-35 1.585048781380928e-33 1718546
17.094 1.381753902165307e-35 1.597322539522796e-33 1719822
17.1402 1.252206109253824e-35 1.607672300002923e-33 1726586
17.1864 1.095124711534829e-35 1.619047250280461e-33 1739186
17.2326 1.17188817093901e-35 1.628565769203846e-33 1751538
17.2788 1.137039654525606e-35 1.643115659445524e-33 1758062
17.325 1.2790165730091e-35 1.659292540450017e-33 1763010
17.3712 1.253767956306975e-35 1.690837703214218e-33 1778642
17.4174 1.344927762999353e-35 1.712827098015008e-33 1788582
17.4636 1.36485792946456e-35 1.721182234750925e-33 1794746
17.5098 1.836523641117048e-35 1.73263362601586e-33 1803290
17.556 1.852183239259749e-35 1.760432952136546e-33 1811058
17.6022 2.225396358239711e-35 1.794589422266705e-33 1828358
17.6484 2.86609767061183e-35 1.822296612330558e-33 1831362
17.6946 4.920100745991929e-35 1.838912925571857e-33 1842458
17.7408 2.273410054785703e-35 1.832581301228832e-33 1846998
17.787 5.196942780628283e-35 1.886918252001509e-33 1869122
17.8332 5.078502367879108e-35 1.889688293602756e-33 1876346
17.8794 3.570249543783319e-35 1.891853671776801e-33 1879506
17.9256 2.448556948353715e-35 1.906754925533232e-33 1893326
17.9718 1.834132214676593e-35 1.909707728681495e-33 1901826
18.018 1.686863497030767e-35 1.916677501054896e-33 1911962
18.0642 1.567095848644426e-35 1.939464580595099e-33 1919198
18.1104 1.403169155238654e-35 1.969937330093335e-33 1930242
18.1566 1.45253818461946e-35 1.996076922598717e-33 1942442
18.2028 1.382894831689353e-35 2.012726811316462e-33 1951734
18.249 1.429372006484438e-35 2.023194854489255e-33 1955402
18.2952 1.3247657527829e-35 2.044937932476296e-33 1971858
18.3414 1.441222901564063e-35 2.071883006510519e-33 1984898
18.3876 1.496914092278233e-35 2.088966908811597e-33 1986422
18.4338 1.62324271534722e-35 2.113863281809577e-33 1996146
18.48 1.521454892145716e-35 2.133193656300747e-33 2017106
18.5262 1.661209315552786e-35 2.144225515299466e-33 2020638
18.5724 1.473387775744303e-35 2.164648540748114e-33 2029346
18.6186 1.376876234909404e-35 2.197317552716509e-33 2041002
18.6648 1.423820501965647e-35 2.207154216521731e-33 2051450
18.711 1.399828225399992e-35 2.221176044107245e-33 2065886
18.7572 1.39802912747869e-35 2.219308793678613e-33 2064546
18.8034 1.559380980788152e-35 2.250614348492619e-33 2082650
18.8496 1.373075012360716e-35 2.282819385680809e-33 2095182
18.8958 1.508287339014626e-35 2.317992764110148e-33 2101346
18.942 1.514021934563086e-35 2.346444899691853e-33 2115554
18.9882 1.489029271983914e-35 2.352452839077329e-33 2115654
19.0344 1.463546900490215e-35 2.380603709035272e-33 2141066
19.0806 1.676590476679891e-35 2.393841069695746e-33 2139786
19.1268 1.696720450093362e-35 2.426170292214825e-33 2152202
19.173 2.296704169331339e-35 2.459202402503385e-33 2161086
19.2192 1.71959134012595e-35 2.474324944994554e-33 2176058
19.2654 2.201494046688674e-35 2.500420334325722e-33 2190818
19.3116 1.878065417629903e-35 2.502979276869802e-33 2191158
19.3578 1.784220700533354e-35 2.529565933235576e-33 2205314
19.404 1.483591582071636e-35 2.552318898246038e-33 2215554
19.4502 1.560826135999181e-35 2.581444513709093e-33 2230562
19.4964 1.592405731255402e-35 2.586709207256663e-33 2239614
19.5426 1.594757554174951e-35 2.597907538106276e-33 2245706
19.5888 1.516427155458278e-35 2.627491715121775e-33 2259674
19.635 1.594045193786198e-35 2.667109480975773e-33 2273214
19.6812 1.497431676130248e-35 2.697157957054101e-33 2278802
19.7274 1.566662917456291e-35 2.724429831617629e-33 2294034
19.7736 1.500971459581606e-35 2.731346004668006e-33 2294942
19.8198 1.681642842804744e-35 2.770202766520936e-33 2317050
19.866 1.760814372931559e-35 2.784710941631115e-33 2322842
19.9122 1.805795860442531e-35 2.821203283500319e-33 2330810
19.9584 1.644926620707237e-35 2.846838066463336e-33 2345958
20.0046 1.939995653237276e-35 2.861711366293818e-33 2353586
20.0508 1.684224454433517e-35 2.898830600303e-33 2376210
20.097 1.635158783393169e-35 2.905271467298374e-33 2374502
20.1432 1.526148593044643e-35 2.939363253932961e-33 2386346
20.1894 1.573995516430059e-35 2.966802434140394e-33 2401314
20.2356 1.534760486953735e-35 2.997143666131627e-33 2411450
20.2818 1.690196746069009e-35 2.999470630318409e-33 2420718
20.328 1.590558621584934e-35 3.015211983221532e-33 2425754
20.3742 1.778494374291777e-35 3.061100163563399e-33 2455218
20.4204 1.730996260216859e-35 3.079986233337857e-33 2450942
20.4666 1.855138373037477e-35 3.126562864753967e-33 2467130
20.5128 2.260091372994253e-35 3.157809315288644e-33 2474874
20.559 2.963657823977085e-35 3.191049105069112e-33 2490362
20.6052 3.335184729374317e-35 3.214339150135769e-33 2498142
20.6514 6.457707224289554e-35 3.269100462545903e-33 2507090
20.6976 2.369528582502902e-35 3.263084618643106e-33 2525562
20.7438 5.099694748826915e-35 3.329261265803257e-33 2534726
20.79 3.069066783381951e-35 3.344611697474868e-33 2549906
20.8362 2.387446112725104e-35 3.356785087094752e-33 2551074
20.8824 2.290207757946878e-35 3.37737218188225e-33 2570702
20.9286 2.171082700265118e-35 3.390400246220253e-33 2574642
20.9748 1.947788443726959e-35 3.432856288535149e-33 2594066
21.021 1.929904302478706e-35 3.449211003539364e-33 2594802
21.0672 1.854269646400431e-35 3.475141965416049e-33 2612030
21.1134 1.827229779261495e-35 3.506316357742653e-33 2627954
21.1596 1.801634035754133e-35 3.529685550400165e-33 2640402
21.2058 1.756944895358627e-35 3.544433572539728e-33 2641454
21.252 1.802690122345068e-35 3.606120609706114e-33 2661834
21.2982 1.877654379635637e-35 3.647262220227073e-33 2669138
21.3444 1.869802858455221e-35 3.67671643869401e-33 2684858
21.3905 1.970581448417305e-35 3.710568702533035e-33 2693910
21.4367 1.862478252065562e-35 3.718611268458269e-33 2701682
21.4829 2.079826246475857e-35 3.770400691914154e-33 2722698
21.5291 1.875965225329665e-35 3.798034158219928e-33 2725262
21.5753 1.897482606943176e-35 3.834317320609793e-33 2742450
21.6215 1.778311426412676e-35 3.856657357666791e-33 2749850
21.6677 1.897230653905469e-35 3.884241453947491e-33 2763902
21.7139 1.883046430974925e-35 3.911570019109968e-33 2778498
21.7601 1.859865740822332e-35 3.936795106024396e-33 2784530
21.8063 1.846095737647878e-35 3.991252289276262e-33 2804106
21.8525 1.843127965748695e-35 4.009029585426708e-33 2809790
21.8987 1.887320187212348e-35 4.045433290668079e-33 2825058
21.9449 2.02616713893266e-35 4.057051589267361e-33 2834330
21.9911 1.936221252550261e-35 4.080162782264655e-33 2842022
22.0373 2.222912449786753e-35 4.135746698957217e-33 2864754
22.0835 2.390134169013155e-35 4.168957117135371e-33 2864186
22.1297 2.413247451558289e-35 4.225930309479295e-33 2879538
22.1759 2.305921892795385e-35 4.265042384264033e-33 2899454
22.2221 2.649637755165643e-35 4.290410982609639e-33 2904258
22.2683 2.400753790483445e-35 4.336348039521504e-33 2930234
22.3145 2.177479643989626e-35 4.348407541763575e-33 2929526
22.3607 1.989644144320032e-35 4.389237454358464e-33 2942442
22.4069 2.015162792392675e-35 4.445989264175634e-33 2960810
22.4531 2.061801707137962e-35 4.460243014765096e-33 2964954
22.4993 2.086269720941816e-35 4.498110129948523e-33 2980910
22.5455 2.025062588202326e-35 4.525377534966744e-33 2990978
22.5917 2.056796932724131e-35 4.563641694245076e-33 3007626
22.6379 1.97043591391476e-35 4.604910556023522e-33 3019166
22.6841 1.996622595803954e-35 4.63363693403847e-33 3021090
22.7303 2.026599997289248e-35 4.673211148285203e-33 3047834
22.7765 2.151238035719306e-35 4.694273172194509e-33 3055590
22.8227 2.140539694546616e-35 4.723804915929452e-33 3068546
22.8689 2.32686073194081e-35 4.732237420318062e-33 3067274
22.9151 2.136700120736827e-35 4.819273012436317e-33 3098058
22.9613 2.327177768182648e-35 4.879785875524199e-33 3109214
23.0075 2.118459530634135e-35 4.904316358946532e-33 3110466
23.0537 2.080940973903369e-35 4.945416187532448e-33 3124370
23.0999 2.02153052919018e-35 4.982788048425589e-33 3144174
23.1461 2.102414396866383e-35 5.027177293173719e-33 3161738
23.1923 2.034555725652055e-35 5.044743197643345e-33 3159890
23.2385 2.319118223531149e-35 5.105928946412098e-33 3174138
23.2847 2.327773515249214e-35 5.152764711750291e-33 3195926
23.3309 2.640026166523769e-35 5.206138690069981e-33 3211386
23.3771 2.747707758740664e-35 5.239599378265659e-33 3219314
23.4233 3.347996390425763e-35 5.274456999758433e-33 3225494
23.4695 4.691994245552732e-35 5.338568390003836e-33 3242562
23.5157 5.505364821967672e-35 5.403610281928019e-33 3257450
23.5619 1.246943448179218e-34 5.476315195827128e-33 3269118
23.6081 1.843466659068126e-34 5.471274838346466e-33 3278930
23.6543 6.216709935036639e-35 5.45220353814449e-33 3286650
23.7005 2.274075038003672e-34 5.549326526053596e-33 3316610
23.7467 1.408089879900853e-34 5.555463567322264e-33 3321542
23.7929 6.838134707219873e-35 5.587511563044861e-33 3328578
23.8391 4.639511324904673e-35 5.655016723198231e-33 3345074
23.8853 3.81356163714233e-35 5.710596862721618e-33 3361686
23.9315 3.214206937513272e-35 5.735319348941639e-33 3369722
23.9777 3.029391746608305e-35 5.775746932723546e-33 3385290
24.0239 2.773455003223659e-35 5.793670883380232e-33 3391370
24.0701 2.723413028504887e-35 5.876410738300117e-33 3422966
24.1163 2.477172081321566e-35 5.906411961293633e-33 3419538
24.1625 2.541945188280597e-35 5.96548755953526e-33 3441890
24.2087 2.496555470380844e-35 5.984718351742831e-33 3447582
24.2549 2.535603060168745e-35 6.032427404060152e-33 3466298
24.3011 2.668094731951955e-35 6.043141574311656e-33 3466194
24.3473 2.929359413707163e-35 6.11998264132258e-33 3492062
24.3935 2.562782900271631e-35 6.164864624742478e-33 3503114
24.4397 2.769157934874786e-35 6.221351398582374e-33 3517146
24.4859 2.703651519254904e-35 6.272102085891034e-33 3535706
24.5321 2.53573045044988e-35 6.275145085623637e-33 3539742
24.5783 2.537197517296835e-35 6.298375848777615e-33 3558698
24.6245 2.57957981885008e-35 6.342025486998657e-33 3570122
24.6707 2.462836414105201e-35 6.403288507930329e-33 3585174
24.7169 2.632399598571594e-35 6.473293874891786e-33 3594314
24.7631 2.558473912686885e-35 6.548571956650587e-33 3612258
24.8093 2.636502212623322e-35 6.587195410808524e-33 3620282
24.8555 2.574131520490983e-35 6.645306842231654e-33 3639078
24.9017 2.610908837309949e-35 6.672517169898277e-33 3650450
24.9479 2.62289161247852e-35 6.715474975910508e-33 3661418
24.9941 2.874427261119869e-35 6.781495452899349e-33 3677694
25.0403 2.944086508592245e-35 6.862596822904695e-33 3695978
25.0865 3.476006801008126e-35 6.910106989976874e-33 3702810
25.1327 2.936503987083718e-35 6.940669710251289e-33 3716162
25.1789 3.873629812179826e-35 7.007009103222951e-33 3740094
25.2251 3.044998394901788e-35 7.025338983603073e-33 3740954
25.2713 3.123323871039026e-35 7.083589481269987e-33 3760946
25.3175 2.702942341621268e-35 7.147456868593946e-33 3778278
25.3637 2.757969331825428e-35 7.196950258637974e-33 3784922
25.4099 2.687752038779969e-35 7.226955981532024e-33 3805266
25.4561 2.728399366763987e-35 7.241646155926549e-33 3807686
25.5023 2.731445406504276e-35 7.310506099306999e-33 3833130
25.5485 2.70013626532717e-35 7.329466684359823e-33 3841898
25.5947 2.664418002763047e-35 7.404372899778068e-33 3858074
25.6409 2.696283338242137e-35 7.488070072741365e-33 3868974
25.6871 2.670173370602676e-35 7.572911365492233e-33 3885362
25.7333 2.690713191743527e-35 7.624709499868029e-33 3898290
25.7795 2.819628294652502e-35 7.661567129595914e-33 3907334
25.8257 3.191372832299395e-35 7.71332214773228e-33 3928730
25.8719 2.9270759724702e-35 7.744065822630131e-33 3936666
25.9181 3.401150652882226e-35 7.825705281041696e-33 3961346
25.9643 2.926305140284839e-35 7.877383556921471e-33 3975774
26.0105 2.786777284077622e-35 7.918026595862648e-33 3970106
26.0567 2.70353091235426e-35 8.002910914319266e-33 4003170
26.1029 2.773320222286226e-35 8.048115446252454e-33 4019558
26.1491 2.711852130239078e-35 8.092135641009526e-33 4025642
26.1953 3.037969870608594e-35 8.113913781320548e-33 4028514
26.2415 2.902547271716677e-35 8.200621166467932e-33 4059398
26.2877 3.149764813258541e-35 8.256562314308051e-33 4069674
26.3339 2.8676449919122e-35 8.311086091760996e-33 4083698
26.3801 2.99021991460321e-35 8.351525293721281e-33 4095210
26.4263 3.321643106895705e-35 8.394453872565553e-33 4110518
26.4725 3.814749664549056e-35 8.445677079213236e-33 4126850
26.5187 4.909884550140524e-35 8.500401756565071e-33 4140114
26.5649 6.773328376078826e-35 8.557774087041424e-33 4144070
26.6111 3.571122277364227e-35 8.653298273782195e-33 4175802
26.6573 6.140606484129648e-35 8.734644822411839e-33 4187882
26.7035 6.080922403462853e-35 8.806493004210805e-33 4199250
26.7497 3.942585610388755e-35 8.846891182412153e-33 4209326
26.7959 3.504333572490682e-35 8.877503325509959e-33 4222130
26.8421 3.370832318059737e-35 8.977952194522412e-33 4254258
26.8883 3.212510161616241e-35 8.990334405482555e-33 4252478
26.9345 3.371420088573034e-35 9.089117766123689e-33 4270698
26.9807 3.061379814727544e-35 9.125952220797408e-33 4278122
27.0269 3.408747715219352e-35 9.237821071596529e-33 4309898
27.0731 3.053731084445419e-35 9.268093042220125e-33 4317150
27.1193 3.023145289647115e-35 9.332654640750058e-33 4329698
27.1655 3.026690764872046e-35 9.361299003392754e-33 4340826
27.2117 3.217797136579832e-35 9.450114809560367e-33 4359590
27.2579 3.109424187313633e-35 9.525479977272401e-33 4376850
27.3041 3.274361596562603e-35 9.584775579694194e-33 4386674
27.3503 3.112119469855119e-35 9.618453379227914e-33 4401782
27.3965 3.433949157609401e-35 9.693673437297823e-33 4419210
27.4427 3.26938582691528e-35 9.771481988443559e-33 4446482
27.4889 3.135092381903331e-35 9.754163502462595e-33 4435554
27.5351 3.073030746027279e-35 9.864139758155289e-33 4468934
27.5813 3.207104864708157e-35 9.929371154072205e-33 4477650
27.6275 3.153006792198797e-35 1.002394853803694e-32 4491218
27.6737 3.163541664359253e-35 1.0109400987847e-32 4510358
27.7199 3.131606866943292e-35 1.017175740556124e-32 4518594
27.7661 3.176436325009245e-35 1.025721051180418e-32 4544474
27.8123 3.162593389264002e-35 1.02802693908471e-32 4552098
27.8585 3.216796934979346e-35 1.037282530852616e-32 4574990
27.9047 3.247592677019611e-35 1.041517570361915e-32 4577210
27.9509 3.413568431749047e-35 1.053097471937919e-32 4608186
27.9971 3.524327226431203e-35 1.058976347917658e-32 4610198
28.0433 4.268218839358866e-35 1.067167295033283e-32 4628898
28.0895 3.482260407110767e-35 1.071489041917172e-32 4641170
28.1357 3.943433277343617e-35 1.080126854285252e-32 4662462
28.1819 3.648550980386177e-35 1.084580524108943e-32 4681442
28.2281 3.534360834915064e-35 1.091133407910403e-32 4687850
28.2743 3.295958916314379e-35 1.099631137040614e-32 4708818
28.3205 3.371143391606233e-35 1.107241100283626e-32 4721534
28.3667 3.561316248650093e-35 1.112571153801202e-32 4732770
28.4129 3.3612214930003e-35 1.119598922850246e-32 4753346
28.4591 3.33112384150769e-35 1.124760318780735e-32 4772886
28.5053 3.455798561966638e-35 1.131262457390616e-32 4785098
28.5515 3.289812257775e-35 1.134907373802029e-32 4795394
28.5977 3.322617874718575e-35 1.144035359851598e-32 4813986
28.6439 3.34591166775926e-35 1.155202674914003e-32 4832654
28.6901 3.374452720117496e-35 1.165195756907021e-32 4849362
28.7363 3.539400244285581e-35 1.172285866441036e-32 4858322
28.7825 3.797884740228888e-35 1.180440967383219e-32 4871286
28.8287 3.470757185245036e-35 1.188762194740167e-32 4894370
28.8749 3.950362965275668e-35 1.197612307593765e-32 4914650
28.9211 3.635401421420299e-35 1.199746056834472e-32 4919658
28.9673 3.46135405910058e-35 1.210017907464815e-32 4941638
29.0135 3.474110687065125e-35 1.221257077199547e-32 4965954
29.0597 3.502834397702755e-35 1.226816526872945e-32 4971770
29.1059 3.499371374589997e-35 1.234590025585717e-32 4985702
29.1521 3.68559578137964e-35 1.240911412477083e-32 4996314
29.1983 3.569654183114435e-35 1.249150660821179e-32 5021258
29.2445 3.991624063402564e-35 1.257519266002561e-32 5038470
29.2907 3.910551057921127e-35 1.263523658244071e-32 5048570
29.3369 4.427167615473026e-35 1.27523092255442e-32 5067786
29.3831 5.563552191713426e-35 1.286442013012469e-32 5084402
29.4293 6.8106952946524e-35 1.293147272142435e-32 5104238
29.4755 9.767449368639448e-35 1.296722316635543e-32 5101890
29.5217 1.474075364850243e-34 1.30992160936882e-32 5129594
29.5679 5.484873187677679e-35 1.31062046348193e-32 5149086
29.6141 1.323207602374403e-34 1.32119575335498e-32 5168834
29.6603 9.268148364804495e-35 1.323424093558967e-32 5172306
29.7065 5.543754279126329e-35 1.331944693165338e-32 5199218
29.7527 5.203409011466441e-35 1.345588699093408e-32 5215430
29.7989 4.571876261935078e-35 1.354304244372537e-32 5229066
29.8451 4.216534592637625e-35 1.365448945391617e-32 5244530
29.8913 4.175913924454815e-35 1.376181424943548e-32 5262870
29.9375 3.868050541488441e-35 1.377831097727469e-32 5272562
29.9837 3.946023045895854e-35 1.386500469517815e-32 5290098
30.0299 3.787751533819966e-35 1.393749804086609e-32 5314358
30.0761 3.951065566490654e-35 1.401721030997693e-32 5322098
30.1223 3.858871040911039e-35 1.411766701398457e-32 5341026
30.1685 3.980239310887765e-35 1.426203008581283e-32 5366858
30.2147 3.978323934249728e-35 1.432676564913988e-32 5374422
30.2609 4.427451572587826e-35 1.43823192721074e-32 5377730
30.3071 4.012292244251719e-35 1.450702904784062e-32 5409410
30.3533 4.435253377416595e-35 1.45903476402124e-32 5434014
30.3995 4.133361152084895e-35 1.464703437413344e-32 5438882
30.4457 3.933339210793797e-35 1.475754508861694e-32 5456178
30.4919 3.816374318197533e-35 1.482491161522546e-32 5469242
30.5381 3.933730254557657e-35 1.494914144922445e-32 5496174
30.5843 3.834676864425179e-35 1.5009846619634e-32 5505530
30.6305 4.085911174632807e-35 1.508376555905459e-32 5521202
30.6767 3.972937982832372e-35 1.517873917376712e-32 5544126
30.7229 4.178800515101482e-35 1.522622956574686e-32 5560106
30.7691 3.99345554238021e-35 1.533715655004261e-32 5579754
30.8153 3.952301346991626e-35 1.535541901159387e-32 5576270
30.8615 4.080879885225731e-35 1.548759463585814e-32 5607138
30.9077 4.385846243821512e-35 1.560750206900138e-32 5625026
30.9539 4.578944526025956e-35 1.574598868737937e-32 5646698
31.0001 5.233386147775978e-35 1.583861712475111e-32 5649126
31.0463 4.395993485830156e-35 1.596183094734721e-32 5676434
31.0925 5.406355597473023e-35 1.602730678977117e-32 5687418
31.1387 4.579904343486073e-35 1.616286408765793e-32 5715830
31.1849 4.490020423234073e-35 1.623913202207338e-32 5729210
31.2311 4.071439080330084e-35 1.632667891804383e-32 5744802
31.2773 4.167659047899286e-35 1.636826235939884e-32 5752154
31.3235 4.134565265956559e-35 1.653623667994043e-32 5786382
31.3697 4.119463413853989e-35 1.658368766547347e-32 5784146
31.4159 4.093265916478503e-35 1.670995977338831e-32 5812146
31.4621 4.176283013489501e-35 1.680144429472108e-32 5830166
31.5083 4.204942190910754e-35 1.690635252643756e-32 5845850
31.5545 4.120982459281455e-35 1.701136256300016e-32 5862834
31.6007 4.10010563545873e-35 1.706874088684962e-32 5876066
31.6469 4.278065472143693e-35 1.723413404540683e-32 5905854
31.6931 4.440867372810071e-35 1.722839461046558e-32 5902274
31.7393 4.570841803964401e-35 1.740207303219404e-32 5931258
31.7855 4.223064626264795e-35 1.748902378278226e-32 5954966
31.8317 4.655821116284436e-35 1.757212645441581e-32 5965346
31.8779 4.457915542567728e-35 1.764724537170448e-32 5977818
31.9241 4.510088664921383e-35 1.775971666752711e-32 6004718
31.9703 4.183495176519354e-35 1.78149873306652e-32 6011706
32.0165 4.228012564806791e-35 1.797425581451044e-32 6045770
32.0627 4.314481134574718e-35 1.797566288837144e-32 6041586
32.1089 4.504260384159113e-35 1.818084262546357e-32 6073166
32.1551 4.337826324133133e-35 1.826699862264319e-32 6078962
32.2013 4.629595555147192e-35 1.844302960330213e-32 6114258
32.2475 4.680799506856815e-35 1.854343071374143e-32 6123086
32.2937 4.759091568616705e-35 1.864928033427297e-32 6136770
32.3399 5.230748582666579e-35 1.872524542103361e-32 6154898
32.3861 6.287664785732413e-35 1.886181411000053e-32 6178610
32.4323 8.316417792226947e-35 1.896818336583665e-32 6197982
32.4785 1.002098532197889e-34 1.907779271441464e-32 6205322
32.5247 5.296746780058339e-35 1.909600541793993e-32 6218850
32.5709 9.796688798862386e-35 1.931783722898214e-32 6249542
32.6171 7.936226979562302e-35 1.948715521794171e-32 6274146
32.6633 6.153036229077594e-35 1.950973403869729e-32 6270242
32.7095 5.391601934473977e-35 1.967657180317382e-32 6305222
32.7557 5.114480179190808e-35 1.975941584239512e-32 6325026
32.8019 4.727504320429424e-35 1.981089279543132e-32 6331922
32.8481 4.785585098637539e-35 1.989127103599598e-32 6343698
32.8943 4.67254951224621e-35 2.006344790738046e-32 6375158
32.9405 4.658491838390055e-35 2.014882499654523e-32 6392178
32.9867 4.753379284915463e-35 2.027282675290948e-32 6412826
33.0329 4.574601942760321e-35 2.031146060587667e-32 6407078
33.0791 4.686339243700384e-35 2.051296643501616e-32 6447954
33.1253 4.721214629702453e-35 2.058848733216474e-32 6456026
33.1715 5.003985351388705e-35 2.071301711052249e-32 6482034
33.2177 5.077280133009369e-35 2.078802203657448e-32 6492878
33.2639 4.85868897487445e-35 2.084717595551229e-32 6502074
33.3101 5.35938730746073e-35 2.102134984608753e-32 6542930
33.3563 4.939050411011152e-35 2.111696860866972e-32 6556598
33.4025 4.777907707227796e-35 2.12021639524775e-32 6570330
33.4487 4.6811457178782e-35 2.132296111274015e-32 6581882
33.4949 4.775510823669368e-35 2.15101153091095e-32 6612546
33.5411 4.783603937282613e-35 2.166143210903197e-32 6628622
33.5873 4.865215591795922e-35 2.174949398813709e-32 6629498
33.6335 4.78909509499328e-35 2.191379440256877e-32 6659250
33.6797 4.985041335492813e-35 2.207377073860359e-32 6686006
33.7259 4.790059056281836e-35 2.215033979608972e-32 6693786
33.7721 4.897780084363921e-35 2.227840631822886e-32 6711554
33.8183 4.93791921539012e-35 2.23671461177699e-32 6735678
33.8645 5.277811113319516e-35 2.250111371645516e-32 6754754
33.9107 5.528807052868394e-35 2.263817489205297e-32 6776570
33.9569 6.091685169040798e-35 2.269996317209172e-32 6767394
34.0031 5.385341807659756e-35 2.287654361169738e-32 6818246
34.0493 6.161031072235127e-35 2.302547080815647e-32 6830562
34.0955 5.609085894230301e-35 2.313757272722368e-32 6839186
34.1417 5.212882421294621e-35 2.327942630125716e-32 6861462
34.1879 5.073806501695416e-35 2.336189223103948e-32 6880394
34.2341 5.292691017558043e-35 2.352148577128751e-32 6907178
34.2803 5.001126706280163e-35 2.357863088881471e-32 6917034
34.3265 5.250477469373947e-35 2.369266615423392e-32 6937934
34.3727 4.918188834898352e-35 2.380464454955921e-32 6947250
34.4189 5.092551366204161e-35 2.398204833310564e-32 6982106
34.4651 5.107418218380952e-35 2.413205972704804e-32 6995718
34.5113 5.086204827134518e-35 2.424054099528442e-32 7006682
34.5575 4.959400820144232e-35 2.437894934229043e-32 7035866
34.6037 5.253475162974449e-35 2.452027317699892e-32 7054110
34.6499 5.338245298475058e-35 2.459575918794793e-32 7059194
34.6961 5.505627256886792e-35 2.473056444587986e-32 7091802
34.7423 5.351607134653109e-35 2.481612581437941e-32 7100666
34.7885 5.742801812779825e-35 2.497667174677048e-32 7129070
34.8347 5.416490081608496e-35 2.507673733537203e-32 7143282
34.8809 5.337058758930014e-35 2.520926792999765e-32 7161482
34.9271 5.147319813388001e-35 2.537568215409352e-32 7184694
34.9733 5.294948585086129e-35 2.551830088494546e-32 7203914
35.0195 5.132538515138574e-35 2.569505798992538e-32 7219746
35.0657 5.501730887186732e-35 2.578729973141768e-32 7228634
35.1119 5.33169194844762e-35 2.603809483597896e-32 7271990
35.1581 5.696900055040874e-35 2.606874371248895e-32 7266786
35.2043 5.86828497525233e-35 2.62374000929853e-32 7293650
35.2505 6.206605370879584e-35 2.643248598710528e-32 7324086
35.2967 7.249163947397521e-35 2.656534732549996e-32 7338650
35.3429 9.058188456365362e-35 2.670092459476046e-32 7351962
35.3891 1.246873443063414e-34 2.682053034658282e-32 7357190
35.4353 1.790582431452557e-34 2.713863673818352e-32 7406042
35.4815 8.182468932265796e-35 2.717203069743566e-32 7408626
35.5277 1.814909480575647e-34 2.743847603612387e-32 7435610
35.5739 1.194965241823669e-34 2.751099595333528e-32 7453542
35.6201 9.536959308664954e-35 2.759647292896651e-32 7464002
35.6663 8.780237683529803e-35 2.775472111969421e-32 7493546
35.7125 6.854870763909781e-35 2.791404118637882e-32 7510806
35.7587 6.284938142234897e-35 2.799045836056085e-32 7532114
35.8049 6.161010982256744e-35 2.806230385749302e-32 7536234
35.8511 5.793574827737657e-35 2.822402875628298e-32 7565834
35.8973 6.070696648824163e-35 2.84191557299552e-32 7603062
35.9435 5.860333443963664e-35 2.845391090330048e-32 7593890
35.9897 5.851357412957733e-35 2.863527373328624e-32 7622906
36.0359 5.804299660297391e-35 2.879066644428307e-32 7646622
36.0821 5.942469513047664e-35 2.898493962881844e-32 7672058
36.1283 6.124186514537702e-35 2.903355026038145e-32 7679346
36.1745 6.219209088493703e-35 2.919470068216774e-32 7693058
36.2207 5.875163996891325e-35 2.940859522118562e-32 7732158
36.2669 6.585914510246385e-35 2.949856415835809e-32 7746962
36.3131 6.068610924736401e-35 2.964924020598974e-32 7770986
36.3593 5.971234549388874e-35 2.970216774589253e-32 7772094
36.4055 5.861505840690196e-35 2.990024174407056e-32 7803818
36.4517 5.946646207238852e-35 3.009157835424758e-32 7834338
36.4979 5.85082719881726e-35 3.016709979763814e-32 7833710
36.5441 6.08041910193642e-35 3.034012497116306e-32 7858794
36.5903 5.964246078342254e-35 3.049034185952894e-32 7884290
36.6365 5.977126461706553e-35 3.064659525722091e-32 7901522
36.6827 5.9610513350074e-35 3.088080052300077e-32 7930662
36.7289 6.051786219620945e-35 3.098395527138107e-32 7934426
36.7751 6.201503932804312e-35 3.121106731260928e-32 7967322
36.8213 6.331132216411779e-35 3.135269897415087e-32 7981934
36.8675 6.759409295599868e-35 3.151786305000604e-32 8003282
36.9137 6.919181035620837e-35 3.166273969841714e-32 8019666
36.9599 6.376854282306782e-35 3.178383416356993e-32 8034482
37.0061 7.163674814291848e-35 3.199163600521721e-32 8068542
37.0523 6.929218333686983e-35 3.213452968133241e-32 8088290
37.0985 6.434723733733041e-35 3.223762743675534e-32 8096322
37.1447 6.355477495597548e-35 3.240818271088134e-32 8122646
37.1909 6.383930802824684e-35 3.261971621876918e-32 8150138
37.2371 6.141113525680203e-35 3.275279434582083e-32 8165322
37.2833 6.179131463495794e-35 3.290643410254735e-32 8182574
37.3295 6.290152554564493e-35 3.309641534112314e-32 8203698
37.3757 6.24205330843981e-35 3.326543436791363e-32 8226914
37.4219 6.182765707212489e-35 3.343381820563161e-32 8246898
37.4681 6.159843754539677e-35 3.358749153830547e-32 8261774
37.5143 6.256670257768143e-35 3.37299396922471e-32 8279426
37.5605 6.333423825667413e-35 3.392338327929913e-32 8308722
37.6067 6.633864640416959e-35 3.407022605869999e-32 8326214
37.6529 6.805058040786232e-35 3.420795537277198e-32 8342682
37.6991 6.396176950600914e-35 3.4317750317685e-32 8360834
37.7453 6.815484737516792e-35 3.453665011285652e-32 8393226
37.7915 6.545813431686214e-35 3.476987851005909e-32 8420150
37.8377 6.408066249876013e-35 3.487825136621547e-32 8421986
37.8839 6.265730364054341e-35 3.502133859710842e-32 8445714
37.9301 6.397185917217375e-35 3.523536906103881e-32 8472590
37.9763 6.498585794665332e-35 3.539621635601306e-32 8495370
38.0225 6.411545879750549e-35 3.557497301931724e-32 8512802
38.0687 6.446005889612256e-35 3.567999593977063e-32 8523290
38.1149 6.665561231630726e-35 3.591475906702967e-32 8570982
38.1611 6.528828839421575e-35 3.599401143712209e-32 8568458
38.2073 7.084844519405619e-35 3.616504788880729e-32 8586498
38.2535 7.291585854035178e-35 3.632493903513623e-32 8608838
38.2997 8.190106461929074e-35 3.653867902071481e-32 8645610
38.3459 1.000182753355313e-34 3.666726260344248e-32 8658386
38.3921 1.387862855762889e-34 3.682952163591829e-32 8668598
38.4383 7.649806613501962e-35 3.699903997140627e-32 8697426
38.4845 1.428258186022163e-34 3.723853290276787e-32 8722562
38.5307 1.055812248042641e-34 3.738470834129429e-32 8737962
38.5769 8.584793159018114e-35 3.756808493490092e-32 8771366
38.6231 7.796421487990172e-35 3.768918849243007e-32 8771010
38.6693 7.53679094412424e-35 3.80307672133068e-32 8822618
38.7155 6.971852810206862e-35 3.803543328169353e-32 8807726
38.7617 7.183843786668847e-35 3.832034701436172e-32 8844618
38.8079 6.938334419525047e-35 3.85009482461582e-32 8868722
38.8541 6.916843744215293e-35 3.870201726493911e-32 8891394
38.9003 6.831293782293841e-35 3.892822028656163e-32 8911934
38.9465 6.943656122386829e-35 3.906271073243082e-32 8923938
38.9927 6.839946301279717e-35 3.925036647295732e-32 8953682
39.0389 6.960744963594903e-35 3.944516711549346e-32 8981966
39.0851 7.113194663016592e-35 3.956383021735881e-32 8990442
39.1313 7.767419619247491e-35 3.972268498892734e-32 9007874
39.1775 7.076719149102461e-35 3.995478326775389e-32 9038982
39.2237 7.533760081859502e-35 4.015231651514037e-32 9068570
39.2699 7.062015173543077e-35 4.032898546338036e-32 9085250
39.3161 7.126735590258975e-35 4.04075484333181e-32 9084690
39.3623 6.954148083315771e-35 4.071675387585717e-32 9128654
39.4085 7.035227876635354e-35 4.084333519723626e-32 9133170
39.4547 6.955202791309953e-35 4.117235918832783e-32 9185882
39.5009 7.042873211398187e-35 4.12018875819618e-32 9163254
39.5471 6.9900983444234e-35 4.151610235777536e-32 9220130
39.5933 7.255179052257869e-35 4.167378691173654e-32 9233138
39.6395 7.030122884560556e-35 4.185404207312211e-32 9249378
39.6857 7.315101851886578e-35 4.208220577403145e-32 9271550
39.7319 7.323853760814767e-35 4.219741617046079e-32 9286266
39.7781 7.455665670763904e-35 4.241209585595864e-32 9320762
39.8243 7.726640820659748e-35 4.255004232688509e-32 9326718
39.8705 8.366939183977459e-35 4.279369155311253e-32 9354602
39.9167 7.673801507055912e-35 4.297395284300262e-32 9384122
39.9629 8.817522865001397e-35 4.321858877688144e-32 9400482
40.0091 8.113275016995132e-35 4.344184676796779e-32 9432638
40.0553 7.861918270087847e-35 4.354573781743617e-32 9445314
40.1015 7.28712379704443e-35 4.384839245503253e-32 9477290
40.1477 7.426234812216634e-35 4.393497798750711e-32 9489182
40.1939 7.393390892740422e-35 4.413613701458033e-32 9506706
40.2401 7.473573665719245e-35 4.435686648209864e-32 9533978
40.2863 7.334294676166353e-35 4.453298301955804e-32 9553662
40.3325 7.52498182664635e-35 4.476018918525911e-32 9579506
40.3787 7.316325328631779e-35 4.495175599009198e-32 9607866
40.4249 7.426783740480877e-35 4.506149000351704e-32 9608354
40.4711 7.348373738408642e-35 4.536010412402995e-32 9643862
40.5173 7.571494344977791e-35 4.559843858520771e-32 9670578
40.5635 7.615873784469651e-35 4.575384364222736e-32 9687890
40.6097 7.992460095949137e-35 4.587294199647826e-32 9693294
40.6559 7.536407596411745e-35 4.616823755988274e-32 9736034
40.7021 8.204916531253995e-35 4.632619405543746e-32 9758946
40.7483 7.852328654850025e-35 4.652061968487155e-32 9778994
40.7945 7.929142209528267e-35 4.667964550429781e-32 9796814
40.8407 7.509569015298507e-35 4.686958733671607e-32 9816882
40.8869 7.689729760801315e-35 4.715237179622142e-32 9850514
40.9331 7.706832050395733e-35 4.727783181982405e-32 9856062
40.9793 7.934822643903268e-35 4.752203792247029e-32 9886706
41.0255 7.722228273010626e-35 4.777184687320818e-32 9916194
41.0717 8.22395051516569e-35 4.788827700400244e-32 9924854
41.1179 8.236221413773976e-35 4.820566450323622e-32 9961490
41.1641 8.737858456152104e-35 4.838164856215511e-32 9979098
41.2103 9.109840205396276e-35 4.859280452375693e-32 9990266
41.2565 1.093418532258776e-34 4.879420653826618e-32 10012398
41.3027 1.33091314613114e-34 4.910519452082631e-32 10038818
41.3489 2.034973442835008e-34 4.942884592881977e-32 10072082
41.3951 1.064690691176536e-34 4.954884823194047e-32 10082670
41.4413 2.616446432139795e-34 4.992746352332625e-32 10123226
41.4875 1.721964282775159e-34 5.013854356677433e-32 10134834
41.5337 1.395441985544505e-34 5.035446459678167e-32 10151450
41.5799 1.126894673280761e-34 5.053640347237877e-32 10184118
41.6261 9.923314910941267e-35 5.071046118071029e-32 10199810
41.6723 9.279337681118418e-35 5.094924406664991e-32 10230386
41.7185 9.080781344068431e-35 5.107649053860008e-32 10238334
41.7647 8.411659243570234e-35 5.134783269960651e-32 10271594
41.8109 8.798743081655811e-35 5.152795065600216e-32 10298418
41.8571 8.465335635655333e-35 5.169153257407668e-32 10306814
41.9033 8.374503978243303e-35 5.197488208817646e-32 10341306
41.9495 8.340661760251531e-35 5.215339137256456e-32 10362842
41.9957 8.571422585400106e-35 5.242618737562388e-32 10388834
42.0419 8.582087356842877e-35 5.254094101049192e-32 10395630
42.0881 9.269117223370982e-35 5.278695071107161e-32 10425362
42.1343 8.44561447542164e-35 5.30447175818633e-32 10454274
42.1805 8.97108705773975e-35 5.334705847647501e-32 10478294
42.2267 8.863518980880057e-35 5.349173011528097e-32 10501818
42.2729 8.542691526781008e-35 5.371595517329521e-32 10514810
42.3191 8.533989577250583e-35 5.395244623740278e-32 10548842
42.3653 8.494257204110858e-35 5.417036949048061e-32 10566462
42.4115 8.574298278837617e-35 5.438946809858464e-32 10586810
42.4577 8.71252688221357e-35 5.466378331339411e-32 10614954
42.5039 8.423126067476539e-35 5.484775980917566e-32 10631054
42.5501 8.735077098216594e-35 5.514848848760108e-32 10662362
42.5963 8.579773783015982e-35 5.53474399309194e-32 10683354
42.6425 8.701364509332654e-35 5.558941939355543e-32 10699298
42.6887 8.961956905257882e-35 5.588236628167399e-32 10738782
42.7349 8.89727141680236e-35 5.605715824581952e-32 10744202
42.7811 9.323645185779485e-35 5.633814412553369e-32 10782186
42.8273 9.972660880120936e-35 5.65029847192926e-32 10784966
42.8735 9.322697094500112e-35 5.684324372849952e-32 10833938
42.9197 1.024092941082305e-34 5.700768191065277e-32 10848138
42.9659 9.388762581133683e-35 5.731309677209458e-32 10873766
43.0121 9.282268735695559e-35 5.75014055555733e-32 10886970
43.0583 8.881749770320754e-35 5.77066660886554e-32 10912442
43.1045 8.90972954955457e-35 5.789234401627317e-32 10936698
43.1507 8.969384297831528e-35 5.813087463784168e-32 10966142
43.1969 8.889947273196356e-35 5.826929785850701e-32 10968746
43.2431 8.850085186769782e-35 5.860433634655476e-32 11014602
43.2893 9.051087162298928e-35 5.886805077281733e-32 11042774
43.3355 8.892891724838538e-35 5.909582709756453e-32 11061474
43.3817 8.970667925885962e-35 5.927514612258363e-32 11072450
43.4279 8.83608649361707e-35 5.95237861630735e-32 11096922
43.4741 9.238806935069411e-35 5.988667340095154e-32 11146526
43.5203 9.305720587721329e-35 6.003811854991327e-32 11145602
43.5665 9.58306727262782e-35 6.024054426664209e-32 11168442
43.6127 8.937091966432982e-35 6.04525089973722e-32 11181086
43.6589 9.676853672002095e-35 6.092494860094659e-32 11250114
43.7051 9.288536519041287e-35 6.10259592656265e-32 11242106
43.7513 9.202664165504272e-35 6.124273285334247e-32 11265446
43.7975 8.964808104695437e-35 6.147589063804255e-32 11285490
43.8437 9.032169563048893e-35 6.185706917994147e-32 11335922
43.8899 9.075104949295142e-35 6.197461505647684e-32 11330130
43.9361 9.099757948939272e-35 6.223508929431317e-32 11357270
43.9823 9.156074319168013e-35 6.252028541496924e-32 11389098
44.0285 9.437048179131501e-35 6.284358269126146e-32 11426642
44.0747 9.517664272651111e-35 6.300230321806054e-32 11431358
44.1209 9.997745205571183e-35 6.331640644952858e-32 11462298
44.1671 9.880894623014833e-35 6.349078892755991e-32 11479202
44.2133 1.197278276586319e-34 6.377126564676617e-32 11509746
44.2595 1.271761769421478e-34 6.400463283706626e-32 11523062
44.3057 1.611250714922104e-34 6.427256197241386e-32 11556210
44.3519 1.10199938584964e-34 6.448719039843048e-32 11588282
44.3981 1.482364454318283e-34 6.480256236035074e-32 11599646
44.4443 1.289162363244698e-34 6.512583539222328e-32 11645274
44.4905 1.199838072402009e-34 6.527089076999549e-32 11649338
44.5367 1.048394945977768e-34 6.547643508227154e-32 11665386
44.5829 1.10063355765091e-34 6.590954564036412e-32 11719286
44.6291 1.00657469868057e-34 6.600683032820515e-32 11720738
44.6753 1.025076535690355e-34 6.624745036429687e-32 11755074
44.7215 9.900538901825757e-35 6.65383212025678e-32 11767166
44.7677 1.016730669992485e-34 6.692300469502269e-32 11813346
44.8139 9.884533429731202e-35 6.709465226314059e-32 11825450
44.8601 9.950790994981448e-35 6.724766568934102e-32 11828814
44.9063 9.776222088113853e-35 6.774646031621635e-32 11884418
44.9525 9.882910452933969e-35 6.792564225140329e-32 11900378
44.9987 1.032039568638534e-34 6.812829800021502e-32 11908002
45.0449 1.099829585012868e-34 6.835409348296481e-32 11937470
45.0911 1.008833834600783e-34 6.874077091623605e-32 11981346
45.1373 1.0789534314084e-34 6.900300388019919e-32 11998154
45.1835 1.034913766882169e-34 6.916444794842303e-32 12015798
45.2297 1.028832309075227e-34 6.942664948308911e-32 12046586
45.2759 9.931147755187513e-35 6.973960150964198e-32 12073226
45.3221 9.881328196300638e-35 6.995066360906897e-32 12089370
45.3683 9.999608628123803e-35 7.027484329411082e-32 12123662
45.4145 1.01513628697351e-34 7.043981241019107e-32 12129018
45.4607 1.00129103986633e-34 7.084547431895253e-32 12168698
45.5069 1.02533909375144e-34 7.101266818511663e-32 12191070
45.5531 1.01624240028223e-34 7.144389928921865e-32 12237290
45.5993 1.025736837910598e-34 7.163163719396377e-32 12237434
45.6455 1.033997272824566e-34 7.196169794393883e-32 12269430
45.6917 1.061851484892101e-34 7.220708136151639e-32 12288314
45.7379 1.116772973847008e-34 7.245482863809453e-32 12312018
45.7841 1.146949417796237e-34 7.275259767840355e-32 12333770
45.8303 1.060396409896248e-34 7.303900166663392e-32 12362654
45.8765 1.248368704072074e-34 7.346829644090675e-32 12405282
45.9227 1.244292292611316e-34 7.358138013208796e-32 12414842
45.9689 1.097969516343211e-34 7.386176410535609e-32 12433278
46.0151 1.06940790005427e-34 7.42465020849886e-32 12469442
46.0613 1.071272472827439e-34 7.454756809435884e-32 12497106
46.1075 1.04755650768513e-34 7.478257901619912e-32 12513074
46.1537 1.053765051203221e-34 7.502319328826653e-32 12531902
46.1999 1.038875627550387e-34 7.533892750513636e-32 12567690
46.2461 1.048183856717489e-34 7.570643990433733e-32 12603338
46.2923 1.050179849476256e-34 7.586745315078682e-32 12612726
46.3385 1.065650815605993e-34 7.618059477559502e-32 12634802
46.3847 1.047212189803553e-34 7.649846196934137e-32 12662730
46.4309 1.073831099047273e-34 7.683769685839936e-32 12699086
46.4771 1.117561634075429e-34 7.713433180635816e-32 12711074
46.5233 1.126264020620908e-34 7.739101650626051e-32 12739098
46.5695 1.077861011595125e-34 7.769157997796514e-32 12769490
46.6157 1.12179387021682e-34 7.805835029793376e-32 12799686
46.6619 1.103199010736844e-34 7.837287749727035e-32 12828626
46.7081 1.066280363767963e-34 7.852079477629525e-32 12832794
46.7543 1.075057561155786e-34 7.897131149156422e-32 12875942
46.8005 1.094611371283237e-34 7.934954397858137e-32 12906314
46.8467 1.088166689923652e-34 7.950732665326734e-32 12913122
46.8929 1.106988989262946e-34 7.974479889705086e-32 12937346
46.9391 1.154363074148547e-34 8.016904306011566e-32 12973374
46.9853 1.217964897526834e-34 8.043661239118942e-32 13008170
47.0315 1.244376754099752e-34 8.074350216408127e-32 13025810
47.0777 1.450086728235881e-34 8.093064796573568e-32 13033590
47.1239 1.806515529713589e-34 8.140245510153005e-32 13083698
47.1701 2.560011572432765e-34 8.162221795704217e-32 13094706
47.2163 4.083447134260355e-34 8.203249775545335e-32 13119002
47.2625 6.167146542569724e-34 8.225428301769558e-32 13146318
47.3087 1.917648813627436e-34 8.239928849975475e-32 13167383
47.3549 1.196958621495204e-34 8.247009826908707e-32 13180844
47.4011 1.150120717888261e-34 8.251214254987039e-32 13147596
47.4473 1.13963474848644e-34 8.263446101215065e-32 13144028
47.4935 1.112976691717524e-34 8.271407197034612e-32 13122684
47.5397 1.108113624695267e-34 8.279316671819389e-32 13103336
47.5859 1.109330018483531e-34 8.293595456154636e-32 13108416
47.6321 1.094577215055622e-34 8.301247155658349e-32 13073744
47.6783 1.092781433011121e-34 8.319252762904872e-32 13076900
47.7245 1.083686574190173e-34 8.328198582305368e-32 13051992
47.7707 1.087004349154714e-34 8.343615099306051e-32 13056752
47.8169 1.093528924240896e-34 8.353497452118474e-32 13036344
47.8631 1.073589175199203e-34 8.355050943071054e-32 13009832
47.9093 1.074180198136444e-34 8.365478903437954e-32 12996668
47.9555 1.071240110086497e-34 8.395995324962251e-32 13003248
48.0017 1.067273330183513e-34 8.39128571978938e-32 12967172
48.0479 1.076629231890611e-34 8.413209690206185e-32 12963480
48.0941 1.060424548670023e-34 8.417069724111797e-32 12954260
48.1403 1.06889621247998e-34 8.431205365669154e-32 12942432
48.1865 1.059569575753591e-34 8.440486309320943e-32 12924296
48.2327 1.057261854581452e-34 8.442585631044165e-32 12903392
48.2789 1.057337848302022e-34 8.471860066292657e-32 12906168
48.3251 1.052806226190401e-34 8.466873355949145e-32 12873656
48.3713 1.052371752569618e-34 8.483406182749051e-32 12870720
48.4175 1.05725238346481e-34 8.493402425983313e-32 12855428
48.4637 1.047844655850849e-34 8.501560588428957e-32 12842256
48.5099 1.047331545124146e-34 8.51194653633266e-32 12820304
48.5561 1.049425868372416e-34 8.530344779287368e-32 12820328
48.6023 1.040475813315647e-34 8.525590725381587e-32 12794856
48.6485 1.044098160970032e-34 8.553696166643429e-32 12787940
48.6947 1.039859852816715e-34 8.537041284873218e-32 12748392
48.7409 1.0453932232194e-34 8.56628086900361e-32 12752756
48.7871 1.035315213349436e-34 8.56965085642418e-32 12732036
48.8333 1.043000410980335e-34 8.588434735479073e-32 12737132
48.8795 1.030384427507053e-34 8.590943356980452e-32 12712976
48.9257 1.038183985060249e-34 8.603443301507326e-32 12696348
48.9719 1.02654646958309e-34 8.602511278297028e-32 12673892
49.0181 1.023998495805387e-34 8.625340946963415e-32 12677316
49.0643 1.025330940804358e-34 8.624863032942483e-32 12650384
49.1105 1.017967197294604e-34 8.62902042643732e-32 12621344
49.1567 1.021664156476623e-34 8.653264353502727e-32 12624204
49.2029 1.018469607528312e-34 8.660607454689087e-32 12615632
49.2491 1.025644088875124e-34 8.673286206560604e-32 12600420
49.2953 1.025990997428337e-34 8.67311481873061e-32 12570224
49.3415 1.019405205094218e-34 8.685825085553984e-32 12566868
49.3877 1.01667428291964e-34 8.694090384874056e-32 12545828
49.4339 1.016523911552065e-34 8.698698759615285e-32 12538232
49.4801 1.012695858277936e-34 8.700200665366195e-32 12496452
49.5263 1.016507367683884e-34 8.722909694547375e-32 12502688
49.5725 1.013942162000671e-34 8.740637882020144e-32 12498708
49.6187 1.004456371871313e-34 8.741524845909777e-32 12469640
49.6649 1.000151844580237e-34 8.731888248759171e-32 12440136
49.7111 1.02487282638304e-34 8.765829339364474e-32 12442412
49.7573 1.000526855224387e-34 8.771492952281159e-32 12433712
49.8035 1.012852917566144e-34 8.773660672012247e-32 12410544
49.8497 1.000148628420116e-34 8.767418987401036e-32 12381512
49.8959 1.005290760661343e-34 8.79141728363358e-32 12378960
49.9421 1.002285498549604e-34 8.80244465825e-32 12366872
49.9883 9.972657312232645e-35 8.807525976515084e-32 12345588
50.0345 1.005510171745877e-34 8.809803024861101e-32 12327008
50.0807 9.980206969903567e-35 8.814568077807888e-32 12313388
50.1269 1.004024311833814e-34 8.83210998801568e-32 12306768
50.1731 9.930985013815874e-35 8.836129389483588e-32 12275504
50.2193 9.940483119397611e-35 8.848296499656948e-32 12265620
50.2655 1.000344201655931e-34 8.840670539069895e-32 12236324
50.3117 9.979657855532761e-35 8.875781897089264e-32 12253880
50.3579 1.001876090760216e-34 8.866845967363453e-32 12219756
50.4041 9.882512997166599e-35 8.865833493495615e-32 12195524
50.4503 9.918459166152043e-35 8.885748527269148e-32 12189000
50.4965 9.888026236604154e-35 8.89412432347804e-32 12170168
50.5427 9.892946285016705e-35 8.89542744330158e-32 12147588
50.5889 9.864467748897895e-35 8.903400160342605e-32 12134360
50.6351 9.865062657337914e-35 8.903126286026714e-32 12122816
50.6813 9.890662984568601e-35 8.92169395087728e-32 12107580
50.7275 9.817979321174983e-35 8.933212826248564e-32 12098972
50.7737 9.753965609453971e-35 8.912633318704884e-32 12054744
50.8199 9.90373456369142e-35 8.9393204590155e-32 12056912
50.8661 9.737676415439787e-35 8.942490779806239e-32 12039108
50.9123 9.817299937878047e-35 8.944163178071364e-32 12019400
50.9585 9.818365501662715e-35 8.950644235887067e-32 11996936
51.0047 9.70486508283143e-35 8.955685083157422e-32 11979744
51.0509 9.844339482843112e-35 8.972730098280523e-32 11975504
51.0971 9.758203843284286e-35 8.972631902554095e-32 11963472
51.1433 9.714091352040717e-35 8.973972743479689e-32 11928692
51.1895 9.766187112817312e-35 8.981653698602185e-32 11920356
51.2357 9.709881548033151e-35 8.986873793836379e-32 11900072
51.2819 9.809032955536355e-35 9.006134570914277e-32 11897312
51.3281 9.695356333126551e-35 8.995195179587748e-32 11857164
51.3743 9.692682290502853e-35 8.994640573932879e-32 11842556
51.4205 9.67702467728201e-35 9.026092723555879e-32 11841552
51.4667 9.641121501770891e-35 9.018136610813605e-32 11811860
51.5129 9.74587941207791e-35 9.03167605185296e-32 11798888
51.5591 9.631335610122633e-35 9.017039361002634e-32 11768748
51.6053 9.628068010864152e-35 9.042648088916711e-32 11777096
51.6515 9.594263307036647e-35 9.031652130796381e-32 11733936
51.6977 9.687283906670831e-35 9.04306279603998e-32 11714324
51.7439 9.624547905262126e-35 9.063940875927508e-32 11725020
51.7901 9.598924269047817e-35 9.053726350728243e-32 11696816
51.8363 9.551497399020691e-35 9.051906337991962e-32 11666048
51.8825 9.555216736010724e-35 9.063319670325414e-32 11661996
51.9287 9.552433620048912e-35 9.07299752193571e-32 11645228
51.9749 9.507782927684547e-35 9.065304034655253e-32 11620884
52.0211 9.506845487725541e-35 9.071392913257545e-32 11590808
52.0673 9.62981196414736e-35 9.081507242653305e-32 11587908
52.1135 9.494021181738989e-35 9.085501175672359e-32 11569028
52.1597 9.512621155174756e-35 9.094520639855405e-32 11558012
52.2059 9.53596277739622e-35 9.088381200045246e-32 11528724
52.2521 9.537272378036872e-35 9.089607145603861e-32 11506964
52.2983 9.489117472552242e-35 9.104510511712134e-32 11494536
52.3445 9.425020961072004e-35 9.109950914481589e-32 11477444
52.3907 9.454200758041586e-35 9.107972721497929e-32 11456804
52.4369 9.407331313117687e-35 9.106746912592758e-32 11428740
52.4831 9.544676191772989e-35 9.123679457481387e-32 11427272
52.5293 9.444379453721899e-35 9.12215051481028e-32 11407524
52.5755 9.379033247298387e-35 9.116388367557899e-32 11376992
52.6217 9.396262205421973e-35 9.126263030453813e-32 11363952
52.6679 9.574746672461586e-35 9.130584465168189e-32 11346680
52.7141 9.371586240428212e-35 9.123546485483918e-32 11322272
52.7603 9.340536722145151e-35 9.142048468406276e-32 11313672
52.8065 9.316777022928687e-35 9.122847638548297e-32 11276120
52.8527 9.517291091676976e-35 9.154598710423645e-32 11283648
52.8989 9.241020669631542e-35 9.144378706631526e-32 11248088
52.9451 9.247499051618589e-35 9.155475041783194e-32 11240592
52.9913 9.181318599511442e-35 9.150698638620945e-32 11217380
53.0375 9.180680364446061e-35 9.146856930035989e-32 11185436
53.0837 9.257285261817736e-35 9.161717632981115e-32 11182920
53.1299 9.136105795239617e-35 9.147711147726255e-32 11148968
53.1761 9.189579961879502e-35 9.152650155474387e-32 11132988
53.2223 9.17556595175548e-35 9.160451958404412e-32 11121068
53.2685 9.109513487346583e-35 9.140143944684306e-32 11080992
53.3147 9.241224415622689e-35 9.177745283291485e-32 11101004
53.3609 9.112211818426843e-35 9.156869021674447e-32 11052488
53.4071 9.107584168672421e-35 9.165169027566668e-32 11042760
53.4533 9.094828939210002e-35 9.176360389868849e-32 11024240
53.4995 9.073965369905762e-35 9.170305745626916e-32 11000652
53.5457 9.040866612329311e-35 9.16219909892337e-32 10983116
53.5919 9.109246733215706e-35 9.161675104714952e-32 10951520
53.6381 9.009151532307841e-35 9.186080686949507e-32 10954992
53.6843 9.036837867654441e-35 9.173128730446717e-32 10922468
53.7305 9.050286642596409e-35 9.168635632144589e-32 10900932
53.7767 8.945054421208512e-35 9.161990518965713e-32 10876700
53.8229 9.038303460176437e-35 9.185940453917158e-32 10874520
53.8691 8.936901864506509e-35 9.165857319914771e-32 10837064
53.9153 8.998530593318416e-35 9.153025479736752e-32 10811504
53.9615 8.919077109786021e-35 9.187115422867895e-32 10817724
54.0077 8.948807147701394e-35 9.173491381908684e-32 10782764
54.0539 9.027950626248726e-35 9.171165821377176e-32 10759932
54.1001 8.958391628351042e-35 9.162829033193867e-32 10739204
54.1463 8.923931054174709e-35 9.16409515910226e-32 10720560
54.1925 8.921368075272154e-35 9.184524091647476e-32 10715144
54.2387 8.799474144561261e-35 9.151090182851983e-32 10664960
54.2849 8.922088348128135e-35 9.17383321173647e-32 10661076
54.3311 8.841373088641177e-35 9.169617581048519e-32 10634540
54.3773 8.898298587458833e-35 9.171611952404526e-32 10629012
54.4235 8.791592539357745e-35 9.171616461856326e-32 10600856
54.4697 8.790116304855872e-35 9.156178240524008e-32 10566600
54.5159 8.81833804037224e-35 9.170945602731005e-32 10567232
54.5621 8.710742916358526e-35 9.159094027854255e-32 10531880
54.6083 8.823622975462041e-35 9.175149973621851e-32 10530996
54.6545 8.68952159836929e-35 9.138940650050533e-32 10477004
54.7007 8.73621849759532e-35 9.165817445463162e-32 10471488
54.7469 8.712173653618919e-35 9.173522828334746e-32 10464068
54.7931 8.733055352451833e-35 9.152386088649878e-32 10430660
54.8393 8.753457314977393e-35 9.165900467026436e-32 10419756
54.8855 8.65529930723889e-35 9.151188657706966e-32 10384784
54.9317 8.717912719294371e-35 9.151164137201525e-32 10374072
54.9779 8.643674633652649e-35 9.146038914326482e-32 10348256
55.0241 8.626094111307769e-35 9.140158700881299e-32 10318008
55.0703 8.649770601174977e-35 9.150908673363113e-32 10309604
55.1165 8.603740296574716e-35 9.146064686728944e-32 10286924
55.1627 8.611833213482885e-35 9.142119480484925e-32 10261848
55.2089 8.607183549172225e-35 9.135416597418333e-32 10243016
55.2551 8.550815328966064e-35 9.129011026841963e-32 10211616
55.3013 8.570359713333435e-35 9.143345441839727e-32 10207340
55.3475 8.552112901520008e-35 9.107711281584705e-32 10164252
55.3937 8.563785929007164e-35 9.135103557041327e-32 10159472
55.4399 8.563036573050227e-35 9.11768494565771e-32 10129184
55.4861 8.595018907957874e-35 9.122356432178411e-32 10114464
55.5323 8.597107412248935e-35 9.127943189855394e-32 10103336
55.5785 8.470768206741353e-35 9.103236260998498e-32 10049364
55.6247 8.534977344011833e-35 9.114558917287908e-32 10056980
55.6709 8.571732782425292e-35 9.108314067925888e-32 10027464
55.7171 8.499150681449222e-35 9.099284013432478e-32 10001132
55.7633 8.484488859463464e-35 9.10065885023032e-32 9984704
55.8095 8.391853608982319e-35 9.082974444769598e-32 9946872
55.8557 8.449859858562588e-35 9.100824088710026e-32 9950204
55.9019 8.407526039340796e-35 9.087210374691432e-32 9907884
55.9481 8.406485006599802e-35 9.07439534596855e-32 9890480
55.9943 8.290271654776162e-35 9.067371979451897e-32 9864212
56.0405 8.372830417457557e-35 9.07092151990919e-32 9850680
56.0867 8.335862246890373e-35 9.070529565773164e-32 9831356
56.1329 8.339524110339919e-35 9.043616649050747e-32 9781176
56.1791 8.347690078385333e-35 9.059098734398396e-32 9789368
56.2253 8.295055618092829e-35 9.057405458859447e-32 9760404
56.2715 8.239954586301464e-35 9.039922775075052e-32 9735800
56.3177 8.230117854110539e-35 9.039635838940357e-32 9711092
56.3639 8.218682893961038e-35 9.03737965582733e-32 9689040
56.4101 8.275261933200453e-35 9.041825006333141e-32 9668192
56.4563 8.181685489090626e-35 9.027405342673338e-32 9643500
56.5025 8.265033482522663e-35 9.027379871749014e-32 9617840
56.5487 8.142247811957674e-35 9.019314026462735e-32 9596220
56.5949 8.221160743466547e-35 9.017395740310948e-32 9579572
56.6411 8.191621980461892e-35 9.006257079518295e-32 9553832
56.6873 8.124574247027774e-35 8.991888855721712e-32 9523872
56.7335 8.205636461790285e-35 8.990924285452659e-32 9502856
56.7797 8.094124986980795e-35 8.991118898991363e-32 9490980
56.8259 8.114900175686472e-35 8.97776391433315e-32 9456200
56.8721 8.085186340540648e-35 8.967117132613027e-32 9434060
56.9183 8.050852599388121e-35 8.955305674605918e-32 9409128
56.9645 8.064776226460578e-35 8.954455246965759e-32 9392816
57.0107 7.975706666297969e-35 8.949661017228366e-32 9367812
57.0569 8.057033620234506e-35 8.933467327242615e-32 9335648
57.1031 8.019590119737842e-35 8.954134656890909e-32 9334140
57.1493 7.950487765332709e-35 8.9218989633763e-32 9287804
57.1955 8.022972141119199e-35 8.925404896391407e-32 9280268
57.2417 7.908015729009263e-35 8.898132894675293e-32 9232656
57.2879 7.980324851994857e-35 8.917858468532233e-32 9235316
57.3341 7.966351511543542e-35 8.897175431109791e-32 9201576
57.3803 7.911635277291396e-35 8.88755790860623e-32 9175664
57.4265 7.915261783379722e-35 8.8727129276547e-32 9151536
57.4727 7.879497714979169e-35 8.875056786203444e-32 9128240
57.5189 7.929336186806205e-35 8.869781139041055e-32 9109832
57.5651 7.83950802835231e-35 8.841851818222278e-32 9072324
57.6113 7.824435189013982e-35 8.852211714933098e-32 9060392
57.6575 7.831392428100453e-35 8.833309671784716e-32 9034272
57.7037 7.824569590542607e-35 8.825151241819833e-32 9008744
57.7499 7.880786606876308e-35 8.82041825126891e-32 8989764
57.7961 7.728907043001764e-35 8.807171228487817e-32 8956412
57.8423 7.858422207631524e-35 8.798256886309604e-32 8941880
57.8885 7.713058161585984e-35 8.787416558622671e-32 8914968
57.9347 7.746635557841872e-35 8.776108560206554e-32 8881592
57.9809 7.7448513650143e-35 8.771066049509253e-32 8866164
58.0271 7.699854639058797e-35 8.754614679455486e-32 8832464
58.0733 7.735616510897753e-35 8.75538072181913e-32 8819384
58.1195 7.624189268532019e-35 8.735109386995446e-32 8784948
58.1657 7.716856878611866e-35 8.732558071670601e-32 8766056
58.2119 7.633550390519318e-35 8.716343551256363e-32 8741592
58.2581 7.613931515573612e-35 8.718021417306189e-32 8715404
58.3043 7.590488331282611e-35 8.701068404270179e-32 8693160
58.3505 7.561581246906719e-35 8.6837239803203e-32 8660528
58.3967 7.638775621614085e-35 8.667187751680131e-32 8638364
58.4429 7.512393229475873e-35 8.67495414716746e-32 8622660
58.4891 7.582429998824329e-35 8.638457691111712e-32 8587712
58.5353 7.483685772267351e-35 8.640285195487708e-32 8569368
58.5815 7.404999283295298e-35 8.620426355390528e-32 8529836
58.6277 7.540223847359779e-35 8.633685671965196e-32 8529840
58.6739 7.421017985911877e-35 8.603441865612842e-32 8486240
58.7201 7.494675783269021e-35 8.596754379477032e-32 8464964
58.7663 7.379766087039426e-35 8.58360857254769e-32 8441376
58.8125 7.380155660369667e-35 8.573372996486308e-32 8401016
58.8587 7.50362546476051e-35 8.571724441699419e-32 8409180
58.9049 7.347956253365906e-35 8.529591283383272e-32 8351564
58.9511 7.428237912607518e-35 8.532074835798895e-32 8339304
58.9973 7.295730177947083e-35 8.512156582248385e-32 8310416
59.0435 7.354823655202535e-35 8.499481738512959e-32 8286104
59.0897 7.351088276227426e-35 8.487170333964576e-32 8262372
59.1359 7.229991803661428e-35 8.466670475837478e-32 8225852
59.1821 7.311202569354959e-35 8.470635842233087e-32 8224104
59.2283 7.164530767106606e-35 8.451708993985514e-32 8180564
59.2745 7.163662302152722e-35 8.43291437238873e-32 8150744
59.3207 7.15752970797605e-35 8.430854565317345e-32 8137680
59.3669 7.131964280046268e-35 8.414123347606912e-32 8111156
59.4131 7.212597057909683e-35 8.392370519926746e-32 8078748
59.4593 7.077870252223777e-35 8.372319407060643e-32 8045600
59.5055 7.081208212992664e-35 8.379221859766035e-32 8035524
59.5517 7.126296696240023e-35 8.359100532109555e-32 8002928
59.5979 7.040848770259357e-35 8.33913467507523e-32 7975760
59.6441 7.100141542578561e-35 8.327859872691013e-32 7946448
59.6903 7.004739047567162e-35 8.312335477449849e-32 7924280
59.7365 7.045971229109165e-35 8.296724862829584e-32 7899672
59.7827 7.032121114093571e-35 8.28846995414593e-32 7869572
59.8289 6.960593276322375e-35 8.259473090046497e-32 7830276
59.8751 7.046098749820275e-35 8.26184646860123e-32 7826636
59.9213 6.905879291877005e-35 8.240144614621943e-32 7792388
59.9675 6.903570491467073e-35 8.22662625942295e-32 7765296
60.0137 6.913461763424541e-35 8.211125412200103e-32 7733948
60.0599 6.890104686717014e-35 8.197115093278577e-32 7710948
60.1061 6.884281148460644e-35 8.186595897209046e-32 7689260
60.1523 6.852936882219666e-35 8.15866516808013e-32 7649916
60.1985 6.815687497125219e-35 8.152614300838273e-32 7638020
60.2447 6.76967940599503e-35 8.128194413220529e-32 7597136
60.2909 6.79119760905872e-35 8.115227164775058e-32 7586532
60.3371 6.744927916685844e-35 8.087460903086931e-32 7540628
60.3833 6.78493682548818e-35 8.073559932217358e-32 7519344
60.4295 6.72341834407968e-35 8.066992237443184e-32 7501880
60.4757 6.686622500452288e-35 8.041702966408493e-32 7466540
60.5219 6.733716577525648e-35 8.026983726029077e-32 7440012
60.5681 6.609086838510846e-35 8.004539580773762e-32 7414112
60.6143 6.67926745995398e-35 7.989543508731215e-32 7382808
60.6605 6.646775666204253e-35 7.986228219092763e-32 7365056
60.7067 6.582287688567803e-35 7.948471480878342e-32 7324200
60.7529 6.643820652342155e-35 7.951386930279655e-32 7308356
60.7991 6.548802621303903e-35 7.924075593061716e-32 7275944
60.8453 6.581033154994868e-35 7.898921565641227e-32 7238628
60.8915 6.557792096418702e-35 7.899945560542228e-32 7231832
60.9377 6.540129161252847e-35 7.860938114319187e-32 7189104
60.9839 6.474199302906686e-35 7.86010418904927e-32 7168592
61.0301 6.449782239169805e-35 7.830497592504446e-32 7136184
61.0763 6.461944465739284e-35 7.817847434904502e-32 7116188
61.1225 6.422027693827225e-35 7.795697349361779e-32 7077644
61.1687 6.417764070928931e-35 7.775340295316222e-32 7053780
61.2149 6.365091085406572e-35 7.754802586652209e-32 7031900
61.2611 6.385281861036355e-35 7.734670010167177e-32 6993612
61.3073 6.370334800751174e-35 7.726697174351877e-32 6976868
61.3535 6.294642890707876e-35 7.693089380253888e-32 6934520
61.3997 6.333997437819059e-35 7.681110168340931e-32 6920268
61.4459 6.262664883504313e-35 7.667322083088184e-32 6889172
61.4921 6.315983956772959e-35 7.628559122312944e-32 6844680
61.5383 6.302515747767885e-35 7.633353000761426e-32 6834860
61.5845 6.209818105669945e-35 7.609852728369297e-32 6802656
61.6307 6.253257081994499e-35 7.587726514684657e-32 6777188
61.6769 6.213531423908006e-35 7.548045679899483e-32 6737144
61.7231 6.184831412653651e-35 7.537272376472363e-32 6712620
61.7693 6.184367416134781e-35 7.528535205009679e-32 6695444
61.8155 6.068938044006754e-35 7.489149614507651e-32 6653604
61.8617 6.1075606286177e-35 7.471121862816826e-32 6626744
61.9079 6.089900645501992e-35 7.456565994729123e-32 6602196
61.9541 6.01782646604923e-35 7.436046425116994e-32 6571892
62.0003 6.044867492642731e-35 7.413031585998786e-32 6541832
62.0465 5.982734358133862e-35 7.383568488870895e-32 6504960
62.0927 6.034089096351881e-35 7.388176671414832e-32 6496244
62.1389 5.943646090212754e-35 7.345060901829155e-32 6453468
62.1851 6.019417992355719e-35 7.343150856893104e-32 6432680
62.2313 5.963071719132932e-35 7.3007260745916e-32 6396960
62.2775 5.933451312113481e-35 7.272772438385828e-32 6364784
62.3237 5.962265562194277e-35 7.266674514558654e-32 6352916
62.3699 5.84603934400157e-35 7.22277065221271e-32 6304836
62.4161 5.930862942960786e-35 7.213755193787886e-32 6282080
62.4623 5.799306383969608e-35 7.183566016778444e-32 6251508
62.5085 5.860333808713295e-35 7.174995828766915e-32 6225728
62.5547 5.772014107359723e-35 7.133267205299272e-32 6187640
62.6009 5.746406394369328e-35 7.118300619988919e-32 6159276
62.6471 5.754702393727419e-35 7.098547799537187e-32 6141404
62.6933 5.748436740867956e-35 7.067406608592026e-32 6104412
62.7395 5.770353842180178e-35 7.04704958038314e-32 6071612
62.7857 5.677964962078289e-35 7.021520817222222e-32 6046032
62.8319 5.682058983347693e-35 6.996131799269743e-32 6013244
62.8781 5.605027603045043e-35 6.983805550569669e-32 5990204
62.9243 5.528366619153331e-35 6.94662150601273e-32 5950020
62.9705 5.600784627282136e-35 6.940647114441923e-32 5938520
63.0167 5.49090068736961e-35 6.905152729571415e-32 5890944
63.0629 5.492936200109241e-35 6.87227816734859e-32 5864480
63.1091 5.462495001681755e-35 6.848505515671987e-32 5834628
63.1553 5.44803545643078e-35 6.839868380146624e-32 5806868
63.2015 5.470081347895514e-35 6.808854820674356e-32 5779796
63.2477 5.393816236092872e-35 6.778437780421578e-32 5744076
63.2939 5.376426030367205e-35 6.758071189285368e-32 5716436
63.3401 5.294588721036445e-35 6.727174009049318e-32 5686140
63.3863 5.299964917477512e-35 6.684192689790373e-32 5648924
63.4325 5.314177182909622e-35 6.685712607796157e-32 5631720
63.4787 5.225643105486396e-35 6.639452141669809e-32 5592584
63.5249 5.282656331180988e-35 6.620309483059689e-32 5565032
63.5711 5.18864152780162e-35 6.575311071990975e-32 5527812
63.6173 5.204827965781982e-35 6.565444753676091e-32 5502944
63.6635 5.237364305139817e-35 6.547116677580106e-32 5479728
63.7097 5.112298231078162e-35 6.4999024224393e-32 5435888
63.7559 5.177899704634809e-35 6.486634988647525e-32 5413076
63.8021 5.081202258875694e-35 6.454040714232452e-32 5379972
63.8483 5.071807400396312e-35 6.42597213666752e-32 5348924
63.8945 5.098281380332563e-35 6.398912053641904e-32 5317392
63.9407 4.972610864377812e-35 6.366393194333585e-32 5279504
63.9869 5.06917939424753e-35 6.359571538454743e-32 5268480
64.0331 4.938963635034829e-35 6.315247678918491e-32 5223572
64.0793 4.992910028916642e-35 6.284878091000817e-32 5190452
64.1255 4.912803985624956e-35 6.262351121688412e-32 5162808
64.1716 4.938801561234579e-35 6.237325431209545e-32 5130032
64.2178 4.845938542776016e-35 6.215559316717124e-32 5102844
64.264 4.947874450236423e-35 6.173374886260975e-32 5064404
64.3102 4.814670921886906e-35 6.15683359159868e-32 5041788
64.3564 4.917034830089745e-35 6.119820209908479e-32 5006048
64.4026 4.750489050391383e-35 6.089131107670981e-32 4974476
64.4488 4.813114194035111e-35 6.058260091496611e-32 4944876
64.495 4.70679542638825e-35 6.037289472110029e-32 4906532
64.5412 4.814419258711803e-35 6.01105981369943e-32 4887960
64.5874 4.653028687892691e-35 5.968841226671505e-32 4844576
64.6336 4.740068556798189e-35 5.943169733836404e-32 4814876
64.6798 4.58876210227804e-35 5.918349515971355e-32 4789392
64.726 4.66530641273029e-35 5.871811155534612e-32 4742684
64.7722 4.616469822404079e-35 5.868480396046086e-32 4734516
64.8184 4.531656690492456e-35 5.821277141560365e-32 4682588
64.8646 4.620661226422817e-35 5.803737303829968e-32 4661736
64.9108 4.460566368542094e-35 5.767974426469443e-32 4628360
64.957 4.538375268545767e-35 5.730454593774002e-32 4589408
65.0032 4.388831403352252e-35 5.703292083814194e-32 4560588
65.0494 4.446381001556926e-35 5.672977317167236e-32 4531724
65.0956 4.36930687310927e-35 5.641385487000331e-32 4499988
65.1418 4.441622726742651e-35 5.606943908024107e-32 4461728
65.188 4.324291707056985e-35 5.589916231154744e-32 4433484
65.2342 4.310494989269764e-35 5.560821352597293e-32 4405280
65.2804 4.245076674608401e-35 5.505992296324984e-32 4360472
65.3266 4.24074625149039e-35 5.486512085413752e-32 4339080
65.3728 4.260662299779984e-35 5.45674676954203e-32 4301396
65.419 4.153584868275616e-35 5.419068231787834e-32 4271340
65.4652 4.224273154161422e-35 5.387329342075706e-32 4239968
65.5114 4.102967312621442e-35 5.34832276017596e-32 4201116
65.5576 4.210192749737632e-35 5.333413047745638e-32 4177748
65.6038 4.023758221412112e-35 5.292451059113139e-32 4136636
65.65 4.123457781108631e-35 5.263256171391076e-32 4110516
65.6962 4.047232132215495e-35 5.22463059796772e-32 4075076
65.7424 3.991575246716053e-35 5.184076749906705e-32 4037220
65.7886 4.053278910951508e-35 5.159857601223955e-32 4008632
65.8348 3.879352341884026e-35 5.121235452494046e-32 3972800
65.881 3.981851456708104e-35 5.095071961283985e-32 3946224
65.9272 3.813038997478268e-35 5.050861058700927e-32 3908516
65.9734 3.975983176843323e-35 5.025839059257841e-32 3876912
66.0196 3.791467761417031e-35 4.980825269143017e-32 3839720
66.0658 3.786812798884176e-35 4.95832761514489e-32 3813012
66.112 3.89359389701491e-35 4.91548132364998e-32 3777968
66.1582 3.706142432346427e-35 4.874102371720295e-32 3737048
66.2044 3.826159167091467e-35 4.847074476912243e-32 3713520
66.2506 3.667751049612876e-35 4.810520619109559e-32 3677996
66.2968 3.744400520246514e-35 4.773860237273115e-32 3640800
66.343 3.61363238453554e-35 4.734978864173095e-32 3607976
66.3892 3.566626306112509e-35 4.70308633745009e-32 3570924
66.4354 3.704535969742793e-35 4.670032656087401e-32 3545936
66.4816 3.511401139483137e-35 4.628990281073085e-32 3506408
66.5278 3.605079571800621e-35 4.590583918649666e-32 3471600
66.574 3.461524095879395e-35 4.563892340492357e-32 3442172
66.6202 3.440313519362853e-35 4.523514025487332e-32 3407676
66.6664 3.51976952854184e-35 4.485283489724442e-32 3373964
66.7126 3.386212259187716e-35 4.449761457569607e-32 3336468
66.7588 3.46196586139036e-35 4.413283746758984e-32 3307520
66.805 3.32842220909201e-35 4.37623942197193e-32 3272000
66.8512 3.303733938138985e-35 4.342377030603582e-32 3237408
66.8974 3.15717811672725e-35 4.300847649564803e-32 3196721
66.9436 3.108554645147644e-35 4.285312228286803e-32 3179382
66.9898 3.06094847318546e-35 4.230741944991291e-32 3135572
67.036 3.025937098092472e-35 4.192920701031259e-32 3103196
67.0822 3.001433718266268e-35 4.172387616063118e-32 3079200
67.1284 2.980855663258324e-35 4.137982596250316e-32 3053732
67.1746 2.939744014701646e-35 4.106173544220246e-32 3018894
67.2208 2.909388793186329e-35 4.071828229628879e-32 2988590
67.267 2.894584437556921e-35 4.052374157992426e-32 2970498
67.3132 2.865779506941123e-35 4.01404713586899e-32 2938226
67.3594 2.837811831443281e-35 3.9830000111971e-32 2910458
67.4056 2.808909374699794e-35 3.951673685052991e-32 2883180
67.4518 2.78819078054501e-35 3.928519386792473e-32 2860964
67.498 2.760522226950286e-35 3.890253072175853e-32 2833284
67.5442 2.736033842265752e-35 3.872455827817653e-32 2808758
67.5904 2.712008984007419e-35 3.839414308807651e-32 2780862
67.6366 2.693079463103717e-35 3.81234918961708e-32 2758742
67.6828 2.675803515815064e-35 3.782499251860194e-32 2734520
67.729 2.643321918350571e-35 3.752300701565538e-32 2707878
67.7752 2.630221094506642e-35 3.728220818816062e-32 2685368
67.8214 2.598868653472313e-35 3.698264594015824e-32 2660304
67.8676 2.584168227907795e-35 3.678733141973422e-32 2642216
67.9138 2.558998763535599e-35 3.642894041743737e-32 2610312
67.96 2.536062973753685e-35 3.625850866347484e-32 2593256
68.0062 2.520389005528715e-35 3.601691595113606e-32 2569946
68.0524 2.499640276686478e-35 3.561606069016187e-32 2542752
68.0986 2.472314126968005e-35 3.546938959072578e-32 2526218
68.1448 2.457739921457674e-35 3.519332874684934e-32 2501610
68.191 2.439933058279454e-35 3.49385310042576e-32 2479202
68.2372 2.419772516426417e-35 3.470447027784614e-32 2457824
68.2834 2.394337991208505e-35 3.441446706822418e-32 2436522
68.3296 2.382063304253291e-35 3.412745638959416e-32 2413964
68.3758 2.360086540610541e-35 3.391831712639742e-32 2396034
68.422 2.339803999770182e-35 3.359742160797497e-32 2369162
68.4682 2.323630414260265e-35 3.343060695368253e-32 2354394
68.5144 2.30601769769432e-35 3.317847879804862e-32 2332340
68.5606 2.27885345174686e-35 3.291118059712479e-32 2309150
68.6068 2.261703303624113e-35 3.265822327820244e-32 2288172
68.653 2.243795983463994e-35 3.248160567967952e-32 2269922
68.6992 2.232935789496773e-35 3.222542519060689e-32 2250780
68.7454 2.209148324573883e-35 3.200877989835376e-32 2229338
68.7916 2.191083759753766e-35 3.176526490065096e-32 2210772
68.8378 2.177181879763923e-35 3.154879959512304e-32 2192108
68.884 2.155132015411519e-35 3.128777118602212e-32 2170988
68.9302 2.142107838925666e-35 3.098362094605631e-32 2152722
68.9764 2.12182971586684e-35 3.084838317743606e-32 2132996
69.0226 2.112526635105432e-35 3.062790532703548e-32 2117244
69.0688 2.088879000813074e-35 3.031051370512081e-32 2092700
69.115 2.068395887558522e-35 3.005537187412658e-32 2074508
69.1612 2.064673314824763e-35 2.999352550744853e-32 2061852
69.2074 2.03732257593534e-35 2.970564090953494e-32 2041724
69.2536 2.015511566365548e-35 2.942371863811906e-32 2018460
69.2998 2.012744566994591e-35 2.924149363090139e-32 2003006
69.346 1.996614983337294e-35 2.909645918715449e-32 1989396
69.3922 1.972476797601726e-35 2.884287150623164e-32 1968260
69.4384 1.95486479266226e-35 2.855063975735428e-32 1946780
69.4846 1.937860086481594e-35 2.834045202632577e-32 1934142
69.5308 1.929803139691137e-35 2.818771996054555e-32 1918124
69.577 1.902738060465898e-35 2.789680631816332e-32 1896468
69.6232 1.896351789432773e-35 2.76883551290078e-32 1879406
69.6694 1.883868157319516e-35 2.749765192687292e-32 1864284
69.7156 1.87338744931773e-35 2.736718475658939e-32 1850846
69.7618 1.850664441104319e-35 2.702770998801179e-32 1826084
69.808 1.838387614297549e-35 2.684226546826106e-32 1814094
69.8542 1.824581602043294e-35 2.662822536523326e-32 1799300
69.9004 1.800115099993996e-35 2.643221791159269e-32 1780710
69.9466 1.796051541633685e-35 2.622094501189334e-32 1764884
69.9928 1.779365833470966e-35 2.59481991489055e-32 1744434
70.039 1.762641097789902e-35 2.582240435868082e-32 1734356
70.0852 1.748480957453118e-35 2.567313483332684e-32 1717670
70.1314 1.728590380631344e-35 2.538038313006783e-32 1697718
70.1776 1.718533057085745e-35 2.518582620140904e-32 1682948
70.2238 1.702108600237938e-35 2.505778554228968e-32 1670502
70.27 1.687259462672807e-35 2.479919948540525e-32 1654382
70.3162 1.673707772670237e-35 2.457182969458852e-32 1635902
70.3624 1.66317872551821e-35 2.43883274372435e-32 1623948
70.4086 1.646175445367e-35 2.419133313130695e-32 1607870
70.4548 1.633422027164882e-35 2.403475237189101e-32 1591710
70.501 1.611890148662008e-35 2.378627803111779e-32 1575254
70.5472 1.609700453148613e-35 2.364338678963646e-32 1565550
70.5934 1.588677383967716e-35 2.340940119324651e-32 1546364
70.6396 1.570670087077728e-35 2.326353827898492e-32 1531526
70.6858 1.560471668254976e-35 2.304269039724541e-32 1516926
70.732 1.561486025201589e-35 2.297639957456231e-32 1508390
70.7782 1.533195622286105e-35 2.267939294160694e-32 1486182
70.8244 1.520465317729224e-35 2.252694507784652e-32 1475414
70.8706 1.516527795931908e-35 2.227880740369877e-32 1459662
70.9168 1.497789123713449e-35 2.210018950851793e-32 1447358
70.963 1.487057521198742e-35 2.195223650386261e-32 1433654
71.0092 1.471606458162858e-35 2.173376068855604e-32 1417218
71.0554 1.464693590539087e-35 2.155983023287373e-32 1405838
71.1016 1.446237967879492e-35 2.137632735361913e-32 1392414
71.1478 1.428792320047843e-35 2.110386417429397e-32 1376246
71.194 1.423670211549839e-35 2.101344900752192e-32 1363542
71.2402 1.416408387889172e-35 2.089038731975172e-32 1352918
71.2864 1.402083257284931e-35 2.065921505482205e-32 1338134
71.3326 1.389438545538588e-35 2.04893721357869e-32 1323840
71.3788 1.371233680263082e-35 2.026860233260904e-32 1308782
71.425 1.367127981473918e-35 2.016283162094262e-32 1301238
71.4712 1.35791821472232e-35 1.993553025962298e-32 1284854
71.5174 1.340916348509842e-35 1.97575049683319e-32 1268942
71.5636 1.331140047073761e-35 1.960043600270182e-32 1261590
71.6098 1.317584495376787e-35 1.939781860775593e-32 1247528
71.656 1.306588189830755e-35 1.924210057594892e-32 1233438
71.7022 1.284614550535584e-35 1.902652688085473e-32 1217750
71.7484 1.285491399931886e-35 1.893049184370984e-32 1213134
71.7946 1.275025019506061e-35 1.868783446840236e-32 1197782
71.8408 1.261750904391265e-35 1.849827714271056e-32 1180700
71.887 1.24400121270048e-35 1.835263944907093e-32 1171854
71.9332 1.241184981339408e-35 1.821749926760749e-32 1163174
71.9794 1.228679044508377e-35 1.801345418626601e-32 1146192
72.0256 1.21493660311792e-35 1.783113672610552e-32 1135046
72.0718 1.202301075202495e-35 1.775771502170075e-32 1124070
72.118 1.193801795838616e-35 1.755168691712172e-32 1113638
72.1642 1.1877988087735e-35 1.735329677557117e-32 1100408
72.2104 1.170309239535543e-35 1.719788258981298e-32 1087734
72.2566 1.162355146402955e-35 1.707427886156952e-32 1078334
72.3028 1.149261628363547e-35 1.689069487181219e-32 1066848
72.349 1.13989041582053e-35 1.674542557349655e-32 1055558
72.3952 1.122244288037534e-35 1.655009918734493e-32 1039512
72.4414 1.113740434455109e-35 1.642582638887484e-32 1034006
72.4876 1.106896597570889e-35 1.628571372368999e-32 1023206
72.5338 1.092927085577272e-35 1.608687387752043e-32 1008276
72.58 1.080012287782609e-35 1.592292624526392e-32 996998
72.6262 1.069264701494097e-35 1.578133792691777e-32 990336
72.6724 1.058580596817993e-35 1.561086471365953e-32 977246
72.7186 1.047900261202242e-35 1.545172967244831e-32 964328
72.7648 1.042220956536177e-35 1.532559847972632e-32 955686
72.811 1.034490433244914e-35 1.519188791768717e-32 947630
72.8572 1.019156275941341e-35 1.494516638811682e-32 932496
72.9034 1.004588779226131e-35 1.486816674694245e-32 923126
72.9496 1.006382126959212e-35 1.474051116160355e-32 915264
72.9958 9.891343218000047e-36 1.456373017781008e-32 902150
73.042 9.833622229129248e-36 1.44699282246508e-32 893672
73.0882 9.683769657631604e-36 1.424407845216188e-32 880782
73.1344 9.675960971553391e-36 1.416925700642319e-32 875360
73.1806 9.489491535972606e-36 1.399030570199876e-32 862326
73.2268 9.449148839644958e-36 1.378746410491028e-32 852140
73.273 9.322235559366491e-36 1.371165098038236e-32 842544
73.3192 9.235790434527907e-36 1.35209555601934e-32 832910
73.3654 9.174461133860428e-36 1.342366101497442e-32 824288
73.4116 9.059184816910577e-36 1.319148393273919e-32 812262
73.4578 9.021733394503922e-36 1.309433696376544e-32 804728
73.504 8.880851937689684e-36 1.298389435200779e-32 795486
73.5502 8.82204918708058e-36 1.280900740112024e-32 784520
73.5964 8.672998912125745e-36 1.260953183054997e-32 773576
73.6426 8.564347938248356e-36 1.257881529595774e-32 767574
73.6888 8.546428788088943e-36 1.242284465616144e-32 757976
73.735 8.441486201856752e-36 1.227124320879071e-32 747246
73.7812 8.321228376713709e-36 1.210984627398532e-32 736088
73.8274 8.260496349480268e-36 1.205908117487425e-32 733116
73.8736 8.190792714280127e-36 1.189804672896725e-32 720086
73.9198 8.069566936377619e-36 1.169143974555979e-32 710432
73.966 7.97345567297188e-36 1.159136961887743e-32 702960
74.0122 7.887938757080302e-36 1.147913663620893e-32 695102
74.0584 7.809754559069026e-36 1.132878816222343e-32 685680
74.1046 7.707757514675206e-36 1.113790635866131e-32 674000
74.1508 7.602754656684651e-36 1.108385639565172e-32 669294
74.197 7.540019900741603e-36 1.098245252440739e-32 661064
74.2432 7.46590936543569e-36 1.079504809785106e-32 649664
74.2894 7.352430335666262e-36 1.065392265168779e-32 641262
74.3356 7.296943526587771e-36 1.059866419613977e-32 636632
74.3818 7.237946531617474e-36 1.043290627108093e-32 627324
74.428 7.099360335605295e-36 1.029317738460011e-32 615680
74.4742 7.075149121629639e-36 1.014740761284633e-32 607974
74.5204 7.012185090094397e-36 1.011324458191467e-32 604784
74.5666 6.904255490869239e-36 9.912083459404228e-33 593216
74.6128 6.826502104342801e-36 9.759212242687616e-33 583830
74.659 6.756455200824533e-36 9.687385631535749e-33 578624
74.7052 6.659780752186623e-36 9.602802579585899e-33 571152
74.7514 6.589366211031428e-36 9.458941441889549e-33 562616
74.7976 6.486471661892121e-36 9.265910490409985e-33 551246
74.8438 6.475413349527905e-36 9.186342975750909e-33 549072
74.89 6.373551633665464e-36 9.102259078600725e-33 540848
74.9362 6.173024634048119e-36 8.880096957941842e-33 529620
74.9824 6.198551620743772e-36 8.79540683809131e-33 523232
75.0286 6.151805040519066e-36 8.770769047258258e-33 518286
75.0748 6.082556546330852e-36 8.62660575721257e-33 511160
75.121 6.005306012872192e-36 8.45234503427261e-33 500648
75.1672 5.922178615126807e-36 8.341244671024645e-33 493848
75.2134 5.858435224855202e-36 8.311513319779834e-33 489776
75.2596 5.724381660635879e-36 8.14190198710985e-33 480798
75.3058 5.703144940623732e-36 8.015291306863165e-33 472664
75.352 5.623158112418744e-36 7.943510462150019e-33 467208
75.3982 5.558871730054719e-36 7.832815371672318e-33 461456
75.4444 5.453081286491231e-36 7.671348325269477e-33 451988
75.4906 5.369374923977714e-36 7.538493509214564e-33 443496
75.5368 5.361940922095066e-36 7.52737155911283e-33 441638
75.583 5.279505675390259e-36 7.40010359927591e-33 433968
75.6292 5.212375760262018e-36 7.277241856917223e-33 425888
75.6754 5.079639634678756e-36 7.125604375088152e-33 417600
75.7216 5.031488932785357e-36 7.105535129543021e-33 414632
75.7678 5.006971527842826e-36 6.958759517994735e-33 407024
75.814 4.918240999744358e-36 6.834478811879762e-33 399048
75.8602 4.883549625013427e-36 6.760899522700234e-33 393878
75.9064 4.810207526344181e-36 6.690338221107036e-33 389196
75.9526 4.703948507399212e-36 6.547378699186911e-33 380816
75.9988 4.594960250064951e-36 6.436104910046598e-33 373160
76.045 4.622146019212042e-36 6.342099523373817e-33 370176
76.0912 4.570419822788047e-36 6.272827367890559e-33 364856
76.1374 4.435926460555816e-36 6.145963449442185e-33 356088
76.1836 4.358929828921425e-36 6.026738262468237e-33 348848
76.2298 4.376920684142934e-36 6.007121461703432e-33 347208
76.276 4.308854149671619e-36 5.894539969693192e-33 339944
76.3222 4.201327977357929e-36 5.719758291049807e-33 331856
76.3684 4.15705044842722e-36 5.68067705083466e-33 327150
76.4146 4.066917714580456e-36 5.631877315244065e-33 324092
76.4608 4.054499289968176e-36 5.521698491033245e-33 316944
76.507 3.973433822481669e-36 5.376972402568567e-33 309512
76.5532 3.921507144123543e-36 5.311060332164046e-33 305496
76.5994 3.876676814884372e-36 5.239630955772002e-33 301904
76.6456 3.783399230441786e-36 5.114966577886161e-33 293552
76.6918 3.767001483053251e-36 5.035613263479786e-33 287328
76.738 3.746146852487855e-36 4.982632102030758e-33 285656
76.7842 3.650446501282953e-36 4.890062635884173e-33 279936
76.8304 3.576320712133809e-36 4.793704638363788e-33 273404
76.8766 3.421862167928363e-36 4.631001828761901e-33 264384
76.9228 3.499985935697395e-36 4.668099093719651e-33 266672
76.969 3.435270173148897e-36 4.553226141509289e-33 259208
77.0152 3.351206060313942e-36 4.421197268251803e-33 252216
77.0614 3.300019106507993e-36 4.316904501094412e-33 247088
77.1076 3.276538140518343e-36 4.317023497352322e-33 245664
77.1538 3.205123126565785e-36 4.212042090589376e-33 239288
77.2 3.125083150616096e-36 4.051808517711778e-33 231968
77.2462 3.082302142576065e-36 4.055090102768795e-33 229608
77.2924 2.987857079363718e-36 4.011113577532485e-33 226340
77.3386 2.968203743647818e-36 3.897780429440689e-33 219360
77.3848 2.909341582096365e-36 3.789319340416691e-33 213104
77.431 2.898179122744756e-36 3.78294334870574e-33 213024
77.4772 2.854707164524544e-36 3.703174179011936e-33 208088
77.5234 2.736836244258093e-36 3.580833299579214e-33 200336
77.5696 2.712176274445301e-36 3.472226171214691e-33 195552
77.6158 2.759136231447348e-36 3.507805098879802e-33 196328
77.662 2.642423164701176e-36 3.384071798732479e-33 189792
77.7082 2.585512019754104e-36 3.294638855158234e-33 183908
77.7544 2.508759169336645e-36 3.198586609007226e-33 179424
77.8006 2.517545998437514e-36 3.192246325675162e-33 178760
77.8468 2.442678412913113e-36 3.115004152184539e-33 172928
77.893 2.359911344222126e-36 2.976433366263e-33 167352
77.9392 2.316661736421239e-36 2.961773775888877e-33 164984
77.9854 2.306410051521067e-36 2.895072234495283e-33 161736
78.0316 2.285339248708542e-36 2.840405472138988e-33 157112
78.0778 2.195585516227719e-36 2.699147557698693e-33 150848
78.124 2.168701837661532e-36 2.725140569424687e-33 151332
78.1702 2.103770725598722e-36 2.661702745642483e-33 146720
78.2164 2.065918659700584e-36 2.532067999647358e-33 140874
78.2626 2.038226945958107e-36 2.477397708636626e-33 136832
78.3088 2.041418536014081e-36 2.492360756102337e-33 137904
78.355 1.905574299633129e-36 2.375033879946242e-33 131384
78.4012 1.87288827725093e-36 2.285297669996193e-33 126248
78.4474 1.870193288230915e-36 2.255948119286766e-33 124152
78.4936 1.833474571366935e-36 2.245149379875239e-33 123896
78.5398 1.737713698531602e-36 2.132187457808841e-33 117588
78.586 1.707192224640826e-36 2.015622931680053e-33 112160
78.6322 1.731162222159661e-36 2.030860747950915e-33 112488
78.6784 1.697483326543825e-36 1.994121497101623e-33 110072
78.7246 1.605404299932949e-36 1.898655660535192e-33 104906
78.7708 1.529527338290285e-36 1.787051139864332e-33 98880
78.817 1.598133100420613e-36 1.859243115569172e-33 101408
78.8632 1.534659390787759e-36 1.773316740534287e-33 97128
78.9094 1.46257494437883e-36 1.682346148375706e-33 92504
78.9556 1.363151574397931e-36 1.607963075804904e-33 88308
79.0018 1.421592505637389e-36 1.621260015673474e-33 89504
79.048 1.381189417090679e-36 1.549527368681077e-33 85064
79.0942 1.353780976577631e-36 1.485683618433533e-33 80856
79.1404 1.245661587737941e-36 1.455485249860264e-33 78914
79.1866 1.254590349283408e-36 1.430617161756422e-33 77928
79.2328 1.250602873587714e-36 1.347415006405734e-33 73760
79.279 1.196782207066471e-36 1.282861574308128e-33 69752
79.3252 1.138517110783566e-36 1.30545428508964e-33 70788
79.3714 1.091789255880878e-36 1.239918649398492e-33 66920
79.4176 1.115522946190435e-36 1.158762473311239e-33 63192
79.4638 1.074500536853327e-36 1.098833230250982e-33 59594
79.51 1.056693426495696e-36 1.146616273128123e-33 62760
79.5562 9.77066476648768e-37 1.042482584494284e-33 56720
79.6024 9.771372985549983e-37 9.802731246789339e-34 53384
79.6486 9.642935376332071e-37 9.626277712814552e-34 52272
79.6948 9.447436472622246e-37 9.90955820766791e-34 53456
79.741 8.603268949702975e-37 8.804372254827704e-34 47676
79.7872 8.692451967520514e-37 8.116878316341911e-34 44234
79.8334 8.43329505294217e-37 8.318452965510761e-34 45288
79.8796 8.198609650820464e-37 8.192792367442777e-34 44960
79.9258 7.226281479341302e-37 7.206622472720953e-34 39344
79.972 7.333366718613068e-37 6.552136772165542e-34 35664
80.0182 7.696658387834013e-37 7.299929957453419e-34 39440
80.0644 6.958765591484942e-37 6.902486804936243e-34 37194
80.1106 6.100924285961175e-37 5.867079508032609e-34 31484
80.1568 6.335551772620664e-37 5.354649436602878e-34 28848
80.203 6.439369950616972e-37 6.198345904419512e-34 33200
80.2492 6.112924051030104e-37 5.622892187780226e-34 30056
80.2954 5.039945465508495e-37 4.566809371582899e-34 24570
80.3416 5.382657007178506e-37 4.553541497578197e-34 23936
80.3878 5.629974567440983e-37 4.939217312386745e-34 26640
80.434 4.897870112190822e-37 4.456071613398617e-34 23624
80.4802 3.945246916473909e-37 3.370522729873421e-34 18020
80.5264 4.866826554639243e-37 3.74299279591983e-34 19986
80.5726 4.593591103663745e-37 3.86982874130931e-34 20744
80.6188 4.041821739170035e-37 3.420498114222021e-34 18000
80.665 3.247998027768909e-37 2.266932080748419e-34 12152
80.7112 4.208871787358373e-37 3.165160265904174e-34 16488
80.7574 3.898061739303617e-37 2.951708488206925e-34 15698
80.8036 3.20076385874233e-37 2.468834270824266e-34 13136
80.8498 2.502830413286445e-37 1.584519833646625e-34 8196
80.896 3.381144375477355e-37 2.388330354146738e-34 12488
80.9422 3.190986035268789e-37 2.148606116682862e-34 11250
80.9884 2.386257385343949e-37 1.717931234927799e-34 8984
81.0346 2.067952850774405e-37 1.059699052131216e-34 5736
81.0808 2.665683882998757e-37 1.631214345726258e-34 8456
81.127 2.467281766604319e-37 1.42235284854851e-34 7448
81.1732 1.749534302345039e-37 1.015517996503983e-34 5538
81.2194 1.585247888469409e-37 7.016290562192337e-35 3884
81.2656 2.02141146342809e-37 1.006039109352462e-34 5208
81.3118 1.715459934803162e-37 8.224487627526202e-35 4424
81.358 7.810936947705697e-38 3.897358485000368e-35 2186
81.4042 1.394362013656157e-37 5.89654989459101e-35 3120
81.4504 1.293000944687087e-37 5.035392011147601e-35 2744
81.4966 1.098654423662159e-37 4.040755943130815e-35 2184
81.5428 5.01166393192271e-38 1.624025118294258e-35 902
81.589 7.616719568489776e-38 2.802684820966706e-35 1464
81.6352 6.468528133221671e-38 2.076992737477034e-35 1064
81.6814 5.239059582994323e-38 1.342344378486554e-35 728
81.7276 2.433743268620751e-38 4.544880321355533e-36 258
81.7738 3.371845550594773e-38 6.387086802457296e-36 344
81.82 1.848478293408404e-38 2.856549213780311e-36 168
81.8662 3.559727382812833e-39 7.355738406924163e-37 56
81.9124 1.223433283069796e-40 7.337220717057681e-38 7


0.0461999 0.2215756978100308 0.02218860855856766 18
0.0923998 1.010172643151449 0.1010642171301467 62
0.1386 1.188787124397432 0.1637375250057201 98
0.1848 1.406946958133308 0.2985607392693965 210
0.230999 1.522464365159895 0.646174003951093 350
0.277199 1.224806668765904 0.7907252401818771 450
0.323399 1.14258202751513 0.8478660815904696 602
0.369599 0.9455975783062462 0.9617755979332338 762
0.415799 0.9772907668431745 1.247353803120038 1142
0.461999 0.6359430562264855 1.07372564315682 1250
0.508199 0.5899984485857164 1.095076017760149 1458
0.554399 0.5527078027294861 1.187640347323277 1814
0.600599 0.4743355818234622 1.154024279274231 2178
0.646798 0.3984261340003168 1.134638040293902 2498
0.692998 0.305050315721689 1.057092838084223 2622
0.739198 0.2976858081012757 1.171449749013932 3338
0.785398 0.2376636001209573 1.025170673484627 3722
0.831598 0.2109479365305389 0.9758843637347464 4170
0.877798 0.1684120480051297 0.8701777472630411 4358
0.923998 0.1546036230396841 0.8581853599064624 5034
0.970198 0.1361005644567527 0.8048156285364808 5714
1.0164 0.1110946812921922 0.726478712457326 5982
1.0626 0.09227551740796916 0.6556624757627237 6602
1.1088 0.07976517946575418 0.618889295668926 7130
1.155 0.073330133152546 0.5820348869393333 8034
1.2012 0.06030342536929068 0.5286739164622477 8606
1.2474 0.05053881532604238 0.4666965662985467 9066
1.2936 0.04331976859813445 0.4287575052598174 9962
1.3398 0.03761727850549057 0.3934215574604428 10550
1.386 0.03253621083214864 0.3588347828521885 11226
1.4322 0.02804907732953662 0.3264704360475892 12146
1.4784 0.02353342641789856 0.281433675555703 12606
1.5246 0.02144624280385933 0.2687227361945677 13802
1.5708 0.01807144124941997 0.238570506837553 14754
1.617 0.01533320791453296 0.2155541064479143 15194
1.6632 0.01359202293300444 0.2007139720682037 16454
1.7094 0.0116167637360299 0.179611321382958 17154
1.7556 0.01011463897169146 0.1658663412464629 18266
1.8018 0.008665774165680762 0.1470089297409377 18750
1.848 0.007785853574063281 0.1347993638228268 20234
1.8942 0.00684536079233456 0.1235013419471778 21450
1.9404 0.005746711510174583 0.107194010711188 21962
1.9866 0.005074026689482253 0.09778756845100908 23462
2.0328 0.004385343441916106 0.08757022801830382 24042
2.079 0.003866124798801308 0.08014385093961111 25946
2.1252 0.003235835133833474 0.06892722075313173 26118
2.17139 0.002836924445315869 0.06468111732128122 27506
2.21759 0.002535686293601874 0.05944719530410054 29066
2.26379 0.002257280741764321 0.05425088374063197 30450
2.30999 0.00195139528351593 0.04854388750278644 31742
2.35619 0.00170320898976547 0.04307575172717826 32250
2.40239 0.00151332259836176 0.03953793997137923 34250
2.44859 0.001308671145200403 0.03488754865087872 35454
2.49479 0.001155783359707224 0.03196132142979215 36434
2.54099 0.0009997870606523428 0.02862009829844893 37682
2.58719 0.0008686823602001755 0.02533673333291258 39294
2.63339 0.000776778244285446 0.02361427188179515 41426
2.67959 0.000676887400048088 0.02128621664471098 42066
2.72579 0.0005918500967436146 0.01939138102585984 43490
2.77199 0.0005264210695637091 0.01756563840860674 45702
2.81819 0.0004639920715913647 0.0157867185265564 46634
2.86439 0.0004067829839379024 0.01411790704075896 48554
2.91059 0.0003526106538499081 0.01251502919329039 48870
2.95679 0.0003221922020942396 0.01175010091222419 51554
3.00299 0.0002858283289701954 0.01065946085152726 54090
3.04919 0.0002449045938195397 0.009326287532375516 54314
3.09539 0.0002195613656660782 0.008634146470638107 56910
3.14159 0.0001865091480224131 0.007533038875680598 57482
3.18779 0.0001689209949529306 0.007119761464332883 60626
3.23399 0.0001457554944125154 0.00631046877779752 61206
3.28019 0.0001293119805605118 0.005708355754095675 62570
3.32639 0.0001171680729417201 0.005242811344089425 65730
3.37259 0.0001024570600377164 0.004661135405647302 66686
3.41879 9.320020101791266e-05 0.004321250684703764 69698
3.46499 7.980581796953027e-05 0.003789313629418361 70026
3.51119 7.171537541961412e-05 0.00347635918888368 72746
3.55739 6.32210649924706e-05 0.003145704615190644 74910
3.60359 5.481293765066898e-05 0.002808286160743122 75722
3.64979 4.864372252449684e-05 0.002552622530995479 78378
3.69599 4.307124276103865e-05 0.002307710687462764 80030
3.74219 3.857156591500604e-05 0.002121307774908417 83186
3.78839 3.415085396795403e-05 0.001916165263413672 84666
3.83459 3.037538391842205e-05 0.001729362397339589 86546
3.88079 2.688787308824669e-05 0.001550052073275242 88134
3.92699 2.409895860187061e-05 0.00142559553108646 91538
3.97319 2.127256114425613e-05 0.001282314109944829 93138
4.01939 1.869916388777173e-05 0.001153692282027502 94478
4.06559 1.666362661154335e-05 0.001050982823538139 97274
4.11179 1.46579075552695e-05 0.0009444741564211969 99690
4.15799 1.309915968993706e-05 0.0008577211784634545 102590
4.20419 1.145555276022727e-05 0.0007689207548132644 103770
4.25039 1.029374643440634e-05 0.0007058321204377884 106346
4.29659 9.170649733592278e-06 0.0006387762862350382 108546
4.34279 8.171787964128716e-06 0.0005783079718194882 110726
4.38899 7.216285989641052e-06 0.0005210786963298931 112322
4.43519 6.46870532605136e-06 0.000473300097409287 115890
4.48139 5.760111306339893e-06 0.0004306788438489066 118766
4.52759 5.152746452980284e-06 0.0003924085620227286 122298
4.57379 4.463792582908964e-06 0.0003450522285740563 122090
4.61999 4.017579258619848e-06 0.0003171958812934708 125810
4.66619 3.57588839810686e-06 0.0002888235297493573 128190
4.71239 3.1812524617894e-06 0.0002610591166105241 130994
4.75859 2.845547064248211e-06 0.0002379908228497561 133722
4.80479 2.471206969088637e-06 0.0002106752961049344 133886
4.85099 2.281298231405341e-06 0.0001978803110963975 140538
4.89719 1.981790914665265e-06 0.0001737909087876846 140594
4.94339 1.78165476069784e-06 0.0001594737068035574 143594
4.98959 1.58478841913103e-06 0.0001434135119248806 146310
5.03579 1.421762530729456e-06 0.0001308425411523643 150650
5.08199 1.265819146410943e-06 0.0001184049953632828 151914
5.12819 1.110356712621324e-06 0.0001057659883634846 153398
5.17439 1.004928941291435e-06 9.729325389657516e-05 157866
5.22059 8.878442505792512e-07 8.768089098921694e-05 160658
5.26679 7.963071010848707e-07 8.00749442439926e-05 164102
5.31299 6.944600501555893e-07 7.098028618900483e-05 164994
5.35919 6.311983159670402e-07 6.549734015053639e-05 169850
5.40539 5.637869614314811e-07 5.948384615107751e-05 172986
5.45159 4.984414228249607e-07 5.314562836269956e-05 173894
5.49779 4.489126945095021e-07 4.856631229485655e-05 176778
5.54399 4.028851850044596e-07 4.417308348602696e-05 181802
5.59019 3.590612915571665e-07 3.993851359652421e-05 184430
5.63639 3.192918090230741e-07 3.612253590854044e-05 187242
5.68259 2.837361302176403e-07 3.254547517523764e-05 190250
5.72879 2.504363248039171e-07 2.922059416929677e-05 192570
5.77499 2.267757045495142e-07 2.687504934886106e-05 198254
5.82119 1.985993052711506e-07 2.394568365484351e-05 198074
5.86739 1.796353470147825e-07 2.200426763172684e-05 202050
5.91359 1.60550462268539e-07 1.992156988584933e-05 205502
5.95979 1.455814231329315e-07 1.829885253649897e-05 210666
6.00599 1.289686909751754e-07 1.641209750522958e-05 212426
6.05219 1.143757809478678e-07 1.474523704218879e-05 213918
6.09839 1.037122464035755e-07 1.351690465256521e-05 220994
6.14459 9.135806500623026e-08 1.20630648195936e-05 221522
6.19079 8.184607117826995e-08 1.094953148876146e-05 226314
6.23699 7.23324121372515e-08 9.835424632814162e-06 227294
6.28319 6.548883191052583e-08 9.032731746379164e-06 232962
6.32939 5.866523750427446e-08 8.236622773240874e-06 237818
6.37559 5.203911481335348e-08 7.402309211880336e-06 238398
6.42178 4.652485283555437e-08 6.728471583734782e-06 241418
6.46798 4.178793372902633e-08 6.097247994607585e-06 246818
6.51418 3.761867406949556e-08 5.54462535723162e-06 249906
6.56038 3.360548656728859e-08 5.004338692638219e-06 254702
6.60658 2.982265955698753e-08 4.478172198953576e-06 254418
6.65278 2.677250271844787e-08 4.080959034907209e-06 260354
6.69898 2.409085129351767e-08 3.709460353851483e-06 264974
6.74518 2.14989124622589e-08 3.364905734393739e-06 268722
6.79138 1.919588659173035e-08 3.056670541334434e-06 271562
6.83758 1.71368180969811e-08 2.762944044348792e-06 275586
6.88378 1.538414082125532e-08 2.51312887698174e-06 280190
6.92998 1.373623556559077e-08 2.269055279457813e-06 282834
6.97618 1.224871841146421e-08 2.045826042368007e-06 285170
7.02238 1.103092706175228e-08 1.857384416277495e-06 289886
7.06858 9.947839698983027e-09 1.692891088512294e-06 294474
7.11478 8.94782225480619e-09 1.537710572374359e-06 299498
7.16098 7.91878678492591e-09 1.37674413711344e-06 299958
7.20718 7.109266828754857e-09 1.252092199936157e-06 305858
7.25338 6.403687619228527e-09 1.14137356991729e-06 310794
7.29958 5.692603521426055e-09 1.025671524147058e-06 313082
7.34578 5.06371180356786e-09 9.254110206568535e-07 316046
7.39198 4.576197500996836e-09 8.454506726732967e-07 322218
7.43818 4.142668256089351e-09 7.740315075448469e-07 328562
7.48438 3.657649371429038e-09 6.907364661122096e-07 327990
7.53058 3.333815461308376e-09 6.363036923807557e-07 335282
7.57678 2.950587022188536e-09 5.68604299460082e-07 335970
7.62298 2.688619876808488e-09 5.230033391223752e-07 344066
7.66918 2.369056952878943e-09 4.652634118277652e-07 343718
7.71538 2.148369233308013e-09 4.256709464352263e-07 351498
7.76158 1.911145615229131e-09 3.830014120297779e-07 354458
7.80778 1.717635559722452e-09 3.477023478420264e-07 358566
7.85398 1.554292922736701e-09 3.183000004513106e-07 366122
7.90018 1.37054847973874e-09 2.841756619025061e-07 365810
7.94638 1.243632534627301e-09 2.608428263693649e-07 371622
7.99258 1.114130966585543e-09 2.362107114601411e-07 375986
8.03878 1.008572967062256e-09 2.154372128864371e-07 382170
8.08498 8.925133602978556e-10 1.926075091832014e-07 381818
8.13118 8.100942758181248e-10 1.761519874690723e-07 389574
8.17738 7.268041699946504e-10 1.59213691774815e-07 393698
8.22358 6.521754827105577e-10 1.443246084125252e-07 399458
8.26978 5.850876472173795e-10 1.305920611685173e-07 402222
8.31598 5.23225643954206e-10 1.180618573940943e-07 406922
8.36218 4.726277497937336e-10 1.078729019181959e-07 412842
8.40838 4.20941851113309e-10 9.711797278951481e-08 415346
8.45458 3.806695423519878e-10 8.87149093439831e-08 421182
8.50078 3.409341338484035e-10 8.015578797114742e-08 425018
8.54698 3.078887233806657e-10 7.305921902210083e-08 431138
8.59318 2.762001937983759e-10 6.598538612878799e-08 434382
8.63938 2.483305959285567e-10 5.987487747061724e-08 439514
8.68558 2.234543349023207e-10 5.429615543927599e-08 444738
8.73178 2.008254778125976e-10 4.919799031972757e-08 448910
8.77798 1.789446927312165e-10 4.426369931585081e-08 450618
8.82418 1.624519850727142e-10 4.052799048926759e-08 459554
8.87038 1.45473508542338e-10 3.668167574373927e-08 463106
8.91658 1.306271504799428e-10 3.319441507989193e-08 467094
8.96278 1.181767516894131e-10 3.033113225657205e-08 474938
9.00898 1.054747529639995e-10 2.733545607736407e-08 477186
9.05518 9.563614560947642e-11 2.497162639247918e-08 484670
9.10138 8.551640367417584e-11 2.253632432486475e-08 487010
9.14758 7.733366842374446e-11 2.053276068791562e-08 493314
9.19378 6.925766262752368e-11 1.853480861336075e-08 496322
9.23998 6.225000138760381e-11 1.678390547586712e-08 501702
9.28618 5.656091817777831e-11 1.535096613073094e-08 508562
9.33238 5.049485485164175e-11 1.384442987897115e-08 514242
9.37858 4.531248518720225e-11 1.252256927350722e-08 516158
9.42478 4.085669662498824e-11 1.138392151237865e-08 522602
9.47098 3.699160802950429e-11 1.040337591205414e-08 530658
9.51718 3.287431380360114e-11 9.331631258984238e-09 530042
9.56338 2.986594009128275e-11 8.550802278004619e-09 538878
9.60958 2.70270044967306e-11 7.788635608725674e-09 544130
9.65578 2.428418409973508e-11 7.060913088857603e-09 551106
9.70198 2.179255526469117e-11 6.378920647427985e-09 553982
9.74818 1.960328026590517e-11 5.77446570290577e-09 558242
9.79438 1.769100516675977e-11 5.254690212328426e-09 564546
9.84058 1.593916311315758e-11 4.765821143221839e-09 570494
9.88678 1.437260805112864e-11 4.338934138739403e-09 576762
9.93298 1.284392421071169e-11 3.903919061219227e-09 578234
9.97918 1.164545471347503e-11 3.573902030091187e-09 585666
10.0254 1.054307744268301e-11 3.26061284024476e-09 594446
10.0716 9.413399386062415e-12 2.935617494457058e-09 595250
10.1178 8.49179875569958e-12 2.670908583466721e-09 603402
10.164 7.689306357985534e-12 2.430448320152114e-09 607382
10.2102 6.961278055875684e-12 2.218643065475133e-09 617010
10.2564 6.191774024551359e-12 1.98723641896391e-09 616778
10.3026 5.643556920838405e-12 1.823166476210251e-09 624746
10.3488 5.053352089978798e-12 1.644254486498616e-09 628062
10.395 4.59143224767906e-12 1.50711788297094e-09 639410
10.4412 4.11301530075091e-12 1.360470527987934e-09 642954
10.4874 3.713499356023542e-12 1.236727806519408e-09 645974
10.5336 3.341733237613766e-12 1.123623856086798e-09 653490
10.5798 3.018813587560933e-12 1.021113996915672e-09 660746
10.626 2.727010836775131e-12 9.297385868560959e-10 664646
10.6722 2.436025616585146e-12 8.36751364003111e-10 667290
10.7184 2.228863233603211e-12 7.709455390623522e-10 679034
10.7646 1.998965678157877e-12 6.959664375356045e-10 682722
10.8108 1.810555723856015e-12 6.353513323750172e-10 691238
10.857 1.612839963425248e-12 5.694265122457716e-10 688602
10.9032 1.467233292133274e-12 5.219887758317957e-10 700826
10.9494 1.325095787983444e-12 4.746125078498943e-10 705662
10.9956 1.18329623557957e-12 4.276938051499615e-10 710082
11.0418 1.083586316176778e-12 3.938251385970677e-10 719162
11.088 9.665782668186935e-13 3.544472279847156e-10 722250
11.1342 8.787219159656805e-13 3.245046700711614e-10 731510
11.1804 7.939198546878517e-13 2.950008352055683e-10 736442
11.2266 7.127425510682342e-13 2.671175055184973e-10 740898
11.2728 6.446073150314169e-13 2.431919908912822e-10 750158
11.319 5.826997177197165e-13 2.211611461560579e-10 754866
11.3652 5.24933581251785e-13 2.007105958706975e-10 760826
11.4114 4.726240785525095e-13 1.818493232787734e-10 764034
11.4576 4.280849905649817e-13 1.65929724274236e-10 773846
11.5038 3.872553927161602e-13 1.511419729059752e-10 779714
11.55 3.469770377149469e-13 1.366712668259705e-10 784314
11.5962 3.144343934827581e-13 1.245632080299377e-10 791342
11.6424 2.846094975152263e-13 1.137180568755684e-10 799458
11.6886 2.567092836259401e-13 1.031475305641321e-10 804962
11.7348 2.309071207425236e-13 9.358385014645459e-11 809550
11.781 2.086076330854755e-13 8.496522685423843e-11 813458
11.8272 1.900733780347289e-13 7.802511585957565e-11 827402
11.8734 1.702142556198168e-13 7.035377768998774e-11 828618
11.9196 1.54421240852008e-13 6.420451789883363e-11 836918
11.9658 1.391670615746217e-13 5.833864313312554e-11 842874
12.012 1.252131014923111e-13 5.285517055651944e-11 849338
12.0582 1.141993221751551e-13 4.852241828103811e-11 858942
12.1044 1.020899689029251e-13 4.372211081768807e-11 860978
12.1506 9.236855967716227e-14 3.984308612189474e-11 868346
12.1968 8.373852582384707e-14 3.636173067021094e-11 875154
12.243 7.605546186899738e-14 3.323849435854993e-11 886214
12.2892 6.788268076419976e-14 2.991176363439813e-11 887346
12.3354 6.17290389999624e-14 2.735245795055733e-11 894986
12.3816 5.577618929587253e-14 2.48970898888625e-11 902774
12.4278 5.039350860050714e-14 2.266485766186563e-11 912114
12.474 4.533488588957383e-14 2.051553179491325e-11 915026
12.5202 4.105386866609572e-14 1.869766432427457e-11 920142
12.5664 3.715096827712226e-14 1.705918489706202e-11 929762
12.6126 3.34835638667375e-14 1.548432781277226e-11 937698
12.6588 3.039121512780474e-14 1.414861529159904e-11 944762
12.705 2.730985299776532e-14 1.280436658476427e-11 948254
12.7512 2.471749368469887e-14 1.168139081970489e-11 956802
12.7974 2.24064271855673e-14 1.06524199533677e-11 967658
12.8436 2.020211078289657e-14 9.671068351866611e-12 969702
12.8898 1.814949071364666e-14 8.750490941826757e-12 974090
12.936 1.659259580531358e-14 8.047861996892522e-12 988482
12.9822 1.491333296409211e-14 7.291887089745773e-12 991994
13.0284 1.34801891698013e-14 6.632463063977148e-12 1001030
13.0746 1.221049571695801e-14 6.050700724541349e-12 1005450
13.1208 1.098300186297061e-14 5.480374136200529e-12 1013738
13.167 9.934495897822119e-15 4.999821733543105e-12 1021710
13.2132 8.982245593912603e-15 4.545143591062611e-12 1023626
13.2594 8.132194601790397e-15 4.145828879098195e-12 1035834
13.3056 7.332187009239053e-15 3.76557131180763e-12 1040786
13.3518 6.664793351817333e-15 3.443628803662955e-12 1053206
13.398 6.02295701621357e-15 3.135100467473253e-12 1057002
13.4442 5.401919487669076e-15 2.830530140089781e-12 1063898
13.4904 4.911028515318955e-15 2.592330996813503e-12 1072782
13.5366 4.436582136914505e-15 2.358022700025032e-12 1078826
13.5828 4.013315892987742e-15 2.147883659515448e-12 1087922
13.629 3.604184762878002e-15 1.942961671630875e-12 1090494
13.6752 3.27721066742202e-15 1.777800843055552e-12 1101362
13.7214 2.969686057200168e-15 1.623726768893086e-12 1109802
13.7676 2.661791054089085e-15 1.466062349988514e-12 1114514
13.8138 2.429564316811743e-15 1.34585822409193e-12 1123926
13.86 2.175148790940455e-15 1.214297131196057e-12 1125986
13.9062 1.978417606434544e-15 1.112686470636962e-12 1143554
13.9524 1.789855870413501e-15 1.012415509271784e-12 1144710
13.9986 1.614846324799154e-15 9.202969349570045e-13 1154018
14.0448 1.459445122445492e-15 8.374227180426729e-13 1159962
14.091 1.326602919063444e-15 7.666948430910766e-13 1170986
14.1372 1.192919955403405e-15 6.942632728972583e-13 1178142
14.1834 1.07526292781229e-15 6.303718197617096e-13 1182674
14.2296 9.746343891174445e-16 5.752572493505567e-13 1191002
14.2758 8.8407003315877e-16 5.253117930810356e-13 1200438
14.322 7.948627574083631e-16 4.761270802682412e-13 1208162
14.3682 7.214556757072747e-16 4.347438758502375e-13 1215258
14.4144 6.542581292146778e-16 3.971295951389149e-13 1224134
14.4606 5.862270303264518e-16 3.583258968694653e-13 1228722
14.5068 5.334969181499698e-16 3.284011886660028e-13 1243154
14.553 4.825745354373297e-16 2.99007653321678e-13 1245434
14.5992 4.351949960649681e-16 2.715849187961407e-13 1255158
14.6454 3.903816724691963e-16 2.455161909701838e-13 1255610
14.6916 3.585783877685515e-16 2.267694182881142e-13 1277562
14.7378 3.210265265126939e-16 2.046869425160494e-13 1274414
14.784 2.903182316910493e-16 1.863867523871372e-13 1285994
14.8302 2.63578757991884e-16 1.703607394522639e-13 1299570
14.8764 2.38570068323729e-16 1.552436470715933e-13 1302122
14.9226 2.141514708225048e-16 1.404496349944789e-13 1311366
14.9688 1.944613311172302e-16 1.283699389027187e-13 1319186
15.015 1.756406309881799e-16 1.166987584429821e-13 1327434
15.0612 1.590345669324337e-16 1.064534937327765e-13 1337294
15.1074 1.433526774426636e-16 9.662445339061097e-14 1342730
15.1536 1.298530126279703e-16 8.812015544815829e-14 1350570
15.1998 1.175625894708177e-16 8.038448433132412e-14 1362590
15.246 1.059708408678934e-16 7.292329330024198e-14 1369698
15.2922 9.59588934674566e-17 6.651934768422106e-14 1374914
15.3384 8.633057184553055e-17 6.029590498222071e-14 1383570
15.3846 7.844177001147539e-17 5.512057992868375e-14 1395374
15.4308 7.078680178053903e-17 5.009455470100013e-14 1396994
15.477 6.395377047201688e-17 4.559072464222396e-14 1411530
15.5232 5.806656679147881e-17 4.169053004806523e-14 1417574
15.5694 5.241966677835653e-17 3.786226959398354e-14 1428834
15.6156 4.746644174103231e-17 3.45449947895784e-14 1439018
15.6618 4.256164095635638e-17 3.120994294034532e-14 1440698
15.708 3.871569768894877e-17 2.856341286625424e-14 1453638
15.7542 3.498812520309327e-17 2.60104280777403e-14 1463426
15.8004 3.165562263134501e-17 2.36805308624767e-14 1471050
15.8466 2.85245954058928e-17 2.150018893185792e-14 1476638
15.8928 2.58174618475286e-17 1.959249436238618e-14 1484466
15.939 2.338540249024576e-17 1.787504928559575e-14 1501154
15.9852 2.107319430145257e-17 1.62137127605923e-14 1501706
16.0314 1.909254903588523e-17 1.478894403903535e-14 1511502
16.0776 1.717294905047788e-17 1.340995416738394e-14 1520234
16.1238 1.564658698091869e-17 1.228590522065467e-14 1535010
16.17 1.412290953198525e-17 1.117225351006373e-14 1543358
16.2162 1.263623010690656e-17 1.006677926862945e-14 1535754
16.2624 1.154438469251275e-17 9.263303709320344e-15 1564802
16.3086 1.040445546709947e-17 8.401873952925782e-15 1563038
16.3548 9.435798710071263e-18 7.674988308563215e-15 1578426
16.401 8.442566061294124e-18 6.918532456185397e-15 1581482
16.4472 7.714364894392033e-18 6.359187753508932e-15 1592250
16.4934 6.941201025793592e-18 5.764620697623927e-15 1602230
16.5396 6.240430821553097e-18 5.219715259053895e-15 1604754
16.5858 5.707299005439597e-18 4.802747852655878e-15 1623458
16.632 5.108106009096993e-18 4.331033737586347e-15 1624910
16.6782 4.64096145912476e-18 3.9629462872595e-15 1645122
16.7244 4.192997594213538e-18 3.602336833950747e-15 1645130
16.7706 3.788559295635068e-18 3.279457902018698e-15 1655706
16.8168 3.408737878170569e-18 2.970911765180022e-15 1663502
16.863 3.090816397758252e-18 2.712291730972775e-15 1675514
16.9092 2.798768070196007e-18 2.472379643344047e-15 1685298
16.9554 2.51800719749134e-18 2.240746959039084e-15 1689566
17.0016 2.277080748192118e-18 2.039245851756171e-15 1697850
17.0478 2.072841818994388e-18 1.868919722377483e-15 1718546
17.094 1.861262221530044e-18 1.690634356780048e-15 1719822
17.1402 1.676680445559994e-18 1.532983959358841e-15 1726586
17.1864 1.520705380751103e-18 1.3999222100479e-15 1739186
17.2326 1.379287228094945e-18 1.27818561486503e-15 1751538
17.2788 1.23765880085145e-18 1.155034346622327e-15 1758062
17.325 1.122490056617305e-18 1.054623932467861e-15 1763010
17.3712 1.016209311281688e-18 9.612446166980292e-16 1778642
17.4174 9.157285214977853e-19 8.724865542280416e-16 1788582
17.4636 8.278842832850752e-19 7.936874059711031e-16 1794746
17.5098 7.46005627660936e-19 7.204619593846234e-16 1803290
17.556 6.7569497516519e-19 6.567674582280305e-16 1811058
17.6022 6.103303189926547e-19 5.971666008095372e-16 1828358
17.6484 5.522792590210083e-19 5.441835199449478e-16 1831362
17.6946 4.972355890490512e-19 4.932702134979864e-16 1842458
17.7408 4.495603839224794e-19 4.49003406719313e-16 1846998
17.787 4.084417894513183e-19 4.10476102828179e-16 1869122
17.8332 3.670073637889979e-19 3.716653848333028e-16 1876346
17.8794 3.327227696124102e-19 3.390240068275572e-16 1879506
17.9256 2.993985935053036e-19 3.071141192632026e-16 1893326
17.9718 2.713466305478603e-19 2.80306583574455e-16 1901826
18.018 2.446631984102272e-19 2.543459713717388e-16 1911962
18.0642 2.209782709696868e-19 2.31366444708421e-16 1919198
18.1104 1.998903675627101e-19 2.10629342181169e-16 1930242
18.1566 1.805375485666445e-19 1.914936397544941e-16 1942442
18.2028 1.633014838228484e-19 1.744021253117199e-16 1951734
18.249 1.467225281787796e-19 1.577158013149612e-16 1955402
18.2952 1.325484837978384e-19 1.434850518448406e-16 1971858
18.3414 1.210747204157044e-19 1.318420604152217e-16 1984898
18.3876 1.080768881459354e-19 1.18550372787206e-16 1986422
18.4338 9.760190987066352e-20 1.077891434454646e-16 1996146
18.48 8.900828373231327e-20 9.88683158183634e-17 2017106
18.5262 7.993394841415137e-20 8.942833694200956e-17 2020638
18.5724 7.197615128495212e-20 8.105926955281335e-17 2029346
18.6186 6.532986323260692e-20 7.405296874633824e-17 2041002
18.6648 5.892103852157601e-20 6.721364795971149e-17 2051450
18.711 5.317043796161145e-20 6.107981890479271e-17 2065886
18.7572 4.793507089129443e-20 5.539463461652966e-17 2064546
18.8034 4.347021995334682e-20 5.057612854016126e-17 2082650
18.8496 3.917640210924296e-20 4.589451254212513e-17 2095182
18.8958 3.53933103552916e-20 4.171699260632976e-17 2101346
18.942 3.201741039684224e-20 3.798684730312015e-17 2115554
18.9882 2.875338669631616e-20 3.434405587021425e-17 2115654
19.0344 2.609267570980292e-20 3.136431004432751e-17 2141066
19.0806 2.348945388761391e-20 2.840758413496715e-17 2139786
19.1268 2.127249620131729e-20 2.590750614969609e-17 2152202
19.173 1.913112058819269e-20 2.344916333289692e-17 2161086
19.2192 1.739655222086383e-20 2.144912376424176e-17 2176058
19.2654 1.565469096926851e-20 1.943571635090225e-17 2190818
19.3116 1.409361575932625e-20 1.761128049393249e-17 2191158
19.3578 1.273446806873009e-20 1.600565672871485e-17 2205314
19.404 1.151097567459426e-20 1.45650912566003e-17 2215554
19.4502 1.041411670208023e-20 1.326309752750706e-17 2230562
19.4964 9.400004663264953e-21 1.204621312591117e-17 2239614
19.5426 8.474108983020736e-21 1.092695810585802e-17 2245706
19.5888 7.645658032205429e-21 9.925363014144919e-18 2259674
19.635 6.933537010009959e-21 9.054054076725201e-18 2273214
19.6812 6.239956512514027e-21 8.201116748932798e-18 2278802
19.7274 5.616328598423262e-21 7.428147742498348e-18 2294034
19.7736 5.082190123641454e-21 6.761048086628153e-18 2294942
19.8198 4.594624054752027e-21 6.153906084001943e-18 2317050
19.866 4.146886422191034e-21 5.589516800281094e-18 2322842
19.9122 3.739674425730642e-21 5.07010036690946e-18 2330810
19.9584 3.380421701020567e-21 4.611412319975336e-18 2345958
20.0046 3.046365602664422e-21 4.182388957210193e-18 2353586
20.0508 2.755972080646611e-21 3.807889224778353e-18 2376210
20.097 2.480783895519048e-21 3.44663933559473e-18 2374502
20.1432 2.242371260605822e-21 3.135199078779818e-18 2386346
20.1894 2.024613089726716e-21 2.849520251357165e-18 2401314
20.2356 1.831679790518763e-21 2.592446947905717e-18 2411450
20.2818 1.648259762539143e-21 2.347421712777589e-18 2420718
20.328 1.48785512740175e-21 2.13174054612272e-18 2425754
20.3742 1.350667001830801e-21 1.946572323733277e-18 2455218
20.4204 1.208861129324031e-21 1.753187265548021e-18 2450942
20.4666 1.095593733924905e-21 1.598298672453434e-18 2467130
20.5128 9.895821308313891e-22 1.452103198997329e-18 2474874
20.559 8.945683537261541e-22 1.320530137224859e-18 2490362
20.6052 8.019458632019454e-22 1.191418045620881e-18 2498142
20.6514 7.294198242593584e-22 1.089400088132786e-18 2507090
20.6976 6.589385994066959e-22 9.901655597025383e-19 2525562
20.7438 5.909432654302588e-22 8.934979744231574e-19 2534726
20.79 5.354816361832279e-22 8.141019384826864e-19 2549906
20.8362 4.822178671608243e-22 7.375008828175406e-19 2551074
20.8824 4.35454600541937e-22 6.697523638169716e-19 2570702
20.9286 3.931688091014316e-22 6.084239512915682e-19 2574642
20.9748 3.557153636398097e-22 5.53473551062623e-19 2594066
21.021 3.196446314132172e-22 5.002469600622581e-19 2594802
21.0672 2.88703651665411e-22 4.545489800274188e-19 2612030
21.1134 2.620724805783943e-22 4.147604731717485e-19 2627954
21.1596 2.354560562418088e-22 3.749519820652307e-19 2640402
21.2058 2.117979501848266e-22 3.390575910243058e-19 2641454
21.252 1.922347717512047e-22 3.094710558877285e-19 2661834
21.2982 1.733339570893874e-22 2.805749634328146e-19 2669138
21.3444 1.56432100300027e-22 2.547633393974812e-19 2684858
21.3905 1.410729275239378e-22 2.309407482148893e-19 2693910
21.4367 1.272275761516547e-22 2.093879504628546e-19 2701682
21.4829 1.150931011909581e-22 1.905413186811265e-19 2722698
21.5291 1.036036821903297e-22 1.723887509311369e-19 2725262
21.5753 9.37292570061147e-23 1.568044103252126e-19 2742450
21.6215 8.421522647498025e-23 1.417085557897783e-19 2749850
21.6677 7.648358922640441e-23 1.293562856396919e-19 2763902
21.7139 6.902890882829571e-23 1.173850237062841e-19 2778498
21.7601 6.204194113135153e-23 1.060425636298157e-19 2784530
21.8063 5.60697147126742e-23 9.636298029427975e-20 2804106
21.8525 5.056566551417049e-23 8.734458785359631e-20 2809790
21.8987 4.579741240847613e-23 7.952814771919132e-20 2825058
21.9449 4.106882810177468e-23 7.170363850698459e-20 2834330
21.9911 3.732249584973464e-23 6.546751021253384e-20 2842022
22.0373 3.364901266378827e-23 5.934945964774724e-20 2864754
22.0835 3.022968191082259e-23 5.3586995472126e-20 2864186
22.1297 2.739113827454613e-23 4.878794418320572e-20 2879538
22.1759 2.466878057916975e-23 4.416378833350986e-20 2899454
22.2221 2.232943497979106e-23 4.018404957777641e-20 2904258
22.2683 2.019475144821864e-23 3.6512372240738e-20 2930234
22.3145 1.818907916087693e-23 3.304491904854964e-20 2929526
22.3607 1.6366200088373e-23 2.989251542863238e-20 2942442
22.4069 1.483935854825104e-23 2.72256270785313e-20 2960810
22.4531 1.336723032026612e-23 2.463678666289614e-20 2964954
22.4993 1.204802732977901e-23 2.232518764233172e-20 2980910
22.5455 1.090291765157335e-23 2.028950143307928e-20 2990978
22.5917 9.839461430148746e-24 1.840093180922335e-20 3007626
22.6379 8.87409589342662e-24 1.666683657770695e-20 3019166
22.6841 8.00474196811643e-24 1.510703335027383e-20 3021090
22.7303 7.241131200975043e-24 1.372674248767427e-20 3047834
22.7765 6.528799369653872e-24 1.243369358663637e-20 3055590
22.8227 5.900677732349854e-24 1.12877626912745e-20 3068546
22.8689 5.31970159751987e-24 1.021887153164425e-20 3067274
22.9151 4.813599575257433e-24 9.290285111707771e-21 3098058
22.9613 4.334227637068448e-24 8.401717397318865e-21 3109214
23.0075 3.933174373458738e-24 7.652880910360214e-21 3110466
23.0537 3.52697819000909e-24 6.895167666963026e-21 3124370
23.0999 3.194616424656633e-24 6.271287581706193e-21 3144174
23.1461 2.894273433890396e-24 5.704429586242243e-21 3161738
23.1923 2.603192439052849e-24 5.151752033116432e-21 3159890
23.2385 2.34808987302985e-24 4.66661541894614e-21 3174138
23.2847 2.125112642217253e-24 4.240097116471047e-21 3195926
23.3309 1.924265089940262e-24 3.853780531530718e-21 3211386
23.3771 1.730899328824122e-24 3.481206289150657e-21 3219314
23.4233 1.566671239852009e-24 3.16240182138149e-21 3225494
23.4695 1.414789639969855e-24 2.866980961873525e-21 3242562
23.5157 1.275332046698385e-24 2.594610351711415e-21 3257450
23.5619 1.154274364855811e-24 2.355930777734227e-21 3269118
23.6081 1.041737411819972e-24 2.134895920224867e-21 3278930
23.6543 9.395888953220787e-25 1.932136053198643e-21 3286650
23.7005 8.511796504505738e-25 1.756674557498099e-21 3316610
23.7467 7.693916073854546e-25 1.593086396226042e-21 3321542
23.7929 6.936771218817873e-25 1.44147209108743e-21 3328578
23.8391 6.246329435731906e-25 1.302636237631361e-21 3345074
23.8853 5.681053087353978e-25 1.188062612985426e-21 3361686
23.9315 5.123149117277472e-25 1.075416276623912e-21 3369722
23.9777 4.613301336760059e-25 9.713675996606894e-22 3385290
24.0239 4.189083127128245e-25 8.848903237963093e-22 3391370
24.0701 3.787344798586067e-25 8.023388415535069e-22 3422966
24.1163 3.408831354810758e-25 7.244418435114712e-22 3419538
24.1625 3.07992065497503e-25 6.564391201919695e-22 3441890
24.2087 2.788255708624926e-25 5.960185000508899e-22 3447582
24.2549 2.523049846498454e-25 5.409705299391278e-22 3466298
24.3011 2.274572349181923e-25 4.889054337136966e-22 3466194
24.3473 2.060919642392762e-25 4.442570888198662e-22 3492062
24.3935 1.860544043549895e-25 4.022121132861504e-22 3503114
24.4397 1.68697282068925e-25 3.655456768498183e-22 3517146
24.4859 1.52171948476647e-25 3.305578899086813e-22 3535706
24.5321 1.372999879936858e-25 2.990342852629885e-22 3539742
24.5783 1.245618653664747e-25 2.719837966090648e-22 3558698
24.6245 1.125597183368951e-25 2.462887313397128e-22 3570122
24.6707 1.016686445063466e-25 2.229621355262552e-22 3585174
24.7169 9.186839471404908e-26 2.01965983815944e-22 3594314
24.7631 8.349016009071164e-26 1.839177182383078e-22 3612258
24.8093 7.516074852598552e-26 1.65913572859534e-22 3620282
24.8555 6.807890935626412e-26 1.506043639462072e-22 3639078
24.9017 6.160521734847146e-26 1.365162337557058e-22 3650450
24.9479 5.569423783336548e-26 1.236801555969836e-22 3661418
24.9941 5.036193332198493e-26 1.120279120231864e-22 3677694
25.0403 4.574645284286523e-26 1.019525465550167e-22 3695978
25.0865 4.132527212035837e-26 9.225137974573096e-23 3702810
25.1327 3.721876200798849e-26 8.321758803349068e-23 3716162
25.1789 3.394147813160647e-26 7.599949617898029e-23 3740094
25.2251 3.057017692778853e-26 6.855716625900993e-23 3740954
25.2713 2.764815864998903e-26 6.210402305617045e-23 3760946
25.3175 2.508890468239093e-26 5.641840392799659e-23 3778278
25.3637 2.272825452811978e-26 5.118215559264169e-23 3784922
25.4099 2.056778176136519e-26 4.636981645551319e-23 3805266
25.4561 1.854835228873052e-26 4.186625719015613e-23 3807686
25.5023 1.690459463466585e-26 3.81973838528969e-23 3833130
25.5485 1.523057831669998e-26 3.444561863773847e-23 3841898
25.5947 1.379393017993658e-26 3.123245366363964e-23 3858074
25.6409 1.25201551932857e-26 2.836835063585129e-23 3868974
25.6871 1.133614132561687e-26 2.571035665883811e-23 3885362
25.7333 1.026513927225981e-26 2.32940878186083e-23 3898290
25.7795 9.30679196380237e-27 2.113851735443956e-23 3907334
25.8257 8.423406208109744e-27 1.914052250545802e-23 3928730
25.8719 7.61922027380467e-27 1.732418864169582e-23 3936666
25.9181 6.938993377232004e-27 1.578267121060762e-23 3961346
25.9643 6.278928759428554e-27 1.428877832478946e-23 3975774
26.0105 5.652905218581278e-27 1.286901877829691e-23 3970106
26.0567 5.158052894204658e-27 1.174511849760188e-23 4003170
26.1029 4.68448876915664e-27 1.066941029735611e-23 4019558
26.1491 4.22389404325672e-27 9.621014887275579e-24 4025642
26.1953 3.830291379639264e-27 8.726583907815797e-24 4028514
26.2415 3.486494076015602e-27 7.941852667662317e-24 4059398
26.2877 3.154564213123224e-27 7.186104878502901e-24 4069674
26.3339 2.856807603704024e-27 6.506576671121473e-24 4083698
26.3801 2.591819994417794e-27 5.90301057354003e-24 4095210
26.4263 2.35429868592634e-27 5.360127637109695e-24 4110518
26.4725 2.134711293790961e-27 4.858432912875596e-24 4126850
26.5187 1.937499495704157e-27 4.408675621883546e-24 4140114
26.5649 1.756557257648501e-27 3.994724141166025e-24 4144070
26.6111 1.594550938994499e-27 3.624663223425005e-24 4175802
26.6573 1.447424459766985e-27 3.288415504488731e-24 4187882
26.7035 1.312684767168803e-27 2.980728810680841e-24 4199250
26.7497 1.188118367185499e-27 2.696188735300907e-24 4209326
26.7959 1.08522621455411e-27 2.461175662970789e-24 4222130
26.8421 9.815374559322518e-28 2.224095592560992e-24 4254258
26.8883 8.909094805969148e-28 2.017052437065017e-24 4252478
26.9345 8.100603847424051e-28 1.832955321740157e-24 4270698
26.9807 7.327954347006904e-28 1.656458210013879e-24 4278122
27.0269 6.687262229469118e-28 1.509974656706099e-24 4309898
27.0731 6.052154649434633e-28 1.365307112713006e-24 4317150
27.1193 5.509152838175627e-28 1.241610697259338e-24 4329698
27.1655 4.98664931651958e-28 1.122582482680474e-24 4340826
27.2117 4.549044411659389e-28 1.022777722960109e-24 4359590
27.2579 4.128430989543124e-28 9.270793170958496e-25 4376850
27.3041 3.737972207844571e-28 8.383683096602161e-25 4386674
27.3503 3.408053045290318e-28 7.633350932904474e-25 4401782
27.3965 3.095325866184197e-28 6.925645392028271e-25 4419210
27.4427 2.819938230270637e-28 6.297901337529519e-25 4446482
27.4889 2.542499022708244e-28 5.671674070597341e-25 4435554
27.5351 2.332144271559659e-28 5.195855902473277e-25 4468934
27.5813 2.111233968699871e-28 4.695825608973546e-25 4477650
27.6275 1.918800480265046e-28 4.260866648781411e-25 4491218
27.6737 1.748991719272898e-28 3.878068219697673e-25 4510358
27.7199 1.586013742965253e-28 3.511484767893696e-25 4518594
27.7661 1.445803163330698e-28 3.194938494582807e-25 4544474
27.8123 1.310636076618918e-28 2.891253308030165e-25 4552098
27.8585 1.198300915460355e-28 2.639078198088667e-25 4574990
27.9047 1.084396551350706e-28 2.383606553060935e-25 4577210
27.9509 9.921408489461849e-29 2.176720707631871e-25 4608186
27.9971 8.98876735105314e-29 1.968282256265312e-25 4610198
28.0433 8.193666092850041e-29 1.789574392422629e-25 4628898
28.0895 7.454111607424652e-29 1.625677303400724e-25 4641170
28.1357 6.793876053588413e-29 1.47829580711758e-25 4662462
28.1819 6.185294838756195e-29 1.343636053419727e-25 4681442
28.2281 5.610787818369094e-29 1.216213317739552e-25 4687850
28.2743 5.12442653976934e-29 1.108588277815433e-25 4708818
28.3205 4.66466756317047e-29 1.007184455432126e-25 4721534
28.3667 4.239230519143924e-29 9.130165639798173e-26 4732770
28.4129 3.866859029181896e-29 8.312057316656296e-26 4753346
28.4591 3.524526146046134e-29 7.559071167401134e-26 4772886
28.5053 3.207631937057348e-29 6.860628042287834e-26 4785098
28.5515 2.921626972132753e-29 6.238676803843105e-26 4795394
28.5977 2.669523579177756e-29 5.682741354840117e-26 4813986
28.6439 2.426123591028802e-29 5.1518136502539e-26 4832654
28.6901 2.217973743541313e-29 4.696593457513901e-26 4849362
28.7363 2.018145460854189e-29 4.260698556009271e-26 4858322
28.7825 1.840155420821567e-29 3.868896524131512e-26 4871286
28.8287 1.682685383219824e-29 3.532505262414095e-26 4894370
28.8749 1.535901860319606e-29 3.212586064862941e-26 4914650
28.9211 1.399788836565943e-29 2.917346130314144e-26 4919658
28.9673 1.278467860658371e-29 2.656523264055506e-26 4941638
29.0135 1.166664359873782e-29 2.418429523384442e-26 4965954
29.0597 1.065845018399819e-29 2.197201014375758e-26 4971770
29.1059 9.747162542005205e-30 2.002437737918249e-26 4985702
29.1521 8.912480547796381e-30 1.821269443257226e-26 4996314
29.1983 8.135138358396822e-30 1.655702625488106e-26 5021258
29.2445 7.468118603659912e-30 1.51066038350728e-26 5038470
29.2907 6.84482336200487e-30 1.374009343147045e-26 5048570
29.3369 6.299021365580826e-30 1.252195936026975e-26 5067786
29.3831 5.884164784238719e-30 1.139117953929692e-26 5084402
29.4293 5.484368034801463e-30 1.04214410363491e-26 5104238
29.4755 5.174131060670567e-30 9.458536524451606e-27 5101890
29.5217 4.850391841269417e-30 8.604352231440833e-27 5129594
29.5679 4.182067040500973e-30 7.884044395162629e-27 5149086
29.6141 4.208516845070346e-30 7.174576465610625e-27 5168834
29.6603 3.708944177774466e-30 6.530131537362284e-27 5172306
29.7065 3.299100153807106e-30 5.977938854062464e-27 5199218
29.7527 3.047591720246333e-30 5.451484743857239e-27 5215430
29.7989 2.723124053548183e-30 4.963930244764839e-27 5229066
29.8451 2.495789217422935e-30 4.534860863097135e-27 5244530
29.8913 2.290387125502683e-30 4.15640388154534e-27 5262870
29.9375 2.107382929262909e-30 3.775965349617206e-27 5272562
29.9837 1.958964772650663e-30 3.461962983572626e-27 5290098
30.0299 1.797187903985788e-30 3.164472972648831e-27 5314358
30.0761 1.672020953733059e-30 2.897253611317118e-27 5322098
30.1223 1.54572957243735e-30 2.648296589237583e-27 5341026
30.1685 1.449917996507439e-30 2.427647512153462e-27 5366858
30.2147 1.353904300246595e-30 2.225271031364456e-27 5374422
30.2609 1.263785825526265e-30 2.029893781364436e-27 5377730
30.3071 1.184252826651904e-30 1.873123096618898e-27 5409410
30.3533 1.112212624149329e-30 1.716452886826716e-27 5434014
30.3995 1.038372359716684e-30 1.575885183565266e-27 5438882
30.4457 9.722590776941833e-31 1.448068839947851e-27 5456178
30.4919 9.06802837821076e-31 1.332256659946546e-27 5469242
30.5381 8.57685011127595e-31 1.228849477375489e-27 5496174
30.5843 8.021528229740814e-31 1.131613997475958e-27 5505530
30.6305 7.743171147971936e-31 1.045409073644542e-27 5521202
30.6767 7.301978898187629e-31 9.648208177295574e-28 5544126
30.7229 6.994898118323435e-31 8.933319793255562e-28 5560106
30.7691 6.603985495697208e-31 8.261266900019004e-28 5579754
30.8153 6.372467896181993e-31 7.654459547817515e-28 5576270
30.8615 6.117007238163226e-31 7.124947794691983e-28 5607138
30.9077 5.956326408055816e-31 6.621640174605498e-28 5625026
30.9539 5.836608416824182e-31 6.183068014559529e-28 5646698
31.0001 6.17086013641894e-31 5.747264930330956e-28 5649126
31.0463 5.545376758452472e-31 5.388901833644128e-28 5676434
31.0925 5.853654603886338e-31 5.036524713275815e-28 5687418
31.1387 5.181693331480239e-31 4.73736948118646e-28 5715830
31.1849 5.070411484275521e-31 4.453141167186655e-28 5729210
31.2311 4.746519398165435e-31 4.197151986248035e-28 5744802
31.2773 4.595684810139244e-31 3.959792348449958e-28 5752154
31.3235 4.45138558078885e-31 3.758688747448044e-28 5786382
31.3697 4.3443717701994e-31 3.550708504837974e-28 5784146
31.4159 4.241305708749992e-31 3.384058689080045e-28 5812146
31.4621 4.35262824613751e-31 3.227796271478132e-28 5830166
31.5083 4.094969111646694e-31 3.079041707942416e-28 5845850
31.5545 4.044646917306911e-31 2.951316046811024e-28 5862834
31.6007 4.028517228036496e-31 2.83035671942869e-28 5876066
31.6469 4.081015910508299e-31 2.730145229020847e-28 5905854
31.6931 3.96181364923925e-31 2.621373883420846e-28 5902274
31.7393 4.208683330733219e-31 2.541744378927978e-28 5931258
31.7855 4.038458040749738e-31 2.461524255369956e-28 5954966
31.8317 4.011380213186129e-31 2.388492673000205e-28 5965346
31.8779 3.885492871087306e-31 2.3192190993881e-28 5977818
31.9241 3.916687628462379e-31 2.265818428423317e-28 6004718
31.9703 3.749427528054015e-31 2.210674651193504e-28 6011706
32.0165 3.855657426460934e-31 2.17027982322647e-28 6045770
32.0627 3.784615122979666e-31 2.1212003924686e-28 6041586
32.1089 3.854993019786753e-31 2.085190449949323e-28 6073166
32.1551 3.862927802759205e-31 2.050727663330603e-28 6078962
32.2013 4.135962410020098e-31 2.027210826853859e-28 6114258
32.2475 3.927802885586524e-31 1.999775879899999e-28 6123086
32.2937 3.974349495370093e-31 1.972938359144614e-28 6136770
32.3399 4.540026381146883e-31 1.953970431238895e-28 6154898
32.3861 5.084997864236071e-31 1.937266641897961e-28 6178610
32.4323 6.280817631893581e-31 1.923099371021779e-28 6197982
32.4785 6.322598988826701e-31 1.905818632328505e-28 6205322
32.5247 4.30521750885302e-31 1.896479895567778e-28 6218850
32.5709 6.040105241310946e-31 1.890125627869598e-28 6249542
32.6171 5.858659969240651e-31 1.882440225965918e-28 6274146
32.6633 4.843688002235002e-31 1.870473647697837e-28 6270242
32.7095 4.60274151092844e-31 1.869824019025966e-28 6305222
32.7557 4.347442681859655e-31 1.867034034887848e-28 6325026
32.8019 4.025681066962292e-31 1.861872607530641e-28 6331922
32.8481 4.14117097220603e-31 1.858762604305135e-28 6343698
32.8943 3.922437692610812e-31 1.861282955584216e-28 6375158
32.9405 3.981194889724068e-31 1.863504873647364e-28 6392178
32.9867 3.879753013511581e-31 1.864880920768667e-28 6412826
33.0329 3.817110295068781e-31 1.858608845379772e-28 6407078
33.0791 3.903386564542233e-31 1.871065214899883e-28 6447954
33.1253 3.964738131371271e-31 1.868393176519704e-28 6456026
33.1715 4.022199706513398e-31 1.873917204502205e-28 6482034
33.2177 3.982854894639953e-31 1.879751606121454e-28 6492878
33.2639 3.815602600042026e-31 1.879271404221438e-28 6502074
33.3101 4.072276447983187e-31 1.893408965834128e-28 6542930
33.3563 3.978843127221678e-31 1.896860683693186e-28 6556598
33.4025 3.961827406665612e-31 1.903635299995463e-28 6570330
33.4487 3.835897168932751e-31 1.910122347607657e-28 6581882
33.4949 3.95711086354001e-31 1.917261683679855e-28 6612546
33.5411 3.927297833060065e-31 1.927304878504868e-28 6628622
33.5873 3.853582645575742e-31 1.928521376146371e-28 6629498
33.6335 3.865044412560253e-31 1.940130496822571e-28 6659250
33.6797 3.879705831155423e-31 1.951130729198918e-28 6686006
33.7259 3.951174448132068e-31 1.957195967019358e-28 6693786
33.7721 3.978910262847913e-31 1.963385983726081e-28 6711554
33.8183 3.980237183144411e-31 1.974998795567526e-28 6735678
33.8645 4.195794532939533e-31 1.986311876198436e-28 6754754
33.9107 4.309625926611129e-31 1.995143846679694e-28 6776570
33.9569 4.587732166314863e-31 1.997975704205909e-28 6767394
34.0031 4.515124060009258e-31 2.015214357785617e-28 6818246
34.0493 4.550290255826482e-31 2.023727096453831e-28 6830562
34.0955 4.312805087126949e-31 2.030760843386605e-28 6839186
34.1417 4.26254105266264e-31 2.041791083742416e-28 6861462
34.1879 4.300530449204731e-31 2.05233341197429e-28 6880394
34.2341 4.151923123672238e-31 2.064039648278545e-28 6907178
34.2803 4.110535656028077e-31 2.071309241465379e-28 6917034
34.3265 4.141657779646322e-31 2.082870562336482e-28 6937934
34.3727 4.06539509685998e-31 2.08813045470073e-28 6947250
34.4189 4.115444116201212e-31 2.105618412434088e-28 6982106
34.4651 4.149679980979332e-31 2.1158709708671e-28 6995718
34.5113 4.128241537780729e-31 2.125371059898537e-28 7006682
34.5575 4.1086326183455e-31 2.137677430078484e-28 7035866
34.6037 4.297638808076649e-31 2.147092344706021e-28 7054110
34.6499 4.228407155142672e-31 2.15595824637885e-28 7059194
34.6961 4.454592546561074e-31 2.168976846706564e-28 7091802
34.7423 4.290865369390743e-31 2.180391876960172e-28 7100666
34.7885 4.317916571666399e-31 2.193283544946117e-28 7129070
34.8347 4.31990663180791e-31 2.203819572920301e-28 7143282
34.8809 4.460195981266534e-31 2.213079096979364e-28 7161482
34.9271 4.328005526228994e-31 2.224620719375553e-28 7184694
34.9733 4.363739267740742e-31 2.239798672173771e-28 7203914
35.0195 4.275700629832902e-31 2.249337038050267e-28 7219746
35.0657 4.674884485418922e-31 2.260215769103541e-28 7228634
35.1119 4.562291636134705e-31 2.277432679303143e-28 7271990
35.1581 4.688705949896358e-31 2.281943876103513e-28 7266786
35.2043 4.928742294187154e-31 2.294094082295346e-28 7293650
35.2505 5.021668577737942e-31 2.31307822260534e-28 7324086
35.2967 6.063975584375332e-31 2.322533871043546e-28 7338650
35.3429 6.984329742396577e-31 2.333533473472519e-28 7351962
35.3891 9.011987522097262e-31 2.341490739282193e-28 7357190
35.4353 1.124716039822132e-30 2.363495473467767e-28 7406042
35.4815 8.623792005023672e-31 2.367716648064067e-28 7408626
35.5277 1.313817358111487e-30 2.385151568819086e-28 7435610
35.5739 9.391898572313021e-31 2.397291323818719e-28 7453542
35.6201 7.078694686742839e-31 2.405406862839742e-28 7464002
35.6663 7.180693247895715e-31 2.423360498080626e-28 7493546
35.7125 5.552568258247052e-31 2.432614576193519e-28 7510806
35.7587 5.471002488534617e-31 2.446662716734447e-28 7532114
35.8049 5.360141753404505e-31 2.451997543353164e-28 7536234
35.8511 5.043552945499247e-31 2.469465586764236e-28 7565834
35.8973 4.95535112456123e-31 2.484595016090297e-28 7603062
35.9435 4.835607099496141e-31 2.491104151997872e-28 7593890
35.9897 4.874125652383433e-31 2.505318891686754e-28 7622906
36.0359 4.721356186425705e-31 2.516634668338495e-28 7646622
36.0821 4.925486306832393e-31 2.532904799953063e-28 7672058
36.1283 4.961854512372726e-31 2.542442154067521e-28 7679346
36.1745 5.026756097607863e-31 2.551835931351939e-28 7693058
36.2207 4.865387326075653e-31 2.568722192521919e-28 7732158
36.2669 4.986255772874283e-31 2.582362076272187e-28 7746962
36.3131 4.88529620948522e-31 2.597231773944691e-28 7770986
36.3593 4.811688681614664e-31 2.600580275033603e-28 7772094
36.4055 4.767648292442716e-31 2.61959953920022e-28 7803818
36.4517 4.786682137169169e-31 2.636826394858226e-28 7834338
36.4979 4.746889770991029e-31 2.644041739997729e-28 7833710
36.5441 4.781906071262592e-31 2.662137272884036e-28 7858794
36.5903 4.707780145332632e-31 2.677220737266607e-28 7884290
36.6365 4.8905478206749e-31 2.686121576624682e-28 7901522
36.6827 4.920895867381106e-31 2.704396833603797e-28 7930662
36.7289 4.869191216360561e-31 2.712423970542425e-28 7934426
36.7751 4.92713817058692e-31 2.73073783579424e-28 7967322
36.8213 5.089267622819362e-31 2.741896786369751e-28 7981934
36.8675 5.502759410631589e-31 2.754423517494255e-28 8003282
36.9137 5.586325238661027e-31 2.770761918402856e-28 8019666
36.9599 5.356995621525592e-31 2.781555964660573e-28 8034482
37.0061 5.612386362607743e-31 2.799964961761918e-28 8068542
37.0523 5.354318748401921e-31 2.81576716198427e-28 8088290
37.0985 5.227913463700639e-31 2.823102399852496e-28 8096322
37.1447 5.181464447336984e-31 2.838700913608766e-28 8122646
37.1909 5.107007764778542e-31 2.853397201597707e-28 8150138
37.2371 5.022180000385833e-31 2.86712208107104e-28 8165322
37.2833 5.105694264387454e-31 2.879856833838157e-28 8182574
37.3295 4.970420206410224e-31 2.893403219864151e-28 8203698
37.3757 5.07596216516932e-31 2.908323647646897e-28 8226914
37.4219 5.093018047264206e-31 2.924615381119215e-28 8246898
37.4681 5.028146068768557e-31 2.937933630615235e-28 8261774
37.5143 5.064440272349329e-31 2.952524433146109e-28 8279426
37.5605 5.077103437201284e-31 2.967153247567777e-28 8308722
37.6067 5.210335128400609e-31 2.982796954984962e-28 8326214
37.6529 5.526046287596369e-31 2.995438495891404e-28 8342682
37.6991 5.150444200388088e-31 3.008253174462584e-28 8360834
37.7453 5.519790854443409e-31 3.02795393084665e-28 8393226
37.7915 5.271726574175866e-31 3.045366892082231e-28 8420150
37.8377 5.298615382505394e-31 3.052913692826541e-28 8421986
37.8839 5.166894279123461e-31 3.06534159223412e-28 8445714
37.9301 5.23375076175183e-31 3.079138488192371e-28 8472590
37.9763 5.303382880012903e-31 3.101544901962284e-28 8495370
38.0225 5.368684147021907e-31 3.113988035518341e-28 8512802
38.0687 5.272523820153582e-31 3.122874108285775e-28 8523290
38.1149 5.470420036031226e-31 3.148608855411488e-28 8570982
38.1611 5.476655674098975e-31 3.15498827802834e-28 8568458
38.2073 5.686272779325232e-31 3.169911715987106e-28 8586498
38.2535 5.850101981792016e-31 3.184098567023893e-28 8608838
38.2997 6.38981799804532e-31 3.206831447567897e-28 8645610
38.3459 7.682436942818001e-31 3.219430558939986e-28 8658386
38.3921 9.248053345501334e-31 3.230262440881251e-28 8668598
38.4383 7.177417201619005e-31 3.246321918065405e-28 8697426
38.4845 8.864789074325977e-31 3.263127416462579e-28 8722562
38.5307 7.023438973581711e-31 3.275422041294121e-28 8737962
38.5769 6.652746812336352e-31 3.296017221130828e-28 8771366
38.6231 6.133454494411949e-31 3.30407580073303e-28 8771010
38.6693 5.988231305241529e-31 3.330777607253007e-28 8822618
38.7155 5.829652091604766e-31 3.33549117894974e-28 8807726
38.7617 5.893397995356245e-31 3.355319718710822e-28 8844618
38.8079 5.706297649229972e-31 3.37603246241663e-28 8868722
38.8541 5.736166691459989e-31 3.390940501122021e-28 8891394
38.9003 5.686695988269542e-31 3.406200096163283e-28 8911934
38.9465 5.641608966331883e-31 3.416645533294445e-28 8923938
38.9927 5.609395384408581e-31 3.436845395369384e-28 8953682
39.0389 5.765714541316463e-31 3.454325928378117e-28 8981966
39.0851 5.7343586988965e-31 3.465000037879832e-28 8990442
39.1313 5.952362182840985e-31 3.481496474625066e-28 9007874
39.1775 5.786765514061853e-31 3.502191880876494e-28 9038982
39.2237 5.959309694522749e-31 3.519662020155621e-28 9068570
39.2699 5.746768432612002e-31 3.531885856955569e-28 9085250
39.3161 5.780094195883578e-31 3.542930640597303e-28 9084690
39.3623 5.632347514302123e-31 3.565752743958173e-28 9128654
39.4085 5.768032010558594e-31 3.578431966004529e-28 9133170
39.4547 5.709649527595024e-31 3.60813465888654e-28 9185882
39.5009 5.724131126609994e-31 3.606285907152961e-28 9163254
39.5471 5.722870032080201e-31 3.636249999905866e-28 9220130
39.5933 5.785372625132705e-31 3.652197433095207e-28 9233138
39.6395 5.852402552478595e-31 3.663845398108041e-28 9249378
39.6857 5.851083935376683e-31 3.681662358588142e-28 9271550
39.7319 5.990534257578076e-31 3.691044973394126e-28 9286266
39.7781 6.036050274386312e-31 3.714228291917715e-28 9320762
39.8243 6.095077938016156e-31 3.726843138907907e-28 9326718
39.8705 6.398558882551351e-31 3.749033271990473e-28 9354602
39.9167 6.520168699149314e-31 3.765238063725637e-28 9384122
39.9629 6.966851447382363e-31 3.781199876636685e-28 9400482
40.0091 6.293418739643341e-31 3.804402745378876e-28 9432638
40.0553 6.242768394561452e-31 3.817468066886152e-28 9445314
40.1015 6.090378946465083e-31 3.838259005840963e-28 9477290
40.1477 6.028948962187161e-31 3.850735602712461e-28 9489182
40.1939 5.971871987860764e-31 3.868088125363397e-28 9506706
40.2401 6.180959598970772e-31 3.890017390295309e-28 9533978
40.2863 5.901985243074911e-31 3.905605103710248e-28 9553662
40.3325 6.115935287525279e-31 3.925059671182298e-28 9579506
40.3787 5.985467792373063e-31 3.943452161300827e-28 9607866
40.4249 6.106010086119615e-31 3.953598075066787e-28 9608354
40.4711 6.039435749158797e-31 3.974704439024995e-28 9643862
40.5173 6.163882600544454e-31 3.991513861706198e-28 9670578
40.5635 6.321525506668641e-31 4.00664137086475e-28 9687890
40.6097 6.527637307472285e-31 4.021297492529334e-28 9693294
40.6559 6.248532977901312e-31 4.045464090231621e-28 9736034
40.7021 6.71436158999044e-31 4.064917481277582e-28 9758946
40.7483 6.177260338005521e-31 4.077154463904514e-28 9778994
40.7945 6.44610088464963e-31 4.095611600881282e-28 9796814
40.8407 6.207487738428534e-31 4.117222439327551e-28 9816882
40.8869 6.446528002275753e-31 4.139642666533264e-28 9850514
40.9331 6.31896584819415e-31 4.153361628842435e-28 9856062
40.9793 6.498667937165057e-31 4.173959428905431e-28 9886706
41.0255 6.489952221739513e-31 4.198123064456478e-28 9916194
41.0717 6.770079696985424e-31 4.201674737352964e-28 9924854
41.1179 7.050204029999493e-31 4.235132718958529e-28 9961490
41.1641 7.370806385979619e-31 4.245442057642964e-28 9979098
41.2103 8.051002520134212e-31 4.264747606556051e-28 9990266
41.2565 8.983901468100697e-31 4.28242553496404e-28 10012398
41.3027 1.022892315973108e-30 4.295712252299746e-28 10038818
41.3489 1.268390460346411e-30 4.325057861737858e-28 10072082
41.3951 8.563668165549471e-31 4.332973919094054e-28 10082670
41.4413 1.550910777912987e-30 4.366599539958624e-28 10123226
41.4875 1.140438353741662e-30 4.376489780902272e-28 10134834
41.5337 1.186963623393169e-30 4.395504749476971e-28 10151450
41.5799 9.226342831723531e-31 4.41878969367218e-28 10184118
41.6261 8.253957500382561e-31 4.432001288763685e-28 10199810
41.6723 8.000370697956938e-31 4.454778736635717e-28 10230386
41.7185 7.689129994619325e-31 4.467243928786479e-28 10238334
41.7647 7.16906178879886e-31 4.49225887143966e-28 10271594
41.8109 7.381709773924351e-31 4.511825067212015e-28 10298418
41.8571 7.111171624066696e-31 4.525855843525865e-28 10306814
41.9033 7.049538017496767e-31 4.549079035831062e-28 10341306
41.9495 6.939795508635794e-31 4.568074040924224e-28 10362842
41.9957 7.205417158063275e-31 4.59049602789185e-28 10388834
42.0419 6.940790693298951e-31 4.600010911678705e-28 10395630
42.0881 7.18146951015822e-31 4.626595757165061e-28 10425362
42.1343 7.109675820252559e-31 4.646986943314823e-28 10454274
42.1805 7.257538791258596e-31 4.668975206028904e-28 10478294
42.2267 7.01640391454829e-31 4.690199881606025e-28 10501818
42.2729 6.904737158949072e-31 4.696807591166919e-28 10514810
42.3191 6.942141882644867e-31 4.728924469956782e-28 10548842
42.3653 6.922335951160772e-31 4.747357161109405e-28 10566462
42.4115 6.870094070763924e-31 4.767305862326531e-28 10586810
42.4577 6.950597614049001e-31 4.785930238757635e-28 10614954
42.5039 6.893101411784611e-31 4.801430081676423e-28 10631054
42.5501 7.038557311288933e-31 4.827594529801567e-28 10662362
42.5963 7.072734673605465e-31 4.846842377529848e-28 10683354
42.6425 7.174628346613582e-31 4.861575402237898e-28 10699298
42.6887 7.31068043106615e-31 4.888254896218668e-28 10738782
42.7349 7.157857997950709e-31 4.899015065771069e-28 10744202
42.7811 7.547836376461778e-31 4.927731149644787e-28 10782186
42.8273 7.882257588324401e-31 4.938758211362575e-28 10784966
42.8735 7.551339384204646e-31 4.973703962673369e-28 10833938
42.9197 7.750543415170711e-31 4.992720385614804e-28 10848138
42.9659 7.505191880440367e-31 5.008246065373851e-28 10873766
43.0121 7.42935683470777e-31 5.029266453250511e-28 10886970
43.0583 7.325456573895688e-31 5.046976579610911e-28 10912442
43.1045 7.194854404548439e-31 5.071164453041605e-28 10936698
43.1507 7.279229039216573e-31 5.094528765699179e-28 10966142
43.1969 7.232017072865225e-31 5.106505506450305e-28 10968746
43.2431 7.297977898853657e-31 5.137693873700612e-28 11014602
43.2893 7.390124971574391e-31 5.161431452051261e-28 11042774
43.3355 7.318850790485438e-31 5.183817382870689e-28 11061474
43.3817 7.29273646332467e-31 5.192190096472583e-28 11072450
43.4279 7.312673828934625e-31 5.219523342824802e-28 11096922
43.4741 7.475299365022334e-31 5.249227722783479e-28 11146526
43.5203 7.346210512049621e-31 5.260581096155777e-28 11145602
43.5665 7.565368106446774e-31 5.278680718135672e-28 11168442
43.6127 7.36946909040879e-31 5.300052443800689e-28 11181086
43.6589 7.987553155801024e-31 5.340955243742219e-28 11250114
43.7051 7.559900054534216e-31 5.349080776153098e-28 11242106
43.7513 7.579233016447728e-31 5.375444685855391e-28 11265446
43.7975 7.4245073172646e-31 5.388541475650854e-28 11285490
43.8437 7.576319720428519e-31 5.428089203942511e-28 11335922
43.8899 7.512617499480554e-31 5.427148431739189e-28 11330130
43.9361 7.526642078581448e-31 5.453105697013156e-28 11357270
43.9823 7.595476286164394e-31 5.482469858905484e-28 11389098
44.0285 7.869802359346047e-31 5.507930412496088e-28 11426642
44.0747 8.008880407036475e-31 5.524666817913415e-28 11431358
44.1209 8.333684699146751e-31 5.545708119816978e-28 11462298
44.1671 8.21111937108358e-31 5.568683343810557e-28 11479202
44.2133 9.445386244683581e-31 5.59336390350599e-28 11509746
44.2595 9.561179306036666e-31 5.611407194090055e-28 11523062
44.3057 1.148024181467086e-30 5.633738769021609e-28 11556210
44.3519 8.499621173432058e-31 5.659417307568542e-28 11588282
44.3981 1.137631684730101e-30 5.681985191272221e-28 11599646
44.4443 1.003965475272122e-30 5.708407560650874e-28 11645274
44.4905 9.40567697976611e-31 5.725643273710327e-28 11649338
44.5367 8.698457704593335e-31 5.744570216624253e-28 11665386
44.5829 9.018648613146267e-31 5.784587757841121e-28 11719286
44.6291 8.369364341141343e-31 5.789550157856183e-28 11720738
44.6753 8.245609994145254e-31 5.82310365388284e-28 11755074
44.7215 8.0017092552605e-31 5.833083219860099e-28 11767166
44.7677 8.18927123512455e-31 5.869854309502779e-28 11813346
44.8139 8.171418090901449e-31 5.888784421119444e-28 11825450
44.8601 8.026605056401296e-31 5.899462672155815e-28 11828814
44.9063 8.08052275960739e-31 5.939805919922421e-28 11884418
44.9525 8.112433565587623e-31 5.954992846480523e-28 11900378
44.9987 8.066358703207889e-31 5.971680360433009e-28 11908002
45.0449 8.324185734621161e-31 5.994396614224764e-28 11937470
45.0911 8.18686747869449e-31 6.03023152792907e-28 11981346
45.1373 8.566511498261669e-31 6.049063835660657e-28 11998154
45.1835 8.290103023879334e-31 6.069888915160603e-28 12015798
45.2297 8.1930563938866e-31 6.098134891446775e-28 12046586
45.2759 8.119794209208337e-31 6.120148670775804e-28 12073226
45.3221 8.089316840934553e-31 6.139978672902313e-28 12089370
45.3683 8.145268610550412e-31 6.173308464663397e-28 12123662
45.4145 8.37533753212004e-31 6.18154270871323e-28 12129018
45.4607 8.178081693195693e-31 6.211937585023993e-28 12168698
45.5069 8.243876620139746e-31 6.240393411908261e-28 12191070
45.5531 8.235720956216238e-31 6.273769477089021e-28 12237290
45.5993 8.359988658226957e-31 6.28970993823922e-28 12237434
45.6455 8.491761117847795e-31 6.315249577008166e-28 12269430
45.6917 8.60955741742172e-31 6.33031762072855e-28 12288314
45.7379 8.926263738062896e-31 6.354326001256317e-28 12312018
45.7841 9.282541388178737e-31 6.380890244868439e-28 12333770
45.8303 8.6441890494401e-31 6.404991213842688e-28 12362654
45.8765 9.164462840607888e-31 6.442087616916156e-28 12405282
45.9227 8.894824383854256e-31 6.458101423656457e-28 12414842
45.9689 8.78809014034341e-31 6.479386048434997e-28 12433278
46.0151 8.618299529161487e-31 6.509212427279095e-28 12469442
46.0613 8.579448296988958e-31 6.537190564698241e-28 12497106
46.1075 8.479892224740171e-31 6.555453093952742e-28 12513074
46.1537 8.603327667502999e-31 6.576089866364352e-28 12531902
46.1999 8.508395451350402e-31 6.611591374278508e-28 12567690
46.2461 8.612553384594704e-31 6.637429893961836e-28 12603338
46.2923 8.571917151482821e-31 6.658884184096433e-28 12612726
46.3385 8.584081216365798e-31 6.683074437529288e-28 12634802
46.3847 8.566435712167386e-31 6.708230949984116e-28 12662730
46.4309 8.739803334687911e-31 6.734083245801585e-28 12699086
46.4771 8.832856628087294e-31 6.755545817087414e-28 12711074
46.5233 9.07590046588273e-31 6.780486072822364e-28 12739098
46.5695 8.97602563096457e-31 6.803197002753238e-28 12769490
46.6157 9.207540527910458e-31 6.837992497059503e-28 12799686
46.6619 9.122246119929236e-31 6.866994185216455e-28 12828626
46.7081 9.082230064241572e-31 6.882994517793412e-28 12832794
46.7543 9.149595400384773e-31 6.917835280979531e-28 12875942
46.8005 9.366437377098656e-31 6.938428080074828e-28 12906314
46.8467 9.453521311119742e-31 6.953761611336661e-28 12913122
46.8929 9.914038843226452e-31 6.98542449676435e-28 12937346
46.9391 1.026537075831529e-30 7.015551033404736e-28 12973374
46.9853 1.086785020347842e-30 7.049919601401001e-28 13008170
47.0315 1.161296388801548e-30 7.070480363929778e-28 13025810
47.0777 1.270645381907322e-30 7.091522043225958e-28 13033590
47.1239 1.521368540372632e-30 7.125458411499764e-28 13083698
47.1701 1.897212269476611e-30 7.143986887233918e-28 13094706
47.2163 2.940584120035771e-30 7.176848934791964e-28 13119002
47.2625 3.376751759141994e-30 7.203097523688675e-28 13146318
47.3087 1.499450857771217e-30 7.21960939572428e-28 13167383
47.3549 9.587361644899919e-31 7.240063005903543e-28 13180844
47.4011 9.342146261905755e-31 7.242391083088671e-28 13147596
47.4473 9.164847756721426e-31 7.257660062534959e-28 13144028
47.4935 9.111090747098005e-31 7.263835084608187e-28 13122684
47.5397 9.038297863331533e-31 7.26959896765168e-28 13103336
47.5859 9.052100887998103e-31 7.292010054969344e-28 13108416
47.6321 8.942426500501155e-31 7.286067167318808e-28 13073744
47.6783 8.972977840127811e-31 7.304726054339136e-28 13076900
47.7245 8.872902817767851e-31 7.312952992950861e-28 13051992
47.7707 8.849590650751563e-31 7.3339442994749e-28 13056752
47.8169 8.840323014838557e-31 7.335174440195189e-28 13036344
47.8631 8.775437761005556e-31 7.339425460557448e-28 13009832
47.9093 8.755654159887576e-31 7.347605609491727e-28 12996668
47.9555 8.753192255935196e-31 7.3765029265338e-28 13003248
48.0017 8.713836514086108e-31 7.365369895260784e-28 12967172
48.0479 8.776969673320834e-31 7.383954890475773e-28 12963480
48.0941 8.661197855289027e-31 7.399148901031195e-28 12954260
48.1403 8.66789954860822e-31 7.405940335858895e-28 12942432
48.1865 8.705928729020781e-31 7.421457734189642e-28 12924296
48.2327 8.637924726922171e-31 7.42190851395418e-28 12903392
48.2789 8.637215277493542e-31 7.436307132640057e-28 12906168
48.3251 8.599408309921277e-31 7.438425890887352e-28 12873656
48.3713 8.645284026808028e-31 7.45541881740043e-28 12870720
48.4175 8.58389162292951e-31 7.462045622072213e-28 12855428
48.4637 8.577555094904242e-31 7.472168007815879e-28 12842256
48.5099 8.573676687860628e-31 7.475184542054156e-28 12820304
48.5561 8.52136541047155e-31 7.497227252645018e-28 12820328
48.6023 8.546808351783398e-31 7.491120901813565e-28 12794856
48.6485 8.491671058837665e-31 7.507515507620919e-28 12787940
48.6947 8.454687061863161e-31 7.494614120804608e-28 12748392
48.7409 8.503728239086791e-31 7.517126723682006e-28 12752756
48.7871 8.466100400634738e-31 7.522790195165345e-28 12732036
48.8333 8.433019998209e-31 7.547916308578238e-28 12737132
48.8795 8.419556025832968e-31 7.54950959856502e-28 12712976
48.9257 8.487319354235318e-31 7.558019414183707e-28 12696348
48.9719 8.469338119980133e-31 7.560321460269654e-28 12673892
49.0181 8.420353544808506e-31 7.585555919974766e-28 12677316
49.0643 8.437347792629358e-31 7.583005786486252e-28 12650384
49.1105 8.376885706539142e-31 7.584617387341218e-28 12621344
49.1567 8.374787349922825e-31 7.595872984484526e-28 12624204
49.2029 8.343069984750015e-31 7.613690189218124e-28 12615632
49.2491 8.343414030007107e-31 7.620209195413422e-28 12600420
49.2953 8.342223005862473e-31 7.617030829793224e-28 12570224
49.3415 8.357736801316562e-31 7.635600169117419e-28 12566868
49.3877 8.356980083930228e-31 7.63951562863713e-28 12545828
49.4339 8.326157771843228e-31 7.650749302837316e-28 12538232
49.4801 8.347320856727209e-31 7.63834411755935e-28 12496452
49.5263 8.289763875835652e-31 7.660419885519558e-28 12502688
49.5725 8.267321802356227e-31 7.673874863552638e-28 12498708
49.6187 8.248788696968705e-31 7.67731902514544e-28 12469640
49.6649 8.222012288409447e-31 7.669726867668447e-28 12440136
49.7111 8.335156668901827e-31 7.694880929216408e-28 12442412
49.7573 8.218323506910315e-31 7.704995363486242e-28 12433712
49.8035 8.291243824401817e-31 7.706131646079558e-28 12410544
49.8497 8.173807881036156e-31 7.706252856682015e-28 12381512
49.8959 8.260836804736659e-31 7.726908672214607e-28 12378960
49.9421 8.253812437835422e-31 7.731333604232429e-28 12366872
49.9883 8.199917735962054e-31 7.731303716781416e-28 12345588
50.0345 8.245135421905957e-31 7.746854317649525e-28 12327008
50.0807 8.218460051613658e-31 7.751579076928768e-28 12313388
50.1269 8.240908428084546e-31 7.763955174674957e-28 12306768
50.1731 8.185084091734542e-31 7.758283995825411e-28 12275504
50.2193 8.187608860480245e-31 7.766760147344559e-28 12265620
50.2655 8.199726554414384e-31 7.767468357345737e-28 12236324
50.3117 8.155235417077217e-31 7.7998869004168e-28 12253880
50.3579 8.186440246084069e-31 7.791377884557495e-28 12219756
50.4041 8.121249770600308e-31 7.796446308295404e-28 12195524
50.4503 8.155495867378316e-31 7.803579043705979e-28 12189000
50.4965 8.122104158767902e-31 7.804322047233802e-28 12170168
50.5427 8.082137501612143e-31 7.806392225038588e-28 12147588
50.5889 8.08466854057035e-31 7.821627648415156e-28 12134360
50.6351 8.065708573987262e-31 7.82555605274486e-28 12122816
50.6813 8.088853203824135e-31 7.834171219969588e-28 12107580
50.7275 8.042992459925173e-31 7.845476771372615e-28 12098972
50.7737 8.011791396648115e-31 7.82917569016876e-28 12054744
50.8199 8.103865223480504e-31 7.850142325424403e-28 12056912
50.8661 8.023227920944198e-31 7.860595729317837e-28 12039108
50.9123 8.085139699116776e-31 7.860978707380504e-28 12019400
50.9585 8.063616079262953e-31 7.862813257756297e-28 11996936
51.0047 7.981978770050467e-31 7.868660068697685e-28 11979744
51.0509 8.004445247418125e-31 7.888262459765063e-28 11975504
51.0971 7.990792474901379e-31 7.885476258591476e-28 11963472
51.1433 7.975880355707395e-31 7.883668395542113e-28 11928692
51.1895 8.011601470993739e-31 7.892020356179329e-28 11920356
51.2357 7.959384470543615e-31 7.894643693076417e-28 11900072
51.2819 7.991237986607533e-31 7.910671612830656e-28 11897312
51.3281 7.958792495912018e-31 7.897971987195114e-28 11857164
51.3743 7.927527179728507e-31 7.909263399507081e-28 11842556
51.4205 7.967189986896567e-31 7.923339646236973e-28 11841552
51.4667 7.951717359249544e-31 7.91948296662708e-28 11811860
51.5129 7.980812799467947e-31 7.927442462482288e-28 11798888
51.5591 7.924146778783619e-31 7.924748003335791e-28 11768748
51.6053 7.936859827225398e-31 7.946048913773593e-28 11777096
51.6515 7.87732730812346e-31 7.929946661525578e-28 11733936
51.6977 7.890788321701789e-31 7.938095349944926e-28 11714324
51.7439 7.887951535870217e-31 7.963947499418552e-28 11725020
51.7901 7.872084985353828e-31 7.957644820756444e-28 11696816
51.8363 7.852695552479689e-31 7.958474929042955e-28 11666048
51.8825 7.90143324993408e-31 7.965046107080569e-28 11661996
51.9287 7.863389477976937e-31 7.971740167915448e-28 11645228
51.9749 7.785611274518891e-31 7.966768748396411e-28 11620884
52.0211 7.771651853406462e-31 7.963836361428143e-28 11590808
52.0673 7.863084147130559e-31 7.985320081776574e-28 11587908
52.1135 7.744471280662289e-31 7.982525231352632e-28 11569028
52.1597 7.813992859067187e-31 7.998186294842761e-28 11558012
52.2059 7.793517253284574e-31 7.987975781424355e-28 11528724
52.2521 7.789805555618676e-31 7.990437453370752e-28 11506964
52.2983 7.806036473103985e-31 7.998304255873049e-28 11494536
52.3445 7.768790533633459e-31 8.000879703004873e-28 11477444
52.3907 7.776292591020078e-31 8.007574343978578e-28 11456804
52.4369 7.764020038800431e-31 8.004594763591569e-28 11428740
52.4831 7.76273899472541e-31 8.015198155845929e-28 11427272
52.5293 7.736529115452158e-31 8.01280118221137e-28 11407524
52.5755 7.695618781493877e-31 8.009253849995869e-28 11376992
52.6217 7.691567612091474e-31 8.025725622529171e-28 11363952
52.6679 7.822182391145184e-31 8.022168862863076e-28 11346680
52.7141 7.666797227666051e-31 8.021273974954098e-28 11322272
52.7603 7.687548953952553e-31 8.025770070021964e-28 11313672
52.8065 7.666678557450811e-31 8.016887897156804e-28 11276120
52.8527 7.767023231979928e-31 8.034611050609706e-28 11283648
52.8989 7.600484766120011e-31 8.027935756146226e-28 11248088
52.9451 7.583197728641058e-31 8.036854198429033e-28 11240592
52.9913 7.555516159976546e-31 8.037381829008199e-28 11217380
53.0375 7.515452995077559e-31 8.035973657295774e-28 11185436
53.0837 7.595915419030469e-31 8.043709880964375e-28 11182920
53.1299 7.500997485592763e-31 8.033067046145207e-28 11148968
53.1761 7.519228779323348e-31 8.047630154727456e-28 11132988
53.2223 7.4993098508351e-31 8.049145572280493e-28 11121068
53.2685 7.509088502238095e-31 8.034871047640118e-28 11080992
53.3147 7.580893440225793e-31 8.065191974980079e-28 11101004
53.3609 7.4865316525717e-31 8.036607120408574e-28 11052488
53.4071 7.50422737628061e-31 8.053131817468364e-28 11042760
53.4533 7.490542215440658e-31 8.052007056968538e-28 11024240
53.4995 7.432345148563546e-31 8.056222550902789e-28 11000652
53.5457 7.451745037960296e-31 8.053332909647216e-28 10983116
53.5919 7.486335821583274e-31 8.049382787626862e-28 10951520
53.6381 7.450429380413872e-31 8.066122354354248e-28 10954992
53.6843 7.443945859112254e-31 8.056791285224036e-28 10922468
53.7305 7.446166667458183e-31 8.06158438990204e-28 10900932
53.7767 7.42054938974533e-31 8.05233833935408e-28 10876700
53.8229 7.427104062095577e-31 8.068217949273626e-28 10874520
53.8691 7.38336089405016e-31 8.05060269140149e-28 10837064
53.9153 7.427606308881072e-31 8.052724338028278e-28 10811504
53.9615 7.376540725090733e-31 8.071503268436946e-28 10817724
54.0077 7.357078844905666e-31 8.058254894518427e-28 10782764
54.0539 7.373678611815508e-31 8.061325056631984e-28 10759932
54.1001 7.342328891545634e-31 8.058959452112619e-28 10739204
54.1463 7.376824238268759e-31 8.064337283773513e-28 10720560
54.1925 7.324579671019568e-31 8.077787737328135e-28 10715144
54.2387 7.279626939084103e-31 8.044081279167093e-28 10664960
54.2849 7.360562187560155e-31 8.060124567692163e-28 10661076
54.3311 7.232395623442129e-31 8.056457632332383e-28 10634540
54.3773 7.28019352113307e-31 8.067229581714129e-28 10629012
54.4235 7.263458556970665e-31 8.056091284905223e-28 10600856
54.4697 7.264746535804689e-31 8.047991575464961e-28 10566600
54.5159 7.239811314234923e-31 8.063740003391459e-28 10567232
54.5621 7.215336951145121e-31 8.050603302814897e-28 10531880
54.6083 7.23671416514998e-31 8.062430177776572e-28 10530996
54.6545 7.174743184889116e-31 8.041636634656318e-28 10477004
54.7007 7.22184978181147e-31 8.051770756821029e-28 10471488
54.7469 7.188905926948928e-31 8.058923963476523e-28 10464068
54.7931 7.181996902319613e-31 8.043012627016538e-28 10430660
54.8393 7.200286034715691e-31 8.054721550144806e-28 10419756
54.8855 7.133644824189757e-31 8.036747976415086e-28 10384784
54.9317 7.165624407045219e-31 8.050097749088114e-28 10374072
54.9779 7.141744185466841e-31 8.04234248328598e-28 10348256
55.0241 7.085420929458902e-31 8.029056300716065e-28 10318008
55.0703 7.15601617385513e-31 8.039837977414928e-28 10309604
55.1165 7.110835803970067e-31 8.032642772083996e-28 10286924
55.1627 7.089247046761971e-31 8.02510931516802e-28 10261848
55.2089 7.071470883981733e-31 8.029005588092947e-28 10243016
55.2551 7.056088885274751e-31 8.01876656258149e-28 10211616
55.3013 7.085982055448815e-31 8.02709268186549e-28 10207340
55.3475 7.017625865412457e-31 8.006208391181191e-28 10164252
55.3937 7.055657402638652e-31 8.01953872160653e-28 10159472
55.4399 7.045431134091741e-31 8.016813901386127e-28 10129184
55.4861 7.032414371968732e-31 8.00896261069048e-28 10114464
55.5323 7.014677889172483e-31 8.023713147677781e-28 10103336
55.5785 6.986869711336077e-31 8.004021351856881e-28 10049364
55.6247 7.023544630875839e-31 8.011045433682028e-28 10056980
55.6709 6.982551510214202e-31 8.003887481265038e-28 10027464
55.7171 6.976601530763065e-31 7.995527155646917e-28 10001132
55.7633 6.989474869184273e-31 7.999303324490761e-28 9984704
55.8095 6.891543125191206e-31 7.981491449824597e-28 9946872
55.8557 6.939022177042672e-31 8.001473630723126e-28 9950204
55.9019 6.910258241430339e-31 7.977968268393105e-28 9907884
55.9481 6.877128027889814e-31 7.975183872459113e-28 9890480
55.9943 6.84158889901293e-31 7.972963017774589e-28 9864212
56.0405 6.90511143941416e-31 7.973045075822278e-28 9850680
56.0867 6.830898671873671e-31 7.973372120948966e-28 9831356
56.1329 6.816767602829959e-31 7.952143635684728e-28 9781176
56.1791 6.843927436030826e-31 7.976909021804138e-28 9789368
56.2253 6.805672719448548e-31 7.956283273351815e-28 9760404
56.2715 6.810301510606382e-31 7.948252725826267e-28 9735800
56.3177 6.810161281285692e-31 7.947205123519497e-28 9711092
56.3639 6.773917386581596e-31 7.942065225056318e-28 9689040
56.4101 6.78491439538862e-31 7.94013125249392e-28 9668192
56.4563 6.759599511361264e-31 7.926261594454347e-28 9643500
56.5025 6.823533031209025e-31 7.913263173283625e-28 9617840
56.5487 6.710308830141026e-31 7.918472552306579e-28 9596220
56.5949 6.773794840975751e-31 7.916302839476567e-28 9579572
56.6411 6.753138897498436e-31 7.906557094006638e-28 9553832
56.6873 6.66242955111692e-31 7.893879409390095e-28 9523872
56.7335 6.716051999401864e-31 7.888743073098206e-28 9502856
56.7797 6.657942380555816e-31 7.894949796621146e-28 9490980
56.8259 6.674486591152252e-31 7.888335536937898e-28 9456200
56.8721 6.670655261057933e-31 7.87368168695463e-28 9434060
56.9183 6.634635755503765e-31 7.86870014756091e-28 9409128
56.9645 6.669523406549045e-31 7.865007083682007e-28 9392816
57.0107 6.606764513715053e-31 7.864175343576153e-28 9367812
57.0569 6.653832047276313e-31 7.845878532896156e-28 9335648
57.1031 6.632690960528554e-31 7.859481537412425e-28 9334140
57.1493 6.580356521657426e-31 7.829519819446233e-28 9287804
57.1955 6.599269419690685e-31 7.837517170471585e-28 9280268
57.2417 6.531207969470547e-31 7.817946299569305e-28 9232656
57.2879 6.577642904347301e-31 7.832486864122797e-28 9235316
57.3341 6.547959627606921e-31 7.810690311951814e-28 9201576
57.3803 6.515734465585022e-31 7.804319053839321e-28 9175664
57.4265 6.518254853084853e-31 7.799308913942364e-28 9151536
57.4727 6.486051801904766e-31 7.78718193031838e-28 9128240
57.5189 6.516540436557847e-31 7.795245340350239e-28 9109832
57.5651 6.453383017578801e-31 7.768600365069033e-28 9072324
57.6113 6.44529537608144e-31 7.777159175242074e-28 9060392
57.6575 6.458378576407076e-31 7.763549112427248e-28 9034272
57.7037 6.407105852199095e-31 7.75342933250032e-28 9008744
57.7499 6.442607446960415e-31 7.746733051152477e-28 8989764
57.7961 6.365318430194546e-31 7.731753709154299e-28 8956412
57.8423 6.449018242133189e-31 7.730843998536527e-28 8941880
57.8885 6.375777219804568e-31 7.721244245721647e-28 8914968
57.9347 6.38082291736509e-31 7.707206134378761e-28 8881592
57.9809 6.363233886496881e-31 7.69708071673976e-28 8866164
58.0271 6.354368905821781e-31 7.68815393446756e-28 8832464
58.0733 6.378637863730502e-31 7.692984088921142e-28 8819384
58.1195 6.296000416118765e-31 7.676312046398196e-28 8784948
58.1657 6.329701677597914e-31 7.670588607968979e-28 8766056
58.2119 6.316358169480735e-31 7.660364906918445e-28 8741592
58.2581 6.28197606919002e-31 7.648903546832452e-28 8715404
58.3043 6.269538999402801e-31 7.645014281453979e-28 8693160
58.3505 6.237531223863946e-31 7.626354387805046e-28 8660528
58.3967 6.300101392577128e-31 7.622519606428189e-28 8638364
58.4429 6.225527035201237e-31 7.620494689658246e-28 8622660
58.4891 6.251864781082499e-31 7.601123306970491e-28 8587712
58.5353 6.179237013508445e-31 7.601843470038098e-28 8569368
58.5815 6.150951829308724e-31 7.576615470923608e-28 8529836
58.6277 6.241636052593606e-31 7.594493506845072e-28 8529840
58.6739 6.167630872073249e-31 7.568429161783092e-28 8486240
58.7201 6.196027524471532e-31 7.555198314619204e-28 8464964
58.7663 6.093119004183777e-31 7.542710460982413e-28 8441376
58.8125 6.100713546004571e-31 7.521728631772383e-28 8401016
58.8587 6.164929875500381e-31 7.539030000571546e-28 8409180
58.9049 6.057807564442985e-31 7.504270859083449e-28 8351564
58.9511 6.136711514289786e-31 7.494968964136294e-28 8339304
58.9973 6.006392713239897e-31 7.483161835094221e-28 8310416
59.0435 6.060519752001058e-31 7.477179361810691e-28 8286104
59.0897 6.028504152978683e-31 7.468387706263164e-28 8262372
59.1359 5.94464561676676e-31 7.440364135321516e-28 8225852
59.1821 6.030755132010072e-31 7.455144654675752e-28 8224104
59.2283 5.928396621616448e-31 7.429670542667353e-28 8180564
59.2745 5.941772862625024e-31 7.405226480325305e-28 8150744
59.3207 5.91733219572206e-31 7.408623344846046e-28 8137680
59.3669 5.878439298356418e-31 7.407411149058653e-28 8111156
59.4131 5.939879490968566e-31 7.38640862284502e-28 8078748
59.4593 5.816298017654261e-31 7.358405641656356e-28 8045600
59.5055 5.877790642891445e-31 7.356123434015257e-28 8035524
59.5517 5.848036461996508e-31 7.341841434949788e-28 8002928
59.5979 5.779648253414118e-31 7.327432649283987e-28 7975760
59.6441 5.833195881151889e-31 7.320643447255983e-28 7946448
59.6903 5.752719798582342e-31 7.306005564849556e-28 7924280
59.7365 5.827555451549289e-31 7.297995609552674e-28 7899672
59.7827 5.7771689973214e-31 7.279657793346872e-28 7869572
59.8289 5.721554098892796e-31 7.252542978747264e-28 7830276
59.8751 5.754774102247192e-31 7.262929607346865e-28 7826636
59.9213 5.731765117569031e-31 7.243551416713277e-28 7792388
59.9675 5.723034617916167e-31 7.220968152680804e-28 7765296
60.0137 5.690875058766709e-31 7.209029635049212e-28 7733948
60.0599 5.651498643415132e-31 7.196230124152578e-28 7710948
60.1061 5.657108981202569e-31 7.1885749839447e-28 7689260
60.1523 5.617886995319643e-31 7.162373664806712e-28 7649916
60.1985 5.608892787054217e-31 7.165680212343608e-28 7638020
60.2447 5.606806471339705e-31 7.138748642780109e-28 7597136
60.2909 5.629961004074911e-31 7.13531561443557e-28 7586532
60.3371 5.557052671742929e-31 7.099445012052234e-28 7540628
60.3833 5.598882295460057e-31 7.099674122471174e-28 7519344
60.4295 5.549392499524697e-31 7.094299441499146e-28 7501880
60.4757 5.541661006695661e-31 7.075540375293536e-28 7466540
60.5219 5.56931956832912e-31 7.04725550825527e-28 7440012
60.5681 5.494790989592484e-31 7.037100236682282e-28 7414112
60.6143 5.502915966837889e-31 7.019734610760134e-28 7382808
60.6605 5.462864374230313e-31 7.019460943266526e-28 7365056
60.7067 5.429357301035417e-31 6.992346392177327e-28 7324200
60.7529 5.489182505520881e-31 6.991374011450968e-28 7308356
60.7991 5.396290305120492e-31 6.964611116406539e-28 7275944
60.8453 5.430391503171071e-31 6.939290624834314e-28 7238628
60.8915 5.423713427700253e-31 6.948759706335973e-28 7231832
60.9377 5.360187961381665e-31 6.905866312599032e-28 7189104
60.9839 5.366035002779097e-31 6.901815319191691e-28 7168592
61.0301 5.316567300411299e-31 6.880935167160903e-28 7136184
61.0763 5.318995469035393e-31 6.87073672333226e-28 7116188
61.1225 5.260556923737953e-31 6.839080237814687e-28 7077644
61.1687 5.284126741758478e-31 6.836720583240676e-28 7053780
61.2149 5.241138630518867e-31 6.819876566527819e-28 7031900
61.2611 5.24882151549111e-31 6.796805412803271e-28 6993612
61.3073 5.228550482569685e-31 6.795992049952951e-28 6976868
61.3535 5.188375666861054e-31 6.757262652828214e-28 6934520
61.3997 5.231890723339557e-31 6.752739309299928e-28 6920268
61.4459 5.17739316524154e-31 6.726319551869314e-28 6889172
61.4921 5.16068287905852e-31 6.703016355004025e-28 6844680
61.5383 5.175384515239698e-31 6.700431300745413e-28 6834860
61.5845 5.108917300218179e-31 6.67900590455391e-28 6802656
61.6307 5.132944438654525e-31 6.669401219570721e-28 6777188
61.6769 5.123320034021455e-31 6.642614384136024e-28 6737144
61.7231 5.047013481723302e-31 6.625678345107559e-28 6712620
61.7693 5.079892747555079e-31 6.615455469038427e-28 6695444
61.8155 5.011937531556942e-31 6.58084627916847e-28 6653604
61.8617 5.016008056582645e-31 6.565481269286138e-28 6626744
61.9079 5.012139783324244e-31 6.550022767726821e-28 6602196
61.9541 4.96336492486251e-31 6.531461209172028e-28 6571892
62.0003 5.006147755910889e-31 6.50938078841439e-28 6541832
62.0465 4.931490442699679e-31 6.47462002907113e-28 6504960
62.0927 4.985958061973648e-31 6.479317133517659e-28 6496244
62.1389 4.884661328979348e-31 6.452676208538145e-28 6453468
62.1851 4.970235114417224e-31 6.438349182558536e-28 6432680
62.2313 4.892583362515003e-31 6.411164490978394e-28 6396960
62.2775 4.860886245535486e-31 6.392798214700741e-28 6364784
62.3237 4.896554538576602e-31 6.394143524480412e-28 6352916
62.3699 4.824176052492317e-31 6.343989861033579e-28 6304836
62.4161 4.882394254541229e-31 6.332387992463917e-28 6282080
62.4623 4.774711181224885e-31 6.309542004189135e-28 6251508
62.5085 4.844134416773653e-31 6.292545258102172e-28 6225728
62.5547 4.742235102444476e-31 6.261109095504339e-28 6187640
62.6009 4.734497830817285e-31 6.241964490030723e-28 6159276
62.6471 4.747767065910513e-31 6.23754008654232e-28 6141404
62.6933 4.707212892404463e-31 6.196879960001257e-28 6104412
62.7395 4.722258813620823e-31 6.187482727689296e-28 6071612
62.7857 4.660634090820656e-31 6.174539725061793e-28 6046032
62.8319 4.686224446241937e-31 6.158746530282692e-28 6013244
62.8781 4.63558785701517e-31 6.12976277159098e-28 5990204
62.9243 4.558854442946361e-31 6.100592943181213e-28 5950020
62.9705 4.585590511248946e-31 6.095282801592773e-28 5938520
63.0167 4.509453156888653e-31 6.052447368829382e-28 5890944
63.0629 4.504498989056518e-31 6.043667537328788e-28 5864480
63.1091 4.483338791237305e-31 6.019122565990864e-28 5834628
63.1553 4.461891755412065e-31 6.001782121159435e-28 5806868
63.2015 4.496567430440435e-31 5.980485449771438e-28 5779796
63.2477 4.425735758712207e-31 5.950583199115679e-28 5744076
63.2939 4.433781172779217e-31 5.933780077392859e-28 5716436
63.3401 4.388397383174285e-31 5.90564711607627e-28 5686140
63.3863 4.369013198819319e-31 5.871391822773402e-28 5648924
63.4325 4.393057864987273e-31 5.868035141702174e-28 5631720
63.4787 4.326310548843074e-31 5.843244852915663e-28 5592584
63.5249 4.337527771089742e-31 5.819587983985572e-28 5565032
63.5711 4.270713772930827e-31 5.790985235521699e-28 5527812
63.6173 4.271247864659262e-31 5.761330322504281e-28 5502944
63.6635 4.317298041123286e-31 5.750856376175381e-28 5479728
63.7097 4.230421513335531e-31 5.713046312025999e-28 5435888
63.7559 4.252511067709007e-31 5.698214528315782e-28 5413076
63.8021 4.195450239450828e-31 5.676161294653399e-28 5379972
63.8483 4.1916252417547e-31 5.646309066268425e-28 5348924
63.8945 4.181559031256597e-31 5.629721228470404e-28 5317392
63.9407 4.110188094762832e-31 5.589421096171736e-28 5279504
63.9869 4.193402146598132e-31 5.59261874829781e-28 5268480
64.0331 4.078686181765218e-31 5.55179921657115e-28 5223572
64.0793 4.114777952536863e-31 5.523531121548011e-28 5190452
64.1255 4.064237334495011e-31 5.493542628138933e-28 5162808
64.1716 4.049996148781472e-31 5.485212723751338e-28 5130032
64.2178 4.028385348301802e-31 5.448595446170293e-28 5102844
64.264 4.031042872533153e-31 5.418226878192065e-28 5064404
64.3102 3.984114456007282e-31 5.405272838839093e-28 5041788
64.3564 4.00181463569953e-31 5.380969051550994e-28 5006048
64.4026 3.923335768698503e-31 5.354229474581819e-28 4974476
64.4488 3.968225066907072e-31 5.331257803739242e-28 4944876
64.495 3.911202618773058e-31 5.295598599590661e-28 4906532
64.5412 3.93330425212158e-31 5.278226383714644e-28 4887960
64.5874 3.82705112537193e-31 5.236767275811513e-28 4844576
64.6336 3.915348290134832e-31 5.222546215895094e-28 4814876
64.6798 3.80587166244654e-31 5.20527826491284e-28 4789392
64.726 3.804291673905078e-31 5.157941248833112e-28 4742684
64.7722 3.805541573035481e-31 5.15833965808567e-28 4734516
64.8184 3.735882929054577e-31 5.102589536585717e-28 4682588
64.8646 3.778498628034801e-31 5.085852191419573e-28 4661736
64.9108 3.664071836568414e-31 5.063379798440599e-28 4628360
64.957 3.690150727527451e-31 5.022866320723068e-28 4589408
65.0032 3.611940666208954e-31 5.004721727131805e-28 4560588
65.0494 3.640898323218335e-31 4.985263251285971e-28 4531724
65.0956 3.580017649473687e-31 4.954155053489454e-28 4499988
65.1418 3.62875470717768e-31 4.919639660718669e-28 4461728
65.188 3.535254341563089e-31 4.904096768468688e-28 4433484
65.2342 3.534102216733767e-31 4.870851029781258e-28 4405280
65.2804 3.500590178795593e-31 4.834814748017896e-28 4360472
65.3266 3.486748175950831e-31 4.814377152704566e-28 4339080
65.3728 3.495723233089154e-31 4.788510432509125e-28 4301396
65.419 3.439018072399091e-31 4.758619163819114e-28 4271340
65.4652 3.484550825898336e-31 4.731531529311212e-28 4239968
65.5114 3.36745591927175e-31 4.702455539149536e-28 4201116
65.5576 3.442248197097082e-31 4.678847208953394e-28 4177748
65.6038 3.312082638649657e-31 4.638076890039178e-28 4136636
65.65 3.358075132882514e-31 4.616303429358132e-28 4110516
65.6962 3.318733965723344e-31 4.585379026018683e-28 4075076
65.7424 3.262091576401467e-31 4.551525423513152e-28 4037220
65.7886 3.323175624570886e-31 4.529935582221024e-28 4008632
65.8348 3.209498944196046e-31 4.495721169008919e-28 3972800
65.881 3.313362651195011e-31 4.470716172907714e-28 3946224
65.9272 3.155689536235949e-31 4.433600736118903e-28 3908516
65.9734 3.24672979311181e-31 4.40762798058555e-28 3876912
66.0196 3.126359968847841e-31 4.371020415949004e-28 3839720
66.0658 3.108128483041519e-31 4.356908337730395e-28 3813012
66.112 3.173206060769331e-31 4.312520184055239e-28 3777968
66.1582 3.051313668109581e-31 4.281980833218019e-28 3737048
66.2044 3.148713734333312e-31 4.260438487134007e-28 3713520
66.2506 3.017812047561521e-31 4.226673012868087e-28 3677996
66.2968 3.084213625222086e-31 4.191336302854218e-28 3640800
66.343 2.955553886885869e-31 4.158898800244802e-28 3607976
66.3892 2.933334357905763e-31 4.132641740590217e-28 3570924
66.4354 3.017196375214393e-31 4.10605232285681e-28 3545936
66.4816 2.901029597036914e-31 4.066322763045683e-28 3506408
66.5278 2.969183363442786e-31 4.032073300567017e-28 3471600
66.574 2.868197726160309e-31 4.005635934393295e-28 3442172
66.6202 2.843847363696422e-31 3.973574232403226e-28 3407676
66.6664 2.880932933506001e-31 3.940967973836667e-28 3373964
66.7126 2.789336773014294e-31 3.902637852457824e-28 3336468
66.7588 2.836813560334256e-31 3.877976665450343e-28 3307520
66.805 2.711654792627415e-31 3.845472649054275e-28 3272000
66.8512 2.689800611436521e-31 3.810285038448926e-28 3237408
66.8974 2.579914532308473e-31 3.772256865583492e-28 3196721
66.9436 2.55462767489469e-31 3.760570088032117e-28 3179382
66.9898 2.51550652198031e-31 3.716072851838009e-28 3135572
67.036 2.491417610718177e-31 3.68535798745734e-28 3103196
67.0822 2.469527639667776e-31 3.666048182136601e-28 3079200
67.1284 2.449134281633472e-31 3.647209075773475e-28 3053732
67.1746 2.421452330142301e-31 3.60285888779063e-28 3018894
67.2208 2.395388518552073e-31 3.569080591376133e-28 2988590
67.267 2.387892279296305e-31 3.556564306710713e-28 2970498
67.3132 2.352434512710784e-31 3.52052277193219e-28 2938226
67.3594 2.33743844910711e-31 3.494154368597178e-28 2910458
67.4056 2.31144662042971e-31 3.467055035911486e-28 2883180
67.4518 2.29572166351148e-31 3.446729154125449e-28 2860964
67.498 2.276993201976767e-31 3.419190831352253e-28 2833284
67.5442 2.255785971473926e-31 3.393915904142468e-28 2808758
67.5904 2.229629542133479e-31 3.368295736198474e-28 2780862
67.6366 2.220103517707447e-31 3.347556883085933e-28 2758742
67.6828 2.205615498483287e-31 3.324031937952452e-28 2734520
67.729 2.181597557685539e-31 3.300002291038522e-28 2707878
67.7752 2.165187074232131e-31 3.275043479096331e-28 2685368
67.8214 2.14462103422999e-31 3.24815711906559e-28 2660304
67.8676 2.131691398270388e-31 3.234063312072808e-28 2642216
67.9138 2.11001333074631e-31 3.198948054970672e-28 2610312
67.96 2.091873627567859e-31 3.182571037546072e-28 2593256
68.0062 2.07459327075483e-31 3.161692267501823e-28 2569946
68.0524 2.050865535688186e-31 3.131083876214648e-28 2542752
68.0986 2.038720086517343e-31 3.115465745160454e-28 2526218
68.1448 2.025349779873406e-31 3.089422335964672e-28 2501610
68.191 2.007378025197156e-31 3.068060148818242e-28 2479202
68.2372 1.987546942557962e-31 3.042610688540719e-28 2457824
68.2834 1.971153201523875e-31 3.02513470677091e-28 2436522
68.3296 1.957687535143733e-31 2.998843307818919e-28 2413964
68.3758 1.945550687857687e-31 2.979676607004019e-28 2396034
68.422 1.928377010620645e-31 2.946801952156626e-28 2369162
68.4682 1.914724531142365e-31 2.940545895458523e-28 2354394
68.5144 1.895927566493612e-31 2.915962579118479e-28 2332340
68.5606 1.877157561217859e-31 2.888288516695651e-28 2309150
68.6068 1.864868598047734e-31 2.868382136037379e-28 2288172
68.653 1.850636735403883e-31 2.850226813636048e-28 2269922
68.6992 1.838164921166778e-31 2.830483904424113e-28 2250780
68.7454 1.819620437468874e-31 2.810878381359739e-28 2229338
68.7916 1.806303006428467e-31 2.790717383011602e-28 2210772
68.8378 1.790188063441385e-31 2.771540028389474e-28 2192108
68.884 1.774229818767478e-31 2.744584223323469e-28 2170988
68.9302 1.764299470465273e-31 2.726464727871899e-28 2152722
68.9764 1.74834636830564e-31 2.70344361185047e-28 2132996
69.0226 1.734693460696999e-31 2.6911234372215e-28 2117244
69.0688 1.716143940289036e-31 2.663595063168127e-28 2092700
69.115 1.70124862579426e-31 2.646377751791621e-28 2074508
69.1612 1.696241546465986e-31 2.625767892201642e-28 2061852
69.2074 1.68229275838303e-31 2.610480024175935e-28 2041724
69.2536 1.661634320485192e-31 2.580944205386579e-28 2018460
69.2998 1.655993169394629e-31 2.560563894159905e-28 2003006
69.346 1.641385319202414e-31 2.552175537424326e-28 1989396
69.3922 1.628562936098034e-31 2.525896361389109e-28 1968260
69.4384 1.612003041137511e-31 2.500672488717841e-28 1946780
69.4846 1.598198868298729e-31 2.498253156583571e-28 1934142
69.5308 1.589534834018549e-31 2.478093438882965e-28 1918124
69.577 1.57181605726685e-31 2.454345664204549e-28 1896468
69.6232 1.559238943487242e-31 2.435041450704609e-28 1879406
69.6694 1.547903328504104e-31 2.412409202718533e-28 1864284
69.7156 1.541612154377652e-31 2.405630382330978e-28 1850846
69.7618 1.522449077074723e-31 2.367900331723445e-28 1826084
69.808 1.511680731613062e-31 2.356134045030587e-28 1814094
69.8542 1.499842569238023e-31 2.344267620519761e-28 1799300
69.9004 1.487447673246566e-31 2.321339613582787e-28 1780710
69.9466 1.476577171852283e-31 2.302758018645721e-28 1764884
69.9928 1.462493382914959e-31 2.280210847091996e-28 1744434
70.039 1.452134342957463e-31 2.266723565659518e-28 1734356
70.0852 1.437755700541435e-31 2.250562390917227e-28 1717670
70.1314 1.426256538462545e-31 2.225492155111413e-28 1697718
70.1776 1.412768904673685e-31 2.214249644872932e-28 1682948
70.2238 1.407907558304526e-31 2.199747563914258e-28 1670502
70.27 1.38738092883117e-31 2.181131249811396e-28 1654382
70.3162 1.377622296049019e-31 2.160061940046708e-28 1635902
70.3624 1.366410679757722e-31 2.144901607976409e-28 1623948
70.4086 1.356349260266301e-31 2.121979749247762e-28 1607870
70.4548 1.344858309683135e-31 2.110223302238277e-28 1591710
70.501 1.330708872457115e-31 2.088043317296314e-28 1575254
70.5472 1.322314427921903e-31 2.07972377262557e-28 1565550
70.5934 1.306871080471209e-31 2.052555153968251e-28 1546364
70.6396 1.299845026912967e-31 2.036246309008449e-28 1531526
70.6858 1.286627508757484e-31 2.021126417600414e-28 1516926
70.732 1.280197033489525e-31 2.017027877707909e-28 1508390
70.7782 1.26437907610042e-31 1.99218804128237e-28 1486182
70.8244 1.254159532068618e-31 1.976749440594032e-28 1475414
70.8706 1.244120483936203e-31 1.958452813750989e-28 1459662
70.9168 1.233832049179264e-31 1.946563350251719e-28 1447358
70.963 1.22280649342385e-31 1.93197642742734e-28 1433654
71.0092 1.206018502098883e-31 1.907957919276852e-28 1417218
71.0554 1.202283333153343e-31 1.893622269285951e-28 1405838
71.1016 1.189167207883544e-31 1.878448862127061e-28 1392414
71.1478 1.175961600973947e-31 1.857254990568547e-28 1376246
71.194 1.163942010454066e-31 1.846304891731622e-28 1363542
71.2402 1.159303456122606e-31 1.83162354986927e-28 1352918
71.2864 1.147174142734924e-31 1.815117111405474e-28 1338134
71.3326 1.139121326283394e-31 1.792684375613905e-28 1323840
71.3788 1.123288924165207e-31 1.775585483086089e-28 1308782
71.425 1.122171557788654e-31 1.765863273032528e-28 1301238
71.4712 1.109419102323747e-31 1.745627795876775e-28 1284854
71.5174 1.098450383676875e-31 1.72957525291105e-28 1268942
71.5636 1.093597282905536e-31 1.721564158424648e-28 1261590
71.6098 1.083595158639015e-31 1.701772689946645e-28 1247528
71.656 1.071239495558691e-31 1.681508423058827e-28 1233438
71.7022 1.05861921523678e-31 1.668639346407557e-28 1217750
71.7484 1.055221659552993e-31 1.661694807276635e-28 1213134
71.7946 1.040801015541537e-31 1.645573800697351e-28 1197782
71.8408 1.030078783078434e-31 1.620335402073815e-28 1180700
71.887 1.018061230251005e-31 1.615879529310461e-28 1171854
71.9332 1.014806846893432e-31 1.603890474519799e-28 1163174
71.9794 1.001497712720822e-31 1.579705402315877e-28 1146192
72.0256 9.991454332400168e-32 1.570083964869152e-28 1135046
72.0718 9.831113278552113e-32 1.552870499883026e-28 1124070
72.118 9.786476104576202e-32 1.543891543567284e-28 1113638
72.1642 9.67259121110867e-32 1.526966511951131e-28 1100408
72.2104 9.573664407086757e-32 1.507824885518378e-28 1087734
72.2566 9.498920120268963e-32 1.498555866435715e-28 1078334
72.3028 9.395104950338968e-32 1.482795351002424e-28 1066848
72.349 9.351104832128153e-32 1.472132369586761e-28 1055558
72.3952 9.230101456041635e-32 1.447143266324076e-28 1039512
72.4414 9.148164902771919e-32 1.440884536565014e-28 1034006
72.4876 9.092833517801892e-32 1.428767022974468e-28 1023206
72.5338 8.925139793862154e-32 1.410901782965193e-28 1008276
72.58 8.871131592856165e-32 1.399794014119038e-28 996998
72.6262 8.80292282126166e-32 1.390305758840322e-28 990336
72.6724 8.72721337650823e-32 1.371065612973472e-28 977246
72.7186 8.617223462350975e-32 1.358018285297443e-28 964328
72.7648 8.574882499555164e-32 1.345174001628347e-28 955686
72.811 8.479457832143222e-32 1.333952613040205e-28 947630
72.8572 8.370406723359336e-32 1.317133294245963e-28 932496
72.9034 8.299053056809099e-32 1.302431130567371e-28 923126
72.9496 8.225238986914305e-32 1.296434660880884e-28 915264
72.9958 8.140014812659043e-32 1.278483762764205e-28 902150
73.042 8.056720147291982e-32 1.265913593403736e-28 893672
73.0882 7.977334825659529e-32 1.250608888208892e-28 880782
73.1344 7.88624924153495e-32 1.239052731009482e-28 875360
73.1806 7.809833648949183e-32 1.22757826569172e-28 862326
73.2268 7.730345559340437e-32 1.21172596201638e-28 852140
73.273 7.634348653847301e-32 1.20180069517111e-28 842544
73.3192 7.534749010452467e-32 1.187369984181362e-28 832910
73.3654 7.519604898829114e-32 1.174764047689777e-28 824288
73.4116 7.387044430569881e-32 1.161537265843876e-28 812262
73.4578 7.340472506541182e-32 1.152057045508059e-28 804728
73.504 7.279978373636616e-32 1.140244848814912e-28 795486
73.5502 7.196896523058122e-32 1.120770392778902e-28 784520
73.5964 7.101945071256752e-32 1.108841557520633e-28 773576
73.6426 7.084410748536153e-32 1.097827706980682e-28 767574
73.6888 6.996518087529168e-32 1.087236571392074e-28 757976
73.735 6.924653107180881e-32 1.074227751463047e-28 747246
73.7812 6.78182973345114e-32 1.0578503295748e-28 736088
73.8274 6.774075092205719e-32 1.053868772056135e-28 733116
73.8736 6.641808961192549e-32 1.039720281096925e-28 720086
73.9198 6.577626168741725e-32 1.026660253417415e-28 710432
73.966 6.539812251742427e-32 1.016124906850363e-28 702960
74.0122 6.473863356088873e-32 1.003825972723969e-28 695102
74.0584 6.384237061379856e-32 9.930275119792425e-29 685680
74.1046 6.314804609467473e-32 9.777577171102015e-29 674000
74.1508 6.227623577609471e-32 9.710969272404114e-29 669294
74.197 6.182813504591021e-32 9.596116554890208e-29 661064
74.2432 6.081153920465818e-32 9.461113052940396e-29 649664
74.2894 6.041574368729436e-32 9.301072919853885e-29 641262
74.3356 5.971610421197229e-32 9.28428450966591e-29 636632
74.3818 5.924003812091265e-32 9.166971621722854e-29 627324
74.428 5.809795532741591e-32 8.994843841993049e-29 615680
74.4742 5.744271204261328e-32 8.86158990628841e-29 607974
74.5204 5.698270784083773e-32 8.878800569704446e-29 604784
74.5666 5.662107507936972e-32 8.674202065282069e-29 593216
74.6128 5.556381191680203e-32 8.562956499853017e-29 583830
74.659 5.487344458586389e-32 8.507298796771129e-29 578624
74.7052 5.450948043752976e-32 8.409147679128076e-29 571152
74.7514 5.384389313263697e-32 8.268066324350105e-29 562616
74.7976 5.276987356361016e-32 8.12971043451601e-29 551246
74.8438 5.289705203918434e-32 8.106711364447144e-29 549072
74.89 5.208759754850462e-32 7.959073176705064e-29 540848
74.9362 5.096261943309209e-32 7.809790415005336e-29 529620
74.9824 5.076037018119948e-32 7.710647752628003e-29 523232
75.0286 5.014240917542092e-32 7.667350912503863e-29 518286
75.0748 4.938452951174785e-32 7.566932846255285e-29 511160
75.121 4.854083876174293e-32 7.411203158480669e-29 500648
75.1672 4.80760368485252e-32 7.317575398133409e-29 493848
75.2134 4.749980511012963e-32 7.259435021280334e-29 489776
75.2596 4.655461873452966e-32 7.136104445191555e-29 480798
75.3058 4.615026215919949e-32 7.017529347287157e-29 472664
75.352 4.559856213893542e-32 6.952878832052402e-29 467208
75.3982 4.513620202573423e-32 6.883751576665161e-29 461456
75.4444 4.420301088458452e-32 6.707563126235742e-29 451988
75.4906 4.376742229141193e-32 6.594673337067386e-29 443496
75.5368 4.348593924731019e-32 6.604576959631416e-29 441638
75.583 4.300277795605577e-32 6.520854833887805e-29 433968
75.6292 4.225110199564114e-32 6.378112400607834e-29 425888
75.6754 4.11493934511917e-32 6.252288727096577e-29 417600
75.7216 4.081220320344219e-32 6.247488274120098e-29 414632
75.7678 4.060834814310184e-32 6.102506309722582e-29 407024
75.814 3.984176387920786e-32 6.014434823360718e-29 399048
75.8602 3.931987740616495e-32 5.907884212806298e-29 393878
75.9064 3.898987505564675e-32 5.865687738110611e-29 389196
75.9526 3.775212455906982e-32 5.721072027884323e-29 380816
75.9988 3.751439496560319e-32 5.615149071024272e-29 373160
76.045 3.740510088897996e-32 5.569581313739809e-29 370176
76.0912 3.671780030490398e-32 5.485534594474431e-29 364856
76.1374 3.570414115976125e-32 5.376708172525954e-29 356088
76.1836 3.522274985340428e-32 5.260701764926903e-29 348848
76.2298 3.511182593356735e-32 5.280031967713615e-29 347208
76.276 3.479621111447699e-32 5.153825470155033e-29 339944
76.3222 3.38802632497535e-32 5.039860094846003e-29 331856
76.3684 3.331282042519305e-32 4.971656163205118e-29 327150
76.4146 3.337007924161463e-32 4.945490298709189e-29 324092
76.4608 3.281723673863929e-32 4.818794583077237e-29 316944
76.507 3.222918030238013e-32 4.717059312125226e-29 309512
76.5532 3.172315039274064e-32 4.652623703547166e-29 305496
76.5994 3.129196028937715e-32 4.602853013286839e-29 301904
76.6456 3.056674623401011e-32 4.480280312910414e-29 293552
76.6918 3.021920001475861e-32 4.37000339320628e-29 287328
76.738 2.99053124766934e-32 4.372768781898825e-29 285656
76.7842 2.954932806766396e-32 4.302761859788538e-29 279936
76.8304 2.881669732552409e-32 4.16829295980776e-29 273404
76.8766 2.776989470259208e-32 4.057316360660437e-29 264384
76.9228 2.815990316978248e-32 4.088477849036282e-29 266672
76.969 2.765891603033288e-32 3.98679039873714e-29 259208
77.0152 2.700086106118212e-32 3.87611814302504e-29 252216
77.0614 2.621777366593267e-32 3.809891164627255e-29 247088
77.1076 2.619098186374403e-32 3.801000441004857e-29 245664
77.1538 2.596049472163905e-32 3.710828861479931e-29 239288
77.2 2.500094654671701e-32 3.579610528531058e-29 231968
77.2462 2.480295749808418e-32 3.563628788370817e-29 229608
77.2924 2.436758201030854e-32 3.497866484560127e-29 226340
77.3386 2.39111758540301e-32 3.39650069813115e-29 219360
77.3848 2.343305389931537e-32 3.289104123950062e-29 213104
77.431 2.359365006403548e-32 3.303001787143581e-29 213024
77.4772 2.293087031734926e-32 3.228608518099198e-29 208088
77.5234 2.205325536996758e-32 3.107914659196736e-29 200336
77.5696 2.163196204678251e-32 3.031730426956307e-29 195552
77.6158 2.191575781842821e-32 3.058330573550589e-29 196328
77.662 2.112782197433971e-32 2.960602073923799e-29 189792
77.7082 2.073689303721965e-32 2.859336564920154e-29 183908
77.7544 1.990708669888374e-32 2.799963964997772e-29 179424
77.8006 2.014447290740276e-32 2.781876722911144e-29 178760
77.8468 1.956035315201725e-32 2.692509587340283e-29 172928
77.893 1.905201945526746e-32 2.61432893039653e-29 167352
77.9392 1.858151512264727e-32 2.58058709546197e-29 164984
77.9854 1.841980706820677e-32 2.515777130790235e-29 161736
78.0316 1.823849926271195e-32 2.453225583907628e-29 157112
78.0778 1.764550168819594e-32 2.34843994656119e-29 150848
78.124 1.733248440653265e-32 2.376983819609763e-29 151332
78.1702 1.67215429058138e-32 2.30117963370675e-29 146720
78.2164 1.660539579131897e-32 2.210841904333201e-29 140874
78.2626 1.604932923435787e-32 2.137797196538662e-29 136832
78.3088 1.60791299970876e-32 2.168427099142085e-29 137904
78.355 1.537166502034384e-32 2.065352392773633e-29 131384
78.4012 1.497629908093669e-32 2.007115774769081e-29 126248
78.4474 1.492201208717373e-32 1.957840163803252e-29 124152
78.4936 1.486831338775096e-32 1.951852531302599e-29 123896
78.5398 1.391944532832276e-32 1.866313468459115e-29 117588
78.586 1.355961127793375e-32 1.769407684756972e-29 112160
78.6322 1.365936197435737e-32 1.777668842492565e-29 112488
78.6784 1.338950686545018e-32 1.742221014952638e-29 110072
78.7246 1.277572269092255e-32 1.666203314668351e-29 104906
78.7708 1.218151028983643e-32 1.571584906957563e-29 98880
78.817 1.249452971972317e-32 1.609780466051627e-29 101408
78.8632 1.215441502329402e-32 1.543415571637448e-29 97128
78.9094 1.186477334292518e-32 1.472960409280903e-29 92504
78.9556 1.112484066902141e-32 1.388629449777679e-29 88308
79.0018 1.134902894974503e-32 1.411203598269968e-29 89504
79.048 1.09010905977951e-32 1.34606724506331e-29 85064
79.0942 1.055473280141073e-32 1.278797314354923e-29 80856
79.1404 1.009023707948854e-32 1.257703970521435e-29 78914
79.1866 1.006856874503894e-32 1.242550549393888e-29 77928
79.2328 9.735331695529517e-33 1.176224961157923e-29 73760
79.279 9.32428289091165e-33 1.09486189181845e-29 69752
79.3252 9.256300120933416e-33 1.116461357238284e-29 70788
79.3714 8.834818185461534e-33 1.072052724281545e-29 66920
79.4176 8.747984177620138e-33 1.002446298257137e-29 63192
79.4638 8.280592277197488e-33 9.511072236869832e-30 59594
79.51 8.3693995408289e-33 9.952454667451882e-30 62760
79.5562 7.641960279665479e-33 9.1221902506042e-30 56720
79.6024 7.711242867982855e-33 8.530639077287801e-30 53384
79.6486 7.534071680641336e-33 8.366490242907196e-30 52272
79.6948 7.404465708880537e-33 8.570605666489867e-30 53456
79.741 6.731206599478268e-33 7.533344701317749e-30 47676
79.7872 6.690796866908672e-33 7.071081855637828e-30 44234
79.8334 6.568040211493769e-33 7.372507436542937e-30 45288
79.8796 6.487033378571582e-33 7.297340544007546e-30 44960
79.9258 5.706236210506696e-33 6.317708632550166e-30 39344
79.972 5.748678465217552e-33 5.748251093166917e-30 35664
80.0182 6.068677248886496e-33 6.320304304438886e-30 39440
80.0644 5.544587937336577e-33 6.084660042362889e-30 37194
80.1106 4.776413407132932e-33 5.069173865810681e-30 31484
80.1568 4.883210337143101e-33 4.669991913062169e-30 28848
80.203 5.135911277040764e-33 5.368739462679997e-30 33200
80.2492 4.77928142515544e-33 4.806862238030612e-30 30056
80.2954 3.990507025629548e-33 3.9798905095862e-30 24570
80.3416 4.384429651117117e-33 3.815933721663875e-30 23936
80.3878 4.316907084603092e-33 4.305768935539774e-30 26640
80.434 3.855166633147268e-33 3.841866500910797e-30 23624
80.4802 3.103474519129572e-33 2.910908606448747e-30 18020
80.5264 3.820817658609045e-33 3.236659893371397e-30 19986
80.5726 3.623193101915711e-33 3.37410520487313e-30 20744
80.6188 3.256510943359214e-33 2.943544836893843e-30 18000
80.665 2.441616979624035e-33 2.02800925110937e-30 12152
80.7112 3.206435518449497e-33 2.699080609388739e-30 16488
80.7574 2.975590921080515e-33 2.554587190473013e-30 15698
80.8036 2.47069706956346e-33 2.1462080015893e-30 13136
80.8498 1.911832936151104e-33 1.342387904952918e-30 8196
80.896 2.636969474950805e-33 2.009563555567266e-30 12488
80.9422 2.471667941432546e-33 1.843354932708783e-30 11250
80.9884 1.797507718712303e-33 1.445565232755483e-30 8984
81.0346 1.509208537851135e-33 9.694701387346901e-31 5736
81.0808 2.118129076097853e-33 1.38618811820111e-30 8456
81.127 1.882357908927102e-33 1.201666460152222e-30 7448
81.1732 1.293929770287865e-33 8.991180034061931e-31 5538
81.2194 1.119358782935849e-33 6.386815561566641e-31 3884
81.2656 1.489247875131587e-33 8.831962739463341e-31 5208
81.3118 1.303114021076408e-33 7.027226431162715e-31 4424
81.358 6.016004827449191e-34 3.658395348625112e-31 2186
81.4042 9.989352621425147e-34 5.181858964247714e-31 3120
81.4504 9.665663186267523e-34 4.667503888450505e-31 2744
81.4966 7.661716316773875e-34 3.531613016065294e-31 2184
81.5428 3.57675736076329e-34 1.539032274486015e-31 902
81.589 6.363308744563006e-34 2.38402916374796e-31 1464
81.6352 5.265251569661455e-34 1.783249142376782e-31 1064
81.6814 3.976518979595991e-34 1.22558627316283e-31 728
81.7276 1.359416487161778e-34 4.60540804855937e-32 258
81.7738 2.326498198530854e-34 5.153566190932647e-32 344
81.82 1.186892621134808e-34 3.088548287835308e-32 168
81.8662 3.894840032049175e-35 9.998559056253064e-33 56
81.9124 2.354552296280854e-36 9.787918917675155e-34 7


0.0461999 0.1978153867419235 0.01287872916212758 18
0.0923998 0.8131529437495473 0.0860152898157623 62
0.1386 0.893315012885818 0.09537958888457644 98
0.1848 0.9804592907240894 0.204380598122569 210
0.230999 0.9435813926263127 0.2993164092904505 350
0.277199 0.7042137092413137 0.4067484555489095 450
0.323399 0.6258190591738012 0.4278535532151538 602
0.369599 0.5410589247909039 0.4530552573925394 762
0.415799 0.5794880255929802 0.6620270223757769 1142
0.461999 0.4350360020751588 0.5499129412824831 1250
0.508199 0.3939699566343186 0.5104924180349533 1458
0.554399 0.4016158770398851 0.5536907799752089 1814
0.600599 0.3797219066176025 0.4817881073372395 2178
0.646798 0.350482103213944 0.4563489091225038 2498
0.692998 0.3008844315277587 0.395121086699284 2622
0.739198 0.317403556953217 0.4248207341549997 3338
0.785398 0.2718585278629789 0.3790404084445779 3722
0.831598 0.2549758036135923 0.3718666291883132 4170
0.877798 0.2306743911044769 0.3341509037948243 4358
0.923998 0.222212848169437 0.3319717244431996 5034
0.970198 0.2159323098678816 0.3307085382913829 5714
1.0164 0.1936492297112408 0.2894969685658471 5982
1.0626 0.1896621472410767 0.2784137558733192 6602
1.1088 0.1755507926973495 0.2796677268128609 7130
1.155 0.1703484171092953 0.2735463800620699 8034
1.2012 0.1520842456276719 0.2746791080207971 8606
1.2474 0.1461466832208573 0.2662896447605925 9066
1.2936 0.1443162048684827 0.2609760182913473 9962
1.3398 0.1295901144400786 0.2624953846119501 10550
1.386 0.1222491915872485 0.2502528434548162 11226
1.4322 0.1248704339167958 0.2502941663039001 12146
1.4784 0.1128345714432913 0.2422733943260776 12606
1.5246 0.1092889567747703 0.2485149436997225 13802
1.5708 0.1066413647098579 0.2498290025403148 14754
1.617 0.1002690539187863 0.2407302317833316 15194
1.6632 0.09717358354158728 0.2533692424340014 16454
1.7094 0.09188512098439301 0.2473350688259013 17154
1.7556 0.08863023106363016 0.2530306474737185 18266
1.8018 0.08247988876551553 0.2464914122487152 18750
1.848 0.08387679761690879 0.2522887889367255 20234
1.8942 0.07968062655440858 0.2576598873209245 21450
1.9404 0.073344909092593 0.2576097171034243 21962
1.9866 0.07418620136425706 0.2610251815406858 23462
2.0328 0.06872061893032115 0.2605602523459119 24042
2.079 0.06732030064055894 0.2745201903619015 25946
2.1252 0.06322402760463787 0.2627385107143644 26118
2.17139 0.06078238130562848 0.2719166114774461 27506
2.21759 0.06015583399088657 0.2792627879220887 29066
2.26379 0.05771715580485185 0.2835349443824249 30450
2.30999 0.05625850648895749 0.2890703050223156 31742
2.35619 0.05223706173644969 0.2824690276252675 32250
2.40239 0.05124861762653152 0.2931322693190644 34250
2.44859 0.04880341962710488 0.2964793526444201 35454
2.49479 0.0473841247198149 0.2956147794871993 36434
2.54099 0.04577940091090671 0.2938873851122636 37682
2.58719 0.04383235216037985 0.2971011062843737 39294
2.63339 0.04299288540504639 0.3061854263405667 41426
2.67959 0.04120194417504727 0.302664979323663 42066
2.72579 0.03923254497138987 0.3048406830929669 43490
2.77199 0.03881088709374653 0.3077541860822345 45702
2.81819 0.03664019527973244 0.302742662825609 46634
2.86439 0.03570198410925269 0.3042581781823596 48554
2.91059 0.03353233181113351 0.2923839881965078 48870
2.95679 0.03299846996995762 0.2935421016387048 51554
3.00299 0.03243057909862997 0.2984700935396188 54090
3.04919 0.03041088735922175 0.2837432116841175 54314
3.09539 0.02961415682926521 0.2834430554179553 56910
3.14159 0.02828134730111212 0.2761839339039477 57482
3.18779 0.02761845214517338 0.2802347112256171 60626
3.23399 0.02629699161822971 0.2687715634860015 61206
3.28019 0.02514558323576911 0.2604082404521481 62570
3.32639 0.02471138649002388 0.2613718061590427 65730
3.37259 0.02317214383496406 0.2552810160251373 66686
3.41879 0.02294955871355273 0.2538587551081711 69698
3.46499 0.02176739203430465 0.2406641777141943 70026
3.51119 0.02089138869689933 0.2417532206456363 72746
3.55739 0.02025766430826154 0.2370580496564013 74910
3.60359 0.01915858012165625 0.2293129458473488 75722
3.64979 0.01876862763774851 0.2280748427255328 78378
3.69599 0.01789910829134665 0.2200650163529623 80030
3.74219 0.01756495988804839 0.2189571875951469 83186
3.78839 0.01677198092546106 0.2150427439546347 84666
3.83459 0.01615134540968475 0.2111130583721233 86546
3.88079 0.01550192803711429 0.207373898807321 88134
3.92699 0.01506468698336255 0.2028562726439651 91538
3.97319 0.01463395999581299 0.2011410477731441 93138
4.01939 0.01398629432115541 0.1942308360345317 94478
4.06559 0.01348517726601862 0.1919003674512038 97274
4.11179 0.01295825951240973 0.188345608075621 99690
4.15799 0.012631519493578 0.1859473840987008 102590
4.20419 0.01212124644045004 0.1818771854734431 103770
4.25039 0.0117607912539916 0.1787967834847419 106346
4.29659 0.01124286467398173 0.1757415793894527 108546
4.34279 0.01072098358084322 0.17240411211587 110726
4.38899 0.01028875011461554 0.1667727775210535 112322
4.43519 0.01002219280685105 0.1678686003388841 115890
4.48139 0.009704651353253225 0.1648965447032461 118766
4.52759 0.009410086689681459 0.1619630168601251 122298
4.57379 0.008875770639185744 0.1564446605779731 122090
4.61999 0.008530927974377846 0.1545135977027749 125810
4.66619 0.008187484055397216 0.1509490137479769 128190
4.71239 0.007948490501911822 0.1485410720872288 130994
4.75859 0.00753509232705928 0.1453226989733909 133722
4.80479 0.007168431031124453 0.1407317014927595 133886
4.85099 0.00706316978990031 0.1406578258287255 140538
4.89719 0.006669786774853319 0.1345281423812412 140594
4.94339 0.006363324019667523 0.1315200347912145 143594
4.98959 0.006147231388409564 0.1288641223941276 146310
5.03579 0.005906953733972225 0.1265902605084176 150650
5.08199 0.005584786511071123 0.1233538527694449 151914
5.12819 0.005351120134203662 0.1183499321010579 153398
5.17439 0.005196162244690508 0.1166103211587674 157866
5.22059 0.004928170191302293 0.1135826654820632 160658
5.26679 0.004741573485745796 0.1112342531296168 164102
5.31299 0.004487876109100303 0.1075567688812181 164994
5.35919 0.004353675818197203 0.1057691363251303 169850
5.40539 0.004153709608144664 0.103216759755498 172986
5.45159 0.003946266062912685 0.09987728546433022 173894
5.49779 0.003779291062397644 0.09740819889965766 176778
5.54399 0.00366006409305124 0.09635111526185229 181802
5.59019 0.003487655855675617 0.09351897509928175 184430
5.63639 0.003322396166300185 0.09141592172380784 187242
5.68259 0.003208896981608042 0.08931855038619443 190250
5.72879 0.003057871146659047 0.08743892673850828 192570
5.77499 0.002975347643656792 0.0867926969168038 198254
5.82119 0.002810377394303168 0.0831985805912679 198074
5.86739 0.002708225881070114 0.08211919014920016 202050
5.91359 0.002613969538321352 0.08003215343736632 205502
5.95979 0.002533072157179853 0.07971135924648463 210666
6.00599 0.002408007564943476 0.07759238778840716 212426
6.05219 0.002307562315781062 0.07566766975693189 213918
6.09839 0.002265538902572636 0.07612357299381914 220994
6.14459 0.002150058274022787 0.07367875593328899 221522
6.19079 0.00207563344267955 0.07274387195325001 226314
6.23699 0.001985375999343194 0.07073237770572403 227294
6.28319 0.001936519876535447 0.07013177242711431 232962
6.32939 0.001893966143109667 0.06963411657424694 237818
6.37559 0.001796669651870788 0.06711389696098422 238398
6.42178 0.001745772099446337 0.06619542044227762 241418
6.46798 0.001680463676465931 0.06568891230269666 246818
6.51418 0.001630217215496428 0.06418795254445504 249906
6.56038 0.001588033713895736 0.06369263337854271 254702
6.60658 0.001509705629626726 0.0615164676831912 254418
6.65278 0.001480614024529283 0.06124962154690428 260354
6.69898 0.001430657797199439 0.06001262405037255 264974
6.74518 0.001380334117629643 0.05906781701690126 268722
6.79138 0.001329971544429003 0.05823930061066584 271562
6.83758 0.001295254018755964 0.05709581068395025 275586
6.88378 0.001249801120333472 0.05632565667278648 280190
6.92998 0.001209711284679205 0.05501518068010141 282834
6.97618 0.001167456691232402 0.05359470428635799 285170
7.02238 0.001129247615302184 0.05292794510937645 289886
7.06858 0.001095580528696654 0.05223936179594806 294474
7.11478 0.001067513259008368 0.05154718040112371 299498
7.16098 0.00101894337213063 0.04973341145783938 299958
7.20718 0.000993706382269673 0.04914255327355824 305858
7.25338 0.0009698579735825443 0.04865685067931837 310794
7.29958 0.0009245031887001557 0.04741359290775243 313082
7.34578 0.0008964941086931025 0.04655404649755811 316046
7.39198 0.0008737897415087888 0.04560487142766786 322218
7.43818 0.0008526331422612075 0.045311048743113 328562
7.48438 0.0008091475878543663 0.04369085084252231 327990
7.53058 0.0007969819758732176 0.04294408856431185 335282
7.57678 0.0007653561058635626 0.04201085356570061 335970
7.62298 0.0007497708514848583 0.04171697372933367 344066
7.66918 0.0007133721081416216 0.0403379217262958 343718
7.71538 0.0007020897058894477 0.03991700332114931 351498
7.76158 0.0006783400312159703 0.03888298462786999 354458
7.80778 0.000656756670106453 0.03820935908457524 358566
7.85398 0.0006419469291812259 0.03774708956959897 366122
7.90018 0.0006152703964070401 0.03654516606190538 365810
7.94638 0.0005976188132656332 0.03586706474463396 371622
7.99258 0.0005794583997209224 0.03541263828628353 375986
8.03878 0.0005631003293282375 0.03477110068937128 382170
8.08498 0.0005440908832083888 0.03371388836227476 381818
8.13118 0.0005283996249069592 0.0331910474496605 389574
8.17738 0.0005144689545760801 0.03267562063922509 393698
8.22358 0.0005002739093875843 0.03214546803397757 399458
8.26978 0.0004804116039322071 0.03138504327270689 402222
8.31598 0.0004667882012369422 0.03090618955346878 406922
8.36218 0.0004549863776620845 0.03039190153214983 412842
8.40838 0.0004381520903803366 0.02965746105643626 415346
8.45458 0.0004260100809629852 0.0293320532621092 421182
8.50078 0.0004122960156237254 0.02863364416330562 425018
8.54698 0.0004036106019915529 0.02813578414215736 431138
8.59318 0.0003887458624439715 0.02759737579734622 434382
8.63938 0.0003787440883001381 0.02716315769865267 439514
8.68558 0.0003693560826422411 0.02660635830837692 444738
8.73178 0.0003568214149146411 0.02594122026772957 448910
8.77798 0.0003438505999259767 0.02538770587402446 450618
8.82418 0.0003383518349189278 0.02508464426044607 459554
8.87038 0.0003271644222409687 0.02458643217329111 463106
8.91658 0.0003165387677498739 0.02401884574350926 467094
8.96278 0.0003105589627257468 0.02379394067000972 474938
9.00898 0.0003000909031957791 0.02326232823933852 477186
9.05518 0.0002924556955291001 0.02286802448430357 484670
9.10138 0.0002828384389838438 0.02233082321377934 487010
9.14758 0.0002746291656169873 0.02196460547749076 493314
9.19378 0.0002654991640352376 0.0214790013423658 496322
9.23998 0.0002586311579949442 0.02117636178135242 501702
9.28618 0.0002527488418933523 0.02084192461219041 508562
9.33238 0.0002450155944897158 0.02045586189616292 514242
9.37858 0.000236606531885737 0.01994003787327235 516158
9.42478 0.0002305776240513633 0.0195837602064026 522602
9.47098 0.0002253259676626019 0.01939087296874713 530658
9.51718 0.0002155031749488775 0.01884184839727671 530042
9.56338 0.0002117633288113706 0.01857313086315609 538878
9.60958 0.0002057647779111421 0.01826366990509822 544130
9.65578 0.0002003475442885255 0.01792874557525183 551106
9.70198 0.0001942737482149313 0.01747657582113023 553982
9.74818 0.0001881941250945561 0.01714021537321755 558242
9.79438 0.0001835841870111511 0.01689827963829892 564546
9.84058 0.0001786720728384453 0.01653693867370279 570494
9.88678 0.000173451513135963 0.01627491679048462 576762
9.93298 0.0001677833454926441 0.015950123675292 578234
9.97918 0.0001632557390096528 0.0156324838825943 585666
10.0254 0.0001595021564878536 0.01545129517504601 594446
10.0716 0.0001538076011783452 0.01502804514748234 595250
10.1178 0.0001506182784311933 0.01488178681613472 603402
10.164 0.0001458367122269743 0.01454341494381036 607382
10.2102 0.0001426099488122162 0.01439134739589155 617010
10.2564 0.0001378381995070646 0.01394095507945949 616778
10.3026 0.0001348075470410472 0.01374730922501902 624746
10.3488 0.000130243963408237 0.01341709808205676 628062
10.395 0.000127889605724187 0.01333309815683814 639410
10.4412 0.0001238512857417622 0.01300514108390034 642954
10.4874 0.0001202293422958075 0.01274137418314463 645974
10.5336 0.0001168642085712264 0.01257680356261718 653490
10.5798 0.0001137662464984393 0.01242218160894023 660746
10.626 0.00011087433507166 0.01210505317676989 664646
10.6722 0.0001075834863107645 0.01178478288195263 667290
10.7184 0.0001056344635681782 0.01173612836404835 679034
10.7646 0.0001020811853470606 0.0114492073139151 682722
10.8108 0.000100178692564524 0.01133177215522747 691238
10.857 9.585624220995485e-05 0.01094718390483651 688602
10.9032 9.415103865794139e-05 0.01086016500739532 700826
10.9494 9.176203119514988e-05 0.01066144260737238 705662
10.9956 8.904504072362923e-05 0.0104506572846069 710082
11.0418 8.713977732700316e-05 0.01035360295362205 719162
11.088 8.42767151789105e-05 0.01011981210942445 722250
11.1342 8.243086820977494e-05 0.009967231697635248 731510
11.1804 8.026365871087542e-05 0.009804428940588394 736442
11.2266 7.789559585915074e-05 0.009553284232094365 740898
11.2728 7.633842866102429e-05 0.009448089999408405 750158
11.319 7.426200277075352e-05 0.009312731983532854 754866
11.3652 7.199991207229273e-05 0.009124807284181342 760826
11.4114 7.025044538322917e-05 0.008905993455755316 764034
11.4576 6.865547075302723e-05 0.008794527572554018 773846
11.5038 6.691456568481827e-05 0.008627805736615174 779714
11.55 6.491379224747359e-05 0.008484434289745935 784314
11.5962 6.35100363024629e-05 0.008335058477117201 791342
11.6424 6.195084460220288e-05 0.008219748493548626 799458
11.6886 6.027727154404743e-05 0.008064547445553122 804962
11.7348 5.855495510840074e-05 0.007921056256765141 809550
11.781 5.700564436519398e-05 0.007751207923009046 813458
11.8272 5.608723715471417e-05 0.007688761096377896 827402
11.8734 5.44258952986364e-05 0.007513546457755005 828618
11.9196 5.293934916089159e-05 0.007398734679192367 836918
11.9658 5.168306519850617e-05 0.007272817683938107 842874
12.012 5.048829117936968e-05 0.007146133840023521 849338
12.0582 4.935703072497472e-05 0.007029317160150793 858942
12.1044 4.788188247391484e-05 0.006884903834788745 860978
12.1506 4.683998843713976e-05 0.006763685038295711 868346
12.1968 4.563143913515533e-05 0.006644827201845839 875154
12.243 4.467189477428551e-05 0.006581770476897538 886214
12.2892 4.334871448247268e-05 0.006436341262555585 887346
12.3354 4.228313921004613e-05 0.006329214645816 894986
12.3816 4.120308059427747e-05 0.006234698876343301 902774
12.4278 4.03012434187179e-05 0.006160827036227483 912114
12.474 3.899337445108846e-05 0.006037036096692092 915026
12.5202 3.801915768274298e-05 0.005935814009666829 920142
12.5664 3.725361657620757e-05 0.005840798101680705 929762
12.6126 3.64365242948056e-05 0.005742025781743904 937698
12.6588 3.550667138807937e-05 0.005642619465180987 944762
12.705 3.47226680721677e-05 0.005514462272089377 948254
12.7512 3.389236089703263e-05 0.005422219612235735 956802
12.7974 3.31250750645243e-05 0.005368788494337936 967658
12.8436 3.222767789261994e-05 0.005240768086090419 969702
12.8898 3.137638511511483e-05 0.005138787151661567 974090
12.936 3.086584583797493e-05 0.005084349149173058 988482
12.9822 3.000332035193473e-05 0.004977739106240065 991994
13.0284 2.932824042612229e-05 0.004917810494393535 1001030
13.0746 2.860533936970314e-05 0.004818261087446167 1005450
13.1208 2.779873037939661e-05 0.004741312446529369 1013738
13.167 2.725362078660286e-05 0.004675548998609881 1021710
13.2132 2.633480362483067e-05 0.004559775374226907 1023626
13.2594 2.599639049490843e-05 0.004500760735121116 1035834
13.3056 2.530759748190504e-05 0.004420734517700821 1040786
13.3518 2.487953987386655e-05 0.004363962342221795 1053206
13.398 2.416722210642132e-05 0.004280830237602206 1057002
13.4442 2.356531610921176e-05 0.004185147481940788 1063898
13.4904 2.30469260083032e-05 0.004149053407290002 1072782
13.5366 2.24803557509066e-05 0.004060841732136078 1078826
13.5828 2.192776558959014e-05 0.004010545667048021 1087922
13.629 2.133263298366195e-05 0.003914459509515443 1090494
13.6752 2.088344206100758e-05 0.003868042715273794 1101362
13.7214 2.044682305463841e-05 0.003805481289369049 1109802
13.7676 1.989404078012974e-05 0.003731309080763192 1114514
13.8138 1.946633159098021e-05 0.003665564201773097 1123926
13.86 1.89990864924402e-05 0.003588226167669344 1125986
13.9062 1.870212634042561e-05 0.00355709265182553 1143554
13.9524 1.814205480553092e-05 0.003476622270199634 1144710
13.9986 1.773358022205432e-05 0.00342295480119302 1154018
14.0448 1.72624590569454e-05 0.003369694936491985 1159962
14.091 1.692167895695438e-05 0.003327885071844107 1170986
14.1372 1.644707000658163e-05 0.00326976931720925 1178142
14.1834 1.605531202306574e-05 0.003205103333385926 1182674
14.2296 1.569219049401493e-05 0.003151766902611858 1191002
14.2758 1.537617113138994e-05 0.003100346657812931 1200438
14.322 1.501351091594909e-05 0.003046139799025509 1208162
14.3682 1.467392133350211e-05 0.002995120447391413 1215258
14.4144 1.433260943813749e-05 0.002946430958013509 1224134
14.4606 1.395312001241629e-05 0.002885653156027301 1228722
14.5068 1.372292155180943e-05 0.002849633219635792 1243154
14.553 1.33213952199549e-05 0.002799782158113884 1245434
14.5992 1.304615569004816e-05 0.002753706268572868 1255158
14.6454 1.27065330815708e-05 0.002686311681716262 1255610
14.6916 1.252009985964582e-05 0.002675402387339119 1277562
14.7378 1.213305889693902e-05 0.002607316947109085 1274414
14.784 1.188621352034769e-05 0.002568298422981671 1285994
14.8302 1.165418548700359e-05 0.002533559259466799 1299570
14.8764 1.13651779755466e-05 0.002481681411714245 1302122
14.9226 1.109897723009126e-05 0.002439845827796127 1311366
14.9688 1.084767202525314e-05 0.002397596382293218 1319186
15.015 1.059603455349963e-05 0.002358153305827492 1327434
15.0612 1.037588843862824e-05 0.002324508840323812 1337294
15.1074 1.011440919120301e-05 0.00227867889464566 1342730
15.1536 9.891139320449475e-06 0.00224183662348408 1350570
15.1998 9.699614386680574e-06 0.002207426403351725 1362590
15.246 9.45850730650586e-06 0.002167267000858727 1369698
15.2922 9.228256370398179e-06 0.002126837974081094 1374914
15.3384 9.016733681400406e-06 0.00209146578902914 1383570
15.3846 8.845640488734985e-06 0.002059861940146688 1395374
15.4308 8.589920413730587e-06 0.002014119190744157 1396994
15.477 8.437823010264554e-06 0.001990534123885902 1411530
15.5232 8.237420722427721e-06 0.001951928212748232 1417574
15.5694 8.052032552635297e-06 0.001928789904317616 1428834
15.6156 7.897382986564729e-06 0.00190038593260011 1439018
15.6618 7.666366400196889e-06 0.001853611960087864 1440698
15.708 7.506067874505609e-06 0.001831932706599197 1453638
15.7542 7.353192936623387e-06 0.001804846815698551 1463426
15.8004 7.172027832389773e-06 0.001767861312032104 1471050
15.8466 7.007725724559921e-06 0.001736998425576147 1476638
15.8928 6.841293669114869e-06 0.001703114818886766 1484466
15.939 6.738625778696625e-06 0.001685532340809029 1501154
15.9852 6.557492875332554e-06 0.001644421643310654 1501706
16.0314 6.399880044498705e-06 0.001619174927884902 1511502
16.0776 6.261237863945794e-06 0.001591367298291075 1520234
16.1238 6.138818635831649e-06 0.001574940992968738 1535010
16.17 5.990652168579374e-06 0.001546605223903175 1543358
16.2162 5.792485965283323e-06 0.001505129106284078 1535754
16.2624 5.739150817597063e-06 0.001501382609678752 1564802
16.3086 5.565731395671406e-06 0.001465701799823065 1563038
16.3548 5.457095718311344e-06 0.001447209124160485 1578426
16.401 5.323812286075833e-06 0.001416231142582639 1581482
16.4472 5.215293541899302e-06 0.001390712504255614 1592250
16.4934 5.107205078630859e-06 0.001369555335590462 1602230
16.5396 4.966541787609983e-06 0.001339590075665566 1604754
16.5858 4.894228965698977e-06 0.001326997599876868 1623458
16.632 4.752486353669538e-06 0.001295738395428834 1624910
16.6782 4.668223919922164e-06 0.001285896544072369 1645122
16.7244 4.539896804493654e-06 0.001257658869539871 1645130
16.7706 4.431440058199778e-06 0.00123793143977412 1655706
16.8168 4.333641340541831e-06 0.00121710321617004 1663502
16.863 4.238932254848145e-06 0.001198478117930374 1675514
16.9092 4.15033432825698e-06 0.001178624636369358 1685298
16.9554 4.045798575471919e-06 0.001152216204830592 1689566
17.0016 3.952414846220973e-06 0.001133183886832872 1697850
17.0478 3.894758562055329e-06 0.001120329700936299 1718546
17.094 3.793400509931107e-06 0.001096649244333382 1719822
17.1402 3.69944607318846e-06 0.001074212381111796 1726586
17.1864 3.622139362991823e-06 0.00105733493238945 1739186
17.2326 3.545821469045552e-06 0.001041060532596885 1751538
17.2788 3.45482897355711e-06 0.001025381550121833 1758062
17.325 3.375675091051865e-06 0.001003763394847035 1763010
17.3712 3.305166740175376e-06 0.00099052907581555 1778642
17.4174 3.230018060992774e-06 0.0009759290931481711 1788582
17.4636 3.154953549883026e-06 0.0009547512808923407 1794746
17.5098 3.081550621902143e-06 0.0009346061281001995 1803290
17.556 3.012416598856005e-06 0.0009198804513714451 1811058
17.6022 2.960421120511069e-06 0.0009100353786520355 1828358
17.6484 2.875457632747314e-06 0.0008900734609351296 1831362
17.6946 2.818935415597991e-06 0.000874576792938729 1842458
17.7408 2.744886798221074e-06 0.0008570207813793177 1846998
17.787 2.706516013775016e-06 0.0008459367273936533 1869122
17.8332 2.653226515102052e-06 0.0008289781404476291 1876346
17.8794 2.576285754464179e-06 0.0008129857871842676 1879506
17.9256 2.523398476899463e-06 0.0008002040382050071 1893326
17.9718 2.467897474363373e-06 0.0007852554971099367 1901826
18.018 2.408581342187104e-06 0.000772372407219034 1911962
18.0642 2.348822202633435e-06 0.0007593392872606816 1919198
18.1104 2.301290765068672e-06 0.0007457622387212419 1930242
18.1566 2.249842021956e-06 0.000734432516951887 1942442
18.2028 2.194395301252432e-06 0.0007224115680752612 1951734
18.249 2.139540004594663e-06 0.00070593277229258 1955402
18.2952 2.095895771448843e-06 0.0006974886417863903 1971858
18.3414 2.058865549533332e-06 0.0006862075104213294 1984898
18.3876 2.001108917841608e-06 0.0006698411682164714 1986422
18.4338 1.962706245666172e-06 0.0006575154730926599 1996146
18.48 1.922997679860253e-06 0.0006486631731243668 2017106
18.5262 1.878242980748085e-06 0.0006344748637357292 2020638
18.5724 1.833068627798146e-06 0.0006234221139114295 2029346
18.6186 1.793045168586915e-06 0.0006151631925886561 2041002
18.6648 1.752614709854349e-06 0.0006038111580641202 2051450
18.711 1.716562260620451e-06 0.0005930805015122286 2065886
18.7572 1.667379668588097e-06 0.0005797912487847297 2064546
18.8034 1.631831582243026e-06 0.0005734765127081142 2082650
18.8496 1.596353175678982e-06 0.0005633830308845387 2095182
18.8958 1.558995018980018e-06 0.0005533652195895812 2101346
18.942 1.526091748786925e-06 0.0005439351406581607 2115554
18.9882 1.48570958953925e-06 0.0005315688496251536 2115654
19.0344 1.46379762724014e-06 0.0005244970171113993 2141066
19.0806 1.424621564396253e-06 0.0005130820083259363 2139786
19.1268 1.393508201632416e-06 0.0005035662774253138 2152202
19.173 1.36149467317483e-06 0.0004942442385402297 2161086
19.2192 1.332261211729798e-06 0.0004869116434196962 2176058
19.2654 1.306658797425133e-06 0.0004785785880415372 2190818
19.3116 1.267340688397936e-06 0.000468431275073253 2191158
19.3578 1.241903130800247e-06 0.0004618189912788284 2205314
19.404 1.213728654873419e-06 0.0004525400203496509 2215554
19.4502 1.187502398905691e-06 0.0004462815158184563 2230562
19.4964 1.159027844363668e-06 0.0004378684704855423 2239614
19.5426 1.130589691033377e-06 0.0004289299683906095 2245706
19.5888 1.106615421031367e-06 0.0004217768391123359 2259674
19.635 1.086842061946418e-06 0.0004141208804576166 2273214
19.6812 1.057359441430363e-06 0.0004063500005602829 2278802
19.7274 1.03777900587433e-06 0.0003986254205163111 2294034
19.7736 1.006732848354028e-06 0.0003900876644459576 2294942
19.8198 9.891028234908172e-07 0.0003854021420178386 2317050
19.866 9.656340019473031e-07 0.000377425725838694 2322842
19.9122 9.426061406225159e-07 0.000370467813316004 2330810
19.9584 9.229539790317345e-07 0.000364244174155145 2345958
20.0046 8.998052824343459e-07 0.0003574975995551525 2353586
20.0508 8.846338241031214e-07 0.0003524383484681916 2376210
20.097 8.590985515459879e-07 0.000344006622336719 2374502
20.1432 8.389497243483971e-07 0.0003377619205763744 2386346
20.1894 8.225895799460523e-07 0.0003325006131013802 2401314
20.2356 8.042772004238192e-07 0.0003262604602425825 2411450
20.2818 7.853816477977728e-07 0.0003196752257349208 2420718
20.328 7.65323884429655e-07 0.0003134945226711221 2425754
20.3742 7.529958094503334e-07 0.0003091788369049872 2455218
20.4204 7.33395896572683e-07 0.0003021424155263894 2450942
20.4666 7.155939727281005e-07 0.000297488260907834 2467130
20.5128 6.998169488726342e-07 0.0002910049362183681 2474874
20.559 6.851287054086986e-07 0.000286091469022916 2490362
20.6052 6.683163809555452e-07 0.0002805045877514478 2498142
20.6514 6.519693254424653e-07 0.0002756025484148457 2507090
20.6976 6.391481147822766e-07 0.0002709911857199662 2525562
20.7438 6.241380929210575e-07 0.0002659126368614032 2534726
20.79 6.101772902355789e-07 0.0002611660358051848 2549906
20.8362 5.940764396123855e-07 0.0002553541027011037 2551074
20.8824 5.823601564497767e-07 0.0002520358959087773 2570702
20.9286 5.677781025751985e-07 0.000245423942989618 2574642
20.9748 5.56650231158945e-07 0.0002424681869195381 2594066
21.021 5.41576267765739e-07 0.0002366197120724868 2594802
21.0672 5.310512901694423e-07 0.0002325462943244602 2612030
21.1134 5.198099675179715e-07 0.000228389527492714 2627954
21.1596 5.081698017008592e-07 0.0002244825321517508 2640402
21.2058 4.947671229766024e-07 0.0002190715018875847 2641454
21.252 4.836929005828116e-07 0.000216463919811635 2661834
21.2982 4.7167442358594e-07 0.0002114159796878773 2669138
21.3444 4.616992394237011e-07 0.0002084378576714221 2684858
21.3905 4.50504264577282e-07 0.0002042276610114288 2693910
21.4367 4.391623248604389e-07 0.0002002025541758381 2701682
21.4829 4.306577027527078e-07 0.0001972848035866878 2722698
21.5291 4.191325527519643e-07 0.0001927240368706218 2725262
21.5753 4.114814391763762e-07 0.0001890295183473651 2742450
21.6215 4.005778053724463e-07 0.0001854214977568992 2749850
21.6677 3.922770192480069e-07 0.0001818245486560118 2763902
21.7139 3.844260577496323e-07 0.0001784753963990866 2778498
21.7601 3.744398427419756e-07 0.0001746697091284503 2784530
21.8063 3.668146697710967e-07 0.000171648644407515 2804106
21.8525 3.56904827043923e-07 0.0001682464575245492 2809790
21.8987 3.492096631652512e-07 0.0001654767358478204 2825058
21.9449 3.406754082981315e-07 0.0001623934674349884 2834330
21.9911 3.316233740094634e-07 0.0001591375092250001 2842022
22.0373 3.25684304737881e-07 0.0001566784393478183 2864754
22.0835 3.166483703715041e-07 0.0001528088519901703 2864186
22.1297 3.097004350180923e-07 0.0001500622270523587 2879538
22.1759 3.032843532681686e-07 0.0001479515752524851 2899454
22.2221 2.957046956499583e-07 0.000144223548154718 2904258
22.2683 2.910241162153432e-07 0.0001420536660016441 2930234
22.3145 2.833444629557152e-07 0.0001387098361954053 2929526
22.3607 2.762404767806639e-07 0.0001357592870214069 2942442
22.4069 2.703559444632965e-07 0.0001338037718365021 2960810
22.4531 2.640152175771711e-07 0.0001309383476002528 2964954
22.4993 2.569575511181956e-07 0.0001286684852408187 2980910
22.5455 2.510352511636829e-07 0.0001261537229662796 2990978
22.5917 2.45260845771039e-07 0.0001239072589385983 3007626
22.6379 2.3971952126228e-07 0.0001215818151004352 3019166
22.6841 2.334318916781309e-07 0.0001188476355068764 3021090
22.7303 2.289790185255029e-07 0.0001170528826965775 3047834
22.7765 2.231716985111276e-07 0.0001144820293526973 3055590
22.8227 2.184883387833665e-07 0.0001123657893270122 3068546
22.8689 2.123672422687317e-07 0.0001096297565044468 3067274
22.9151 2.086663836847574e-07 0.0001078627689130825 3098058
22.9613 2.041609715312548e-07 0.0001058716866994317 3109214
23.0075 1.982397033880026e-07 0.0001034811973608391 3110466
23.0537 1.935131104491091e-07 0.0001015397803901071 3124370
23.0999 1.895106392460412e-07 9.972738549318307e-05 3144174
23.1461 1.853884265853181e-07 9.813787800471329e-05 3161738
23.1923 1.799348151811481e-07 9.589101392021014e-05 3159890
23.2385 1.760198680886811e-07 9.404112014269373e-05 3174138
23.2847 1.72059579850426e-07 9.248569027005447e-05 3195926
23.3309 1.682195186276359e-07 9.076634793949768e-05 3211386
23.3771 1.642328064358532e-07 8.871239505011059e-05 3219314
23.4233 1.601795283337819e-07 8.675909041841329e-05 3225494
23.4695 1.569159721829336e-07 8.520247315551187e-05 3242562
23.5157 1.529464916171258e-07 8.344538591349987e-05 3257450
23.5619 1.498412321467676e-07 8.172082478680306e-05 3269118
23.6081 1.461720441837064e-07 7.995094549302017e-05 3278930
23.6543 1.424958058933009e-07 7.835969648370701e-05 3286650
23.7005 1.397829069146682e-07 7.731073186905653e-05 3316610
23.7467 1.358697085249563e-07 7.572539564004478e-05 3321542
23.7929 1.325716947504642e-07 7.401327112516718e-05 3328578
23.8391 1.292886571718801e-07 7.27340660445933e-05 3345074
23.8853 1.262124900376147e-07 7.14273624233369e-05 3361686
23.9315 1.232783559289434e-07 6.982046507098795e-05 3369722
23.9777 1.206736034107786e-07 6.853219690382441e-05 3385290
24.0239 1.175871974816999e-07 6.699658412241364e-05 3391370
24.0701 1.156158495904821e-07 6.584659249713158e-05 3422966
24.1163 1.12389123145044e-07 6.418207662596816e-05 3419538
24.1625 1.101685604521759e-07 6.3145435261011e-05 3441890
24.2087 1.072044898488914e-07 6.165672904082778e-05 3447582
24.2549 1.049142105425991e-07 6.057092856323011e-05 3466298
24.3011 1.019395971756963e-07 5.91750219439299e-05 3466194
24.3473 9.978414763839716e-08 5.835873834493669e-05 3492062
24.3935 9.730281292624207e-08 5.708771167907921e-05 3503114
24.4397 9.490250157498679e-08 5.597448027235834e-05 3517146
24.4859 9.297260964984233e-08 5.507789177999645e-05 3535706
24.5321 9.038854871067012e-08 5.379174255994409e-05 3539742
24.5783 8.834628791653768e-08 5.274037711214913e-05 3558698
24.6245 8.631507535680527e-08 5.170066958606678e-05 3570122
24.6707 8.438762193752647e-08 5.058102084290955e-05 3585174
24.7169 8.249723085027334e-08 4.954691655689953e-05 3594314
24.7631 8.054391459188304e-08 4.85391093948506e-05 3612258
24.8093 7.858279884655452e-08 4.741846506549963e-05 3620282
24.8555 7.683214161388908e-08 4.665666375396239e-05 3639078
24.9017 7.493249201546474e-08 4.561833580810401e-05 3650450
24.9479 7.310252510221448e-08 4.467488763151884e-05 3661418
24.9941 7.138080452336661e-08 4.389443335569399e-05 3677694
25.0403 6.969371159958107e-08 4.309684456069274e-05 3695978
25.0865 6.785034513027504e-08 4.21479198855459e-05 3702810
25.1327 6.626831135062784e-08 4.129234530337647e-05 3716162
25.1789 6.481743212587454e-08 4.06055374007888e-05 3740094
25.2251 6.313023101593851e-08 3.969150460919699e-05 3740954
25.2713 6.17610160309377e-08 3.88832919891622e-05 3760946
25.3175 6.041589075797105e-08 3.810262468019752e-05 3778278
25.3637 5.885097318636659e-08 3.720762959068122e-05 3784922
25.4099 5.77186872777477e-08 3.649979507609915e-05 3805266
25.4561 5.612961226263608e-08 3.565132223868796e-05 3807686
25.5023 5.494877565182423e-08 3.50646627673747e-05 3833130
25.5485 5.353568124443317e-08 3.427910441865905e-05 3841898
25.5947 5.230845937020527e-08 3.361855091419314e-05 3858074
25.6409 5.099285765794348e-08 3.296413838283267e-05 3868974
25.6871 4.975208968795269e-08 3.233128126351051e-05 3885362
25.7333 4.855548219977685e-08 3.167360542150981e-05 3898290
25.7795 4.73241715033174e-08 3.104443006712726e-05 3907334
25.8257 4.622571208875857e-08 3.045446226342559e-05 3928730
25.8719 4.505002455001763e-08 2.978428329662953e-05 3936666
25.9181 4.417963199853357e-08 2.922788713322558e-05 3961346
25.9643 4.32086362214922e-08 2.859094440803336e-05 3975774
26.0105 4.191773302957577e-08 2.787543130080727e-05 3970106
26.0567 4.127683046216288e-08 2.745166011069351e-05 4003170
26.1029 4.015638701016226e-08 2.681011687989151e-05 4019558
26.1491 3.917406997046618e-08 2.625962913716975e-05 4025642
26.1953 3.817760292818847e-08 2.564501472421004e-05 4028514
26.2415 3.734366159405697e-08 2.52575211502403e-05 4059398
26.2877 3.642483962685998e-08 2.474085364176552e-05 4069674
26.3339 3.550253318617196e-08 2.424888514579687e-05 4083698
26.3801 3.459932879214595e-08 2.378223396803437e-05 4095210
26.4263 3.377239569679775e-08 2.326298882071792e-05 4110518
26.4725 3.298548078416279e-08 2.281257143457715e-05 4126850
26.5187 3.223242385031924e-08 2.231751561791782e-05 4140114
26.5649 3.140289815908776e-08 2.183566981690389e-05 4144070
26.6111 3.078631587134981e-08 2.142996989073549e-05 4175802
26.6573 3.005062671702491e-08 2.096003848348491e-05 4187882
26.7035 2.936497647876718e-08 2.0474523137031e-05 4199250
26.7497 2.864351482853222e-08 2.006163353806864e-05 4209326
26.7959 2.795800503125376e-08 1.961936179466586e-05 4222130
26.8421 2.736824605228953e-08 1.930322594697562e-05 4254258
26.8883 2.660769932424188e-08 1.882650117587124e-05 4252478
26.9345 2.600781381763353e-08 1.849833253836852e-05 4270698
26.9807 2.526657069072534e-08 1.811221351436353e-05 4278122
27.0269 2.471467190261385e-08 1.782208702631178e-05 4309898
27.0731 2.413910954145461e-08 1.744532215724362e-05 4317150
27.1193 2.351371231263298e-08 1.704452360428809e-05 4329698
27.1655 2.296148151625877e-08 1.668860408699816e-05 4340826
27.2117 2.244916590954962e-08 1.633289692710353e-05 4359590
27.2579 2.195651783692311e-08 1.598462304934991e-05 4376850
27.3041 2.143757781263981e-08 1.56461210462103e-05 4386674
27.3503 2.092752890077553e-08 1.528867153648441e-05 4401782
27.3965 2.044644000500056e-08 1.498150329551054e-05 4419210
27.4427 2.00113451151348e-08 1.47180646484045e-05 4446482
27.4889 1.939535575926939e-08 1.433878682200987e-05 4435554
27.5351 1.897159894098252e-08 1.413314374774129e-05 4468934
27.5813 1.850453740704533e-08 1.382670782522252e-05 4477650
27.6275 1.802044358406918e-08 1.353930670723718e-05 4491218
27.6737 1.76208548316621e-08 1.327994083422795e-05 4510358
27.7199 1.716621849054034e-08 1.298004651873384e-05 4518594
27.7661 1.682626322707846e-08 1.274972686682666e-05 4544474
27.8123 1.638382569080374e-08 1.245297047417195e-05 4552098
27.8585 1.60277859930463e-08 1.218847792107293e-05 4574990
27.9047 1.559169220910776e-08 1.191305684919661e-05 4577210
27.9509 1.529791790390649e-08 1.170553758729715e-05 4608186
27.9971 1.490750517867653e-08 1.141907927239738e-05 4610198
28.0433 1.454682267246408e-08 1.118440165999187e-05 4628898
28.0895 1.418499164948372e-08 1.095283251358344e-05 4641170
28.1357 1.386868851245295e-08 1.074027252951125e-05 4662462
28.1819 1.350891470538811e-08 1.053179739178336e-05 4681442
28.2281 1.31855538566871e-08 1.028966577967395e-05 4687850
28.2743 1.288049508053788e-08 1.012451804528358e-05 4708818
28.3205 1.255612994183389e-08 9.882303563096919e-06 4721534
28.3667 1.223019067035041e-08 9.67123449084677e-06 4732770
28.4129 1.196003382368802e-08 9.476894272144363e-06 4753346
28.4591 1.169341728366544e-08 9.287119626795485e-06 4772886
28.5053 1.140933350122273e-08 9.085246755307417e-06 4785098
28.5515 1.112270504979654e-08 8.883654819931178e-06 4795394
28.5977 1.087126773198612e-08 8.703837845923567e-06 4813986
28.6439 1.062481405752851e-08 8.513613149741937e-06 4832654
28.6901 1.035233981714232e-08 8.339903467710021e-06 4849362
28.7363 1.010409379357833e-08 8.166501070904034e-06 4858322
28.7825 9.853385467967879e-09 7.985312981931158e-06 4871286
28.8287 9.631060306785564e-09 7.844718140927176e-06 4894370
28.8749 9.39719169395659e-09 7.677620468813491e-06 4914650
28.9211 9.143438557958941e-09 7.50463266279287e-06 4919658
28.9673 8.960115974131545e-09 7.355363656891136e-06 4941638
29.0135 8.746426835149412e-09 7.217911447320763e-06 4965954
29.0597 8.513178610114272e-09 7.052698743753913e-06 4971770
29.1059 8.310829136924536e-09 6.904500546211766e-06 4985702
29.1521 8.10189690996912e-09 6.750031810706007e-06 4996314
29.1983 7.917658664357618e-09 6.619543110830903e-06 5021258
29.2445 7.733764793391875e-09 6.47600415641321e-06 5038470
29.2907 7.559996850186651e-09 6.337267404641372e-06 5048570
29.3369 7.373250480104729e-09 6.201299965981664e-06 5067786
29.3831 7.202944142141377e-09 6.069624138925644e-06 5084402
29.4293 7.019810837147447e-09 5.94719002807539e-06 5104238
29.4755 6.831017854910967e-09 5.806774793728072e-06 5101890
29.5217 6.690069193365411e-09 5.698494087952724e-06 5129594
29.5679 6.523053094670534e-09 5.58789817846454e-06 5149086
29.6141 6.369089578843336e-09 5.472397002981678e-06 5168834
29.6603 6.195767687159771e-09 5.347803592141927e-06 5172306
29.7065 6.062279563339214e-09 5.247490549388291e-06 5199218
29.7527 5.915627388036542e-09 5.131249391332977e-06 5215430
29.7989 5.779213995898054e-09 5.019333536043194e-06 5229066
29.8451 5.644973592406884e-09 4.908078750699656e-06 5244530
29.8913 5.509237245936104e-09 4.806310034726816e-06 5262870
29.9375 5.372292753946723e-09 4.690861529983939e-06 5272562
29.9837 5.250219062958841e-09 4.59512533014611e-06 5290098
30.0299 5.127435800304412e-09 4.511622003077454e-06 5314358
30.0761 4.986938279873097e-09 4.407171142310489e-06 5322098
30.1223 4.878265357096295e-09 4.324628645998554e-06 5341026
30.1685 4.759288361290454e-09 4.230248983659109e-06 5366858
30.2147 4.62856911362751e-09 4.141088047628113e-06 5374422
30.2609 4.510719878654042e-09 4.052388063632635e-06 5377730
30.3071 4.416975016532962e-09 3.97239900851521e-06 5409410
30.3533 4.317440799048222e-09 3.892186236498022e-06 5434014
30.3995 4.207063802832331e-09 3.799364412237399e-06 5438882
30.4457 4.108650381923949e-09 3.716535137859578e-06 5456178
30.4919 4.009527553819836e-09 3.631091118988953e-06 5469242
30.5381 3.927107148635765e-09 3.564914464380529e-06 5496174
30.5843 3.818548223806616e-09 3.475651845010088e-06 5505530
30.6305 3.731391892815881e-09 3.407342861268286e-06 5521202
30.6767 3.644639615460656e-09 3.342230360079752e-06 5544126
30.7229 3.549891579063601e-09 3.265944801948926e-06 5560106
30.7691 3.462648040122876e-09 3.204983106442628e-06 5579754
30.8153 3.369640618281656e-09 3.129111748843661e-06 5576270
30.8615 3.293235222185831e-09 3.068184900497852e-06 5607138
30.9077 3.214137702822032e-09 3.006169265966182e-06 5625026
30.9539 3.139676101019673e-09 2.940678663270557e-06 5646698
31.0001 3.059384733100772e-09 2.872642026528479e-06 5649126
31.0463 2.995913538558144e-09 2.813108877340025e-06 5676434
31.0925 2.917706982730338e-09 2.744228460066078e-06 5687418
31.1387 2.856935460773703e-09 2.695670742462113e-06 5715830
31.1849 2.787395218771994e-09 2.633907785413105e-06 5729210
31.2311 2.713431948404087e-09 2.575044996146782e-06 5744802
31.2773 2.648985146865962e-09 2.518110963306892e-06 5752154
31.3235 2.588708906480145e-09 2.473621422205713e-06 5786382
31.3697 2.517063362850033e-09 2.412842035866816e-06 5784146
31.4159 2.459334087096232e-09 2.368209350786346e-06 5812146
31.4621 2.398179131688768e-09 2.317775839053041e-06 5830166
31.5083 2.340843792288394e-09 2.269462351319459e-06 5845850
31.5545 2.283664407521009e-09 2.220229344816417e-06 5862834
31.6007 2.228722252880293e-09 2.169427482399687e-06 5876066
31.6469 2.179695961820245e-09 2.127307961401638e-06 5905854
31.6931 2.120977981907309e-09 2.073093016092026e-06 5902274
31.7393 2.074145558530055e-09 2.030414947294306e-06 5931258
31.7855 2.027031251962183e-09 1.989640202789299e-06 5954966
31.8317 1.976481558577993e-09 1.94375173107378e-06 5965346
31.8779 1.926361548761966e-09 1.901086053682012e-06 5977818
31.9241 1.881814010816685e-09 1.863413626450109e-06 6004718
31.9703 1.832396982648078e-09 1.820981187236938e-06 6011706
32.0165 1.791231282969276e-09 1.788873449836444e-06 6045770
32.0627 1.742206996677979e-09 1.744771379666701e-06 6041586
32.1089 1.701276500824952e-09 1.710183280702517e-06 6073166
32.1551 1.657999013953884e-09 1.672142320612818e-06 6078962
32.2013 1.62352547109752e-09 1.642347424011767e-06 6114258
32.2475 1.579786010428103e-09 1.601177713337351e-06 6123086
32.2937 1.542782184496288e-09 1.565469491322749e-06 6136770
32.3399 1.507653216832717e-09 1.533291417674917e-06 6154898
32.3861 1.471099613230559e-09 1.498969817941613e-06 6178610
32.4323 1.436543095183003e-09 1.465977514868503e-06 6197982
32.4785 1.400835721580372e-09 1.431386715954893e-06 6205322
32.5247 1.366339854709006e-09 1.4007926781797e-06 6218850
32.5709 1.334849517244002e-09 1.373370976898464e-06 6249542
32.6171 1.30206007295028e-09 1.344327123156224e-06 6274146
32.6633 1.265624710054394e-09 1.314301387982678e-06 6270242
32.7095 1.238582934403412e-09 1.289927827092084e-06 6305222
32.7557 1.205336403037559e-09 1.262348102202808e-06 6325026
32.8019 1.17592693641837e-09 1.233984085891231e-06 6331922
32.8481 1.146351187649823e-09 1.205323175686783e-06 6343698
32.8943 1.121860244215377e-09 1.18218838068408e-06 6375158
32.9405 1.093511848628905e-09 1.153314963326036e-06 6392178
32.9867 1.070074953055989e-09 1.127359625941413e-06 6412826
33.0329 1.041893877743373e-09 1.098906250142688e-06 6407078
33.0791 1.019795953144797e-09 1.07809542233677e-06 6447954
33.1253 9.93463365174283e-10 1.053727307856733e-06 6456026
33.1715 9.693870643331342e-10 1.031837221767752e-06 6482034
33.2177 9.446017250017604e-10 1.009758940831545e-06 6492878
33.2639 9.183260426406847e-10 9.868682754810836e-07 6502074
33.3101 8.982478693299727e-10 9.709357539761655e-07 6542930
33.3563 8.761357074412447e-10 9.498659467650279e-07 6556598
33.4025 8.533912704654707e-10 9.278896331917023e-07 6570330
33.4487 8.323769008911853e-10 9.069954116361297e-07 6581882
33.4949 8.136914613044185e-10 8.874671152211222e-07 6612546
33.5411 7.944188787818232e-10 8.671747571702068e-07 6628622
33.5873 7.743330326850066e-10 8.457895566017983e-07 6629498
33.6335 7.570791150440755e-10 8.27942135689471e-07 6659250
33.6797 7.401084113427939e-10 8.102842728046047e-07 6686006
33.7259 7.208088380685182e-10 7.913682905782231e-07 6693786
33.7721 7.022762220066605e-10 7.738424311489009e-07 6711554
33.8183 6.852319990655929e-10 7.586876472839383e-07 6735678
33.8645 6.683274881382992e-10 7.440656808346231e-07 6754754
33.9107 6.507639199143029e-10 7.274575377654601e-07 6776570
33.9569 6.325489742530008e-10 7.094589814727026e-07 6767394
34.0031 6.199327017282459e-10 6.973193797620909e-07 6818246
34.0493 6.043628345741279e-10 6.815902152014425e-07 6830562
34.0955 5.889562923076228e-10 6.650713303727039e-07 6839186
34.1417 5.755199324253654e-10 6.499791782876229e-07 6861462
34.1879 5.617009113183373e-10 6.360106725932967e-07 6880394
34.2341 5.494593236566379e-10 6.220743183451073e-07 6907178
34.2803 5.343783104310946e-10 6.075988118814961e-07 6917034
34.3265 5.221507586495704e-10 5.936352721127583e-07 6937934
34.3727 5.090207577743022e-10 5.807288175354169e-07 6947250
34.4189 4.966932113566558e-10 5.699598115552165e-07 6982106
34.4651 4.836920834810724e-10 5.566053799603385e-07 6995718
34.5113 4.712820280267363e-10 5.443097766634606e-07 7006682
34.5575 4.604844788372322e-10 5.333305999440276e-07 7035866
34.6037 4.488473261847028e-10 5.221574824890989e-07 7054110
34.6499 4.370370676713029e-10 5.090710345711843e-07 7059194
34.6961 4.271100569310103e-10 4.988481625632955e-07 7091802
34.7423 4.165181696051685e-10 4.870994686064839e-07 7100666
34.7885 4.067715859297442e-10 4.768681560919919e-07 7129070
34.8347 3.959657168962953e-10 4.659650094592704e-07 7143282
34.8809 3.872707924195269e-10 4.558242025785119e-07 7161482
34.9271 3.774551487608849e-10 4.454547565561818e-07 7184694
34.9733 3.685809770127695e-10 4.353824806923388e-07 7203914
35.0195 3.591217989899851e-10 4.259993171973267e-07 7219746
35.0657 3.496065988883235e-10 4.159241406088667e-07 7228634
35.1119 3.427052414107669e-10 4.085446305450479e-07 7271990
35.1581 3.324292244306397e-10 3.979315410038539e-07 7266786
35.2043 3.245839765033181e-10 3.895332368008896e-07 7293650
35.2505 3.17147427060916e-10 3.820844081452027e-07 7324086
35.2967 3.088288108151315e-10 3.733312396001822e-07 7338650
35.3429 3.009468993687951e-10 3.648499508032432e-07 7351962
35.3891 2.932637263597839e-10 3.563612854919797e-07 7357190
35.4353 2.871917267541988e-10 3.496549382451501e-07 7406042
35.4815 2.792126587199261e-10 3.406801422123676e-07 7408626
35.5277 2.729459625773511e-10 3.334479188176937e-07 7435610
35.5739 2.664647389276009e-10 3.259895948492952e-07 7453542
35.6201 2.597893313520154e-10 3.180946577819632e-07 7464002
35.6663 2.536916494152782e-10 3.113645175207063e-07 7493546
35.7125 2.470253396671703e-10 3.04624084901737e-07 7510806
35.7587 2.409944672062414e-10 2.979553337581159e-07 7532114
35.8049 2.344719207689506e-10 2.9104352437053e-07 7536234
35.8511 2.288115883632842e-10 2.84716294098771e-07 7565834
35.8973 2.237524753838577e-10 2.796861256908753e-07 7603062
35.9435 2.172961744740075e-10 2.726100399555163e-07 7593890
35.9897 2.11945602203478e-10 2.664784969501927e-07 7622906
36.0359 2.069173054222818e-10 2.606760145141777e-07 7646622
36.0821 2.02360788245872e-10 2.550192548865826e-07 7672058
36.1283 1.970928676582533e-10 2.489359277480033e-07 7679346
36.1745 1.920366223113513e-10 2.430134496105264e-07 7693058
36.2207 1.879163236490138e-10 2.379322522100358e-07 7732158
36.2669 1.832923618661365e-10 2.325491484746733e-07 7746962
36.3131 1.787208745925585e-10 2.274890688691647e-07 7770986
36.3593 1.735836447313541e-10 2.218616813382367e-07 7772094
36.4055 1.698557487301981e-10 2.176535731871843e-07 7803818
36.4517 1.655506706221047e-10 2.131689684440625e-07 7834338
36.4979 1.610208366617454e-10 2.077003105689142e-07 7833710
36.5441 1.570336381025877e-10 2.035861551576397e-07 7858794
36.5903 1.532041595701963e-10 1.991118579832675e-07 7884290
36.6365 1.495277392435649e-10 1.946539929298975e-07 7901522
36.6827 1.459609281181373e-10 1.903884529244844e-07 7930662
36.7289 1.421957396603101e-10 1.854819106162253e-07 7934426
36.7751 1.389827941009784e-10 1.817683458706072e-07 7967322
36.8213 1.35469585357933e-10 1.774504430644063e-07 7981934
36.8675 1.320625297765843e-10 1.733468947672891e-07 8003282
36.9137 1.2881332313173e-10 1.694895793191123e-07 8019666
36.9599 1.256263479292334e-10 1.65748530539593e-07 8034482
37.0061 1.225491444880481e-10 1.622592975721018e-07 8068542
37.0523 1.193877991531883e-10 1.586271054612638e-07 8088290
37.0985 1.162680392611316e-10 1.550737133190974e-07 8096322
37.1447 1.135673823031846e-10 1.517535070867455e-07 8122646
37.1909 1.107294709963781e-10 1.484701758987556e-07 8150138
37.2371 1.078695390454793e-10 1.449544603546016e-07 8165322
37.2833 1.052659523038048e-10 1.418200772285657e-07 8182574
37.3295 1.02642866465885e-10 1.386359598925409e-07 8203698
37.3757 1.002068592834549e-10 1.353646472367998e-07 8226914
37.4219 9.770563870424757e-11 1.322656662484204e-07 8246898
37.4681 9.538340051657288e-11 1.293198585894026e-07 8261774
37.5143 9.280302240873913e-11 1.262389150477771e-07 8279426
37.5605 9.069219375982196e-11 1.23564992573132e-07 8308722
37.6067 8.842283673803328e-11 1.207886666179653e-07 8326214
37.6529 8.618450803673319e-11 1.180887562794673e-07 8342682
37.6991 8.392540428936709e-11 1.15448358540521e-07 8360834
37.7453 8.195938012852528e-11 1.129689606148323e-07 8393226
37.7915 7.997508232226823e-11 1.107352619039779e-07 8420150
37.8377 7.770994647374884e-11 1.079206767626804e-07 8421986
37.8839 7.590353745802554e-11 1.055571291561824e-07 8445714
37.9301 7.406141188413676e-11 1.032774353074075e-07 8472590
37.9763 7.22659272310037e-11 1.009822676337803e-07 8495370
38.0225 7.046332336946949e-11 9.858765025946063e-08 8512802
38.0687 6.858527454484904e-11 9.618808038468245e-08 8523290
38.1149 6.722124954176171e-11 9.433335515081154e-08 8570982
38.1611 6.539448646859327e-11 9.199325506903806e-08 8568458
38.2073 6.368133771617425e-11 8.984678893755987e-08 8586498
38.2535 6.214108743921523e-11 8.777926451912002e-08 8608838
38.2997 6.071153731258225e-11 8.607929227363912e-08 8645610
38.3459 5.913379916292064e-11 8.417873638108388e-08 8658386
38.3921 5.746723280216193e-11 8.21105458084432e-08 8668598
38.4383 5.611602693493959e-11 8.044886414330353e-08 8697426
38.4845 5.482856799715187e-11 7.877802239832456e-08 8722562
38.5307 5.331626642990884e-11 7.686928985762602e-08 8737962
38.5769 5.20480861962967e-11 7.517883177549431e-08 8771366
38.6231 5.07378153735737e-11 7.336875025836779e-08 8771010
38.6693 4.968969104739226e-11 7.189694395449859e-08 8822618
38.7155 4.826852123246922e-11 6.996204993021859e-08 8807726
38.7617 4.716482126811513e-11 6.841243001404967e-08 8844618
38.8079 4.599946131955994e-11 6.691405265138011e-08 8868722
38.8541 4.494000269667839e-11 6.550521555417369e-08 8891394
38.9003 4.37668063494795e-11 6.396033030207378e-08 8911934
38.9465 4.255299917646898e-11 6.254844032459599e-08 8923938
38.9927 4.157970518660144e-11 6.127178377103316e-08 8953682
39.0389 4.051635775384724e-11 5.999512311025976e-08 8981966
39.0851 3.941101700072883e-11 5.850190215532166e-08 8990442
39.1313 3.846038521541035e-11 5.718556831975262e-08 9007874
39.1775 3.756601577271942e-11 5.601471000630926e-08 9038982
39.2237 3.669261271577595e-11 5.473987449320228e-08 9068570
39.2699 3.575628213341789e-11 5.338999365761093e-08 9085250
39.3161 3.481796050410952e-11 5.208851140121946e-08 9084690
39.3623 3.409194074681285e-11 5.101036791141709e-08 9128654
39.4085 3.314356064347264e-11 4.975726539827824e-08 9133170
39.4547 3.24367666995562e-11 4.880355872030335e-08 9185882
39.5009 3.14886185469467e-11 4.753344600382742e-08 9163254
39.5471 3.079049592731233e-11 4.664790401887813e-08 9220130
39.5933 2.996940898778602e-11 4.559055794687538e-08 9233138
39.6395 2.920819342533889e-11 4.454561864651235e-08 9249378
39.6857 2.848394860171336e-11 4.362399086344486e-08 9271550
39.7319 2.77588847457037e-11 4.260074185057465e-08 9286266
39.7781 2.710568342217408e-11 4.161264226662114e-08 9320762
39.8243 2.639191336918681e-11 4.065503279388884e-08 9326718
39.8705 2.579537204215249e-11 3.974342390977446e-08 9354602
39.9167 2.519907781966283e-11 3.888205450177186e-08 9384122
39.9629 2.452433682111024e-11 3.795540490944627e-08 9400482
40.0091 2.399137818949388e-11 3.713267775788029e-08 9432638
40.0553 2.335478882968063e-11 3.628341137837078e-08 9445314
40.1015 2.278312107979258e-11 3.547807584195428e-08 9477290
40.1477 2.220138293992642e-11 3.468839828443168e-08 9489182
40.1939 2.162956166869352e-11 3.392745130679668e-08 9506706
40.2401 2.111340366625863e-11 3.318831308207519e-08 9533978
40.2863 2.056262001183367e-11 3.241532642760606e-08 9553662
40.3325 2.006533248893088e-11 3.171334687610385e-08 9579506
40.3787 1.960259225372267e-11 3.104999192937006e-08 9607866
40.4249 1.906464284454097e-11 3.023046106956411e-08 9608354
40.4711 1.862473179164828e-11 2.962415027287917e-08 9643862
40.5173 1.819575556900386e-11 2.896999726209551e-08 9670578
40.5635 1.772391660088101e-11 2.829578974140987e-08 9687890
40.6097 1.72565246799414e-11 2.760229322661705e-08 9693294
40.6559 1.686701156335335e-11 2.70325823442223e-08 9736034
40.7021 1.647098658968557e-11 2.646720538905655e-08 9758946
40.7483 1.604445440315413e-11 2.58377738099749e-08 9778994
40.7945 1.564190398824223e-11 2.52577121784318e-08 9796814
40.8407 1.524560915913972e-11 2.468140243131602e-08 9816882
40.8869 1.490144834093975e-11 2.418688454214489e-08 9850514
40.9331 1.448803902259347e-11 2.358725003859213e-08 9856062
40.9793 1.415211439550213e-11 2.310270858227863e-08 9886706
41.0255 1.381009134062819e-11 2.258438101470422e-08 9916194
41.0717 1.344706944906241e-11 2.206802746490997e-08 9924854
41.1179 1.314356214535331e-11 2.160699011710583e-08 9961490
41.1641 1.280588831208071e-11 2.109011403606295e-08 9979098
41.2103 1.248874209642384e-11 2.060382022192271e-08 9990266
41.2565 1.218986873984937e-11 2.013339216781429e-08 10012398
41.3027 1.189539360867457e-11 1.96771410969504e-08 10038818
41.3489 1.15980429411638e-11 1.926043015065997e-08 10072082
41.3951 1.132299287482283e-11 1.882173813584526e-08 10082670
41.4413 1.105112105672963e-11 1.843406955818479e-08 10123226
41.4875 1.076050619044429e-11 1.799874938473522e-08 10134834
41.5337 1.049279380500007e-11 1.760401853204111e-08 10151450
41.5799 1.023943461284038e-11 1.722783422133179e-08 10184118
41.6261 9.980979294476462e-12 1.68295076268017e-08 10199810
41.6723 9.73962650668707e-12 1.648416834951477e-08 10230386
41.7185 9.496702144474321e-12 1.608504622779599e-08 10238334
41.7647 9.268372804183521e-12 1.573063395438731e-08 10271594
41.8109 9.051685421047115e-12 1.538255281602027e-08 10298418
41.8571 8.821035662006346e-12 1.502127455221073e-08 10306814
41.9033 8.612974903699363e-12 1.469117496895042e-08 10341306
41.9495 8.409191764939776e-12 1.436086631236927e-08 10362842
41.9957 8.197342964620757e-12 1.404776503996032e-08 10388834
42.0419 7.982946262488874e-12 1.371171929377992e-08 10395630
42.0881 7.795666919210807e-12 1.343581836163174e-08 10425362
42.1343 7.602629165941068e-12 1.312942174735784e-08 10454274
42.1805 7.41537951886362e-12 1.285279897364446e-08 10478294
42.2267 7.230159817325563e-12 1.25798489584689e-08 10501818
42.2729 7.053351694098416e-12 1.228616534531477e-08 10514810
42.3191 6.876345012739895e-12 1.20127485052841e-08 10548842
42.3653 6.715322074829325e-12 1.173791953797563e-08 10566462
42.4115 6.554073686187445e-12 1.148141504611221e-08 10586810
42.4577 6.395399902573845e-12 1.12224908683079e-08 10614954
42.5039 6.24206514409298e-12 1.095190285371754e-08 10631054
42.5501 6.088485369007079e-12 1.072407451550931e-08 10662362
42.5963 5.943707906633072e-12 1.04796287497703e-08 10683354
42.6425 5.793189769401671e-12 1.024657649947982e-08 10699298
42.6887 5.656108649925445e-12 1.003969716305188e-08 10738782
42.7349 5.503069595590642e-12 9.799560235656736e-09 10744202
42.7811 5.382527966147899e-12 9.60569784912553e-09 10782186
42.8273 5.236551957256603e-12 9.380381467889243e-09 10784966
42.8735 5.114932786715104e-12 9.181671118905853e-09 10833938
42.9197 4.992391693630697e-12 8.978220549405971e-09 10848138
42.9659 4.874913962032009e-12 8.78236948503359e-09 10873766
43.0121 4.752399842792826e-12 8.567755441431097e-09 10886970
43.0583 4.636354104657095e-12 8.377343571161478e-09 10912442
43.1045 4.529230617960522e-12 8.19382463213631e-09 10936698
43.1507 4.418821170998126e-12 8.010153746272971e-09 10966142
43.1969 4.302848626739606e-12 7.826156393992252e-09 10968746
43.2431 4.20955066979086e-12 7.665756180178361e-09 11014602
43.2893 4.105501229757089e-12 7.500158771353483e-09 11042774
43.3355 4.001128861479626e-12 7.335725006605904e-09 11061474
43.3817 3.902065595237009e-12 7.168068722898125e-09 11072450
43.4279 3.803291682668785e-12 7.008442191314284e-09 11096922
43.4741 3.721851075663951e-12 6.871030792970425e-09 11146526
43.5203 3.624832392429143e-12 6.706213652971694e-09 11145602
43.5665 3.533378200471244e-12 6.554732295195863e-09 11168442
43.6127 3.446955320089035e-12 6.403295599717451e-09 11181086
43.6589 3.379970891196251e-12 6.287920563102141e-09 11250114
43.7051 3.283946577388218e-12 6.126134877876765e-09 11242106
43.7513 3.209589520240914e-12 5.994309847102515e-09 11265446
43.7975 3.12823570078501e-12 5.85850351923311e-09 11285490
43.8437 3.060066782707136e-12 5.744432222187715e-09 11335922
43.8899 2.978301080224358e-12 5.601162953999568e-09 11330130
43.9361 2.905547858223915e-12 5.47808013340977e-09 11357270
43.9823 2.841219290489833e-12 5.366507012092946e-09 11389098
44.0285 2.771023726751022e-12 5.251001176799368e-09 11426642
44.0747 2.701412213498107e-12 5.131875940621978e-09 11431358
44.1209 2.63702183306222e-12 5.015163781342887e-09 11462298
44.1671 2.570829507146333e-12 4.90850098136247e-09 11479202
44.2133 2.50982239376599e-12 4.806612632008291e-09 11509746
44.2595 2.447694783303129e-12 4.689032045015084e-09 11523062
44.3057 2.390969298694341e-12 4.592654097062133e-09 11556210
44.3519 2.334937194724876e-12 4.495459368219377e-09 11588282
44.3981 2.276853859610632e-12 4.388327073575327e-09 11599646
44.4443 2.226258494195622e-12 4.298646764565887e-09 11645274
44.4905 2.17007194477824e-12 4.19941533989117e-09 11649338
44.5367 2.116219974320564e-12 4.100971400948014e-09 11665386
44.5829 2.070310160643624e-12 4.02348907967384e-09 11719286
44.6291 2.016093614243965e-12 3.926648704343722e-09 11720738
44.6753 1.967768646068053e-12 3.842553694458819e-09 11755074
44.7215 1.918311829407694e-12 3.762303885568774e-09 11767166
44.7677 1.877071590788344e-12 3.683793914581525e-09 11813346
44.8139 1.826822487128147e-12 3.59742993917041e-09 11825450
44.8601 1.782657669913718e-12 3.517042425951079e-09 11828814
44.9063 1.74291648613021e-12 3.447093009703801e-09 11884418
44.9525 1.700735410178587e-12 3.367502994700571e-09 11900378
44.9987 1.658004730020354e-12 3.288560136990122e-09 11908002
45.0449 1.620044392214989e-12 3.218095765285148e-09 11937470
45.0911 1.583412848122578e-12 3.151888160404081e-09 11981346
45.1373 1.54411814849424e-12 3.080545721810184e-09 11998154
45.1835 1.507518182400281e-12 3.011495682158964e-09 12015798
45.2297 1.471217555068197e-12 2.949048717229362e-09 12046586
45.2759 1.436049344695902e-12 2.884130771762214e-09 12073226
45.3221 1.399968942274956e-12 2.820863077789817e-09 12089370
45.3683 1.367128673495087e-12 2.762846746162216e-09 12123662
45.4145 1.333095489829866e-12 2.69724502455568e-09 12129018
45.4607 1.302192190968934e-12 2.645050674826378e-09 12168698
45.5069 1.271315886283894e-12 2.584024593139986e-09 12191070
45.5531 1.242859779135012e-12 2.532501284964911e-09 12237290
45.5993 1.21157817914474e-12 2.472523769047605e-09 12237434
45.6455 1.183198598056181e-12 2.418547814921873e-09 12269430
45.6917 1.154382155498633e-12 2.365344711914131e-09 12288314
45.7379 1.128276543787697e-12 2.313811801000745e-09 12312018
45.7841 1.10060912908404e-12 2.262737012776722e-09 12333770
45.8303 1.073848402417466e-12 2.212264820594272e-09 12362654
45.8765 1.050406818832565e-12 2.170062459373257e-09 12405282
45.9227 1.024158295704567e-12 2.120793261957957e-09 12414842
45.9689 9.98265334442144e-13 2.073926141682495e-09 12433278
46.0151 9.759643875040033e-13 2.032373269638095e-09 12469442
46.0613 9.528337488001346e-13 1.987331839662435e-09 12497106
46.1075 9.291804590658865e-13 1.943069779685273e-09 12513074
46.1537 9.07708646115805e-13 1.900640510192314e-09 12531902
46.1999 8.859876399891316e-13 1.861253729821234e-09 12567690
46.2461 8.666177772880101e-13 1.822344044620859e-09 12603338
46.2923 8.454734640657924e-13 1.78006161938126e-09 12612726
46.3385 8.247920945675092e-13 1.741505799613851e-09 12634802
46.3847 8.052573391883251e-13 1.702847966038396e-09 12662730
46.4309 7.877327427606475e-13 1.66950802083519e-09 12699086
46.4771 7.675592012183334e-13 1.63071923905923e-09 12711074
46.5233 7.504200307077439e-13 1.59724576569909e-09 12739098
46.5695 7.32857209315297e-13 1.563535579446346e-09 12769490
46.6157 7.152461027932968e-13 1.530648563475294e-09 12799686
46.6619 6.98777899610107e-13 1.498058367837283e-09 12828626
46.7081 6.809666119178534e-13 1.464159761330928e-09 12832794
46.7543 6.663542150371239e-13 1.436164314760684e-09 12875942
46.8005 6.507394451614406e-13 1.404448126384555e-09 12906314
46.8467 6.345018682067086e-13 1.373346516703119e-09 12913122
46.8929 6.196821429577847e-13 1.342739273530547e-09 12937346
46.9391 6.059348167996099e-13 1.315435161953168e-09 12973374
46.9853 5.923560826248476e-13 1.288853883108238e-09 13008170
47.0315 5.781120510166165e-13 1.258693369267819e-09 13025810
47.0777 5.641794419896146e-13 1.231543301253712e-09 13033590
47.1239 5.519905710791976e-13 1.207580132044922e-09 13083698
47.1701 5.382970669580252e-13 1.180620148329261e-09 13094706
47.2163 5.255177929677652e-13 1.155023235235936e-09 13119002
47.2625 5.137431807393079e-13 1.133069459788032e-09 13146318
47.3087 5.016628535200289e-13 1.109004191558071e-09 13167383
47.3549 4.900946278708954e-13 1.086347898067932e-09 13180844
47.4011 4.783358591756514e-13 1.061552326104597e-09 13147596
47.4473 4.669596014815191e-13 1.039689611041416e-09 13144028
47.4935 4.558976968649364e-13 1.016173021882932e-09 13122684
47.5397 4.449739470222989e-13 9.935028550563136e-10 13103336
47.5859 4.35226557150269e-13 9.734084673312991e-10 13108416
47.6321 4.242835085467366e-13 9.504905775508398e-10 13073744
47.6783 4.149407951584474e-13 9.311931191131709e-10 13076900
47.7245 4.043792307155949e-13 9.107072959438845e-10 13051992
47.7707 3.954393490090119e-13 8.916864835932126e-10 13056752
47.8169 3.859642155560639e-13 8.733389294184761e-10 13036344
47.8631 3.759763608719297e-13 8.533081346275235e-10 13009832
47.9093 3.673064185368752e-13 8.346307631452181e-10 12996668
47.9555 3.591665924538196e-13 8.184142597832169e-10 13003248
48.0017 3.498144660194158e-13 7.99331348767233e-10 12967172
48.0479 3.420279413599107e-13 7.82287265150182e-10 12963480
48.0941 3.343098422351946e-13 7.654947977153196e-10 12954260
48.1403 3.265552508334912e-13 7.494048807487893e-10 12942432
48.1865 3.184956975295973e-13 7.320688148374909e-10 12924296
48.2327 3.109567350371035e-13 7.161816057918966e-10 12903392
48.2789 3.040221469354901e-13 7.011110403598719e-10 12906168
48.3251 2.96688572246027e-13 6.85818840880512e-10 12873656
48.3713 2.893639805399816e-13 6.712499806874567e-10 12870720
48.4175 2.826251790066587e-13 6.56613270146157e-10 12855428
48.4637 2.763087876120707e-13 6.433038006060329e-10 12842256
48.5099 2.693571680720553e-13 6.287660626397755e-10 12820304
48.5561 2.633439664823194e-13 6.156834541640321e-10 12820328
48.6023 2.566712363944452e-13 6.017578544596064e-10 12794856
48.6485 2.512543570464475e-13 5.894657717006734e-10 12787940
48.6947 2.447788352915925e-13 5.754415879306003e-10 12748392
48.7409 2.391292246962149e-13 5.635101888943957e-10 12752756
48.7871 2.336842477401471e-13 5.511446108499663e-10 12732036
48.8333 2.286161013439969e-13 5.404152781256711e-10 12737132
48.8795 2.229421244380343e-13 5.280033247643821e-10 12712976
48.9257 2.176993385132705e-13 5.166260028084816e-10 12696348
48.9719 2.124043967963787e-13 5.051060699301506e-10 12673892
49.0181 2.077213802985894e-13 4.950106950316672e-10 12677316
49.0643 2.027837846392821e-13 4.84360867210985e-10 12650384
49.1105 1.976192805729328e-13 4.730284157356993e-10 12621344
49.1567 1.932602359702362e-13 4.630768513445634e-10 12624204
49.2029 1.891174774028428e-13 4.540959927393815e-10 12615632
49.2491 1.843977693223979e-13 4.441666644549064e-10 12600420
49.2953 1.800389725975055e-13 4.337758608961674e-10 12570224
49.3415 1.759471241126279e-13 4.252223448451119e-10 12566868
49.3877 1.717585996919898e-13 4.15697700875919e-10 12545828
49.4339 1.6780712062001e-13 4.066853551649578e-10 12538232
49.4801 1.635675702077635e-13 3.976595719852982e-10 12496452
49.5263 1.600554197572355e-13 3.896229175517524e-10 12502688
49.5725 1.563590110492655e-13 3.814725533520627e-10 12498708
49.6187 1.525881071162443e-13 3.731023723834297e-10 12469640
49.6649 1.489249581972334e-13 3.647373681352181e-10 12440136
49.7111 1.455721088594741e-13 3.571535182623819e-10 12442412
49.7573 1.42334169025568e-13 3.497813239777482e-10 12433712
49.8035 1.389093976549141e-13 3.419893391168696e-10 12410544
49.8497 1.355597463015841e-13 3.346153999395072e-10 12381512
49.8959 1.32510273133162e-13 3.277799809358344e-10 12378960
49.9421 1.294161491784034e-13 3.20614687779899e-10 12366872
49.9883 1.26335038774476e-13 3.139563163606644e-10 12345588
50.0345 1.234050781850467e-13 3.071608362216995e-10 12327008
50.0807 1.205995635356405e-13 3.007561333856204e-10 12313388
50.1269 1.17765009773309e-13 2.942974054919755e-10 12306768
50.1731 1.14984433990044e-13 2.877721996388312e-10 12275504
50.2193 1.123664475873658e-13 2.817118268128268e-10 12265620
50.2655 1.09640727739493e-13 2.754204309517569e-10 12236324
50.3117 1.074298558794717e-13 2.700949422296915e-10 12253880
50.3579 1.047808081184399e-13 2.642528918921661e-10 12219756
50.4041 1.022493506516127e-13 2.582726421198564e-10 12195524
50.4503 9.99625855619392e-14 2.531678682333772e-10 12189000
50.4965 9.751994558063314e-14 2.475846994416937e-10 12170168
50.5427 9.534623027947528e-14 2.423328489336479e-10 12147588
50.5889 9.313942230843122e-14 2.373678509605701e-10 12134360
50.6351 9.094965810751194e-14 2.322576823416391e-10 12122816
50.6813 8.893527976505575e-14 2.273765624665979e-10 12107580
50.7275 8.692981135127607e-14 2.226063156382128e-10 12098972
50.7737 8.471192814720134e-14 2.17450376465822e-10 12054744
50.8199 8.293321521950046e-14 2.13171865250132e-10 12056912
50.8661 8.094483697580903e-14 2.08647203835903e-10 12039108
50.9123 7.914122720742291e-14 2.041719480006861e-10 12019400
50.9585 7.719589110315693e-14 1.995316170791374e-10 11996936
51.0047 7.543905843862972e-14 1.955714953705252e-10 11979744
51.0509 7.384692748207072e-14 1.915389242339656e-10 11975504
51.0971 7.20642401475563e-14 1.876025437012034e-10 11963472
51.1433 7.037147759217627e-14 1.834306637683644e-10 11928692
51.1895 6.875215511325183e-14 1.794169347808744e-10 11920356
51.2357 6.721787391059194e-14 1.759693433537029e-10 11900072
51.2819 6.570899651154441e-14 1.722023416815462e-10 11897312
51.3281 6.409342026403126e-14 1.683559227811747e-10 11857164
51.3743 6.259349105831574e-14 1.647186963130681e-10 11842556
51.4205 6.131952674160633e-14 1.614668856041023e-10 11841552
51.4667 5.983722033506706e-14 1.579875578764045e-10 11811860
51.5129 5.841040929876501e-14 1.54558170592212e-10 11798888
51.5591 5.712622453654482e-14 1.512349879022403e-10 11768748
51.6053 5.587147567122155e-14 1.483520081068245e-10 11777096
51.6515 5.45049308412683e-14 1.44926383142238e-10 11733936
51.6977 5.321064867763141e-14 1.417303382659948e-10 11714324
51.7439 5.214960953152937e-14 1.39280240056632e-10 11725020
51.7901 5.088958138360227e-14 1.361217657782624e-10 11696816
51.8363 4.967835977903863e-14 1.331790933602089e-10 11666048
51.8825 4.860698644733203e-14 1.305285203543057e-10 11661996
51.9287 4.749608061064192e-14 1.276622259889984e-10 11645228
51.9749 4.639394102689234e-14 1.250300098917135e-10 11620884
52.0211 4.526406707911882e-14 1.222364163531598e-10 11590808
52.0673 4.432898807885231e-14 1.198002264065584e-10 11587908
52.1135 4.328856943054374e-14 1.172147606978686e-10 11569028
52.1597 4.234405055067109e-14 1.149241259675815e-10 11558012
52.2059 4.131989367317909e-14 1.123216298031401e-10 11528724
52.2521 4.037679366902251e-14 1.099611743643266e-10 11506964
52.2983 3.951307975486187e-14 1.077208887394819e-10 11494536
52.3445 3.856653964991718e-14 1.054158870264327e-10 11477444
52.3907 3.769083748648669e-14 1.032634967681724e-10 11456804
52.4369 3.681999765760163e-14 1.009889002716602e-10 11428740
52.4831 3.601088270227334e-14 9.903669208533574e-11 11427272
52.5293 3.519351836761292e-14 9.692559846599592e-11 11407524
52.5755 3.436573365095882e-14 9.479544087273907e-11 11376992
52.6217 3.359884027203098e-14 9.292249062564481e-11 11363952
52.6679 3.283829258431491e-14 9.091621862628354e-11 11346680
52.7141 3.208019835199105e-14 8.895381378355509e-11 11322272
52.7603 3.137477424935402e-14 8.716971508709112e-11 11313672
52.8065 3.065270749721737e-14 8.520979362975209e-11 11276120
52.8527 2.998272906726978e-14 8.361280741748474e-11 11283648
52.8989 2.925948500765185e-14 8.17436330345267e-11 11248088
52.9451 2.864403042285827e-14 8.009866574493837e-11 11240592
52.9913 2.797365478799466e-14 7.845446605137027e-11 11217380
53.0375 2.730629799436686e-14 7.67272011792748e-11 11185436
53.0837 2.672521336174132e-14 7.51730715322663e-11 11182920
53.1299 2.608876913525475e-14 7.360434203476892e-11 11148968
53.1761 2.549972581521135e-14 7.200469533676463e-11 11132988
53.2223 2.493824627967285e-14 7.057491192128795e-11 11121068
53.2685 2.432865029713631e-14 6.897605039241399e-11 11080992
53.3147 2.388264286805443e-14 6.776658819755674e-11 11101004
53.3609 2.327532674229359e-14 6.619503634466683e-11 11052488
53.4071 2.275018713836643e-14 6.480258402815107e-11 11042760
53.4533 2.2265114191036e-14 6.346633655447826e-11 11024240
53.4995 2.173438905274206e-14 6.214538524151073e-11 11000652
53.5457 2.12560922095568e-14 6.087465936391967e-11 10983116
53.5919 2.075148335749743e-14 5.950140158875062e-11 10951520
53.6381 2.03165737168896e-14 5.841492203706906e-11 10954992
53.6843 1.985710307318928e-14 5.713521365210212e-11 10922468
53.7305 1.937985912869253e-14 5.595529084009412e-11 10900932
53.7767 1.893042080456201e-14 5.470804023400979e-11 10876700
53.8229 1.855878996323597e-14 5.370698165702851e-11 10874520
53.8691 1.810319578476831e-14 5.245625163977212e-11 10837064
53.9153 1.768996793259658e-14 5.136491866632496e-11 10811504
53.9615 1.733192719172121e-14 5.039446842456672e-11 10817724
54.0077 1.690820597894337e-14 4.92876805509936e-11 10782764
54.0539 1.654224156576387e-14 4.822190330324496e-11 10759932
54.1001 1.615790762247763e-14 4.723779367421125e-11 10739204
54.1463 1.579827786287386e-14 4.627669566887184e-11 10720560
54.1925 1.546186725337813e-14 4.534336742478945e-11 10715144
54.2387 1.50803581849241e-14 4.431468897001197e-11 10664960
54.2849 1.474296501744534e-14 4.338395473999488e-11 10661076
54.3311 1.443452433109708e-14 4.25286408676479e-11 10634540
54.3773 1.410516809715238e-14 4.167428118417245e-11 10629012
54.4235 1.37901945780281e-14 4.077482005351863e-11 10600856
54.4697 1.346181761516778e-14 3.987762391625069e-11 10566600
54.5159 1.318791475091041e-14 3.914413317827125e-11 10567232
54.5621 1.287578202923555e-14 3.826021850470478e-11 10531880
54.6083 1.259594192344346e-14 3.751700671257113e-11 10530996
54.6545 1.228555022587845e-14 3.665250887863231e-11 10477004
54.7007 1.203028867833024e-14 3.590967740872759e-11 10471488
54.7469 1.177423710342852e-14 3.523167463664912e-11 10464068
54.7931 1.149667890999129e-14 3.443384072412838e-11 10430660
54.8393 1.125306298371073e-14 3.374818240321065e-11 10419756
54.8855 1.098124765885568e-14 3.303630572872617e-11 10384784
54.9317 1.074843200625817e-14 3.235338859925821e-11 10374072
54.9779 1.049765055848308e-14 3.166714641857122e-11 10348256
55.0241 1.025748233975137e-14 3.100292733993811e-11 10318008
55.0703 1.004325190322493e-14 3.039305433822944e-11 10309604
55.1165 9.808630531380821e-15 2.974864108820102e-11 10286924
55.1627 9.586574319107022e-15 2.911761103577988e-11 10261848
55.2089 9.383391064483002e-15 2.853033089554356e-11 10243016
55.2551 9.158366569048559e-15 2.791338403070993e-11 10211616
55.3013 8.964094485416788e-15 2.735225388454369e-11 10207340
55.3475 8.754769009335909e-15 2.674945860561235e-11 10164252
55.3937 8.57248065703734e-15 2.6240523146027e-11 10159472
55.4399 8.369607088608375e-15 2.563659863839489e-11 10129184
55.4861 8.191967372538312e-15 2.515026871566742e-11 10114464
55.5323 8.010529944226977e-15 2.464277014922005e-11 10103336
55.5785 7.819795702750751e-15 2.406478761977034e-11 10049364
55.6247 7.656444625727885e-15 2.363328604959071e-11 10056980
55.6709 7.475951356297246e-15 2.311502682976285e-11 10027464
55.7171 7.309636383336435e-15 2.264045027957337e-11 10001132
55.7633 7.149730677839002e-15 2.218947049778924e-11 9984704
55.8095 6.979185651564155e-15 2.168378683652186e-11 9946872
55.8557 6.837771835332523e-15 2.127761335146534e-11 9950204
55.9019 6.678443004971659e-15 2.081949899871494e-11 9907884
55.9481 6.531332822029703e-15 2.03565593237272e-11 9890480
55.9943 6.380679800646012e-15 1.994120373385722e-11 9864212
56.0405 6.247329126912465e-15 1.95466693124488e-11 9850680
56.0867 6.111156507715207e-15 1.913281920944875e-11 9831356
56.1329 5.954736335641218e-15 1.870806454513625e-11 9781176
56.1791 5.836613531414535e-15 1.835309821337433e-11 9789368
56.2253 5.705550650020621e-15 1.798003104318805e-11 9760404
56.2715 5.574210692413238e-15 1.760531169332156e-11 9735800
56.3177 5.450579776555953e-15 1.722503344970178e-11 9711092
56.3639 5.326934078735551e-15 1.687646635652999e-11 9689040
56.4101 5.210847178435512e-15 1.65266863646284e-11 9668192
56.4563 5.096837129631249e-15 1.617657786807581e-11 9643500
56.5025 4.977330590583485e-15 1.583551398411044e-11 9617840
56.5487 4.867395898355077e-15 1.550271684321583e-11 9596220
56.5949 4.767202522352625e-15 1.519601958376e-11 9579572
56.6411 4.653990787461171e-15 1.487526641026181e-11 9553832
56.6873 4.549746941569186e-15 1.454490010961339e-11 9523872
56.7335 4.446046499839615e-15 1.425221737794689e-11 9502856
56.7797 4.355331284569759e-15 1.398341513628086e-11 9490980
56.8259 4.250565717004032e-15 1.365863936191798e-11 9456200
56.8721 4.155219926854523e-15 1.339169538812441e-11 9434060
56.9183 4.064049337383546e-15 1.311278446659181e-11 9409128
56.9645 3.974646471037549e-15 1.284083124427877e-11 9392816
57.0107 3.883314713162226e-15 1.257683396311604e-11 9367812
57.0569 3.794257972106023e-15 1.229392276050988e-11 9335648
57.1031 3.721900263833505e-15 1.207840886615412e-11 9334140
57.1493 3.627522535821562e-15 1.179451974907758e-11 9287804
57.1955 3.553113551094529e-15 1.156181389483956e-11 9280268
57.2417 3.464374143672168e-15 1.129121638014731e-11 9232656
57.2879 3.398206269933223e-15 1.10931855432993e-11 9235316
57.3341 3.318709529813025e-15 1.084066051661111e-11 9201576
57.3803 3.239657808026082e-15 1.062012910411548e-11 9175664
57.4265 3.172066673787345e-15 1.040011748938015e-11 9151536
57.4727 3.10098764518006e-15 1.018934076431491e-11 9128240
57.5189 3.030849465395705e-15 9.972003316772203e-12 9109832
57.5651 2.959946904130023e-15 9.752781593858919e-12 9072324
57.6113 2.900087663489928e-15 9.565158658092168e-12 9060392
57.6575 2.830035973422739e-15 9.357592253325811e-12 9034272
57.7037 2.769949405046912e-15 9.166413694915778e-12 9008744
57.7499 2.707370106871023e-15 8.972600522929969e-12 8989764
57.7961 2.646045181174133e-15 8.785902116480949e-12 8956412
57.8423 2.590918558457593e-15 8.605272495364358e-12 8941880
57.8885 2.52922032769324e-15 8.426717443976074e-12 8914968
57.9347 2.471832279858906e-15 8.236682678879221e-12 8881592
57.9809 2.420299092079165e-15 8.072306374230183e-12 8866164
58.0271 2.362661104707878e-15 7.90370717087485e-12 8832464
58.0733 2.311607143600879e-15 7.733942102712645e-12 8819384
58.1195 2.258457387695965e-15 7.578789704358053e-12 8784948
58.1657 2.209177107903222e-15 7.423779766785939e-12 8766056
58.2119 2.159231862185033e-15 7.26071058432299e-12 8741592
58.2581 2.111105039597323e-15 7.117082244572397e-12 8715404
58.3043 2.064640075979037e-15 6.968301574560058e-12 8693160
58.3505 2.015979241795666e-15 6.812448220289725e-12 8660528
58.3967 1.970661363883459e-15 6.67374367640631e-12 8638364
58.4429 1.928818896844326e-15 6.537239117171285e-12 8622660
58.4891 1.885565219286187e-15 6.399848545245401e-12 8587712
58.5353 1.841826242352067e-15 6.268140459412936e-12 8569368
58.5815 1.800274425471345e-15 6.126583054845384e-12 8529836
58.6277 1.7625689771908e-15 6.015988403848092e-12 8529840
58.6739 1.720701696149381e-15 5.878123278370725e-12 8486240
58.7201 1.68272090556448e-15 5.753699151764526e-12 8464964
58.7663 1.64330948640542e-15 5.636320196121183e-12 8441376
58.8125 1.606865207279615e-15 5.513420293571893e-12 8401016
58.8587 1.573941904701002e-15 5.414429516565953e-12 8409180
58.9049 1.534101407813415e-15 5.285197126293382e-12 8351564
58.9511 1.501671615343298e-15 5.178359679327092e-12 8339304
58.9973 1.467318867320255e-15 5.072346021318968e-12 8310416
59.0435 1.434286644042285e-15 4.965965531653741e-12 8286104
59.0897 1.402154178106133e-15 4.856573059287273e-12 8262372
59.1359 1.369333024073483e-15 4.755030767398873e-12 8225852
59.1821 1.342569400835496e-15 4.665626416581951e-12 8224104
59.2283 1.309290238064277e-15 4.554905989752848e-12 8180564
59.2745 1.279356140621457e-15 4.461253020267677e-12 8150744
59.3207 1.25345994876477e-15 4.371515779412691e-12 8137680
59.3669 1.224976838330883e-15 4.284274369899256e-12 8111156
59.4131 1.194776162980939e-15 4.186998966408835e-12 8078748
59.4593 1.167713576814012e-15 4.093770378742012e-12 8045600
59.5055 1.143377931400774e-15 4.021333286340729e-12 8035524
59.5517 1.117381953907518e-15 3.930763272159862e-12 8002928
59.5979 1.091495790140612e-15 3.845208512335337e-12 7975760
59.6441 1.066495235661672e-15 3.763334846827766e-12 7946448
59.6903 1.044596437952287e-15 3.689462535360413e-12 7924280
59.7365 1.019737238127921e-15 3.606587344394258e-12 7899672
59.7827 9.966746687616602e-16 3.532205010255924e-12 7869572
59.8289 9.735901800891477e-16 3.45130163038497e-12 7830276
59.8751 9.53757132070346e-16 3.386876696835299e-12 7826636
59.9213 9.308112971550146e-16 3.312934090260612e-12 7792388
59.9675 9.106907625681847e-16 3.241413884194137e-12 7765296
60.0137 8.891178266694412e-16 3.173081480351767e-12 7733948
60.0599 8.70241307187855e-16 3.107029895390674e-12 7710948
60.1061 8.505183134548512e-16 3.041384194907285e-12 7689260
60.1523 8.299051839506084e-16 2.974633843903293e-12 7649916
60.1985 8.131015447627233e-16 2.915334999061995e-12 7638020
60.2447 7.931945718255871e-16 2.849915758840121e-12 7597136
60.2909 7.763701338862933e-16 2.794777165556882e-12 7586532
60.3371 7.577201745509919e-16 2.72645078938655e-12 7540628
60.3833 7.417852827412255e-16 2.67553652824868e-12 7519344
60.4295 7.251071425114469e-16 2.616785684245728e-12 7501880
60.4757 7.090957686184533e-16 2.559604656710853e-12 7466540
60.5219 6.924304968449113e-16 2.50598167588127e-12 7440012
60.5681 6.770860689025427e-16 2.451522086242597e-12 7414112
60.6143 6.61602047216403e-16 2.399015003933765e-12 7382808
60.6605 6.466147821003417e-16 2.35001590360272e-12 7365056
60.7067 6.322929920459621e-16 2.299355742087622e-12 7324200
60.7529 6.178092931785438e-16 2.251378644695326e-12 7308356
60.7991 6.035968193657725e-16 2.20253024281348e-12 7275944
60.8453 5.897665406072807e-16 2.151727798044953e-12 7238628
60.8915 5.779261499838573e-16 2.114124786750014e-12 7231832
60.9377 5.638517913190749e-16 2.062986412130509e-12 7189104
60.9839 5.512019407014527e-16 2.018851662538921e-12 7168592
61.0301 5.387448606166058e-16 1.977245352137259e-12 7136184
61.0763 5.271526091554656e-16 1.934108679126471e-12 7116188
61.1225 5.146698813652049e-16 1.892405123818043e-12 7077644
61.1687 5.028464190145854e-16 1.852715875591173e-12 7053780
61.2149 4.923726372203382e-16 1.813262585440281e-12 7031900
61.2611 4.807250323118513e-16 1.774428660965515e-12 6993612
61.3073 4.698723822966483e-16 1.736090619891293e-12 6976868
61.3535 4.586792285890184e-16 1.697303907988081e-12 6934520
61.3997 4.488495351177208e-16 1.664504206666318e-12 6920268
61.4459 4.386650854669909e-16 1.628078750742977e-12 6889172
61.4921 4.278856086369581e-16 1.589512938329432e-12 6844680
61.5383 4.186869614504339e-16 1.559540178710252e-12 6834860
61.5845 4.09790151155598e-16 1.525394002470709e-12 6802656
61.6307 4.002550819425303e-16 1.493252284016214e-12 6777188
61.6769 3.904194554305126e-16 1.458577538873913e-12 6737144
61.7231 3.820876776743424e-16 1.427008228572389e-12 6712620
61.7693 3.737256849654475e-16 1.400195191555683e-12 6695444
61.8155 3.647162412104358e-16 1.367064005747489e-12 6653604
61.8617 3.561168613601333e-16 1.336873584340956e-12 6626744
61.9079 3.485241226879595e-16 1.311696252867252e-12 6602196
61.9541 3.40402666044786e-16 1.282096493165615e-12 6571892
62.0003 3.32425015731096e-16 1.254402255531856e-12 6541832
62.0465 3.245517369911476e-16 1.226639528946028e-12 6504960
62.0927 3.179581343502623e-16 1.202913576767523e-12 6496244
62.1389 3.101982919364642e-16 1.17577692592207e-12 6453468
62.1851 3.032333813084806e-16 1.151087639664531e-12 6432680
62.2313 2.960487923483294e-16 1.12481532169341e-12 6396960
62.2775 2.89192493950427e-16 1.101207510860504e-12 6364784
62.3237 2.832878093863315e-16 1.080214878971649e-12 6352916
62.3699 2.762395820365268e-16 1.053803090503396e-12 6304836
62.4161 2.698713522449418e-16 1.032108937054066e-12 6282080
62.4623 2.63770278544341e-16 1.009449593492875e-12 6251508
62.5085 2.578179486199018e-16 9.888954467540732e-13 6225728
62.5547 2.511567385441668e-16 9.654220373538454e-13 6187640
62.6009 2.459904134476092e-16 9.457552215630386e-13 6159276
62.6471 2.402622265115785e-16 9.266433592338148e-13 6141404
62.6933 2.346193482195337e-16 9.059976931067244e-13 6104412
62.7395 2.291491264529445e-16 8.856546823976724e-13 6071612
62.7857 2.239591861238209e-16 8.681686273218202e-13 6046032
62.8319 2.188334649294479e-16 8.486667969610902e-13 6013244
62.8781 2.13729643197719e-16 8.304135174381963e-13 5990204
62.9243 2.086038061839888e-16 8.120402579611158e-13 5950020
62.9705 2.042867693644111e-16 7.957133406222772e-13 5938520
63.0167 1.989847737278253e-16 7.771198373896289e-13 5890944
63.0629 1.946012809275836e-16 7.608063414070725e-13 5864480
63.1091 1.900214998846344e-16 7.435142197711755e-13 5834628
63.1553 1.858443072291325e-16 7.294301582226511e-13 5806868
63.2015 1.813644760766166e-16 7.126959825417538e-13 5779796
63.2477 1.771287280603196e-16 6.972326906735613e-13 5744076
63.2939 1.730240933962952e-16 6.828935958649913e-13 5716436
63.3401 1.689562361146947e-16 6.671342047174866e-13 5686140
63.3863 1.64898133077892e-16 6.527034798611602e-13 5648924
63.4325 1.612545607580059e-16 6.396617007909089e-13 5631720
63.4787 1.57490773998691e-16 6.251541788928646e-13 5592584
63.5249 1.537424705321254e-16 6.120124632868477e-13 5565032
63.5711 1.499868826582605e-16 5.977738382319997e-13 5527812
63.6173 1.467731553481179e-16 5.85307358394382e-13 5502944
63.6635 1.433255776383758e-16 5.736661089313628e-13 5479728
63.7097 1.398559019601753e-16 5.59663301192223e-13 5435888
63.7559 1.366083107092247e-16 5.480056794503408e-13 5413076
63.8021 1.33387193632754e-16 5.362822723165553e-13 5379972
63.8483 1.303357088570273e-16 5.247307200897995e-13 5348924
63.8945 1.270987426045564e-16 5.131651222580372e-13 5317392
63.9407 1.240973435974377e-16 5.016720295892625e-13 5279504
63.9869 1.215442462067304e-16 4.922877947946565e-13 5268480
64.0331 1.184101957445843e-16 4.809214665219098e-13 5223572
64.0793 1.155818470511322e-16 4.69698749017136e-13 5190452
64.1255 1.129017206160699e-16 4.595922117334085e-13 5162808
64.1716 1.102816559348553e-16 4.499285762457699e-13 5130032
64.2178 1.076895502375454e-16 4.396651902941611e-13 5102844
64.264 1.050569859164307e-16 4.300395670240967e-13 5064404
64.3102 1.027557773306189e-16 4.212505304267726e-13 5041788
64.3564 1.002823349561853e-16 4.11588488480785e-13 5006048
64.4026 9.793091106672057e-17 4.029089287537887e-13 4974476
64.4488 9.5593125576606e-17 3.938793351104322e-13 4944876
64.495 9.333554054494185e-17 3.850549380901086e-13 4906532
64.5412 9.118729591168107e-17 3.773649299817575e-13 4887960
64.5874 8.891501098672327e-17 3.68228682110603e-13 4844576
64.6336 8.673244604913951e-17 3.598244698048331e-13 4814876
64.6798 8.485693757353029e-17 3.530992163599846e-13 4789392
64.726 8.271265642916423e-17 3.440249026435968e-13 4742684
64.7722 8.097260732531431e-17 3.378267516919484e-13 4734516
64.8184 7.885062910128412e-17 3.293219449650956e-13 4682588
64.8646 7.719434211885966e-17 3.226200357011118e-13 4661736
64.9108 7.52700677263734e-17 3.153802986453209e-13 4628360
64.957 7.342276535523224e-17 3.078257187095508e-13 4589408
65.0032 7.169839080925288e-17 3.009036524051462e-13 4560588
65.0494 7.004154915917423e-17 2.948030201402476e-13 4531724
65.0956 6.842569103938167e-17 2.880760782939677e-13 4499988
65.1418 6.662319423265603e-17 2.813614828094341e-13 4461728
65.188 6.516983713441948e-17 2.754804149159484e-13 4433484
65.2342 6.367528585201928e-17 2.694895424407363e-13 4405280
65.2804 6.20296405241957e-17 2.629153970273533e-13 4360472
65.3266 6.05713170353745e-17 2.572019380307982e-13 4339080
65.3728 5.916886224378744e-17 2.513524093962369e-13 4301396
65.419 5.775396728823374e-17 2.458709841822633e-13 4271340
65.4652 5.634867373164818e-17 2.399659755206354e-13 4239968
65.5114 5.500424118991016e-17 2.344896920837167e-13 4201116
65.5576 5.369522411579395e-17 2.295175214919429e-13 4177748
65.6038 5.247493793272755e-17 2.240274017984596e-13 4136636
65.65 5.114593860841458e-17 2.192110644594122e-13 4110516
65.6962 4.995080677197952e-17 2.140799659281381e-13 4075076
65.7424 4.875847538104589e-17 2.08850883697478e-13 4037220
65.7886 4.752438633876479e-17 2.044285475800298e-13 4008632
65.8348 4.641252267372362e-17 1.993720261197758e-13 3972800
65.881 4.52869031034572e-17 1.950604035505093e-13 3946224
65.9272 4.419684667926276e-17 1.905283313324867e-13 3908516
65.9734 4.312429963220338e-17 1.859176081726614e-13 3876912
66.0196 4.206556382885678e-17 1.814744256740982e-13 3839720
66.0658 4.113289216245744e-17 1.777309110628664e-13 3813012
66.112 4.006300706683309e-17 1.73114529224173e-13 3777968
66.1582 3.906208425167897e-17 1.688935668702447e-13 3737048
66.2044 3.814081136628636e-17 1.651380833240292e-13 3713520
66.2506 3.72702022437669e-17 1.611655734637777e-13 3677996
66.2968 3.627297370449462e-17 1.572428514223502e-13 3640800
66.343 3.539070389466521e-17 1.533179577278378e-13 3607976
66.3892 3.451250868215766e-17 1.496074665284222e-13 3570924
66.4354 3.369788106711352e-17 1.464340972299515e-13 3545936
66.4816 3.285861625503722e-17 1.424920324425888e-13 3506408
66.5278 3.199151585419705e-17 1.389767807415037e-13 3471600
66.574 3.127199538154169e-17 1.357094650476833e-13 3442172
66.6202 3.046776787289707e-17 1.322819482786703e-13 3407676
66.6664 2.967701530703163e-17 1.290015399390013e-13 3373964
66.7126 2.893103992692544e-17 1.255081698414775e-13 3336468
66.7588 2.825078527133386e-17 1.225914620147304e-13 3307520
66.805 2.749563724427866e-17 1.194272612631937e-13 3272000
66.8512 2.680630179349719e-17 1.163059981131798e-13 3237408
66.8974 2.60703944198663e-17 1.131321313919071e-13 3196721
66.9436 2.554163484201175e-17 1.108439027079896e-13 3179382
66.9898 2.479318907351808e-17 1.074248751233391e-13 3135572
67.036 2.409896303148567e-17 1.047424881421364e-13 3103196
67.0822 2.35597235031193e-17 1.022810707905592e-13 3079200
67.1284 2.29831938737939e-17 9.9793325607255e-14 3053732
67.1746 2.232389566151973e-17 9.715171085579899e-14 3018894
67.2208 2.175634822617107e-17 9.460887753688456e-14 2988590
67.267 2.127262825324561e-17 9.263968857578158e-14 2970498
67.3132 2.068911036580091e-17 9.026197289438633e-14 2938226
67.3594 2.017331771846914e-17 8.789549770061774e-14 2910458
67.4056 1.962946022439432e-17 8.569858657766505e-14 2883180
67.4518 1.915484966979515e-17 8.373971199447576e-14 2860964
67.498 1.867284127277256e-17 8.161449744353591e-14 2833284
67.5442 1.816388519976762e-17 7.955655469149277e-14 2808758
67.5904 1.768925993174704e-17 7.744692550572658e-14 2780862
67.6366 1.7263655080643e-17 7.56853060698371e-14 2758742
67.6828 1.680693001049391e-17 7.384555042908694e-14 2734520
67.729 1.63793954607214e-17 7.194583165506931e-14 2707878
67.7752 1.597144487499948e-17 7.029009461357847e-14 2685368
67.8214 1.554766139202657e-17 6.850054297764117e-14 2660304
67.8676 1.518054588964814e-17 6.691602085016971e-14 2642216
67.9138 1.47299620511258e-17 6.508986527330509e-14 2610312
67.96 1.439028852908076e-17 6.361118038779186e-14 2593256
68.0062 1.400987467607406e-17 6.197834724568248e-14 2569946
68.0524 1.361372932785438e-17 6.038370316639313e-14 2542752
68.0986 1.331440340714567e-17 5.897407555397917e-14 2526218
68.1448 1.295481693774629e-17 5.752209385186543e-14 2501610
68.191 1.260978430571743e-17 5.612342617909199e-14 2479202
68.2372 1.230333939939524e-17 5.471270623484792e-14 2457824
68.2834 1.197650428373194e-17 5.343947423351641e-14 2436522
68.3296 1.166307583237236e-17 5.210534705692221e-14 2413964
68.3758 1.13828765856069e-17 5.081315750491528e-14 2396034
68.422 1.103854642539021e-17 4.946765423815691e-14 2369162
68.4682 1.079034042123028e-17 4.835698612352418e-14 2354394
68.5144 1.050586511998111e-17 4.711374316574853e-14 2332340
68.5606 1.021250596841744e-17 4.595548196585692e-14 2309150
68.6068 9.948492289391044e-18 4.476361921907295e-14 2288172
68.653 9.703406961997285e-18 4.37535222834589e-14 2269922
68.6992 9.454897864025867e-18 4.268318730616881e-14 2250780
68.7454 9.205850498960936e-18 4.159479170098758e-14 2229338
68.7916 8.966669182000378e-18 4.058557803062349e-14 2210772
68.8378 8.734663692448128e-18 3.960230005110619e-14 2192108
68.884 8.500751554823818e-18 3.857364051333577e-14 2170988
68.9302 8.275374448495835e-18 3.764681194180168e-14 2152722
68.9764 8.066890407086852e-18 3.669005313547258e-14 2132996
69.0226 7.864756857020968e-18 3.584937688859627e-14 2117244
69.0688 7.629398864319121e-18 3.488088520985301e-14 2092700
69.115 7.444229222986069e-18 3.401503925411073e-14 2074508
69.1612 7.264030508126659e-18 3.331347085967947e-14 2061852
69.2074 7.06925266498315e-18 3.242946418322021e-14 2041724
69.2536 6.867121643293536e-18 3.154973269762137e-14 2018460
69.2998 6.69387325048283e-18 3.082813288955001e-14 2003006
69.346 6.533872149839624e-18 3.0110460325339e-14 1989396
69.3922 6.353099684481333e-18 2.92911605152875e-14 1968260
69.4384 6.171734477115464e-18 2.854657051816218e-14 1946780
69.4846 6.02989374677849e-18 2.784847699166595e-14 1934142
69.5308 5.875902533376471e-18 2.723157340561479e-14 1918124
69.577 5.70265829783199e-18 2.650831841796986e-14 1896468
69.6232 5.560080035226059e-18 2.581970170082921e-14 1879406
69.6694 5.414334226283823e-18 2.52291780918789e-14 1864284
69.7156 5.284402967745779e-18 2.464369566578101e-14 1850846
69.7618 5.124571292166222e-18 2.390463248295282e-14 1826084
69.808 4.994313615009612e-18 2.338895367050905e-14 1814094
69.8542 4.875802072454336e-18 2.281382425069722e-14 1799300
69.9004 4.742672494210728e-18 2.222759405381629e-14 1780710
69.9466 4.615347940999379e-18 2.169106295329925e-14 1764884
69.9928 4.485732198968255e-18 2.108427977694827e-14 1744434
70.039 4.381225203853602e-18 2.064312913605859e-14 1734356
70.0852 4.261649796341351e-18 2.010047618787304e-14 1717670
70.1314 4.143882911735835e-18 1.955779635109965e-14 1697718
70.1776 4.032603662059707e-18 1.908029940213996e-14 1682948
70.2238 3.936551062230586e-18 1.863542357805852e-14 1670502
70.27 3.827427094591087e-18 1.815583455995477e-14 1654382
70.3162 3.722066016454125e-18 1.768587081460553e-14 1635902
70.3624 3.631524208679075e-18 1.726211745645786e-14 1623948
70.4086 3.53338453804955e-18 1.683673502035655e-14 1607870
70.4548 3.437409471598145e-18 1.641255989520547e-14 1591710
70.501 3.344087221751134e-18 1.595498639734906e-14 1575254
70.5472 3.263827253921603e-18 1.564050314563068e-14 1565550
70.5934 3.166782193556815e-18 1.517748096929538e-14 1546364
70.6396 3.084920841887881e-18 1.47908863740108e-14 1531526
70.6858 2.998734881553007e-18 1.442384939702691e-14 1516926
70.732 2.935568790290192e-18 1.412039206164405e-14 1508390
70.7782 2.841330924385196e-18 1.367641014552603e-14 1486182
70.8244 2.771705675958164e-18 1.33958193844433e-14 1475414
70.8706 2.695643011871675e-18 1.302205008605903e-14 1459662
70.9168 2.628301877241406e-18 1.27200512676897e-14 1447358
70.963 2.555350563283809e-18 1.239745365454253e-14 1433654
71.0092 2.485252848172667e-18 1.206158572043573e-14 1417218
71.0554 2.418542343476692e-18 1.177606666060084e-14 1405838
71.1016 2.355915461205379e-18 1.147119437280545e-14 1392414
71.1478 2.287120472252228e-18 1.115488487219907e-14 1376246
71.194 2.22711451338051e-18 1.088806031001201e-14 1363542
71.2402 2.176466326056422e-18 1.0640820588565e-14 1352918
71.2864 2.112523925867279e-18 1.03605651351999e-14 1338134
71.3326 2.053915379076154e-18 1.009765604463864e-14 1323840
71.3788 1.999596342124873e-18 9.811852374463519e-15 1308782
71.425 1.949681691903562e-18 9.614035194550628e-15 1301238
71.4712 1.891359202161003e-18 9.329074104873809e-15 1284854
71.5174 1.838875317789049e-18 9.06763280748818e-15 1268942
71.5636 1.790518829471242e-18 8.876958315409069e-15 1261590
71.6098 1.744078804080164e-18 8.638474961998406e-15 1247528
71.656 1.693368496739591e-18 8.406730932110252e-15 1233438
71.7022 1.643943677779872e-18 8.188235456720483e-15 1217750
71.7484 1.610832719658063e-18 8.013971485205516e-15 1213134
71.7946 1.56376356174608e-18 7.798267593778792e-15 1197782
71.8408 1.514275845418575e-18 7.582044044026141e-15 1180700
71.887 1.478296426871581e-18 7.392086405146411e-15 1171854
71.9332 1.438721660195837e-18 7.229030066345412e-15 1163174
71.9794 1.393464454645304e-18 6.997774576166602e-15 1146192
72.0256 1.356152728158164e-18 6.8279716404952e-15 1135046
72.0718 1.318364707408163e-18 6.655099463695274e-15 1124070
72.118 1.28607457601686e-18 6.492171046235145e-15 1113638
72.1642 1.248022232223934e-18 6.31696615657019e-15 1100408
72.2104 1.213522550243866e-18 6.157872497750963e-15 1087734
72.2566 1.182824744041145e-18 6.002666372728599e-15 1078334
72.3028 1.150430006105533e-18 5.859551165811665e-15 1066848
72.349 1.117590845474733e-18 5.701949080238553e-15 1055558
72.3952 1.083225020839783e-18 5.528638915733293e-15 1039512
72.4414 1.054660026993231e-18 5.410645143806486e-15 1034006
72.4876 1.027327907417573e-18 5.262312859398021e-15 1023206
72.5338 9.942633210589909e-19 5.114885331422204e-15 1008276
72.58 9.653683978231647e-19 4.975966466716116e-15 996998
72.6262 9.430973789865908e-19 4.868937510619308e-15 990336
72.6724 9.161186285865848e-19 4.740504522811777e-15 977246
72.7186 8.879668026549806e-19 4.605178776325035e-15 964328
72.7648 8.658487365587316e-19 4.494373252600285e-15 955686
72.811 8.426515219834011e-19 4.391707266177732e-15 947630
72.8572 8.147437397579406e-19 4.247221665528038e-15 932496
72.9034 7.924365821922853e-19 4.141141433262393e-15 923126
72.9496 7.710479580879371e-19 4.043903788564611e-15 915264
72.9958 7.463488497572027e-19 3.913158011639999e-15 902150
73.042 7.271429909430445e-19 3.828860594293844e-15 893672
73.0882 7.045095421235446e-19 3.722376262207284e-15 880782
73.1344 6.880946959047348e-19 3.633822996447425e-15 875360
73.1806 6.661898053473323e-19 3.534680180882024e-15 862326
73.2268 6.477160593009098e-19 3.442665699798068e-15 852140
73.273 6.302799924010832e-19 3.351683497126922e-15 842544
73.3192 6.096661171127054e-19 3.261635524353296e-15 832910
73.3654 5.941039272763498e-19 3.173569070059574e-15 824288
73.4116 5.746030764358885e-19 3.082214388855167e-15 812262
73.4578 5.583587038830321e-19 3.002935931702073e-15 804728
73.504 5.429383351517217e-19 2.924012281798305e-15 795486
73.5502 5.267315008176358e-19 2.845093977194614e-15 784520
73.5964 5.106864915091651e-19 2.764368065885397e-15 773576
73.6426 4.977158766814114e-19 2.698847494440551e-15 767574
73.6888 4.829755270978045e-19 2.632044472200465e-15 757976
73.735 4.686644570867968e-19 2.557467533570453e-15 747246
73.7812 4.530437088844989e-19 2.479261642176483e-15 736088
73.8274 4.426737521481831e-19 2.42995941492156e-15 733116
73.8736 4.277673363741572e-19 2.346841258185823e-15 720086
73.9198 4.136366230090287e-19 2.284522264272748e-15 710432
73.966 4.021444884968974e-19 2.224826739873939e-15 702960
74.0122 3.911669626340044e-19 2.164297102534725e-15 695102
74.0584 3.789138844913178e-19 2.109884667477704e-15 685680
74.1046 3.669474292516976e-19 2.044850391132119e-15 674000
74.1508 3.583835604126421e-19 1.9982632147761e-15 669294
74.197 3.467953873303799e-19 1.950375679216629e-15 661064
74.2432 3.355785572440296e-19 1.882334204603011e-15 649664
74.2894 3.257842526512332e-19 1.833591888104668e-15 641262
74.3356 3.161579921824058e-19 1.791005112020863e-15 636632
74.3818 3.067684658736948e-19 1.73652711594044e-15 627324
74.428 2.953785188184102e-19 1.680700791765378e-15 615680
74.4742 2.865300738221784e-19 1.635494651712791e-15 607974
74.5204 2.803076244622811e-19 1.601083046697714e-15 604784
74.5666 2.70214946399387e-19 1.553670207910082e-15 593216
74.6128 2.617942711174874e-19 1.506917350767615e-15 583830
74.659 2.550917607106169e-19 1.471743517690187e-15 578624
74.7052 2.465752564163255e-19 1.431213399825228e-15 571152
74.7514 2.393910695234312e-19 1.387671390230945e-15 562616
74.7976 2.302079211026042e-19 1.342443447878843e-15 551246
74.8438 2.246610552208667e-19 1.315936107681236e-15 549072
74.89 2.174541797300566e-19 1.27317231073568e-15 540848
74.9362 2.091857044241262e-19 1.233515271747735e-15 529620
74.9824 2.033001382399777e-19 1.202240677539794e-15 523232
75.0286 1.976505787690849e-19 1.16991469169106e-15 518286
75.0748 1.916337870556587e-19 1.142384617311229e-15 511160
75.121 1.847577506744572e-19 1.102387882343101e-15 500648
75.1672 1.790848458746638e-19 1.072384862349587e-15 493848
75.2134 1.744363462883761e-19 1.049272867206559e-15 489776
75.2596 1.67832993376667e-19 1.011696543921197e-15 480798
75.3058 1.622510368714175e-19 9.831247945590281e-16 472664
75.352 1.573131287081851e-19 9.564601495550915e-16 467208
75.3982 1.525628780376537e-19 9.307286732735904e-16 461456
75.4444 1.466364240413096e-19 9.012276430924119e-16 451988
75.4906 1.418096358513283e-19 8.694163274220038e-16 443496
75.5368 1.387711214250256e-19 8.552435645256434e-16 441638
75.583 1.337983125488962e-19 8.320080058420349e-16 433968
75.6292 1.295719996157634e-19 8.041517101195677e-16 425888
75.6754 1.246637862177427e-19 7.770987933456135e-16 417600
75.7216 1.209695399366728e-19 7.592855290110733e-16 414632
75.7678 1.171196450846101e-19 7.344391819268365e-16 407024
75.814 1.126902440311754e-19 7.138274253304477e-16 399048
75.8602 1.089525193629174e-19 6.924775079423024e-16 393878
75.9064 1.058056918810319e-19 6.7282763702628e-16 389196
75.9526 1.016734606380082e-19 6.503523891980911e-16 380816
75.9988 9.84119555915948e-20 6.313499479797056e-16 373160
76.045 9.568380614989699e-20 6.18257387333981e-16 370176
76.0912 9.260270022470668e-20 5.999477986708291e-16 364856
76.1374 8.899126398131948e-20 5.76997721239185e-16 356088
76.1836 8.585389632229238e-20 5.597826512007475e-16 348848
76.2298 8.343767056209461e-20 5.480160255801487e-16 347208
76.276 8.04715360141247e-20 5.287620949094156e-16 339944
76.3222 7.682966094236101e-20 5.102160086385313e-16 331856
76.3684 7.47964671051916e-20 4.949994311817072e-16 327150
76.4146 7.275426773129635e-20 4.834801566633205e-16 324092
76.4608 6.980642136392621e-20 4.689186934264753e-16 316944
76.507 6.725818005588807e-20 4.519115351636853e-16 309512
76.5532 6.504238391299952e-20 4.396670782523773e-16 305496
76.5994 6.317130520607432e-20 4.285701677021991e-16 301904
76.6456 6.066944628116506e-20 4.117031437366949e-16 293552
76.6918 5.818768802531017e-20 3.987938554916062e-16 287328
76.738 5.667268541554371e-20 3.906057955492722e-16 285656
76.7842 5.453584675433287e-20 3.756369052641733e-16 279936
76.8304 5.235802215504484e-20 3.640901289427398e-16 273404
76.8766 5.006050359898912e-20 3.476607771529258e-16 264384
76.9228 4.928831145268799e-20 3.451151482662352e-16 266672
76.969 4.713163996826255e-20 3.318746757690281e-16 259208
77.0152 4.539890885114041e-20 3.19679138815826e-16 252216
77.0614 4.362608991765795e-20 3.089119103760506e-16 247088
77.1076 4.261889293469236e-20 3.031851867274568e-16 245664
77.1538 4.081413119482457e-20 2.912752377762249e-16 239288
77.2 3.881352854734836e-20 2.796179688996187e-16 231968
77.2462 3.781350532937377e-20 2.73055511457297e-16 229608
77.2924 3.651356127983979e-20 2.648873580446512e-16 226340
77.3386 3.479737665894697e-20 2.541222950437654e-16 219360
77.3848 3.343997865575718e-20 2.440535911595473e-16 213104
77.431 3.265431381957156e-20 2.405261793861484e-16 213024
77.4772 3.153347217189296e-20 2.326205075252105e-16 208088
77.5234 2.994238778988892e-20 2.224790913369497e-16 200336
77.5696 2.875687632363549e-20 2.134939475718925e-16 195552
77.6158 2.822002095720768e-20 2.114961405134426e-16 196328
77.662 2.691940520358395e-20 2.014158519835174e-16 189792
77.7082 2.567301025237409e-20 1.946659907909819e-16 183908
77.7544 2.46380810729884e-20 1.872547068789059e-16 179424
77.8006 2.39763797986424e-20 1.827827298082735e-16 178760
77.8468 2.288413607397999e-20 1.755058082500787e-16 172928
77.893 2.199313177820751e-20 1.684796425087171e-16 167352
77.9392 2.112894522169276e-20 1.643671444047107e-16 164984
77.9854 2.045610564935289e-20 1.589510290030832e-16 161736
78.0316 1.96189850711242e-20 1.532084531816205e-16 157112
78.0778 1.855834840373707e-20 1.444168914855904e-16 150848
78.124 1.830631188295939e-20 1.442841264823765e-16 151332
78.1702 1.740716154992881e-20 1.373580390629769e-16 146720
78.2164 1.649603619011686e-20 1.320590719704489e-16 140874
78.2626 1.574545229193512e-20 1.255712098500563e-16 136832
78.3088 1.556266546265813e-20 1.244704571274025e-16 137904
78.355 1.467755262484833e-20 1.177060410995837e-16 131384
78.4012 1.39743484754732e-20 1.133835204938063e-16 126248
78.4474 1.339727649104553e-20 1.097952028557551e-16 124152
78.4936 1.320011333559221e-20 1.078817018725801e-16 123896
78.5398 1.241055423046116e-20 1.009246451653067e-16 117588
78.586 1.174110469589522e-20 9.57947526918617e-17 112160
78.6322 1.152049264027851e-20 9.583946339342744e-17 112488
78.6784 1.097579553274171e-20 9.224013592913257e-17 110072
78.7246 1.037318207737858e-20 8.687059720717382e-17 104906
78.7708 9.754415349279103e-21 8.079874894988387e-17 98880
78.817 9.756511645879336e-21 8.16353419280025e-17 101408
78.8632 9.23588131925249e-21 7.859841319646773e-17 97128
78.9094 8.645086881985828e-21 7.452105471735705e-17 92504
78.9556 8.183454146332751e-21 6.951650175634463e-17 88308
79.0018 8.195232788913053e-21 6.946142150003034e-17 89504
79.048 7.711423658796603e-21 6.557656559891536e-17 85064
79.0942 7.202468957116136e-21 6.263579524152639e-17 80856
79.1404 6.892390865992207e-21 6.072312895791918e-17 78914
79.1866 6.688421376739722e-21 5.829507115433935e-17 77928
79.2328 6.317835147105783e-21 5.461574263783192e-17 73760
79.279 5.941298724502403e-21 5.168045706137991e-17 69752
79.3252 5.866327020134605e-21 5.220169856183961e-17 70788
79.3714 5.453576945380996e-21 4.899516198064764e-17 66920
79.4176 5.12171351105124e-21 4.595945984453395e-17 63192
79.4638 4.84057319185572e-21 4.22668145641512e-17 59594
79.51 5.011878840120707e-21 4.421154142296591e-17 62760
79.5562 4.449305526763284e-21 4.007013531345954e-17 56720
79.6024 4.105042303337249e-21 3.796971571278696e-17 53384
79.6486 4.002099840271177e-21 3.640331874459871e-17 52272
79.6948 4.041705175450011e-21 3.621875975905787e-17 53456
79.741 3.609631231485025e-21 3.201863677383977e-17 47676
79.7872 3.285632474798546e-21 3.050893510960704e-17 44234
79.8334 3.284209243662969e-21 3.091441949432123e-17 45288
79.8796 3.209256394590525e-21 3.01547879328411e-17 44960
79.9258 2.865352334116909e-21 2.573153175862078e-17 39344
79.972 2.581887079899017e-21 2.327479162417772e-17 35664
80.0182 2.797608371886603e-21 2.605297012054806e-17 39440
80.0644 2.547141380422161e-21 2.451615400510028e-17 37194
80.1106 2.149934903069601e-21 2.049976498618252e-17 31484
80.1568 2.007331309666649e-21 1.840191435197293e-17 28848
80.203 2.266075492538298e-21 2.084237674165377e-17 33200
80.2492 2.021552560431328e-21 1.892836975572939e-17 30056
80.2954 1.609595637560281e-21 1.603623274505045e-17 24570
80.3416 1.579032630844214e-21 1.511889809539917e-17 23936
80.3878 1.740943857778976e-21 1.652169960712244e-17 26640
80.434 1.570340601782611e-21 1.429560107308535e-17 23624
80.4802 1.16846733197765e-21 1.114998538498274e-17 18020
80.5264 1.274604633824321e-21 1.258494226436572e-17 19986
80.5726 1.29811197643024e-21 1.296356948527346e-17 20744
80.6188 1.130949909926644e-21 1.073018122187581e-17 18000
80.665 7.873501697602001e-22 7.259995839387385e-18 12152
80.7112 1.036563879612774e-21 9.857191008234491e-18 16488
80.7574 9.562355431494208e-22 9.586915691668864e-18 15698
80.8036 7.833533513980751e-22 8.149716389571312e-18 13136
80.8498 5.012631329837649e-22 4.842380084822929e-18 8196
80.896 7.845882110881969e-22 7.174102411682573e-18 12488
80.9422 6.955391698378315e-22 6.575435153065132e-18 11250
80.9884 5.246106271428805e-22 5.441142144427992e-18 8984
81.0346 3.346288243824718e-22 3.539853476235661e-18 5736
81.0808 5.029624234642448e-22 4.980839458875655e-18 8456
81.127 4.583642120412132e-22 4.13405877338217e-18 7448
81.1732 3.345698763335784e-22 3.173740612860379e-18 5538
81.2194 2.228019276476995e-22 2.357547616107614e-18 3884
81.2656 2.878889421062221e-22 3.191565120672649e-18 5208
81.3118 2.61568720106606e-22 2.525172819052969e-18 4424
81.358 1.338785082117109e-22 1.181764535145747e-18 2186
81.4042 1.896951367308176e-22 1.723944217508041e-18 3120
81.4504 1.545055470038962e-22 1.709383561631036e-18 2744
81.4966 1.198444948951729e-22 1.277777344157564e-18 2184
81.5428 5.324560818316898e-23 5.382203174675716e-19 902
81.589 8.859502452236919e-23 7.702827715986165e-19 1464
81.6352 6.209959295369981e-23 6.107533970133521e-19 1064
81.6814 4.03490085377747e-23 4.522989808962391e-19 728
81.7276 1.348903443921479e-23 1.550019130354593e-19 258
81.7738 1.973588627318982e-23 1.87688228644871e-19 344
81.82 1.097213458305297e-23 9.091803644039767e-20 168
81.8662 2.509141910828395e-24 3.446510837251101e-20 56
81.9124 4.871016131992457e-25 4.678907956128879e-21 7


0.0461999 0.3340552148527369 0.004899178823646548 18
0.0923998 1.228745463042484 0.02963167523000532 62
0.1386 1.211046540814003 0.04434027833641945 98
0.1848 1.121353949710055 0.1056744267504534 210
0.230999 0.935976759877905 0.1793165159710065 350
0.277199 0.5621555799829678 0.2370674100075618 450
0.323399 0.5248377559728198 0.2691142789757376 602
0.369599 0.4492693335743807 0.3043033891268084 762
0.415799 0.5101859136284022 0.4011985704708489 1142
0.461999 0.3660246414683938 0.3504544122735869 1250
0.508199 0.3561814175304254 0.3199971913606633 1458
0.554399 0.3346998209534978 0.363266128501768 1814
0.600599 0.3038842835811676 0.3015165858911678 2178
0.646798 0.2869586551284767 0.296470511646565 2498
0.692998 0.262310518744331 0.2656375552658249 2622
0.739198 0.2615564800798622 0.3177790831382874 3338
0.785398 0.2408842081993578 0.3029327494744055 3722
0.831598 0.2217808698109639 0.3086277627424437 4170
0.877798 0.1922811825010574 0.2812825130374415 4358
0.923998 0.2027361263809716 0.2875713353267468 5034
0.970198 0.1890841790499254 0.3114063544776107 5714
1.0164 0.1740586644490246 0.2942460248267315 5982
1.0626 0.1666990694924352 0.3115904682782865 6602
1.1088 0.1592381569262482 0.3129687640992706 7130
1.155 0.1619507946679314 0.3211613457780558 8034
1.2012 0.146791378701111 0.3351911530652736 8606
1.2474 0.1396886006609016 0.3353784352711942 9066
1.2936 0.1315326511774663 0.3444771602646061 9962
1.3398 0.129400028304915 0.3426945074997178 10550
1.386 0.1234515972068081 0.352740516746728 11226
1.4322 0.1203982777588393 0.352880989790924 12146
1.4784 0.1131825076692656 0.3520550467151777 12606
1.5246 0.1160823215711935 0.3661645212292662 13802
1.5708 0.1089593874294747 0.3708173142319292 14754
1.617 0.1030325880962532 0.3627555014335475 15194
1.6632 0.102330994406488 0.3748688017591173 16454
1.7094 0.09802722219062358 0.3775363742237012 17154
1.7556 0.095158494895658 0.3907049580158845 18266
1.8018 0.08758539723184047 0.3878084302982009 18750
1.848 0.08748546349701306 0.3992639957927371 20234
1.8942 0.08714319289355367 0.4058332400828441 21450
1.9404 0.08078832114351391 0.3886489642104485 21962
1.9866 0.08003806295872584 0.4051352820976262 23462
2.0328 0.07564450565086625 0.4028383014363734 24042
2.079 0.07560615897217654 0.4066792579153803 25946
2.1252 0.07024665781333352 0.4017527099364698 26118
2.17139 0.06762892023492272 0.403419566338922 27506
2.21759 0.06848299528937662 0.4080567596812006 29066
2.26379 0.06578078920474506 0.4006947747744534 30450
2.30999 0.0639112428487276 0.413084552115186 31742
2.35619 0.05908001679846937 0.3963238745673295 32250
2.40239 0.05880594856975448 0.406025929537174 34250
2.44859 0.05538425846924006 0.4077797009290246 35454
2.49479 0.05456360785516066 0.40561100387029 36434
2.54099 0.05256660683291867 0.4014796112161054 37682
2.58719 0.05149351092390098 0.402084695027988 39294
2.63339 0.05025131465654695 0.4091331309879464 41426
2.67959 0.04773279964422739 0.3998867553676708 42066
2.72579 0.04632749622061803 0.3981599539375901 43490
2.77199 0.04518228338987289 0.4003281036200284 45702
2.81819 0.04310205842359656 0.3931198922699238 46634
2.86439 0.04201302193089234 0.3951637879143773 48554
2.91059 0.0398326915575748 0.3789182090757038 48870
2.95679 0.0386300399704262 0.3933651706174031 51554
3.00299 0.03829462576754552 0.3920846377991288 54090
3.04919 0.03573965347904971 0.3789004081740465 54314
3.09539 0.03513153421714517 0.3837906197846855 56910
3.14159 0.03352395516549997 0.3699384817830632 57482
3.18779 0.03312627843529659 0.3751053589612223 60626
3.23399 0.03148519597549894 0.362860574134389 61206
3.28019 0.03021758681969288 0.3603431163876387 62570
3.32639 0.02976668397750563 0.3686931543509817 65730
3.37259 0.02865018008403989 0.3596166046226913 66686
3.41879 0.02797626962950162 0.3602555380496628 69698
3.46499 0.02637532913398192 0.3497970592051025 70026
3.51119 0.02570112196408418 0.3527013547933942 72746
3.55739 0.02495338777616552 0.3483879566801179 74910
3.60359 0.02406083346305397 0.3436958591191877 75722
3.64979 0.02353545066130668 0.3470506009519955 78378
3.69599 0.02277278366475942 0.3412836333726135 80030
3.74219 0.02238176943525722 0.3446184236661461 83186
3.78839 0.02178558013808527 0.3450908370019852 84666
3.83459 0.020963445758924 0.3406521057070676 86546
3.88079 0.02019343709445967 0.3359377439660321 88134
3.92699 0.02005495616038427 0.3399420976831966 91538
3.97319 0.01938712698271565 0.3366649996480601 93138
4.01939 0.01877429239548193 0.3316470925441404 94478
4.06559 0.01829205014747809 0.3319131640019964 97274
4.11179 0.01793110330848744 0.3318174834342864 99690
4.15799 0.01749026437256528 0.3314090752812853 102590
4.20419 0.01693561660992087 0.3238891709079996 103770
4.25039 0.01659665298552172 0.325453729972097 106346
4.29659 0.0161028016348347 0.3210096204360819 108546
4.34279 0.01558765384149031 0.3205905145192517 110726
4.38899 0.0151598477816083 0.3153950842853846 112322
4.43519 0.01463861453529221 0.3156141590684635 115890
4.48139 0.01453328617623633 0.3154305711324302 118766
4.52759 0.01409260527137441 0.3170395885369202 122298
4.57379 0.01348239615400127 0.3078708414548612 122090
4.61999 0.01324570312061502 0.3072513100281766 125810
4.66619 0.01292358272245871 0.3021701828038504 128190
4.71239 0.012602495928405 0.3007461882464459 130994
4.75859 0.01213652014770178 0.2985810477376018 133722
4.80479 0.01171250205878232 0.2904016964085898 133886
4.85099 0.01167269411770439 0.2948014515144108 140538
4.89719 0.01111619441337352 0.2865729768454029 140594
4.94339 0.01081077087667399 0.2852170472768304 143594
4.98959 0.01047708426985745 0.2790099177411196 146310
5.03579 0.01022031492310179 0.2807368584970108 150650
5.08199 0.009929249479828577 0.273194013388205 151914
5.12819 0.009534788236454097 0.2671322778554411 153398
5.17439 0.009405342073609858 0.2688630704901932 157866
5.22059 0.009049429743664652 0.2643830797985485 160658
5.26679 0.008775744747870231 0.259533158558251 164102
5.31299 0.008452008487208467 0.2525878523425834 164994
5.35919 0.008292172659473631 0.2531837249119384 169850
5.40539 0.008070152362359029 0.251036312062832 172986
5.45159 0.007700245312258588 0.2445536014468738 173894
5.49779 0.007489727223354036 0.2408054255468846 176778
5.54399 0.007383140283629288 0.2399836450370383 181802
5.59019 0.007200870499660231 0.2374427286003387 184430
5.63639 0.006914239857403785 0.2312692035785019 187242
5.68259 0.006718471167728238 0.2297570848135896 190250
5.72879 0.006530222503083112 0.2266078090653557 192570
5.77499 0.006444357365069068 0.2259357310537656 198254
5.82119 0.006122724339484874 0.2196363130415646 198074
5.86739 0.006001470716451387 0.2179874677704219 202050
5.91359 0.00583959741551306 0.2146449047427688 205502
5.95979 0.005700658132439812 0.2142877405646199 210666
6.00599 0.005516132287916347 0.2091484372596046 212426
6.05219 0.005294691475152565 0.2052956259086779 213918
6.09839 0.005278224121622695 0.2059999054799887 220994
6.14459 0.005089224207058106 0.2004220130610241 221522
6.19079 0.004946391404891828 0.1994645178575415 226314
6.23699 0.004799269728183311 0.1950064392291042 227294
6.28319 0.004708570397214182 0.1948927835393626 232962
6.32939 0.004612072637671117 0.19222120432115 237818
6.37559 0.004412077311020866 0.1882440583985737 238398
6.42178 0.004282842962005638 0.1848069747750589 241418
6.46798 0.004210214171459029 0.1850025365269604 246818
6.51418 0.004097459740672897 0.1814642932183284 249906
6.56038 0.00399071633433729 0.1797673326599609 254702
6.60658 0.003833614648319624 0.1751483580848458 254418
6.65278 0.003769149780549311 0.1748129554091038 260354
6.69898 0.003677643048724325 0.1730050514894291 264974
6.74518 0.003582939734650069 0.1704275009311809 268722
6.79138 0.003475222832503859 0.166934083332179 271562
6.83758 0.003395049194765583 0.1649737208775291 275586
6.88378 0.003316821545970363 0.162959807731376 280190
6.92998 0.003208132818746926 0.160583738118084 282834
6.97618 0.003104694888503726 0.1573543344935044 285170
7.02238 0.003042644671090099 0.1561304929704125 289886
7.06858 0.002977926064499575 0.1542858237814554 294474
7.11478 0.002911432345003466 0.1514007760924379 299498
7.16098 0.002793593718120294 0.1494398175306527 299958
7.20718 0.00272190309904621 0.1469275526832332 305858
7.25338 0.002683862822865894 0.146788089378103 310794
7.29958 0.0025909583325731 0.1444871055051677 313082
7.34578 0.002517290108377995 0.1411418871158706 316046
7.39198 0.002470471135499609 0.1409065123755727 322218
7.43818 0.002412339524724191 0.1394925533371396 328562
7.48438 0.002323376411685792 0.1357556731751683 327990
7.53058 0.002303513703849415 0.1355879160565384 335282
7.57678 0.002209971901096691 0.1331805784707098 335970
7.62298 0.002194250965653393 0.1316606642994392 344066
7.66918 0.002109074000895693 0.128875409289077 343718
7.71538 0.002075542246941574 0.128721467274164 351498
7.76158 0.002023323551813797 0.1268188972347723 354458
7.80778 0.001965599224737001 0.1248916738315395 358566
7.85398 0.001944551851393963 0.1243565173126304 366122
7.90018 0.001875901916950582 0.1219795435884775 365810
7.94638 0.001842326242646352 0.120689741565557 371622
7.99258 0.0017942656391197 0.1192379640716547 375986
8.03878 0.001764578233769268 0.1181396971594972 382170
8.08498 0.001699439968462213 0.1153731762910072 381818
8.13118 0.001677310943877467 0.115155979878092 389574
8.17738 0.001638919653537692 0.1140793836121074 393698
8.22358 0.001603304915774002 0.1126558678580525 399458
8.26978 0.001556417244262619 0.1106895217409521 402222
8.31598 0.001531375853001805 0.1098782480187842 406922
8.36218 0.001497904777206178 0.1089010669878545 412842
8.40838 0.001461602034200358 0.1064277871126184 415346
8.45458 0.001431316611177183 0.1060173941505873 421182
8.50078 0.00139113271987635 0.1049235762355181 425018
8.54698 0.001368059700017897 0.1037902390362617 431138
8.59318 0.001333009409275615 0.1020442430620329 434382
8.63938 0.001303146339926973 0.1008076413261878 439514
8.68558 0.001279478711253563 0.09972001626517392 444738
8.73178 0.001245679042753006 0.09840781744528765 448910
8.77798 0.001210276089447996 0.09667135330507536 450618
8.82418 0.001197858683668223 0.0966460466967682 459554
8.87038 0.001163076288387415 0.09511016479089708 463106
8.91658 0.001137980685060143 0.0938972901648055 467094
8.96278 0.001116074448903941 0.09335336148233302 474938
9.00898 0.001087071470084061 0.09161783384112618 477186
9.05518 0.001066664169413229 0.0908733429440967 484670
9.10138 0.001041097492539444 0.08915860905995826 487010
9.14758 0.001021795999888198 0.08847398028142953 493314
9.19378 0.0009955841875997501 0.08703969595239675 496322
9.23998 0.0009736034441878035 0.08613811692536658 501702
9.28618 0.0009524144648792235 0.08545499324801875 508562
9.33238 0.0009335613312740877 0.08458386656832211 514242
9.37858 0.0009136645384846984 0.08290832235204357 516158
9.42478 0.0008908285634832356 0.08227399191996514 522602
9.47098 0.0008759613509161212 0.08144757774675798 530658
9.51718 0.0008516068325661903 0.07968420280364315 530042
9.56338 0.0008391259046443545 0.07904606316449504 538878
9.60958 0.0008192136814386063 0.07822052461360045 544130
9.65578 0.0008037456783499645 0.07749124711987998 551106
9.70198 0.0007839497829088736 0.0765367832790065 553982
9.74818 0.0007657589619119757 0.07535658155925737 558242
9.79438 0.0007518744528746954 0.07455284883282037 564546
9.84058 0.0007331839283759255 0.07356105024805672 570494
9.88678 0.0007199645504676766 0.07276486620689768 576762
9.93298 0.0007024380289077806 0.07148604892219403 578234
9.97918 0.0006917272256576717 0.07083795545029707 585666
10.0254 0.0006770981641536387 0.07033564814836418 594446
10.0716 0.0006590988934170836 0.06916990584384419 595250
10.1178 0.0006479208907553716 0.06840577120093122 603402
10.164 0.0006324015212974606 0.06747220402816635 607382
10.2102 0.0006238220101781991 0.06721856384784558 617010
10.2564 0.0006047923964549605 0.06559088226645717 616778
10.3026 0.0005957030965411114 0.0652111643459905 624746
10.3488 0.0005820271157100066 0.06430927598363749 628062
10.395 0.0005759591062066748 0.06397958646116959 639410
10.4412 0.0005610685296030198 0.06299276980101599 642954
10.4874 0.0005473205962085029 0.0620000753218565 645974
10.5336 0.000536902743339626 0.06151407747583976 653490
10.5798 0.0005275084499928464 0.06104491100045776 660746
10.626 0.0005148001100682161 0.06012124275569728 664646
10.6722 0.0005031504922149735 0.05908970818464223 667290
10.7184 0.000497836550261081 0.05886779029981554 679034
10.7646 0.000483989841361082 0.05790255641633151 682722
10.8108 0.0004778762782682503 0.05787558693726073 691238
10.857 0.0004620806553971341 0.05641607969306482 688602
10.9032 0.0004578880140273998 0.05604436624995238 700826
10.9494 0.0004483817984491458 0.05553252465836933 705662
10.9956 0.0004369486825975278 0.05450179112163699 710082
11.0418 0.0004318124513912159 0.05421143270323808 719162
11.088 0.0004204983658004358 0.05348144759898799 722250
11.1342 0.0004142425840265442 0.05287674059690107 731510
11.1804 0.0004045608624481404 0.05223296830120862 736442
11.2266 0.0003964953592031184 0.05159646274338323 740898
11.2728 0.0003910228838654591 0.05095423133524807 750158
11.319 0.000382197213810082 0.05042764701643822 754866
11.3652 0.0003751115884463998 0.04980511628662609 760826
11.4114 0.0003657578871719183 0.04895355737900095 764034
11.4576 0.0003602054419649042 0.04871316763338357 773846
11.5038 0.0003537914116862717 0.04808557962013654 779714
11.55 0.0003464017775413063 0.04743797449329822 784314
11.5962 0.0003399206681748724 0.046922447852982 791342
11.6424 0.0003343515870131168 0.04643390565070307 799458
11.6886 0.0003263733749781087 0.04593017056290024 804962
11.7348 0.0003203464341646539 0.04517802613450608 809550
11.781 0.0003144234494488739 0.0446089763214234 813458
11.8272 0.0003106221982765932 0.04436803266762879 827402
11.8734 0.0003025984336568691 0.04359726878822062 828618
11.9196 0.0002974474900702574 0.04327253214689786 836918
11.9658 0.0002912736976558918 0.04268948217017478 842874
12.012 0.0002860331320570965 0.04208539777254869 849338
12.0582 0.000282752834655836 0.04190994566161294 858942
12.1044 0.0002757428573193643 0.04102304871849811 860978
12.1506 0.00027075736212824 0.04063274687201603 868346
12.1968 0.000265179587982084 0.04008682058058072 875154
12.243 0.000261532829553271 0.03990382653154504 886214
12.2892 0.0002557008143437099 0.03924258629617025 887346
12.3354 0.000250739064898812 0.03872576506299619 894986
12.3816 0.0002469493123092336 0.03839147248526675 902774
12.4278 0.0002429665966277882 0.03801532008049147 912114
12.474 0.0002373560175743401 0.03730679346480651 915026
12.5202 0.0002322227691727491 0.03685888611896386 920142
12.5664 0.0002287561097362565 0.03654901773042269 929762
12.6126 0.0002248898171755388 0.03616368288627793 937698
12.6588 0.0002204077902976231 0.03577143598625993 944762
12.705 0.0002157084150171412 0.03519517311448993 948254
12.7512 0.00021307530833488 0.03487011783438657 956802
12.7974 0.0002089834075229344 0.03471968886338084 967658
12.8436 0.000204283227733068 0.03401193561890846 969702
12.8898 0.0002000771826429249 0.03362035327500189 974090
12.936 0.0001976506435951572 0.0334378525975516 988482
12.9822 0.0001939654789394022 0.03289349466920539 991994
13.0284 0.0001903997601669886 0.03255834327118442 1001030
13.0746 0.0001864119165957468 0.03216897762085572 1005450
13.1208 0.000183012349106525 0.03182482428096509 1013738
13.167 0.0001799522501432117 0.03161885465690428 1021710
13.2132 0.000175984997428723 0.03101456570262323 1023626
13.2594 0.0001739105173905059 0.03078357895343795 1035834
13.3056 0.0001697224115430972 0.03043360797581718 1040786
13.3518 0.0001678797000272432 0.03013525948328465 1053206
13.398 0.0001646263873693379 0.02974098539538392 1057002
13.4442 0.0001617635093354967 0.02938513116356106 1063898
13.4904 0.0001586529240199137 0.0292023817654447 1072782
13.5366 0.0001553444320379109 0.02881333382485745 1078826
13.5828 0.0001531638393881294 0.02848301061820005 1087922
13.629 0.0001496811029300604 0.02804301856245882 1090494
13.6752 0.0001476600080665999 0.02779545997633195 1101362
13.7214 0.0001451221856831997 0.02758466426055494 1109802
13.7676 0.000141994335866311 0.02715139902846929 1114514
13.8138 0.0001401609658474908 0.02683032035868457 1123926
13.86 0.0001370188793884444 0.02645068694160048 1125986
13.9062 0.0001356541079052744 0.02640939289044654 1143554
13.9524 0.0001326333166959292 0.02594964398455082 1144710
13.9986 0.0001303764217746376 0.02576015087361079 1154018
14.0448 0.0001279534011935275 0.02533768338895187 1159962
14.091 0.0001262551132753079 0.02511506522161238 1170986
14.1372 0.000123971647170697 0.02473635779829625 1178142
14.1834 0.000121611729108868 0.02450820800042034 1182674
14.2296 0.000119510272675197 0.02423913430284939 1191002
14.2758 0.0001170895121178289 0.02396658212529681 1200438
14.322 0.0001153971874172085 0.02371619036726896 1208162
14.3682 0.0001133590009972663 0.02338482045326452 1215258
14.4144 0.0001114722993338711 0.02318716118775128 1224134
14.4606 0.0001091066812954818 0.02285818289995107 1228722
14.5068 0.0001077493206229129 0.02281132428248635 1243154
14.553 0.0001055364218534327 0.02235524346749609 1245434
14.5992 0.0001034696025662129 0.02219731400187487 1255158
14.6454 0.0001015780922643181 0.02179703377791927 1255610
14.6916 0.000100705538937462 0.02183434609776635 1277562
14.7378 9.809883011895882e-05 0.02134900195870888 1274414
14.784 9.656615305436608e-05 0.02115701198554827 1285994
14.8302 9.523082669785113e-05 0.02105410326252411 1299570
14.8764 9.343921019313846e-05 0.02070249015033928 1302122
14.9226 9.218638756886195e-05 0.02046831259054099 1311366
14.9688 9.033177430783055e-05 0.02021715195262962 1319186
15.015 8.903968285842824e-05 0.01998970652372301 1327434
15.0612 8.735321118754762e-05 0.01978172312985909 1337294
15.1074 8.585827741118641e-05 0.01955966510875948 1342730
15.1536 8.427726861208313e-05 0.01937999884120425 1350570
15.1998 8.306662333950784e-05 0.01914947571869089 1362590
15.246 8.181957158189391e-05 0.01889398002332958 1369698
15.2922 8.041180058594752e-05 0.01865448825049474 1374914
15.3384 7.885481916114542e-05 0.01842428034050252 1383570
15.3846 7.773868700271751e-05 0.01826094110845968 1395374
15.4308 7.610596801889137e-05 0.01798160970416124 1396994
15.477 7.526245142439144e-05 0.01789379920100361 1411530
15.5232 7.374170348412485e-05 0.01763395764581025 1417574
15.5694 7.271429227092759e-05 0.01742925299975754 1428834
15.6156 7.162534207817235e-05 0.01725306319017415 1439018
15.6618 7.007856813259207e-05 0.01697836581661779 1440698
15.708 6.915631367997772e-05 0.01686167426121313 1453638
15.7542 6.816871655474138e-05 0.01672339926593537 1463426
15.8004 6.677953552146465e-05 0.01649226533448074 1471050
15.8466 6.560248052602923e-05 0.01625260572007492 1476638
15.8928 6.448638286399045e-05 0.01605423038246182 1484466
15.939 6.38086085978037e-05 0.01597842714161178 1501154
15.9852 6.245593397393959e-05 0.0156789833564078 1501706
16.0314 6.152806132745208e-05 0.01548682981986871 1511502
16.0776 6.050537363642817e-05 0.01535581319408098 1520234
16.1238 5.971582698854045e-05 0.01519493360322575 1535010
16.17 5.870429764287314e-05 0.01504547276290307 1543358
16.2162 5.725271546851014e-05 0.01472261476015227 1535754
16.2624 5.705879660533664e-05 0.01471467706318336 1564802
16.3086 5.575326118110639e-05 0.01443880082884711 1563038
16.3548 5.505957799922741e-05 0.01434462942621607 1578426
16.401 5.397939722904087e-05 0.01412890418948499 1581482
16.4472 5.298247470792379e-05 0.01397428567529997 1592250
16.4934 5.221879308194394e-05 0.01383054834122674 1602230
16.5396 5.117107770171601e-05 0.01363736879881929 1604754
16.5858 5.060740205851179e-05 0.01354419713147621 1623458
16.632 4.952964611383574e-05 0.01332485130953758 1624910
16.6782 4.902425226914804e-05 0.01327217288568341 1645122
16.7244 4.796587463301902e-05 0.01307192124955629 1645130
16.7706 4.709950873237391e-05 0.01291863452801952 1655706
16.8168 4.636923039071738e-05 0.01276361981428137 1663502
16.863 4.559845828775352e-05 0.01265224188181923 1675514
16.9092 4.486567177527777e-05 0.01251246189607714 1685298
16.9554 4.390148124286113e-05 0.01234357619136737 1689566
17.0016 4.31879214679656e-05 0.012189450850367 1697850
17.0478 4.270009041014383e-05 0.01214141185863226 1718546
17.094 4.186783591887315e-05 0.01193156425472867 1719822
17.1402 4.105312972035853e-05 0.01179079312936395 1726586
17.1864 4.044748617397216e-05 0.01167412905088395 1739186
17.2326 3.98616955808838e-05 0.01154790092120607 1751538
17.2788 3.909486235812475e-05 0.01139366669477354 1758062
17.325 3.838320998519225e-05 0.01126381091078193 1763010
17.3712 3.791933651498076e-05 0.01115721672052366 1778642
17.4174 3.715007434206897e-05 0.01101437459102619 1788582
17.4636 3.639348414664358e-05 0.01088832121280943 1794746
17.5098 3.582746334200512e-05 0.01076241141347059 1803290
17.556 3.522979136035269e-05 0.01063000536983092 1811058
17.6022 3.475844882412985e-05 0.0105661706175368 1828358
17.6484 3.407570896659823e-05 0.01038036677117669 1831362
17.6946 3.345416108308013e-05 0.01025923510587933 1842458
17.7408 3.287133225181107e-05 0.01010195160725942 1846998
17.787 3.256030546907381e-05 0.01005806417549504 1869122
17.8332 3.197744182023061e-05 0.009929461771752933 1876346
17.8794 3.13130063776818e-05 0.009766487157333369 1879506
17.9256 3.086722032548796e-05 0.009674932893410934 1893326
17.9718 3.036662960783879e-05 0.00954039402103141 1901826
18.018 2.988964588329461e-05 0.00942385866569158 1911962
18.0642 2.929502987521953e-05 0.009290307330199138 1919198
18.1104 2.883773511389288e-05 0.009183262607283547 1930242
18.1566 2.843959186954697e-05 0.009090030642599591 1942442
18.2028 2.793433690963068e-05 0.008970399001805031 1951734
18.249 2.733299556557951e-05 0.008831262038378654 1955402
18.2952 2.696112912894893e-05 0.008760516394934444 1971858
18.3414 2.659524581036866e-05 0.008652405974836602 1984898
18.3876 2.601325820589424e-05 0.008523589058999284 1986422
18.4338 2.560629048117015e-05 0.00840628451034303 1996146
18.48 2.528752650122402e-05 0.008337024642949097 2017106
18.5262 2.475888436013021e-05 0.008223574519861117 2020638
18.5724 2.435816096944746e-05 0.008115634617947138 2029346
18.6186 2.399388184470038e-05 0.008016528979064175 2041002
18.6648 2.355275602863423e-05 0.007920254107600149 2051450
18.711 2.322978748083227e-05 0.007837336436822577 2065886
18.7572 2.27212394811511e-05 0.007691448812738855 2064546
18.8034 2.241303710075722e-05 0.007617157035365991 2082650
18.8496 2.202976905696941e-05 0.007535399100408157 2095182
18.8958 2.165706588447539e-05 0.007427889542190542 2101346
18.942 2.12621221684941e-05 0.007355998778248757 2115554
18.9882 2.083225768455884e-05 0.00721915134667998 2115654
19.0344 2.061020264606911e-05 0.007188451700831796 2141066
19.0806 2.016181771608982e-05 0.007053192431533088 2139786
19.1268 1.98554314500931e-05 0.006965898938054411 2152202
19.173 1.950779240462641e-05 0.006882266637674829 2161086
19.2192 1.918499500146691e-05 0.006804696322146904 2176058
19.2654 1.888520711545665e-05 0.006736105052121214 2190818
19.3116 1.853644462782668e-05 0.006616006026368109 2191158
19.3578 1.822136393849833e-05 0.006536327195591993 2205314
19.404 1.792086103041884e-05 0.006457608202691317 2215554
19.4502 1.765435998885214e-05 0.006379825025782305 2230562
19.4964 1.732242648028057e-05 0.006286713979734826 2239614
19.5426 1.699935141948082e-05 0.006208254012631051 2245706
19.5888 1.675504594501593e-05 0.006137806003865133 2259674
19.635 1.647728374107051e-05 0.006059214046764218 2273214
19.6812 1.614909034161321e-05 0.005968224478501225 2278802
19.7274 1.591117907135542e-05 0.005889059981140806 2294034
19.7736 1.555763473444327e-05 0.005797345627537987 2294942
19.8198 1.537110987154227e-05 0.005752648895604433 2317050
19.866 1.510820211091951e-05 0.005656743351392634 2322842
19.9122 1.480491190632784e-05 0.005568789503727024 2330810
19.9584 1.460020355297594e-05 0.0055041309902017 2345958
20.0046 1.430296291572193e-05 0.005433009784608235 2353586
20.0508 1.414460654292823e-05 0.005379394241947091 2376210
20.097 1.380560484053593e-05 0.00528469908996313 2374502
20.1432 1.35804135887132e-05 0.00522037623907652 2386346
20.1894 1.336248429932171e-05 0.005148862535316761 2401314
20.2356 1.313988825735029e-05 0.00509331592863318 2411450
20.2818 1.289180075272368e-05 0.005026572199845891 2420718
20.328 1.261935087628682e-05 0.00493771679501126 2425754
20.3742 1.24762838615158e-05 0.004908264141527003 2455218
20.4204 1.21975486021361e-05 0.004814797981771307 2450942
20.4666 1.20158172990766e-05 0.004761486851997606 2467130
20.5128 1.177723751009532e-05 0.004696068149949437 2474874
20.559 1.158436708733758e-05 0.004638164334692104 2490362
20.6052 1.137710560162948e-05 0.004565110988139895 2498142
20.6514 1.114875219776082e-05 0.004500444980217646 2507090
20.6976 1.100727992497802e-05 0.004448490990437784 2525562
20.7438 1.079966678113214e-05 0.004395306527418123 2534726
20.79 1.06095849411478e-05 0.004343765513395062 2549906
20.8362 1.038726935399184e-05 0.004263670758901894 2551074
20.8824 1.02349870327698e-05 0.004222304172099774 2570702
20.9286 1.001640062766164e-05 0.00415729655976702 2574642
20.9748 9.876160189843805e-06 0.004109385866350612 2594066
21.021 9.649688206767113e-06 0.004035596115119858 2594802
21.0672 9.50603561882316e-06 0.003992077370372163 2612030
21.1134 9.350784330426667e-06 0.003936898634074416 2627954
21.1596 9.182244377476313e-06 0.003889684972449762 2640402
21.2058 8.995052393106214e-06 0.003822792209849703 2641454
21.252 8.854744514165537e-06 0.003776506617329578 2661834
21.2982 8.673158451508695e-06 0.003723775776521041 2669138
21.3444 8.543481166650798e-06 0.003673224317692254 2684858
21.3905 8.385526859254183e-06 0.003621345760058225 2693910
21.4367 8.229776003495427e-06 0.003568425383067599 2701682
21.4829 8.109893810589688e-06 0.003532303256222388 2722698
21.5291 7.923929084264159e-06 0.003470681596193534 2725262
21.5753 7.799689133064623e-06 0.003428338492742661 2742450
21.6215 7.63861749876314e-06 0.003376792291841963 2749850
21.6677 7.5027731917268e-06 0.003332722561858668 2763902
21.7139 7.385819042951486e-06 0.00328958476252675 2778498
21.7601 7.242839920133528e-06 0.003231050670822399 2784530
21.8063 7.127132771088904e-06 0.003198394168906671 2804106
21.8525 6.994418641120331e-06 0.003147941935299486 2809790
21.8987 6.859634618437584e-06 0.003102521913283832 2825058
21.9449 6.742092762769983e-06 0.003055609170719434 2834330
21.9911 6.605096294905435e-06 0.003004973555863114 2842022
22.0373 6.505107927448225e-06 0.002976580130693724 2864754
22.0835 6.368825297524558e-06 0.002915068843717754 2864186
22.1297 6.266354591497988e-06 0.002879117923276628 2879538
22.1759 6.161262527728095e-06 0.002848851782944857 2899454
22.2221 6.035235467536669e-06 0.002792182233245028 2904258
22.2683 5.959989851276883e-06 0.002766239277171317 2930234
22.3145 5.82782890793981e-06 0.002718574705497418 2929526
22.3607 5.715343533558528e-06 0.002674438261182096 2942442
22.4069 5.628602725852945e-06 0.002643923990785969 2960810
22.4531 5.505523848194259e-06 0.002597672017648856 2964954
22.4993 5.420510816424855e-06 0.002559406839827453 2980910
22.5455 5.318073627758812e-06 0.002522917956162285 2990978
22.5917 5.225351292067846e-06 0.002485523260505056 3007626
22.6379 5.134528557867726e-06 0.002451739505208876 3019166
22.6841 5.009857374881776e-06 0.002402877576085601 3021090
22.7303 4.95004473995019e-06 0.00237976051335198 3047834
22.7765 4.852712743524509e-06 0.002344467285264702 3055590
22.8227 4.761270038452883e-06 0.002304836006839439 3068546
22.8689 4.660614829126652e-06 0.002261323229488113 3067274
22.9151 4.59592916872652e-06 0.002238794043091782 3098058
22.9613 4.51670296847783e-06 0.002203675999871569 3109214
23.0075 4.405502391117045e-06 0.002165363340536623 3110466
23.0537 4.330884448065775e-06 0.002134466572589263 3124370
23.0999 4.259840907597066e-06 0.002107591953653468 3144174
23.1461 4.182038505065173e-06 0.002078015327676281 3161738
23.1923 4.087232649833841e-06 0.002037182810492907 3159890
23.2385 4.019811984477496e-06 0.002006820049525738 3174138
23.2847 3.951267113808089e-06 0.001979399373790347 3195926
23.3309 3.880163114894292e-06 0.00195079661002002 3211386
23.3771 3.802602342083491e-06 0.001920045184108272 3219314
23.4233 3.72661820651473e-06 0.001883689483237948 3225494
23.4695 3.654797048761474e-06 0.001861588685913248 3242562
23.5157 3.592680787894819e-06 0.001830531528288623 3257450
23.5619 3.52554185858289e-06 0.001801425109807202 3269118
23.6081 3.452230410450781e-06 0.00177277136634375 3278930
23.6543 3.387861662745117e-06 0.001742425441079617 3286650
23.7005 3.336866361239475e-06 0.001726640974381914 3316610
23.7467 3.264268532374239e-06 0.00169615106431783 3321542
23.7929 3.1938822113153e-06 0.001666049480710871 3328578
23.8391 3.13992014126661e-06 0.001641406604226509 3345074
23.8853 3.082342282171043e-06 0.001616596030995482 3361686
23.9315 3.021008658302505e-06 0.001588138665148718 3369722
23.9777 2.966083557397232e-06 0.001564027458829948 3385290
24.0239 2.90131889679656e-06 0.001535949551983837 3391370
24.0701 2.86041664466239e-06 0.001521842147742184 3422966
24.1163 2.790990321738357e-06 0.00148741836309599 3419538
24.1625 2.752451412285078e-06 0.001470001217249731 3441890
24.2087 2.688940855648019e-06 0.001440970610913248 3447582
24.2549 2.641919270219944e-06 0.001421132391478435 3466298
24.3011 2.577495753953908e-06 0.001394881558625606 3466194
24.3473 2.536691780207002e-06 0.001380060251179948 3492062
24.3935 2.483467496378674e-06 0.001354884791714696 3503114
24.4397 2.43613772704175e-06 0.001333515922883701 3517146
24.4859 2.39255603351653e-06 0.001315585381286107 3535706
24.5321 2.337885677604585e-06 0.00129265862421683 3539742
24.5783 2.297983863956255e-06 0.001272296105047233 3558698
24.6245 2.246558661848572e-06 0.001252419258047556 3570122
24.6707 2.202267584945564e-06 0.001232230706986729 3585174
24.7169 2.158725798095864e-06 0.001211375419444796 3594314
24.7631 2.117144400965988e-06 0.001192261423350755 3612258
24.8093 2.072071970284575e-06 0.001171432558921995 3620282
24.8555 2.037941035429659e-06 0.001153822357731722 3639078
24.9017 1.99301264906969e-06 0.001135060335668389 3650450
24.9479 1.950622190931479e-06 0.001116458249202763 3661418
24.9941 1.911016322925277e-06 0.00110044317018743 3677694
25.0403 1.875585570102878e-06 0.001083431056692948 3695978
25.0865 1.837525911469655e-06 0.001060502662987884 3702810
25.1327 1.801963967933585e-06 0.001045214631956905 3716162
25.1789 1.768150180914421e-06 0.001031401075898664 3740094
25.2251 1.726325625851222e-06 0.001009469175906587 3740954
25.2713 1.696439031140887e-06 0.0009946521485031141 3760946
25.3175 1.660772373337497e-06 0.0009793253425732615 3778278
25.3637 1.625356532760042e-06 0.0009611722689201146 3784922
25.4099 1.59741092304019e-06 0.0009472829785923064 3805266
25.4561 1.556682933222734e-06 0.000928672764292891 3807686
25.5023 1.532250567227694e-06 0.0009151320635038044 3833130
25.5485 1.499140984231998e-06 0.0008978872285761686 3841898
25.5947 1.469960848348997e-06 0.0008841132993798934 3858074
25.6409 1.43762944957974e-06 0.0008684418299971772 3868974
25.6871 1.410397861703615e-06 0.0008534532847014998 3885362
25.7333 1.385948172728512e-06 0.000838364769764707 3898290
25.7795 1.353280271490416e-06 0.0008230538057401031 3907334
25.8257 1.32827921457969e-06 0.0008102130745043104 3928730
25.8719 1.29948225812511e-06 0.0007953570125712418 3936666
25.9181 1.275461663086905e-06 0.0007849368792368502 3961346
25.9643 1.253738443412582e-06 0.0007696376228678172 3975774
26.0105 1.219993696694876e-06 0.0007523312675445091 3970106
26.0567 1.199578651573859e-06 0.0007439681985436635 4003170
26.1029 1.176346731373785e-06 0.0007303413882787861 4019558
26.1491 1.151669414093971e-06 0.0007160833006180447 4025642
26.1953 1.122982307221119e-06 0.000702170883000388 4028514
26.2415 1.106692931513098e-06 0.0006920857556837012 4059398
26.2877 1.08105637447554e-06 0.0006797204111226249 4069674
26.3339 1.060602668374319e-06 0.0006674152110946802 4083698
26.3801 1.038106755697726e-06 0.0006554162679349438 4095210
26.4263 1.016034349863814e-06 0.000643757858794194 4110518
26.4725 9.955373448855306e-07 0.0006327519735172937 4126850
26.5187 9.741773639363274e-07 0.0006224050063740125 4140114
26.5649 9.515418354598262e-07 0.0006097896002944083 4144070
26.6111 9.376461075886047e-07 0.0006014728192671237 4175802
26.6573 9.158944491801157e-07 0.0005904804336532302 4187882
26.7035 8.967091130979973e-07 0.000578759236263702 4199250
26.7497 8.780924971378937e-07 0.0005686254180478816 4209326
26.7959 8.582775666452893e-07 0.0005579599612182251 4222130
26.8421 8.448735455196437e-07 0.0005504815677528973 4254258
26.8883 8.235288280338508e-07 0.0005382286994076905 4252478
26.9345 8.069505880124091e-07 0.0005285273689776412 4270698
26.9807 7.899044786198893e-07 0.0005187081842727107 4278122
27.0269 7.758192151599362e-07 0.0005112512436848722 4309898
27.0731 7.58012181167189e-07 0.0005013081701738975 4317150
27.1193 7.417446042309653e-07 0.0004926898911955296 4329698
27.1655 7.251476582079539e-07 0.0004836422508109282 4340826
27.2117 7.105518606833664e-07 0.0004753034088823881 4359590
27.2579 6.960147456401787e-07 0.0004666135721244936 4376850
27.3041 6.803167032537544e-07 0.0004583917869987854 4386674
27.3503 6.666367378640622e-07 0.0004493346786467961 4401782
27.3965 6.529787200813312e-07 0.0004418037741706316 4419210
27.4427 6.403947671114638e-07 0.0004350558866488226 4446482
27.4889 6.235586506591402e-07 0.0004247794885410604 4435554
27.5351 6.130623365550088e-07 0.0004182275364822884 4468934
27.5813 5.989852071595619e-07 0.0004104985612755337 4477650
27.6275 5.866270800823031e-07 0.0004027110333905428 4491218
27.6737 5.741291770676671e-07 0.0003951853531284522 4510358
27.7199 5.620900573738151e-07 0.0003874967977546058 4518594
27.7661 5.507975094165344e-07 0.0003815844868644106 4544474
27.8123 5.39070747535897e-07 0.0003737316677377216 4552098
27.8585 5.283375517210755e-07 0.0003673210780802292 4574990
27.9047 5.152330981672671e-07 0.0003595389267481352 4577210
27.9509 5.068572485495512e-07 0.0003544217659863315 4608186
27.9971 4.942749539427962e-07 0.0003465811506608194 4610198
28.0433 4.849454810669604e-07 0.0003402375251335917 4628898
28.0895 4.73714733865266e-07 0.0003338535633318112 4641170
28.1357 4.642207689570995e-07 0.0003283164572302424 4662462
28.1819 4.5424225607251e-07 0.0003225833842114853 4681442
28.2281 4.437876250096704e-07 0.0003157749376203974 4687850
28.2743 4.347130460692378e-07 0.0003101042809032584 4708818
28.3205 4.246762761929706e-07 0.0003045632506914852 4721534
28.3667 4.157106638704213e-07 0.0002990264432341022 4732770
28.4129 4.064780067741318e-07 0.0002932194149547749 4753346
28.4591 3.990264909037052e-07 0.0002880401749718748 4772886
28.5053 3.899754814275925e-07 0.0002826585075098248 4785098
28.5515 3.810592406000594e-07 0.0002767277480418918 4795394
28.5977 3.732465324375535e-07 0.0002720735598422692 4813986
28.6439 3.648007989292299e-07 0.0002672013175208385 4832654
28.6901 3.567637249209151e-07 0.0002625876331381516 4849362
28.7363 3.489010641319008e-07 0.0002572799076238752 4858322
28.7825 3.411587400318598e-07 0.0002524659944051387 4871286
28.8287 3.341953372116442e-07 0.000247881224142361 4894370
28.8749 3.270002970053883e-07 0.0002437635755000302 4914650
28.9211 3.191263090649588e-07 0.0002385963727963165 4919658
28.9673 3.120578321665628e-07 0.0002345241638915154 4941638
29.0135 3.058815338454948e-07 0.0002309388924045224 4965954
29.0597 2.983510087404943e-07 0.000225934866858513 4971770
29.1059 2.92208407654116e-07 0.0002214989886549467 4985702
29.1521 2.852801250298097e-07 0.0002168617772513321 4996314
29.1983 2.794195263106531e-07 0.0002135578782829216 5021258
29.2445 2.735020536459618e-07 0.0002096924795103129 5038470
29.2907 2.667429692564541e-07 0.0002054534802691422 5048570
29.3369 2.61183816825583e-07 0.0002021691417283102 5067786
29.3831 2.554020541243042e-07 0.0001983083926093259 5084402
29.4293 2.501987401168583e-07 0.0001944502148688409 5104238
29.4755 2.435468788709904e-07 0.0001902079906669691 5101890
29.5217 2.388138085740271e-07 0.0001873057262682106 5129594
29.5679 2.334927379717508e-07 0.0001839594218542512 5149086
29.6141 2.285865301639467e-07 0.0001804707059509235 5168834
29.6603 2.229814025731038e-07 0.000176690290269294 5172306
29.7065 2.184345771011606e-07 0.0001735804523930961 5199218
29.7527 2.139023556989929e-07 0.0001702263730593215 5215430
29.7989 2.088590349169794e-07 0.0001669906005823681 5229066
29.8451 2.043374800590243e-07 0.0001636765604593036 5244530
29.8913 1.999642747066832e-07 0.0001606409008453684 5262870
29.9375 1.953422878241667e-07 0.000157484321399746 5272562
29.9837 1.909974765583557e-07 0.0001544548981295703 5290098
30.0299 1.87194455861296e-07 0.0001517850427315389 5314358
30.0761 1.831105700661878e-07 0.0001484066671359532 5322098
30.1223 1.789875676548403e-07 0.0001458155017005535 5341026
30.1685 1.755245281595658e-07 0.0001428406421160345 5366858
30.2147 1.71392804157821e-07 0.0001400993034907203 5374422
30.2609 1.674922195936892e-07 0.0001368539786041558 5377730
30.3071 1.641462285515775e-07 0.0001346166696551232 5409410
30.3533 1.607924473215489e-07 0.000132134708100469 5434014
30.3995 1.570833360413404e-07 0.0001293701208096626 5438882
30.4457 1.537113097588746e-07 0.00012679602201669 5456178
30.4919 1.501442887640702e-07 0.0001241620647158572 5469242
30.5381 1.471491801640232e-07 0.0001221387499311599 5496174
30.5843 1.438688053624017e-07 0.0001194924129776737 5505530
30.6305 1.404923614979512e-07 0.0001170795474405733 5521202
30.6767 1.377437985464272e-07 0.0001150592294488141 5544126
30.7229 1.347648668343237e-07 0.0001126574717776806 5560106
30.7691 1.320173616269705e-07 0.0001105822095116949 5579754
30.8153 1.283124627014635e-07 0.0001081241327449077 5576270
30.8615 1.259123533411459e-07 0.0001062222477575927 5607138
30.9077 1.234180976448816e-07 0.0001042435924565896 5625026
30.9539 1.206042081315651e-07 0.0001022243871983262 5646698
31.0001 1.176975815727916e-07 9.994872276784457e-05 5649126
31.0463 1.153060814957491e-07 9.843555701428955e-05 5676434
31.0925 1.125324683018399e-07 9.622286514291481e-05 5687418
31.1387 1.103551953618131e-07 9.468669370899119e-05 5715830
31.1849 1.076804043363864e-07 9.268262808621763e-05 5729210
31.2311 1.054581862890406e-07 9.083755487438487e-05 5744802
31.2773 1.02983315288797e-07 8.893210770280705e-05 5752154
31.3235 1.010433558453065e-07 8.742703421158632e-05 5786382
31.3697 9.849785524747451e-08 8.547523993100058e-05 5784146
31.4159 9.653434708803858e-08 8.395748480126749e-05 5812146
31.4621 9.427119881680789e-08 8.24119239778494e-05 5830166
31.5083 9.217687951706952e-08 8.070452416925491e-05 5845850
31.5545 9.026381648516303e-08 7.919434719897855e-05 5862834
31.6007 8.818524778739211e-08 7.766439018956471e-05 5876066
31.6469 8.632659685328114e-08 7.626765090972885e-05 5905854
31.6931 8.413776269831971e-08 7.453440714280179e-05 5902274
31.7393 8.240643469723835e-08 7.33067923358622e-05 5931258
31.7855 8.07619607506542e-08 7.191686501625256e-05 5954966
31.8317 7.87937890469925e-08 7.045215952050413e-05 5965346
31.8779 7.697784966713442e-08 6.895472660008704e-05 5977818
31.9241 7.552266875091729e-08 6.775129976475726e-05 6004718
31.9703 7.362240341811769e-08 6.627540506127548e-05 6011706
32.0165 7.226993953895259e-08 6.522371591278531e-05 6045770
32.0627 7.046523821650153e-08 6.365649987516677e-05 6041586
32.1089 6.902569685431728e-08 6.257102132905946e-05 6073166
32.1551 6.732058641377356e-08 6.124731321617048e-05 6078962
32.2013 6.613392759492516e-08 6.018265470057639e-05 6114258
32.2475 6.462615315225927e-08 5.900710420559642e-05 6123086
32.2937 6.308854208583949e-08 5.776928114720785e-05 6136770
32.3399 6.167140009691579e-08 5.671811063673794e-05 6154898
32.3861 6.042219339924733e-08 5.55735421207587e-05 6178610
32.4323 5.914547707047717e-08 5.454033018715268e-05 6197982
32.4785 5.778179501358115e-08 5.335525836758046e-05 6205322
32.5247 5.642947484182175e-08 5.232562891470746e-05 6218850
32.5709 5.531289583346084e-08 5.13639401043247e-05 6249542
32.6171 5.409342256815999e-08 5.044096366343696e-05 6274146
32.6633 5.280272783380828e-08 4.929661228564551e-05 6270242
32.7095 5.169418679149277e-08 4.845896164234174e-05 6305222
32.7557 5.064096997482533e-08 4.758769997662654e-05 6325026
32.8019 4.943692127458868e-08 4.654746130425062e-05 6331922
32.8481 4.825460740264505e-08 4.564030844952495e-05 6343698
32.8943 4.730505315571081e-08 4.484255438859815e-05 6375158
32.9405 4.63175117894251e-08 4.392383583215327e-05 6392178
32.9867 4.52789757822166e-08 4.312502948631696e-05 6412826
33.0329 4.412966343076758e-08 4.215836941034078e-05 6407078
33.0791 4.332926088498539e-08 4.143826030802065e-05 6447954
33.1253 4.230258600528198e-08 4.061055265504103e-05 6456026
33.1715 4.144568455759924e-08 3.991918963381742e-05 6482034
33.2177 4.04424965987323e-08 3.906299461202365e-05 6492878
33.2639 3.944564669538305e-08 3.832028774374538e-05 6502074
33.3101 3.874491870796566e-08 3.771812798591845e-05 6542930
33.3563 3.783768534526134e-08 3.699246696129438e-05 6556598
33.4025 3.69878646551351e-08 3.627577494842568e-05 6570330
33.4487 3.614129407069938e-08 3.557781321373474e-05 6581882
33.4949 3.537194085622875e-08 3.494985751080149e-05 6612546
33.5411 3.458010389020796e-08 3.429839185375391e-05 6628622
33.5873 3.373520069145351e-08 3.351902832864835e-05 6629498
33.6335 3.308587477248089e-08 3.296246774470743e-05 6659250
33.6797 3.241324422963505e-08 3.241197297827234e-05 6686006
33.7259 3.160854172886636e-08 3.171490671563249e-05 6693786
33.7721 3.092141067684367e-08 3.113916795694749e-05 6711554
33.8183 3.027958387947191e-08 3.060330223181954e-05 6735678
33.8645 2.958008968632131e-08 3.003635981828369e-05 6754754
33.9107 2.894003699505239e-08 2.944575353512718e-05 6776570
33.9569 2.823026875654543e-08 2.881469382030247e-05 6767394
34.0031 2.772254144651659e-08 2.844640267631536e-05 6818246
34.0493 2.709951398987906e-08 2.784691193462182e-05 6830562
34.0955 2.646572402272721e-08 2.723708812866006e-05 6839186
34.1417 2.589825002209726e-08 2.677288598361967e-05 6861462
34.1879 2.53788392607894e-08 2.629066141772941e-05 6880394
34.2341 2.486027332740218e-08 2.578988631350199e-05 6907178
34.2803 2.429554497737681e-08 2.527556507363068e-05 6917034
34.3265 2.376637293123879e-08 2.48186288035548e-05 6937934
34.3727 2.322308417233458e-08 2.430930970065099e-05 6947250
34.4189 2.2791819663194e-08 2.391919981697646e-05 6982106
34.4651 2.229232116355433e-08 2.343378699693898e-05 6995718
34.5113 2.179126698158289e-08 2.300636353911245e-05 7006682
34.5575 2.135492394856275e-08 2.256209177514798e-05 7035866
34.6037 2.090955074254265e-08 2.215095299766005e-05 7054110
34.6499 2.042073024872236e-08 2.169490668756713e-05 7059194
34.6961 2.003839566683042e-08 2.132553923334653e-05 7091802
34.7423 1.958019281146941e-08 2.086956881908652e-05 7100666
34.7885 1.91908849774412e-08 2.051028216284891e-05 7129070
34.8347 1.877115802563506e-08 2.010029053149623e-05 7143282
34.8809 1.840968405790892e-08 1.971480511065036e-05 7161482
34.9271 1.802549165238495e-08 1.934325340724937e-05 7184694
34.9733 1.764466972129709e-08 1.898631007563758e-05 7203914
35.0195 1.726439245223009e-08 1.862272094494528e-05 7219746
35.0657 1.689094292457191e-08 1.822332474910466e-05 7228634
35.1119 1.659837494312252e-08 1.794917327020756e-05 7271990
35.1581 1.620965813755011e-08 1.754915513200204e-05 7266786
35.2043 1.589838023844362e-08 1.723782527646006e-05 7293650
35.2505 1.557371488820015e-08 1.690128736227919e-05 7324086
35.2967 1.526080348642002e-08 1.656594471389515e-05 7338650
35.3429 1.494357460798686e-08 1.62562121013287e-05 7351962
35.3891 1.460819534238532e-08 1.590865258354835e-05 7357190
35.4353 1.437862525011884e-08 1.566908069788438e-05 7406042
35.4815 1.402072451817416e-08 1.533230887470692e-05 7408626
35.5277 1.374880308782375e-08 1.505255042557903e-05 7435610
35.5739 1.346917711380338e-08 1.478828114715833e-05 7453542
35.6201 1.317699657635498e-08 1.44784128634818e-05 7464002
35.6663 1.291772365809991e-08 1.422238607963691e-05 7493546
35.7125 1.265117637146856e-08 1.395701188864656e-05 7510806
35.7587 1.238246641930947e-08 1.369260538512954e-05 7532114
35.8049 1.211728218969115e-08 1.340323353446269e-05 7536234
35.8511 1.18864253574396e-08 1.316918459562151e-05 7565834
35.8973 1.167327579050782e-08 1.295127717807792e-05 7603062
35.9435 1.13864954160145e-08 1.264669905291014e-05 7593890
35.9897 1.115567543929554e-08 1.244149384132538e-05 7622906
36.0359 1.094581412780784e-08 1.220930518291325e-05 7646622
36.0821 1.071984990600795e-08 1.199419239638802e-05 7672058
36.1283 1.047777122392719e-08 1.176013700755677e-05 7679346
36.1745 1.024767309285717e-08 1.153766180266582e-05 7693058
36.2207 1.005872360072026e-08 1.133499153887025e-05 7732158
36.2669 9.847790969552778e-09 1.112701983162819e-05 7746962
36.3131 9.643353882405034e-09 1.093529864264582e-05 7770986
36.3593 9.425779393467628e-09 1.070276272679132e-05 7772094
36.4055 9.25730277608007e-09 1.05170834048603e-05 7803818
36.4517 9.062989348526023e-09 1.03428183442461e-05 7834338
36.4979 8.845392143391792e-09 1.011743978738875e-05 7833710
36.5441 8.673280224831318e-09 9.941028065951351e-06 7858794
36.5903 8.507870972424432e-09 9.775255814590309e-06 7884290
36.6365 8.321856411520779e-09 9.599030858464949e-06 7901522
36.6827 8.150716786276703e-09 9.435940868966272e-06 7930662
36.7289 7.964778036223851e-09 9.240244963236624e-06 7934426
36.7751 7.812385785451148e-09 9.093142127591813e-06 7967322
36.8213 7.638237011181063e-09 8.928401550293252e-06 7981934
36.8675 7.48086477112832e-09 8.76208247778851e-06 8003282
36.9137 7.32275977472945e-09 8.606311241211203e-06 8019666
36.9599 7.161063294099879e-09 8.441536441195144e-06 8034482
37.0061 7.027007311754656e-09 8.305382859784214e-06 8068542
37.0523 6.87976743551898e-09 8.147126853381881e-06 8088290
37.0985 6.726620967552143e-09 8.008948299782373e-06 8096322
37.1447 6.593554695137074e-09 7.8523712729186e-06 8122646
37.1909 6.454309053251024e-09 7.726432849386857e-06 8150138
37.2371 6.316518944147662e-09 7.584219646847617e-06 8165322
37.2833 6.189238170035507e-09 7.450733908609038e-06 8182574
37.3295 6.05347853627683e-09 7.325183308107432e-06 8203698
37.3757 5.931613361814581e-09 7.184739470771433e-06 8226914
37.4219 5.809697977615382e-09 7.065450963972115e-06 8246898
37.4681 5.681283927210252e-09 6.938159796748247e-06 8261774
37.5143 5.566387940480282e-09 6.799510412862974e-06 8279426
37.5605 5.452145283859033e-09 6.694715528272577e-06 8308722
37.6067 5.344083205647552e-09 6.573147133082833e-06 8326214
37.6529 5.227324828446633e-09 6.444063976696284e-06 8342682
37.6991 5.117724577679307e-09 6.333669650013581e-06 8360834
37.7453 5.021294456184429e-09 6.228341041598705e-06 8393226
37.7915 4.91973749271982e-09 6.130266198221569e-06 8420150
37.8377 4.805675629870314e-09 6.005045282320805e-06 8421986
37.8839 4.709055072620143e-09 5.900376202550278e-06 8445714
37.9301 4.618079132557265e-09 5.800152785750764e-06 8472590
37.9763 4.524425020079078e-09 5.697814248583822e-06 8495370
38.0225 4.431083489606053e-09 5.596757678331643e-06 8512802
38.0687 4.33621972649617e-09 5.487211897907088e-06 8523290
38.1149 4.264003392137956e-09 5.410209158934121e-06 8570982
38.1611 4.166634936181407e-09 5.297513532998406e-06 8568458
38.2073 4.07668324432178e-09 5.200275905641049e-06 8586498
38.2535 3.995222022528022e-09 5.10884997254045e-06 8608838
38.2997 3.925978378868468e-09 5.032816097488881e-06 8645610
38.3459 3.838881573315952e-09 4.938880102927537e-06 8658386
38.3921 3.755861491726983e-09 4.844028988501948e-06 8668598
38.4383 3.687218789042515e-09 4.763125636748167e-06 8697426
38.4845 3.610852324753198e-09 4.686786679520405e-06 8722562
38.5307 3.536750862468479e-09 4.595896453614132e-06 8737962
38.5769 3.470805933367164e-09 4.522933266122634e-06 8771366
38.6231 3.395194799971312e-09 4.428717976823077e-06 8771010
38.6693 3.340464330391911e-09 4.367440347038324e-06 8822618
38.7155 3.259748217956727e-09 4.271325149743678e-06 8807726
38.7617 3.202394609967232e-09 4.200074293817373e-06 8844618
38.8079 3.138409259390811e-09 4.132271565390974e-06 8868722
38.8541 3.078175420992402e-09 4.056234339857082e-06 8891394
38.9003 3.019304549056645e-09 3.982040074691792e-06 8911934
38.9465 2.951149318824005e-09 3.91214607804697e-06 8923938
38.9927 2.900754664642719e-09 3.844406000208968e-06 8953682
39.0389 2.845444889607584e-09 3.781779619577462e-06 8981966
39.0851 2.782580835827789e-09 3.704735107878533e-06 8990442
39.1313 2.730334352336412e-09 3.638308330416556e-06 9007874
39.1775 2.679676216981876e-09 3.578018002485073e-06 9038982
39.2237 2.631112284397719e-09 3.514675818640236e-06 9068570
39.2699 2.579659597273779e-09 3.449186726365931e-06 9085250
39.3161 2.524803739835157e-09 3.380095800394155e-06 9084690
39.3623 2.48180602861307e-09 3.323068237266381e-06 9128654
39.4085 2.429003787332779e-09 3.261762041589747e-06 9133170
39.4547 2.391949326946836e-09 3.212737171997138e-06 9185882
39.5009 2.335083428017966e-09 3.140113365079109e-06 9163254
39.5471 2.297936958712254e-09 3.09718240218309e-06 9220130
39.5933 2.252014555650808e-09 3.035625600614888e-06 9233138
39.6395 2.208353180526123e-09 2.980374048443226e-06 9249378
39.6857 2.166983578826065e-09 2.927811996063494e-06 9271550
39.7319 2.124047939776536e-09 2.870988910101799e-06 9286266
39.7781 2.08641363921819e-09 2.819692268953727e-06 9320762
39.8243 2.045188194294385e-09 2.765894235706743e-06 9326718
39.8705 2.007963695946863e-09 2.717720907933191e-06 9354602
39.9167 1.971159921374679e-09 2.670842661165079e-06 9384122
39.9629 1.93223448818859e-09 2.620741988935162e-06 9400482
40.0091 1.897838856628082e-09 2.576018798726065e-06 9432638
40.0553 1.857814655020562e-09 2.530039690511242e-06 9445314
40.1015 1.82507804626281e-09 2.488189619424284e-06 9477290
40.1477 1.787771244274176e-09 2.439518490577927e-06 9489182
40.1939 1.752874861027408e-09 2.39745965983852e-06 9506706
40.2401 1.720276438005771e-09 2.354057573937946e-06 9533978
40.2863 1.68639767070564e-09 2.313473132322045e-06 9553662
40.3325 1.653734699132171e-09 2.273054730149823e-06 9579506
40.3787 1.623841463218369e-09 2.234902646707096e-06 9607866
40.4249 1.587777815516587e-09 2.191151605508185e-06 9608354
40.4711 1.561612835983444e-09 2.153535167717687e-06 9643862
40.5173 1.529784788601779e-09 2.118360258279905e-06 9670578
40.5635 1.49931854212591e-09 2.079547922315495e-06 9687890
40.6097 1.467642901924807e-09 2.042360392790823e-06 9693294
40.6559 1.441128568421008e-09 2.011863208102351e-06 9736034
40.7021 1.412031697529537e-09 1.977998147496984e-06 9758946
40.7483 1.384324980167547e-09 1.943000310163148e-06 9778994
40.7945 1.355354782863187e-09 1.908694956787465e-06 9796814
40.8407 1.329341169610378e-09 1.876652413548697e-06 9816882
40.8869 1.303854067562843e-09 1.847658950859624e-06 9850514
40.9331 1.275182371719624e-09 1.811846642264797e-06 9856062
40.9793 1.250842505612141e-09 1.784042780125146e-06 9886706
41.0255 1.226192049730698e-09 1.755693584305805e-06 9916194
41.0717 1.199799955051739e-09 1.725197744339506e-06 9924854
41.1179 1.177281580200827e-09 1.697827326159624e-06 9961490
41.1641 1.152769006800526e-09 1.669342827719489e-06 9979098
41.2103 1.127190185394216e-09 1.639851266540327e-06 9990266
41.2565 1.104754443020565e-09 1.613534492513195e-06 10012398
41.3027 1.081308614282641e-09 1.589384303398261e-06 10038818
41.3489 1.061174779695436e-09 1.563940853382547e-06 10072082
41.3951 1.038228571155511e-09 1.535861203809617e-06 10082670
41.4413 1.019736824120732e-09 1.513842554714025e-06 10123226
41.4875 9.98092094453789e-10 1.485192789969376e-06 10134834
41.5337 9.764141239484297e-10 1.460684945890822e-06 10151450
41.5799 9.587555077513845e-10 1.437680919385865e-06 10184118
41.6261 9.385321253399685e-10 1.413230025437838e-06 10199810
41.6723 9.195374371035614e-10 1.39087315864295e-06 10230386
41.7185 9.01125651013024e-10 1.365106239008878e-06 10238334
41.7647 8.833661224118029e-10 1.344220490211178e-06 10271594
41.8109 8.662805553864711e-10 1.32121303556944e-06 10298418
41.8571 8.478282894114581e-10 1.29837538453337e-06 10306814
41.9033 8.315665160732725e-10 1.278036282573379e-06 10341306
41.9495 8.151708671893784e-10 1.256183816787029e-06 10362842
41.9957 7.998415709459325e-10 1.23444924762769e-06 10388834
42.0419 7.827351641297371e-10 1.211556320197734e-06 10395630
42.0881 7.689070166954291e-10 1.190977338826382e-06 10425362
42.1343 7.538120584338213e-10 1.1717759105714e-06 10454274
42.1805 7.39733069953735e-10 1.151038961855288e-06 10478294
42.2267 7.249048749547133e-10 1.131592727129449e-06 10501818
42.2729 7.106547448661518e-10 1.111385198541056e-06 10514810
42.3191 6.974170473000312e-10 1.093130725050366e-06 10548842
42.3653 6.836724080790233e-10 1.073644974048799e-06 10566462
42.4115 6.711351204019511e-10 1.0544146256156e-06 10586810
42.4577 6.584449719487592e-10 1.037055166626767e-06 10614954
42.5039 6.454552023378546e-10 1.01767732832276e-06 10631054
42.5501 6.340249891746174e-10 1.000381458360529e-06 10662362
42.5963 6.219359515609475e-10 9.825924373994873e-07 10683354
42.6425 6.1042789177415e-10 9.642888569380128e-07 10699298
42.6887 5.995308732002236e-10 9.483981827309587e-07 10738782
42.7349 5.880800380571007e-10 9.294107127163825e-07 10744202
42.7811 5.777046843226224e-10 9.149678894630792e-07 10782186
42.8273 5.656759276481695e-10 8.973255136356941e-07 10784966
42.8735 5.566593432475293e-10 8.830207904437339e-07 10833938
42.9197 5.458729826556984e-10 8.669669872369639e-07 10848138
42.9659 5.360610120545321e-10 8.51308815159139e-07 10873766
43.0121 5.258947377746932e-10 8.3549530721519e-07 10886970
43.0583 5.162795192173836e-10 8.202483401990049e-07 10912442
43.1045 5.067079538058655e-10 8.060615683116307e-07 10936698
43.1507 4.978939617890385e-10 7.920149993124761e-07 10966142
43.1969 4.878980848512838e-10 7.764776168854778e-07 10968746
43.2431 4.798221510617192e-10 7.63564193117605e-07 11014602
43.2893 4.71779353455032e-10 7.502883179463871e-07 11042774
43.3355 4.631839024736772e-10 7.363445260358636e-07 11061474
43.3817 4.538177098102653e-10 7.225623060249661e-07 11072450
43.4279 4.455936914226049e-10 7.093258596295195e-07 11096922
43.4741 4.382236685288749e-10 6.992411860577091e-07 11146526
43.5203 4.298241032779925e-10 6.846898264169857e-07 11145602
43.5665 4.216323481365305e-10 6.725719889919656e-07 11168442
43.6127 4.137822529296532e-10 6.600075731856853e-07 11181086
43.6589 4.079585260607634e-10 6.506653054734803e-07 11250114
43.7051 3.993913128339015e-10 6.367541637653399e-07 11242106
43.7513 3.920669006245855e-10 6.258888332220979e-07 11265446
43.7975 3.851079810819127e-10 6.140716722782393e-07 11285490
43.8437 3.790275631776537e-10 6.050160028509546e-07 11335922
43.8899 3.71090291819317e-10 5.921929493085341e-07 11330130
43.9361 3.642011323403161e-10 5.823097102455782e-07 11357270
43.9823 3.580873957221762e-10 5.724496951822209e-07 11389098
44.0285 3.517531100394962e-10 5.63075778796282e-07 11426642
44.0747 3.446162054004739e-10 5.523707842015069e-07 11431358
44.1209 3.384671299967791e-10 5.432013798653478e-07 11462298
44.1671 3.323411103449855e-10 5.331766258853028e-07 11479202
44.2133 3.261137121706632e-10 5.242238103808378e-07 11509746
44.2595 3.200317994221183e-10 5.143795333489975e-07 11523062
44.3057 3.145685144396056e-10 5.059494927016062e-07 11556210
44.3519 3.088560488301122e-10 4.973618829528425e-07 11588282
44.3981 3.025845298963407e-10 4.885944646050569e-07 11599646
44.4443 2.977035829589637e-10 4.807886149237305e-07 11645274
44.4905 2.914899036412042e-10 4.72007698620873e-07 11649338
44.5367 2.860021168444363e-10 4.637088456184737e-07 11665386
44.5829 2.812351120247246e-10 4.572683223878939e-07 11719286
44.6291 2.752815085271902e-10 4.48580915911084e-07 11720738
44.6753 2.702316466023707e-10 4.415420689869033e-07 11755074
44.7215 2.648537980523618e-10 4.339046470792684e-07 11767166
44.7677 2.603509496581884e-10 4.277245670097755e-07 11813346
44.8139 2.55143950021378e-10 4.197880244306832e-07 11825450
44.8601 2.49813318119143e-10 4.123617825243249e-07 11828814
44.9063 2.456904556981007e-10 4.067775142622611e-07 11884418
44.9525 2.408302731766223e-10 3.9958256341574e-07 11900378
44.9987 2.359414539469246e-10 3.92671896495702e-07 11908002
45.0449 2.313322896292141e-10 3.868116747319522e-07 11937470
45.0911 2.272197047476866e-10 3.812352301332057e-07 11981346
45.1373 2.225808720586239e-10 3.747790395841555e-07 11998154
45.1835 2.181204102292146e-10 3.689815197185512e-07 12015798
45.2297 2.139699351244199e-10 3.634310436604873e-07 12046586
45.2759 2.098148827822447e-10 3.576689938256993e-07 12073226
45.3221 2.056132431927018e-10 3.519977425146589e-07 12089370
45.3683 2.016959796573263e-10 3.465323190357314e-07 12123662
45.4145 1.975591843668463e-10 3.406567345216657e-07 12129018
45.4607 1.939168062965344e-10 3.357591689594914e-07 12168698
45.5069 1.900168854035215e-10 3.305460335270205e-07 12191070
45.5531 1.867328295487594e-10 3.260693434096576e-07 12237290
45.5993 1.827185849985665e-10 3.202222188180342e-07 12237434
45.6455 1.791846453560992e-10 3.157233529240633e-07 12269430
45.6917 1.756382097142532e-10 3.107174915968535e-07 12288314
45.7379 1.721873452017311e-10 3.060657453431475e-07 12312018
45.7841 1.68872844982554e-10 3.012841474196576e-07 12333770
45.8303 1.655914679356014e-10 2.965679669565887e-07 12362654
45.8765 1.626584565118553e-10 2.926516480061017e-07 12405282
45.9227 1.595009113548773e-10 2.877873313245838e-07 12414842
45.9689 1.563681860091926e-10 2.831273582557441e-07 12433278
46.0151 1.535617413024166e-10 2.787959233154361e-07 12469442
46.0613 1.506800367280715e-10 2.746650409721085e-07 12497106
46.1075 1.478540694173057e-10 2.701771741857062e-07 12513074
46.1537 1.450372764641189e-10 2.658302259652458e-07 12531902
46.1999 1.425129341379049e-10 2.620374986357919e-07 12567690
46.2461 1.400293174445203e-10 2.580147253786702e-07 12603338
46.2923 1.372699334430024e-10 2.537845951346632e-07 12612726
46.3385 1.347619001501527e-10 2.498594232441989e-07 12634802
46.3847 1.324600632806116e-10 2.459457762912816e-07 12662730
46.4309 1.301909796865966e-10 2.422699260778787e-07 12699086
46.4771 1.278354023569154e-10 2.381948252834242e-07 12711074
46.5233 1.256391627687606e-10 2.344949549861356e-07 12739098
46.5695 1.236094324046859e-10 2.307605038658615e-07 12769490
46.6157 1.215481741146409e-10 2.271273247131661e-07 12799686
46.6619 1.195553117684288e-10 2.235584941550069e-07 12828626
46.7081 1.173842049972888e-10 2.196734844616259e-07 12832794
46.7543 1.156064835246542e-10 2.165921726921683e-07 12875942
46.8005 1.137520176915501e-10 2.131333857016088e-07 12906314
46.8467 1.117566049958656e-10 2.093486691776014e-07 12913122
46.8929 1.099689585762667e-10 2.060986235902101e-07 12937346
46.9391 1.082912344747792e-10 2.029926318548197e-07 12973374
46.9853 1.067114995001159e-10 1.998948650132597e-07 13008170
47.0315 1.049381951343217e-10 1.964613163151857e-07 13025810
47.0777 1.03231426303591e-10 1.930787588986561e-07 13033590
47.1239 1.01912953783732e-10 1.904505248685014e-07 13083698
47.1701 1.002668987316878e-10 1.870994409779643e-07 13094706
47.2163 9.874048144206767e-11 1.840924679626646e-07 13119002
47.2625 9.730945316917537e-11 1.812769278499744e-07 13146318
47.3087 9.584070706703535e-11 1.783625982073103e-07 13167383
47.3549 9.430389861486234e-11 1.757661915232696e-07 13180844
47.4011 9.249452172552474e-11 1.723344416080721e-07 13147596
47.4473 9.083281127009464e-11 1.695182733518042e-07 13144028
47.4935 8.913153838272008e-11 1.662454854125127e-07 13122684
47.5397 8.740111157754816e-11 1.632859473639287e-07 13103336
47.5859 8.590399640201432e-11 1.604914391830477e-07 13108416
47.6321 8.413372060510818e-11 1.573575037796339e-07 13073744
47.6783 8.263132821894332e-11 1.545363442972494e-07 13076900
47.7245 8.101924820585992e-11 1.514463506859872e-07 13051992
47.7707 7.960663750858907e-11 1.486952123032362e-07 13056752
47.8169 7.799300217119572e-11 1.458270680525509e-07 13036344
47.8631 7.645331283722415e-11 1.429289195443206e-07 13009832
47.9093 7.49493369610604e-11 1.402054256488952e-07 12996668
47.9555 7.357215760403671e-11 1.376798692681266e-07 13003248
48.0017 7.193778803377777e-11 1.348142527706689e-07 12967172
48.0479 7.061154279819228e-11 1.322430942277944e-07 12963480
48.0941 6.92173956708404e-11 1.29845779285994e-07 12954260
48.1403 6.784570001454683e-11 1.273940022063177e-07 12942432
48.1865 6.639398366631907e-11 1.24877833550779e-07 12924296
48.2327 6.502173221592988e-11 1.224075300082392e-07 12903392
48.2789 6.374654694276539e-11 1.202510631874214e-07 12906168
48.3251 6.238149652315689e-11 1.177484483436858e-07 12873656
48.3713 6.107766430982774e-11 1.156046743568489e-07 12870720
48.4175 5.979661698960352e-11 1.133397206971602e-07 12855428
48.4637 5.854242209325709e-11 1.113513470800433e-07 12842256
48.5099 5.726428551005211e-11 1.091209159320249e-07 12820304
48.5561 5.602579277102059e-11 1.07190929917418e-07 12820328
48.6023 5.479691179808967e-11 1.05126499612641e-07 12794856
48.6485 5.363356098129077e-11 1.032683479685693e-07 12787940
48.6947 5.233150880144724e-11 1.010864848595734e-07 12748392
48.7409 5.126015672511658e-11 9.934888863253276e-08 12752756
48.7871 5.010504068335639e-11 9.750406804419767e-08 12732036
48.8333 4.903391344346865e-11 9.588271732787025e-08 12737132
48.8795 4.790380844013757e-11 9.404307186248812e-08 12712976
48.9257 4.679613796270129e-11 9.229433510585437e-08 12696348
48.9719 4.569905208430911e-11 9.054657363824668e-08 12673892
49.0181 4.470596919132319e-11 8.906128669920187e-08 12677316
49.0643 4.363138139548228e-11 8.740874545403359e-08 12650384
49.1105 4.250824796279395e-11 8.567607094811501e-08 12621344
49.1567 4.162191615567437e-11 8.430091166540964e-08 12624204
49.2029 4.065158814753268e-11 8.285075825640194e-08 12615632
49.2491 3.968525701615827e-11 8.132063579999902e-08 12600420
49.2953 3.875171054929208e-11 7.978319038156553e-08 12570224
49.3415 3.788668334823008e-11 7.832845685249694e-08 12566868
49.3877 3.698778814198026e-11 7.693053419445144e-08 12545828
49.4339 3.61622559598531e-11 7.555507837630954e-08 12538232
49.4801 3.524157047494818e-11 7.399965245486552e-08 12496452
49.5263 3.452177776840445e-11 7.276361520567341e-08 12502688
49.5725 3.375490402679149e-11 7.150983615554111e-08 12498708
49.6187 3.298616425482552e-11 7.007831364482643e-08 12469640
49.6649 3.219997293879232e-11 6.875549039920139e-08 12440136
49.7111 3.151238831642813e-11 6.754917171920201e-08 12442412
49.7573 3.083744072835313e-11 6.633698239145545e-08 12433712
49.8035 3.01308372200516e-11 6.501087308480458e-08 12410544
49.8497 2.945537007774305e-11 6.375737277900602e-08 12381512
49.8959 2.886121993132688e-11 6.260504526138521e-08 12378960
49.9421 2.823887933661482e-11 6.138867937949941e-08 12366872
49.9883 2.762855717772807e-11 6.019524017822479e-08 12345588
50.0345 2.703883652232968e-11 5.90191531075366e-08 12327008
50.0807 2.647021299739345e-11 5.790654029681595e-08 12313388
50.1269 2.593152059360567e-11 5.680541235184062e-08 12306768
50.1731 2.535120080545931e-11 5.56458286713919e-08 12275504
50.2193 2.484586756685597e-11 5.459833674036731e-08 12265620
50.2655 2.429996907001109e-11 5.347213892399178e-08 12236324
50.3117 2.385076570455597e-11 5.258198515655711e-08 12253880
50.3579 2.333140861079171e-11 5.147847877487447e-08 12219756
50.4041 2.284224993334469e-11 5.041591940941012e-08 12195524
50.4503 2.239589451886193e-11 4.947111386961288e-08 12189000
50.4965 2.193087175774985e-11 4.843431925035127e-08 12170168
50.5427 2.148702877219375e-11 4.750815446996629e-08 12147588
50.5889 2.105444868796621e-11 4.652028800763932e-08 12134360
50.6351 2.062962991111479e-11 4.562416981223428e-08 12122816
50.6813 2.022103679101943e-11 4.475871078631295e-08 12107580
50.7275 1.980815703177557e-11 4.386685501262776e-08 12098972
50.7737 1.93793589825928e-11 4.291541763205149e-08 12054744
50.8199 1.900969709923782e-11 4.21355941396704e-08 12056912
50.8661 1.861553222952326e-11 4.129477803984044e-08 12039108
50.9123 1.82349647752319e-11 4.047525498747793e-08 12019400
50.9585 1.785971524181239e-11 3.965040143034687e-08 11996936
51.0047 1.749400611985283e-11 3.886441128279427e-08 11979744
51.0509 1.71646292101974e-11 3.813296206708486e-08 11975504
51.0971 1.681002826602735e-11 3.739986786933538e-08 11963472
51.1433 1.645986515370742e-11 3.660058297908566e-08 11928692
51.1895 1.61203182722849e-11 3.59100831090154e-08 11920356
51.2357 1.580027679407231e-11 3.521067325298062e-08 11900072
51.2819 1.54783640692471e-11 3.455135895084211e-08 11897312
51.3281 1.513470704402233e-11 3.381700728317236e-08 11857164
51.3743 1.482120484540804e-11 3.31604805308634e-08 11842556
51.4205 1.4534849561688e-11 3.258751616106964e-08 11841552
51.4667 1.422361890876762e-11 3.19035293386321e-08 11811860
51.5129 1.392083405906049e-11 3.129446701185345e-08 11798888
51.5591 1.362374747633166e-11 3.067947873375777e-08 11768748
51.6053 1.336436856298545e-11 3.014895333861146e-08 11777096
51.6515 1.305568861653694e-11 2.948749735041805e-08 11733936
51.6977 1.278229836150273e-11 2.891007937346006e-08 11714324
51.7439 1.254041730970455e-11 2.842887008991583e-08 11725020
51.7901 1.226490490384448e-11 2.787255638141876e-08 11696816
51.8363 1.198511631173094e-11 2.72999134332836e-08 11666048
51.8825 1.174497443478983e-11 2.682989479065142e-08 11661996
51.9287 1.14903435009512e-11 2.631272656226353e-08 11645228
51.9749 1.123376832134301e-11 2.582288078523612e-08 11620884
52.0211 1.097753681774938e-11 2.52938916894373e-08 11590808
52.0673 1.075553668228294e-11 2.484905822036962e-08 11587908
52.1135 1.052482139654294e-11 2.437422724233166e-08 11569028
52.1597 1.029593779776145e-11 2.39356214088976e-08 11558012
52.2059 1.006515063964209e-11 2.346349711806409e-08 11528724
52.2521 9.838396249522505e-12 2.301104960926226e-08 11506964
52.2983 9.63901147945584e-12 2.258134506369495e-08 11494536
52.3445 9.42366600725997e-12 2.216095985109369e-08 11477444
52.3907 9.211879142210652e-12 2.172529186345501e-08 11456804
52.4369 9.002023437306165e-12 2.131985315924576e-08 11428740
52.4831 8.818236356878842e-12 2.093254983040312e-08 11427272
52.5293 8.617206700289332e-12 2.054885595240964e-08 11407524
52.5755 8.423410189633756e-12 2.013057826359942e-08 11376992
52.6217 8.24204596463325e-12 1.976528406407159e-08 11363952
52.6679 8.064810888730035e-12 1.938639254157021e-08 11346680
52.7141 7.878659790457725e-12 1.900442116134181e-08 11322272
52.7603 7.715256457012789e-12 1.865251255797721e-08 11313672
52.8065 7.531870592386227e-12 1.828016894271114e-08 11276120
52.8527 7.380717869933872e-12 1.796164816953454e-08 11283648
52.8989 7.214273221101957e-12 1.759483175504246e-08 11248088
52.9451 7.062454688496047e-12 1.725900903678664e-08 11240592
52.9913 6.903422839757296e-12 1.693740101986957e-08 11217380
53.0375 6.742257320668743e-12 1.658959760058992e-08 11185436
53.0837 6.604050335488193e-12 1.629552850618464e-08 11182920
53.1299 6.452144032897466e-12 1.596823268634995e-08 11148968
53.1761 6.306871786761869e-12 1.565653951632122e-08 11132988
53.2223 6.176478684082949e-12 1.53618740020202e-08 11121068
53.2685 6.029976448167025e-12 1.50312318643837e-08 11080992
53.3147 5.925010966350012e-12 1.479998961748851e-08 11101004
53.3609 5.777142952904841e-12 1.44639135381555e-08 11052488
53.4071 5.656878848932864e-12 1.418962597199636e-08 11042760
53.4533 5.534559058797587e-12 1.392087377945834e-08 11024240
53.4995 5.413395025098159e-12 1.363696634450505e-08 11000652
53.5457 5.295792632667645e-12 1.336631465824749e-08 10983116
53.5919 5.177390646994684e-12 1.309668340193745e-08 10951520
53.6381 5.075814445817369e-12 1.286219387209956e-08 10954992
53.6843 4.963244614681645e-12 1.260126527323648e-08 10922468
53.7305 4.851288244061474e-12 1.234684615940548e-08 10900932
53.7767 4.745808657874982e-12 1.209167202842153e-08 10876700
53.8229 4.655907534247073e-12 1.187655587779855e-08 10874520
53.8691 4.546201909680673e-12 1.16197098118009e-08 10837064
53.9153 4.445974920687708e-12 1.137675293644316e-08 10811504
53.9615 4.364672562357309e-12 1.117246676046628e-08 10817724
54.0077 4.267771733137768e-12 1.09449154634984e-08 10782764
54.0539 4.172147556592031e-12 1.071819461743363e-08 10759932
54.1001 4.082429236905086e-12 1.050571710802389e-08 10739204
54.1463 3.999154471368263e-12 1.029698178025872e-08 10720560
54.1925 3.918656513064801e-12 1.01004116151568e-08 10715144
54.2387 3.826753570775557e-12 9.87351925625207e-09 10664960
54.2849 3.74626483103817e-12 9.688391441834717e-09 10661076
54.3311 3.667564987227012e-12 9.493602311103286e-09 10634540
54.3773 3.596290001545138e-12 9.313283895724345e-09 10629012
54.4235 3.517461116438995e-12 9.118389662288008e-09 10600856
54.4697 3.439060400947267e-12 8.920897191783805e-09 10566600
54.5159 3.374510803593945e-12 8.75782678455146e-09 10567232
54.5621 3.299057583061491e-12 8.566567035357191e-09 10531880
54.6083 3.23451283343066e-12 8.408454251767979e-09 10530996
54.6545 3.157019383451205e-12 8.213858700117995e-09 10477004
54.7007 3.094623604646744e-12 8.061991978620257e-09 10471488
54.7469 3.033644687762902e-12 7.911037159325336e-09 10464068
54.7931 2.966447786091346e-12 7.736479378032367e-09 10430660
54.8393 2.905708751679517e-12 7.592662680027343e-09 10419756
54.8855 2.840333658804183e-12 7.425987993555099e-09 10384784
54.9317 2.783451224848193e-12 7.285072115686902e-09 10374072
54.9779 2.722961180123802e-12 7.130300556204625e-09 10348256
55.0241 2.665418138393909e-12 6.984586193641799e-09 10318008
55.0703 2.611479060595998e-12 6.847086789433092e-09 10309604
55.1165 2.556129605267139e-12 6.706362729147992e-09 10286924
55.1627 2.500180071514031e-12 6.572788509429998e-09 10261848
55.2089 2.44869929338895e-12 6.441819596018965e-09 10243016
55.2551 2.393821205785525e-12 6.299229258870554e-09 10211616
55.3013 2.346241528878256e-12 6.186293416355363e-09 10207340
55.3475 2.292561214312112e-12 6.051235325365979e-09 10164252
55.3937 2.245019525474275e-12 5.937803316674615e-09 10159472
55.4399 2.196531215239303e-12 5.813791350828098e-09 10129184
55.4861 2.14992662697686e-12 5.696836410297038e-09 10114464
55.5323 2.106181494270407e-12 5.591418605560326e-09 10103336
55.5785 2.054391268641108e-12 5.46362872593834e-09 10049364
55.6247 2.015009228944235e-12 5.364254781365266e-09 10056980
55.6709 1.971414585872072e-12 5.253987165632323e-09 10027464
55.7171 1.927064683255507e-12 5.146602960034455e-09 10001132
55.7633 1.886089619582868e-12 5.046143306631676e-09 9984704
55.8095 1.841587128936289e-12 4.935070213000534e-09 9946872
55.8557 1.80589774886684e-12 4.849841853358848e-09 9950204
55.9019 1.76301016631673e-12 4.745713234938594e-09 9907884
55.9481 1.723840727937231e-12 4.647339961919228e-09 9890480
55.9943 1.686403748019401e-12 4.559007386691795e-09 9864212
56.0405 1.649970338948092e-12 4.466889725346131e-09 9850680
56.0867 1.614104849945921e-12 4.377134071010348e-09 9831356
56.1329 1.5747485554173e-12 4.279300221756988e-09 9781176
56.1791 1.542550688192936e-12 4.203703169248422e-09 9789368
56.2253 1.509526015741372e-12 4.11726731506563e-09 9760404
56.2715 1.475123288893599e-12 4.031803992930186e-09 9735800
56.3177 1.44131375077561e-12 3.948818569105913e-09 9711092
56.3639 1.410631840562384e-12 3.868931571064042e-09 9689040
56.4101 1.37785449251528e-12 3.791567177803801e-09 9668192
56.4563 1.346973242063741e-12 3.715552658508811e-09 9643500
56.5025 1.315864643187075e-12 3.63525290905131e-09 9617840
56.5487 1.286334858832246e-12 3.563776932742168e-09 9596220
56.5949 1.258507542210233e-12 3.492916910232405e-09 9579572
56.6411 1.230239852140352e-12 3.419588327043782e-09 9553832
56.6873 1.201274576952703e-12 3.348053379863782e-09 9523872
56.7335 1.173715435256442e-12 3.278360597814972e-09 9502856
56.7797 1.149367782568207e-12 3.215603659943363e-09 9490980
56.8259 1.12147429509731e-12 3.142787763460283e-09 9456200
56.8721 1.096133235351575e-12 3.080051423613007e-09 9434060
56.9183 1.071796953744687e-12 3.015584283027907e-09 9409128
56.9645 1.047533706418041e-12 2.953693389062034e-09 9392816
57.0107 1.023440221426171e-12 2.894369557003592e-09 9367812
57.0569 9.988000024336897e-13 2.829759692932199e-09 9335648
57.1031 9.7857884093822e-13 2.777724779813259e-09 9334140
57.1493 9.547101922536773e-13 2.71454114508398e-09 9287804
57.1955 9.334034255750087e-13 2.659790936905608e-09 9280268
57.2417 9.102707450197208e-13 2.599415665460178e-09 9232656
57.2879 8.92481244782749e-13 2.551970525608715e-09 9235316
57.3341 8.70490402276484e-13 2.493669649241376e-09 9201576
57.3803 8.512775821898832e-13 2.443106848128537e-09 9175664
57.4265 8.317628314242445e-13 2.389735255194683e-09 9151536
57.4727 8.127037177091239e-13 2.341401207731215e-09 9128240
57.5189 7.945181785565148e-13 2.293494127246109e-09 9109832
57.5651 7.753158645851936e-13 2.242604310730039e-09 9072324
57.6113 7.587407554766729e-13 2.199200842639636e-09 9060392
57.6575 7.412621020941059e-13 2.151089735253223e-09 9034272
57.7037 7.244023054310178e-13 2.10827150152166e-09 9008744
57.7499 7.077374072145223e-13 2.06395296078504e-09 8989764
57.7961 6.919106872956245e-13 2.018422402721034e-09 8956412
57.8423 6.766959795375671e-13 1.980111789631946e-09 8941880
57.8885 6.609191056624158e-13 1.937805531528509e-09 8914968
57.9347 6.458662405039939e-13 1.895129879789878e-09 8881592
57.9809 6.320444194865594e-13 1.858027330983748e-09 8866164
58.0271 6.171033732666503e-13 1.817955511053314e-09 8832464
58.0733 6.038129998360048e-13 1.781359509506631e-09 8819384
58.1195 5.898286297087394e-13 1.743613882482901e-09 8784948
58.1657 5.769980918066525e-13 1.708296959520919e-09 8766056
58.2119 5.640545144279084e-13 1.673785488583508e-09 8741592
58.2581 5.514906899235004e-13 1.638456476358879e-09 8715404
58.3043 5.39579557166763e-13 1.605291210790825e-09 8693160
58.3505 5.269453566356615e-13 1.571099800058696e-09 8660528
58.3967 5.155670080064038e-13 1.538210261719672e-09 8638364
58.4429 5.048261732094772e-13 1.508203765207687e-09 8622660
58.4891 4.932031311066631e-13 1.475730786886165e-09 8587712
58.5353 4.828962045212426e-13 1.44618388735009e-09 8569368
58.5815 4.716343068497992e-13 1.414562661904943e-09 8529836
58.6277 4.623198836730531e-13 1.388421476480228e-09 8529840
58.6739 4.517343618710285e-13 1.35756433081271e-09 8486240
58.7201 4.419268108708657e-13 1.329292907364189e-09 8464964
58.7663 4.323853174463355e-13 1.302134623426516e-09 8441376
58.8125 4.225888113653727e-13 1.274426157946492e-09 8401016
58.8587 4.149816727500197e-13 1.251163172699563e-09 8409180
58.9049 4.046417063253612e-13 1.22196867368201e-09 8351564
58.9511 3.964675139314471e-13 1.196894048811534e-09 8339304
58.9973 3.880072272327718e-13 1.172381161545359e-09 8310416
59.0435 3.798401181215374e-13 1.148777198178127e-09 8286104
59.0897 3.717345553375849e-13 1.123839598252238e-09 8262372
59.1359 3.635660460329426e-13 1.099685287434686e-09 8225852
59.1821 3.564343005384207e-13 1.080113790419078e-09 8224104
59.2283 3.484429140116769e-13 1.055120709575419e-09 8180564
59.2745 3.407052567121845e-13 1.033434460264899e-09 8150744
59.3207 3.339009729676366e-13 1.013321733740578e-09 8137680
59.3669 3.268459068899265e-13 9.932988296353991e-10 8111156
59.4131 3.19520597920908e-13 9.707132742216758e-10 8078748
59.4593 3.125193443487204e-13 9.506381296220067e-10 8045600
59.5055 3.06364393249531e-13 9.331231853974717e-10 8035524
59.5517 2.995579969291392e-13 9.132887834824198e-10 8002928
59.5979 2.93223769849616e-13 8.943020956196145e-10 7975760
59.6441 2.865428704329447e-13 8.754746706167331e-10 7946448
59.6903 2.809448818418174e-13 8.583524631549589e-10 7924280
59.7365 2.747089037900563e-13 8.416618019844081e-10 7899672
59.7827 2.685365727071705e-13 8.233178068521168e-10 7869572
59.8289 2.624686506290991e-13 8.06284893850293e-10 7830276
59.8751 2.574909094886441e-13 7.921283905329382e-10 7826636
59.9213 2.515420112936726e-13 7.755044876539525e-10 7792388
59.9675 2.461153241848258e-13 7.60138577327471e-10 7765296
60.0137 2.40749758843818e-13 7.441962003058632e-10 7733948
60.0599 2.355459719326752e-13 7.300934860848284e-10 7710948
60.1061 2.304528246027857e-13 7.155831940974947e-10 7689260
60.1523 2.252380796041752e-13 7.003286328132316e-10 7649916
60.1985 2.205001574063955e-13 6.880775735085456e-10 7638020
60.2447 2.154793322114411e-13 6.73150482851498e-10 7597136
60.2909 2.111718951106807e-13 6.612377576104477e-10 7586532
60.3371 2.058590991152075e-13 6.462444613909469e-10 7540628
60.3833 2.016405120712036e-13 6.348672818075809e-10 7519344
60.4295 1.973621272537713e-13 6.225900995059821e-10 7501880
60.4757 1.928557074969298e-13 6.098396067657796e-10 7466540
60.5219 1.885795580716729e-13 5.980636216767524e-10 7440012
60.5681 1.844949894336202e-13 5.862732103691325e-10 7414112
60.6143 1.803027463039214e-13 5.741898239119099e-10 7382808
60.6605 1.765359936929988e-13 5.635242162268475e-10 7365056
60.7067 1.724690061973377e-13 5.514392726068703e-10 7324200
60.7529 1.689010546246118e-13 5.41276125267166e-10 7308356
60.7991 1.651217463194409e-13 5.301619076552491e-10 7275944
60.8453 1.611584196669917e-13 5.187218830221351e-10 7238628
60.8915 1.582203818130431e-13 5.099913541698896e-10 7231832
60.9377 1.544388759293206e-13 4.987012452180782e-10 7189104
60.9839 1.512002934165265e-13 4.890006904428337e-10 7168592
61.0301 1.477621620901097e-13 4.788679115809924e-10 7136184
61.0763 1.447529820348543e-13 4.696976427934168e-10 7116188
61.1225 1.414279429415056e-13 4.593628046552012e-10 7077644
61.1687 1.383926110613709e-13 4.501388005238386e-10 7053780
61.2149 1.354628063412426e-13 4.414966097522008e-10 7031900
61.2611 1.324177117609797e-13 4.319660827673094e-10 6993612
61.3073 1.296883076538734e-13 4.232549062193673e-10 6976868
61.3535 1.266520297491977e-13 4.140920114625829e-10 6934520
61.3997 1.241191727385819e-13 4.063381871604452e-10 6920268
61.4459 1.213797972869856e-13 3.978899298271094e-10 6889172
61.4921 1.185062731133822e-13 3.88925986186264e-10 6844680
61.5383 1.160939367247976e-13 3.815951085938312e-10 6834860
61.5845 1.136507803311901e-13 3.738618653358141e-10 6802656
61.6307 1.111493844452985e-13 3.661448566951229e-10 6777188
61.6769 1.085613642692591e-13 3.579787143269284e-10 6737144
61.7231 1.062125041284063e-13 3.508950447683327e-10 6712620
61.7693 1.040680870540303e-13 3.442978565477137e-10 6695444
61.8155 1.01603358218279e-13 3.366649578915794e-10 6653604
61.8617 9.932347737746099e-14 3.294471517769292e-10 6626744
61.9079 9.731118462051962e-14 3.233065822480022e-10 6602196
61.9541 9.506100726563773e-14 3.165176665999747e-10 6571892
62.0003 9.294783601170438e-14 3.098060259586101e-10 6541832
62.0465 9.081475773726915e-14 3.03403132605628e-10 6504960
62.0927 8.899275473874767e-14 2.977508418157653e-10 6496244
62.1389 8.691987195175339e-14 2.915367171162794e-10 6453468
62.1851 8.499744449466456e-14 2.857232827316554e-10 6432680
62.2313 8.304737789581132e-14 2.795901244653753e-10 6396960
62.2775 8.122551197834637e-14 2.740965905994535e-10 6364784
62.3237 7.956349400212034e-14 2.68999673202172e-10 6352916
62.3699 7.761375049854024e-14 2.631599305415608e-10 6304836
62.4161 7.59182694970622e-14 2.57867727706834e-10 6282080
62.4623 7.424497232097849e-14 2.526667308701455e-10 6251508
62.5085 7.263476088317828e-14 2.479336144878032e-10 6225728
62.5547 7.093044506497148e-14 2.423005744546729e-10 6187640
62.6009 6.940235896163282e-14 2.379363753097458e-10 6159276
62.6471 6.795111549386845e-14 2.333591745294613e-10 6141404
62.6933 6.637719086597464e-14 2.285795897824129e-10 6104412
62.7395 6.488548655833926e-14 2.239124847534208e-10 6071612
62.7857 6.352424082742238e-14 2.195152090858723e-10 6046032
62.8319 6.211045257096459e-14 2.151448800620031e-10 6013244
62.8781 6.077651053146733e-14 2.10985062632126e-10 5990204
62.9243 5.938302834302331e-14 2.064851345593599e-10 5950020
62.9705 5.83109845294415e-14 2.030981099324157e-10 5938520
63.0167 5.680589941928683e-14 1.980976835669011e-10 5890944
63.0629 5.567710908884599e-14 1.945914085231697e-10 5864480
63.1091 5.442194294075367e-14 1.906080287696447e-10 5834628
63.1553 5.331486538893001e-14 1.868691446903042e-10 5806868
63.2015 5.219007211400396e-14 1.831362078936999e-10 5779796
63.2477 5.099917092549633e-14 1.792577965601574e-10 5744076
63.2939 4.994910471419344e-14 1.75803929989456e-10 5716436
63.3401 4.886371011617479e-14 1.721429118628329e-10 5686140
63.3863 4.774308247575139e-14 1.685237689308021e-10 5648924
63.4325 4.689048247432737e-14 1.653909562758947e-10 5631720
63.4787 4.578645359543959e-14 1.617408293049772e-10 5592584
63.5249 4.483708958408731e-14 1.585524121594616e-10 5565032
63.5711 4.38357242065457e-14 1.551112631582855e-10 5527812
63.6173 4.294177417970616e-14 1.520098936183121e-10 5502944
63.6635 4.211217906160471e-14 1.490893705677495e-10 5479728
63.7097 4.107080985956207e-14 1.457242533379288e-10 5435888
63.7559 4.028184134381334e-14 1.428646035588513e-10 5413076
63.8021 3.941033486420362e-14 1.399223077087505e-10 5379972
63.8483 3.85712517347294e-14 1.36982673137487e-10 5348924
63.8945 3.773496072537225e-14 1.341152085012036e-10 5317392
63.9407 3.687383536123213e-14 1.311714080155617e-10 5279504
63.9869 3.625238807227361e-14 1.289561229710266e-10 5268480
64.0331 3.535518869783005e-14 1.260104837170297e-10 5223572
64.0793 3.460448178039563e-14 1.232739903718879e-10 5190452
64.1255 3.388832703731463e-14 1.208512539084303e-10 5162808
64.1716 3.314538190331032e-14 1.183367096429466e-10 5130032
64.2178 3.247154564916273e-14 1.159749841075368e-10 5102844
64.264 3.16994078044035e-14 1.134953541484256e-10 5064404
64.3102 3.107663746705115e-14 1.112498669586824e-10 5041788
64.3564 3.03917201728449e-14 1.090640474118259e-10 5006048
64.4026 2.971835047445351e-14 1.066969579378413e-10 4974476
64.4488 2.911007453292144e-14 1.045676276487208e-10 4944876
64.495 2.842352417266501e-14 1.023379918775359e-10 4906532
64.5412 2.789262510976927e-14 1.005287803332348e-10 4887960
64.5874 2.721834788847058e-14 9.830149401044846e-11 4844576
64.6336 2.664299524865858e-14 9.623846000347252e-11 4814876
64.6798 2.610369563674641e-14 9.447037049635036e-11 4789392
64.726 2.543248830420937e-14 9.228956063777728e-11 4742684
64.7722 2.502576511665417e-14 9.079204261422095e-11 4734516
64.8184 2.436746975183144e-14 8.867850216711861e-11 4682588
64.8646 2.388350200169345e-14 8.702918112711343e-11 4661736
64.9108 2.336128577892689e-14 8.525784364351466e-11 4628360
64.957 2.281407480422303e-14 8.342219547451472e-11 4589408
65.0032 2.232636255689219e-14 8.177910255174979e-11 4560588
65.0494 2.18627937282266e-14 8.019186342627935e-11 4531724
65.0956 2.136767794265512e-14 7.85232433307168e-11 4499988
65.1418 2.086837303234076e-14 7.684460283733081e-11 4461728
65.188 2.042121100111776e-14 7.534093954612046e-11 4433484
65.2342 2.000269321959415e-14 7.382350179902887e-11 4405280
65.2804 1.950160922313564e-14 7.221373397177313e-11 4360472
65.3266 1.9109876353923e-14 7.073921055739571e-11 4339080
65.3728 1.868007971064208e-14 6.931043061103232e-11 4301396
65.419 1.824674841897903e-14 6.790524509860801e-11 4271340
65.4652 1.787121229965294e-14 6.649070579792747e-11 4239968
65.5114 1.743873570370811e-14 6.503952997374351e-11 4201116
65.5576 1.709633053482335e-14 6.373861842618525e-11 4177748
65.6038 1.666199581457076e-14 6.238772925162216e-11 4136636
65.65 1.633583502226988e-14 6.109762546535126e-11 4110516
65.6962 1.595348147135502e-14 5.977328501746643e-11 4075076
65.7424 1.557547754714528e-14 5.844682246650039e-11 4037220
65.7886 1.524767674732292e-14 5.722301819979117e-11 4008632
65.8348 1.488042960303377e-14 5.605200995111779e-11 3972800
65.881 1.458801754124742e-14 5.488022086965525e-11 3946224
65.9272 1.422823439182541e-14 5.36790750061045e-11 3908516
65.9734 1.392152298870782e-14 5.252541448471549e-11 3876912
66.0196 1.358954225233905e-14 5.131386377866299e-11 3839720
66.0658 1.329609858429197e-14 5.033867085321344e-11 3813012
66.112 1.299255786843215e-14 4.916204386164642e-11 3777968
66.1582 1.266375965555264e-14 4.802877938100842e-11 3737048
66.2044 1.241036489917054e-14 4.709905377211266e-11 3713520
66.2506 1.212255770434168e-14 4.60249967796427e-11 3677996
66.2968 1.182075802784229e-14 4.497349317457922e-11 3640800
66.343 1.154812671169444e-14 4.396726906559112e-11 3607976
66.3892 1.12549613562073e-14 4.295064226968128e-11 3570924
66.4354 1.103182773999876e-14 4.21184102456721e-11 3545936
66.4816 1.073498406679945e-14 4.10993856195853e-11 3506408
66.5278 1.048956127867278e-14 4.013949446599964e-11 3471600
66.574 1.023772836838529e-14 3.926012799266627e-11 3442172
66.6202 9.979523816990989e-15 3.833650478616312e-11 3407676
66.6664 9.755645166381674e-15 3.752007965200371e-11 3373964
66.7126 9.474003429943473e-15 3.655875848108911e-11 3336468
66.7588 9.27207608881023e-15 3.578791228040496e-11 3307520
66.805 9.017720967551659e-15 3.485990597899971e-11 3272000
66.8512 8.792764263150547e-15 3.410208550456311e-11 3237408
66.8974 8.548433140085929e-15 3.316254789475623e-11 3196721
66.9436 8.364997615856856e-15 3.255791102750799e-11 3179382
66.9898 8.127444144309789e-15 3.16068511222638e-11 3135572
67.036 7.921291797655865e-15 3.087621361469263e-11 3103196
67.0822 7.744092889453345e-15 3.01920237422093e-11 3079200
67.1284 7.566433054218648e-15 2.952232574475947e-11 3053732
67.1746 7.365049402930693e-15 2.878599865596748e-11 3018894
67.2208 7.180470653615761e-15 2.806675985643337e-11 2988590
67.267 7.03955899882774e-15 2.751362832367444e-11 2970498
67.3132 6.844026055192378e-15 2.681435425029648e-11 2938226
67.3594 6.690924420850923e-15 2.62221564345633e-11 2910458
67.4056 6.515840822236642e-15 2.557715081783668e-11 2883180
67.4518 6.385056998237283e-15 2.506220756109062e-11 2860964
67.498 6.213501649709882e-15 2.444987413001478e-11 2833284
67.5442 6.07748082934953e-15 2.391653896581535e-11 2808758
67.5904 5.919154402774487e-15 2.334677734124557e-11 2780862
67.6366 5.789200790046892e-15 2.283456897208689e-11 2758742
67.6828 5.651649626117632e-15 2.233260572674104e-11 2734520
67.729 5.509014199036179e-15 2.182439624045073e-11 2707878
67.7752 5.382188125114522e-15 2.131787654187586e-11 2685368
67.8214 5.252112437139012e-15 2.08350203848649e-11 2660304
67.8676 5.139409954874942e-15 2.041893486422385e-11 2642216
67.9138 5.001634495730473e-15 1.986753066289015e-11 2610312
67.96 4.887848916501603e-15 1.950066444782913e-11 2593256
68.0062 4.775625362338106e-15 1.900775957672652e-11 2569946
68.0524 4.6545910800877e-15 1.860347208316385e-11 2542752
68.0986 4.55069875160188e-15 1.816702666155143e-11 2526218
68.1448 4.441859689517795e-15 1.777985409071784e-11 2501610
68.191 4.33379243692281e-15 1.733662684506516e-11 2479202
68.2372 4.233616452407658e-15 1.697074044107506e-11 2457824
68.2834 4.131170192166376e-15 1.657869448432429e-11 2436522
68.3296 4.02623365361096e-15 1.619185809370111e-11 2413964
68.3758 3.942560186488042e-15 1.585406808668396e-11 2396034
68.422 3.835361250859689e-15 1.545037276558966e-11 2369162
68.4682 3.756785681227993e-15 1.512749712439929e-11 2354394
68.5144 3.663498671326544e-15 1.478934333884345e-11 2332340
68.5606 3.573581162730964e-15 1.442121573192928e-11 2309150
68.6068 3.48273910782439e-15 1.40892945344135e-11 2288172
68.653 3.403169793649325e-15 1.379659474529627e-11 2269922
68.6992 3.322475845414718e-15 1.346120254528049e-11 2250780
68.7454 3.242686932965527e-15 1.316233401161159e-11 2229338
68.7916 3.162965650218931e-15 1.285361563711798e-11 2210772
68.8378 3.090507791554854e-15 1.256851019385233e-11 2192108
68.884 3.010076756279655e-15 1.226960341563064e-11 2170988
68.9302 2.943402690112792e-15 1.200129812906433e-11 2152722
68.9764 2.870314061197009e-15 1.171271073827883e-11 2132996
69.0226 2.802428932702492e-15 1.145807546811821e-11 2117244
69.0688 2.731340215101527e-15 1.116418061294872e-11 2092700
69.115 2.663415305708332e-15 1.091126602793716e-11 2074508
69.1612 2.606242046310633e-15 1.068302690333385e-11 2061852
69.2074 2.536819982074666e-15 1.043513659573105e-11 2041724
69.2536 2.475585018812695e-15 1.014834915272998e-11 2018460
69.2998 2.414052419460013e-15 9.952904319586716e-12 2003006
69.346 2.36320601351308e-15 9.726339041926819e-12 1989396
69.3922 2.295898990203837e-15 9.479052658694736e-12 1968260
69.4384 2.241975903515857e-15 9.254080033154128e-12 1946780
69.4846 2.187225383159526e-15 9.057026577915263e-12 1934142
69.5308 2.138786121600539e-15 8.844579058593014e-12 1918124
69.577 2.079021223660902e-15 8.62181484995136e-12 1896468
69.6232 2.029671749815464e-15 8.422920555535946e-12 1879406
69.6694 1.979162164104852e-15 8.240989178778702e-12 1864284
69.7156 1.934377815723186e-15 8.054667746856955e-12 1850846
69.7618 1.878213591336318e-15 7.838140025534637e-12 1826084
69.808 1.840987672019287e-15 7.674890104380118e-12 1814094
69.8542 1.790438916242188e-15 7.502886234608662e-12 1799300
69.9004 1.748594332463259e-15 7.317372962784353e-12 1780710
69.9466 1.702067770939422e-15 7.150203935306035e-12 1764884
69.9928 1.658268509076418e-15 6.957563529415797e-12 1744434
70.039 1.622656232747173e-15 6.834834331888939e-12 1734356
70.0852 1.580447275650875e-15 6.649796438495269e-12 1717670
70.1314 1.539415823622693e-15 6.500136758914941e-12 1697718
70.1776 1.500945833281524e-15 6.337532722949543e-12 1682948
70.2238 1.465269031627351e-15 6.205693126878004e-12 1670502
70.27 1.430061451112923e-15 6.05742528880247e-12 1654382
70.3162 1.392024332047572e-15 5.904363997086394e-12 1635902
70.3624 1.359859379564199e-15 5.773307136412694e-12 1623948
70.4086 1.324017944430745e-15 5.640490108510731e-12 1607870
70.4548 1.29170148694975e-15 5.499214698910023e-12 1591710
70.501 1.25843503589954e-15 5.370531283108082e-12 1575254
70.5472 1.22929092560017e-15 5.255727710065234e-12 1565550
70.5934 1.196759703497817e-15 5.121035079392634e-12 1546364
70.6396 1.166454315004122e-15 4.998230595260232e-12 1531526
70.6858 1.137403560369971e-15 4.873995731967531e-12 1516926
70.732 1.112477000645059e-15 4.782681251872526e-12 1508390
70.7782 1.07809935990348e-15 4.641984175837337e-12 1486182
70.8244 1.05564088689734e-15 4.546960851958447e-12 1475414
70.8706 1.025939118633441e-15 4.42816070003933e-12 1459662
70.9168 1.002754600982223e-15 4.328364250003242e-12 1447358
70.963 9.766883463473228e-16 4.229012876147168e-12 1433654
71.0092 9.511380728027237e-16 4.117086619479251e-12 1417218
71.0554 9.285011751272924e-16 4.025021421273054e-12 1405838
71.1016 9.032548794198004e-16 3.930675938275782e-12 1392414
71.1478 8.810526077073322e-16 3.826949279813133e-12 1376246
71.194 8.587746917474595e-16 3.744226619792874e-12 1363542
71.2402 8.385239993224789e-16 3.648562559706295e-12 1352918
71.2864 8.162238095890449e-16 3.564488423899869e-12 1338134
71.3326 7.949746675269406e-16 3.473773059261728e-12 1323840
71.3788 7.73549858405708e-16 3.386447235930217e-12 1308782
71.425 7.566327330616611e-16 3.310137339746363e-12 1301238
71.4712 7.365074729342034e-16 3.228688842588104e-12 1284854
71.5174 7.164703933707764e-16 3.139602565957808e-12 1268942
71.5636 7.002931623721426e-16 3.075162204299339e-12 1261590
71.6098 6.816103849378815e-16 2.992754706907014e-12 1247528
71.656 6.636901701070107e-16 2.92470591333263e-12 1233438
71.7022 6.457412418891931e-16 2.840582865870267e-12 1217750
71.7484 6.319931021258571e-16 2.788943383527546e-12 1213134
71.7946 6.157790331343023e-16 2.709828854294791e-12 1197782
71.8408 5.967581526999082e-16 2.635025080181302e-12 1180700
71.887 5.839645995003633e-16 2.57912646199676e-12 1171854
71.9332 5.694486266224544e-16 2.518542277519083e-12 1163174
71.9794 5.533541307358158e-16 2.447953146844081e-12 1146192
72.0256 5.397032363118205e-16 2.391173738630097e-12 1135046
72.0718 5.25931679646075e-16 2.330889974254695e-12 1124070
72.118 5.124942047087682e-16 2.273080282335838e-12 1113638
72.1642 4.989919562708415e-16 2.217365006534694e-12 1100408
72.2104 4.857999103728197e-16 2.158348521404697e-12 1087734
72.2566 4.736327861581488e-16 2.10808758348036e-12 1078334
72.3028 4.61705776847696e-16 2.055390943828357e-12 1066848
72.349 4.49636173435294e-16 2.004973132346579e-12 1055558
72.3952 4.365074604180446e-16 1.946222218000476e-12 1039512
72.4414 4.26602419918094e-16 1.904891509718937e-12 1034006
72.4876 4.155249242749865e-16 1.859713695406623e-12 1023206
72.5338 4.038687203114878e-16 1.805840115284052e-12 1008276
72.58 3.930565112907198e-16 1.760078513131024e-12 996998
72.6262 3.842271508804313e-16 1.720494670822407e-12 990336
72.6724 3.732129938696226e-16 1.675447066278025e-12 977246
72.7186 3.630760195616589e-16 1.629131731089269e-12 964328
72.7648 3.539658150096604e-16 1.588984954969236e-12 955686
72.811 3.453630975002467e-16 1.554103999089119e-12 947630
72.8572 3.352042426953555e-16 1.506598230851905e-12 932496
72.9034 3.265933415868149e-16 1.472335509585534e-12 923126
72.9496 3.187255416159043e-16 1.436740967276984e-12 915264
72.9958 3.090864366011981e-16 1.394507315629828e-12 902150
73.042 3.018438873758881e-16 1.363467471526726e-12 893672
73.0882 2.936100281180406e-16 1.324632137903166e-12 880782
73.1344 2.863246122950927e-16 1.295265006271854e-12 875360
73.1806 2.782996333307687e-16 1.258113815659398e-12 862326
73.2268 2.709808353030921e-16 1.227705946711656e-12 852140
73.273 2.639631547678224e-16 1.195080324918883e-12 842544
73.3192 2.562647010870859e-16 1.161595032077473e-12 832910
73.3654 2.502544568012201e-16 1.136329603372517e-12 824288
73.4116 2.43215000431776e-16 1.104162289590515e-12 812262
73.4578 2.369862883136189e-16 1.077176080590607e-12 804728
73.504 2.307072505498626e-16 1.048540679099747e-12 795486
73.5502 2.242836255082019e-16 1.02068639785882e-12 784520
73.5964 2.179214745848713e-16 9.925275522641594e-13 773576
73.6426 2.123904567674294e-16 9.679442950782898e-13 767574
73.6888 2.068676040914037e-16 9.448024314812803e-13 757976
73.735 2.010209054633846e-16 9.1773798080958e-13 747246
73.7812 1.953457623744619e-16 8.903668583275603e-13 736088
73.8274 1.909264683166341e-16 8.745871584732421e-13 733116
73.8736 1.84898710568738e-16 8.463310718633503e-13 720086
73.9198 1.800501625689585e-16 8.238374962494759e-13 710432
73.966 1.751705919621625e-16 8.033084657005213e-13 702960
74.0122 1.705377219556061e-16 7.82143339361221e-13 695102
74.0584 1.659376735663264e-16 7.611089884611673e-13 685680
74.1046 1.606555649187155e-16 7.391541618984356e-13 674000
74.1508 1.571536868323946e-16 7.20503592499134e-13 669294
74.197 1.525247502055502e-16 7.01676951176366e-13 661064
74.2432 1.480589582999403e-16 6.811833361463734e-13 649664
74.2894 1.443475020224171e-16 6.636950308169488e-13 641262
74.3356 1.405592394945497e-16 6.471705977542891e-13 636632
74.3818 1.365916315029168e-16 6.294126099460365e-13 627324
74.428 1.323543479585902e-16 6.088679461165571e-13 615680
74.4742 1.286262425395128e-16 5.930656895428937e-13 607974
74.5204 1.259997050327768e-16 5.802496579709242e-13 604784
74.5666 1.21975021311786e-16 5.62144420435505e-13 593216
74.6128 1.182807374335791e-16 5.453035654065081e-13 583830
74.659 1.155336164808926e-16 5.329298502117786e-13 578624
74.7052 1.122165865050462e-16 5.173899052149923e-13 571152
74.7514 1.090872026524666e-16 5.030552388302741e-13 562616
74.7976 1.056005313228811e-16 4.863855144555093e-13 551246
74.8438 1.033707111420959e-16 4.766772237936183e-13 549072
74.89 1.004866589566937e-16 4.633272638727555e-13 540848
74.9362 9.704477337461776e-17 4.471833675934661e-13 529620
74.9824 9.462646857984806e-17 4.364847687953707e-13 523232
75.0286 9.203749073053286e-17 4.240954588777491e-13 518286
75.0748 8.978114697062167e-17 4.13820401460787e-13 511160
75.121 8.666184992383487e-17 4.002115636419105e-13 500648
75.1672 8.434051517051342e-17 3.879785799993108e-13 493848
75.2134 8.231113066644582e-17 3.795112178972316e-13 489776
75.2596 7.962682821275128e-17 3.666982576433945e-13 480798
75.3058 7.746962932362913e-17 3.574287599636784e-13 472664
75.352 7.525155455208847e-17 3.471593448324221e-13 467208
75.3982 7.339160601221113e-17 3.372958044992922e-13 461456
75.4444 7.087416229861791e-17 3.266563076982973e-13 451988
75.4906 6.871671882252677e-17 3.169098878724804e-13 443496
75.5368 6.722040603143839e-17 3.0922229888572e-13 441638
75.583 6.513902927860281e-17 3.002776431171102e-13 433968
75.6292 6.328970335339636e-17 2.909346502816848e-13 425888
75.6754 6.12929427093468e-17 2.819596476012011e-13 417600
75.7216 5.9661466361134e-17 2.741153378015366e-13 414632
75.7678 5.783291829504963e-17 2.662512431059647e-13 407024
75.814 5.602027002509646e-17 2.576919627817728e-13 399048
75.8602 5.457513560327521e-17 2.510372397722898e-13 393878
75.9064 5.293864265564114e-17 2.433610742638226e-13 389196
75.9526 5.126587901350647e-17 2.352873728480851e-13 380816
75.9988 4.952239729041689e-17 2.282555057446457e-13 373160
76.045 4.849325797866712e-17 2.218931922650487e-13 370176
76.0912 4.696693537455537e-17 2.160365501932698e-13 364856
76.1374 4.534432815088847e-17 2.082332825787902e-13 356088
76.1836 4.390323429619292e-17 2.01031681806143e-13 348848
76.2298 4.283814158429676e-17 1.967423859088585e-13 347208
76.276 4.145604215160238e-17 1.902604670922627e-13 339944
76.3222 4.003029766895219e-17 1.826924753652376e-13 331856
76.3684 3.887970348844015e-17 1.783607768789173e-13 327150
76.4146 3.792361846839777e-17 1.731421786607471e-13 324092
76.4608 3.65877853531883e-17 1.66966381230159e-13 316944
76.507 3.533386787222079e-17 1.613858092793406e-13 309512
76.5532 3.438661066074674e-17 1.562698447528845e-13 305496
76.5994 3.339399601941831e-17 1.522130993791958e-13 301904
76.6456 3.213183618908197e-17 1.460580983909689e-13 293552
76.6918 3.10480367982299e-17 1.411716661809393e-13 287328
76.738 3.040128197500217e-17 1.377234406079758e-13 285656
76.7842 2.934067205438958e-17 1.330081939067378e-13 279936
76.8304 2.838018448845526e-17 1.283795627091497e-13 273404
76.8766 2.709449346621889e-17 1.226534141847005e-13 264384
76.9228 2.681123907622808e-17 1.210763833534802e-13 266672
76.969 2.571300228628288e-17 1.161054724482034e-13 259208
77.0152 2.472208967009341e-17 1.116766023058878e-13 252216
77.0614 2.397863623841772e-17 1.079260030198879e-13 247088
77.1076 2.339212466143991e-17 1.052421032409432e-13 245664
77.1538 2.249506205084783e-17 1.011012549006998e-13 239288
77.2 2.151196254222471e-17 9.717770097096667e-14 231968
77.2462 2.101179048823326e-17 9.448116571318038e-14 229608
77.2924 2.032524146245548e-17 9.146270337809193e-14 226340
77.3386 1.949175475687425e-17 8.757855415555438e-14 219360
77.3848 1.874146320038259e-17 8.424291038328702e-14 213104
77.431 1.83921662319922e-17 8.265092847151595e-14 213024
77.4772 1.772323605113566e-17 7.949256742907958e-14 208088
77.5234 1.682563664089359e-17 7.563664259059305e-14 200336
77.5696 1.626071615646451e-17 7.28980045760058e-14 195552
77.6158 1.598911613063353e-17 7.170802184591427e-14 196328
77.662 1.526918096393123e-17 6.854073905813716e-14 189792
77.7082 1.465638080070364e-17 6.556909925292014e-14 183908
77.7544 1.407823475859094e-17 6.298497072843994e-14 179424
77.8006 1.379738617260307e-17 6.17515444328526e-14 178760
77.8468 1.319988854505508e-17 5.898699040190852e-14 172928
77.893 1.261674922710388e-17 5.637444009530965e-14 167352
77.9392 1.225597022820651e-17 5.471617702507656e-14 164984
77.9854 1.182047626722827e-17 5.264350352966032e-14 161736
78.0316 1.136748817987399e-17 5.086899125906855e-14 157112
78.0778 1.079718182712266e-17 4.808890758514091e-14 150848
78.124 1.061060772510251e-17 4.735140175178804e-14 151332
78.1702 1.019982662360387e-17 4.527939628690877e-14 146720
78.2164 9.653156682611398e-18 4.312210998855104e-14 140874
78.2626 9.270966017817419e-18 4.136995856466407e-14 136832
78.3088 9.197175159182044e-18 4.084309876827077e-14 137904
78.355 8.645110132029071e-18 3.859767164098958e-14 131384
78.4012 8.210263783422561e-18 3.670279406610869e-14 126248
78.4474 7.973633343577422e-18 3.557895419951299e-14 124152
78.4936 7.839537192232125e-18 3.483165703060298e-14 123896
78.5398 7.352568231002127e-18 3.277270220843823e-14 117588
78.586 6.935503675295794e-18 3.105091532176065e-14 112160
78.6322 6.855700750873059e-18 3.059707695734052e-14 112488
78.6784 6.627472669744164e-18 2.952668311003304e-14 110072
78.7246 6.255762769085247e-18 2.788786485122328e-14 104906
78.7708 5.816165159489821e-18 2.611227125525621e-14 98880
78.817 5.883101672094522e-18 2.619511101452461e-14 101408
78.8632 5.569612830418756e-18 2.49385239274056e-14 97128
78.9094 5.244963590535923e-18 2.348286919737004e-14 92504
78.9556 4.973379509259496e-18 2.222081710483042e-14 88308
79.0018 4.954348025545366e-18 2.218077752178651e-14 89504
79.048 4.667812202917384e-18 2.081776614570882e-14 85064
79.0942 4.41149813718434e-18 1.96938627596212e-14 80856
79.1404 4.248226704175029e-18 1.896620140551343e-14 78914
79.1866 4.145188219471149e-18 1.850165227048796e-14 77928
79.2328 3.890775819234716e-18 1.735952877016337e-14 73760
79.279 3.661516981822072e-18 1.635885990003738e-14 69752
79.3252 3.653129776979129e-18 1.632935046980686e-14 70788
79.3714 3.424305872169591e-18 1.531840939300913e-14 66920
79.4176 3.213570997291713e-18 1.433595145109323e-14 63192
79.4638 3.022920724471335e-18 1.34827407239037e-14 59594
79.51 3.123245881788778e-18 1.393263688961989e-14 62760
79.5562 2.788376389333925e-18 1.254099379121905e-14 56720
79.6024 2.624491229526237e-18 1.175435559062267e-14 53384
79.6486 2.553910964282169e-18 1.141028950624497e-14 52272
79.6948 2.567145857569128e-18 1.155454960464787e-14 53456
79.741 2.270382260564787e-18 1.018676317177131e-14 47676
79.7872 2.104927720788296e-18 9.446141103538572e-15 44234
79.8334 2.123769030490974e-18 9.627441158024038e-15 45288
79.8796 2.07959739671734e-18 9.400265576829476e-15 44960
79.9258 1.808823780673589e-18 8.233531071344347e-15 39344
79.972 1.641303057458025e-18 7.428144399440724e-15 35664
80.0182 1.781791374148177e-18 8.162104862310351e-15 39440
80.0644 1.660361275150425e-18 7.635434262737147e-15 37194
80.1106 1.394171617859945e-18 6.420650455268684e-15 31484
80.1568 1.291338163316645e-18 5.871950438962321e-15 28848
80.203 1.444067335105515e-18 6.706322279998224e-15 33200
80.2492 1.298570915664705e-18 6.041145624897614e-15 30056
80.2954 1.062115333090987e-18 4.932137546218469e-15 24570
80.3416 1.029132164842656e-18 4.790641725042799e-15 23936
80.3878 1.132489865983799e-18 5.287048281749562e-15 26640
80.434 9.938938092162648e-19 4.668164123557552e-15 23624
80.4802 7.595568078750321e-19 3.54638947879428e-15 18020
80.5264 8.375141173218375e-19 3.953633773933143e-15 19986
80.5726 8.627822546539365e-19 4.045815580969228e-15 20744
80.6188 7.408172528190695e-19 3.50095783663336e-15 18000
80.665 5.079428550118728e-19 2.345322058361536e-15 12152
80.7112 6.854023994659017e-19 3.197750993974359e-15 16488
80.7574 6.456673991761475e-19 3.014920379269493e-15 15698
80.8036 5.408486255883808e-19 2.508823222046856e-15 13136
80.8498 3.366809003842547e-19 1.573098540266759e-15 8196
80.896 5.133508499314245e-19 2.360484457358897e-15 12488
80.9422 4.644707716518811e-19 2.140473005845313e-15 11250
80.9884 3.655237651320127e-19 1.678346640691095e-15 8984
81.0346 2.354943319874833e-19 1.089629827269643e-15 5736
81.0808 3.472759578275171e-19 1.570452563423709e-15 8456
81.127 3.039305273784089e-19 1.389453835123426e-15 7448
81.1732 2.294061527474275e-19 1.024223712302315e-15 5538
81.2194 1.589168361239259e-19 7.13001762495017e-16 3884
81.2656 2.102486443399943e-19 9.583478361928445e-16 5208
81.3118 1.822495978328933e-19 8.169573574784471e-16 4424
81.358 8.967096013405185e-20 3.920889416199751e-16 2186
81.4042 1.298236853345979e-19 5.749376515504103e-16 3120
81.4504 1.15450192951272e-19 4.932892182299973e-16 2744
81.4966 8.977466326628799e-20 3.936068777710758e-16 2184
81.5428 3.919595673711805e-20 1.661723573304101e-16 902
81.589 6.074024079403559e-20 2.65800555525736e-16 1464
81.6352 4.289824988677756e-20 1.872335576648392e-16 1064
81.6814 3.269527903799175e-20 1.282327374915317e-16 728
81.7276 1.108223154276598e-20 4.841600636466785e-17 258
81.7738 1.416839776726606e-20 6.157738099177954e-17 344
81.82 6.287901856526975e-21 3.19131980425255e-17 168
81.8662 1.409360833681731e-21 9.201255782682364e-18 56
81.9124 2.659468639354089e-22 9.880845039613431e-19 7


0.0461999 0.5264103196366132 0.008755757811065724 18
0.0923998 1.700201697198812 0.04025386493720286 62
0.1386 1.495961662266906 0.06883486906524705 98
0.1848 1.221878119307749 0.1176680075833608 210
0.230999 0.984670138896873 0.1705421147681325 350
0.277199 0.5820993666383043 0.157335135735727 450
0.323399 0.569603635388917 0.1908693652996972 602
0.369599 0.4639670070725172 0.1810516609717064 762
0.415799 0.5109174103391877 0.2130490801249637 1142
0.461999 0.3891926582574102 0.1910586158931633 1250
0.508199 0.335939278115902 0.1961443923203615 1458
0.554399 0.3394956524284677 0.2206688951841009 1814
0.600599 0.29172695517741 0.2278168048961973 2178
0.646798 0.2744132694840485 0.2325622811042857 2498
0.692998 0.2482462038803967 0.2153524477230728 2622
0.739198 0.2454215864503078 0.2571340163238592 3338
0.785398 0.225308253031886 0.2411481060631938 3722
0.831598 0.215425403635456 0.2396571375185808 4170
0.877798 0.1834652730147642 0.2266328303512141 4358
0.923998 0.1871661896529287 0.2428346690955885 5034
0.970198 0.1801080072874579 0.2645015433094199 5714
1.0164 0.1625469798096051 0.2473849936022037 5982
1.0626 0.1596529286278462 0.2664659790071982 6602
1.1088 0.1503283006972724 0.2693740873489174 7130
1.155 0.1480729926748967 0.2977471036012108 8034
1.2012 0.1379269011097118 0.3020816819981108 8606
1.2474 0.1285671164163881 0.3067634161979573 9066
1.2936 0.1266371369222381 0.3271445723564523 9962
1.3398 0.1179668601098647 0.3311948447259909 10550
1.386 0.1158968688245 0.3407489894871072 11226
1.4322 0.1156315244777086 0.3543413125286739 12146
1.4784 0.1089197661116269 0.3572743738179684 12606
1.5246 0.1075809768439904 0.3783679908940965 13802
1.5708 0.1026979505853367 0.3909924254626003 14754
1.617 0.09606537081282457 0.3738482779622912 15194
1.6632 0.09636320887521894 0.4027034068145527 16454
1.7094 0.09297463219743313 0.4010100898332633 17154
1.7556 0.0892501934896647 0.4119043875193505 18266
1.8018 0.08476383971469074 0.4052848312663456 18750
1.848 0.08433601996239784 0.4231936771966208 20234
1.8942 0.08326578983902513 0.4279847949261314 21450
1.9404 0.07774678742426686 0.4158645755834898 21962
1.9866 0.0773809287895483 0.4278680299355463 23462
2.0328 0.07444681248787205 0.4167597674163623 24042
2.079 0.07327992915579772 0.4298442868013957 25946
2.1252 0.06921564240663562 0.4198241999726546 26118
2.17139 0.06826998365873325 0.4248558304083895 27506
2.21759 0.06660567953093324 0.4285739088574331 29066
2.26379 0.06557109391531493 0.4307987540969998 30450
2.30999 0.06321115688926407 0.4286048757803789 31742
2.35619 0.06013980638437542 0.4281091432281702 32250
2.40239 0.05984504616783287 0.4402961503752943 34250
2.44859 0.05800114339723347 0.4379105599957724 35454
2.49479 0.0559829564485659 0.4294672860785907 36434
2.54099 0.0539640713068966 0.4245643368383014 37682
2.58719 0.05193383878431844 0.4327256794819384 39294
2.63339 0.05247418297629511 0.4335355834648402 41426
2.67959 0.05007781217450284 0.4247637542040468 42066
2.72579 0.04796120338615957 0.4280846063256948 43490
2.77199 0.047311593497909 0.4308099856954611 45702
2.81819 0.04546323756450748 0.4264067748780555 46634
2.86439 0.04461367534295521 0.4218091229844081 48554
2.91059 0.04225299525856654 0.4183563315178587 48870
2.95679 0.04153820086528837 0.4199709103889092 51554
3.00299 0.04158431819866627 0.4243559244099149 54090
3.04919 0.0383983174549948 0.4081767001716796 54314
3.09539 0.03809949821334346 0.4123775315157258 56910
3.14159 0.03620418385871172 0.4002798228109846 57482
3.18779 0.03589193583401722 0.4093421441469186 60626
3.23399 0.03441152771047551 0.396939918051434 61206
3.28019 0.03277999568988491 0.3913444866169231 62570
3.32639 0.03247753620044779 0.3991275425271157 65730
3.37259 0.031279294944079 0.3905805904122983 66686
3.41879 0.0307899669153332 0.3959979776849499 69698
3.46499 0.02921890150839622 0.387757821450827 70026
3.51119 0.02859915043903779 0.3867555820974616 72746
3.55739 0.02780938539159053 0.3866863072950743 74910
3.60359 0.02645925718935442 0.3810079987381482 75722
3.64979 0.02626093805344175 0.3812668919205103 78378
3.69599 0.02550227136618565 0.3811303402201572 80030
3.74219 0.02485507803077568 0.381499928256262 83186
3.78839 0.02401758447346882 0.3834453837721381 84666
3.83459 0.02316603680431516 0.3769071505736475 86546
3.88079 0.02245488686979264 0.3768241096854077 88134
3.92699 0.02231405843223797 0.3773440806839373 91538
3.97319 0.02142063584406542 0.3752880404233707 93138
4.01939 0.02055994012284115 0.3715333740394244 94478
4.06559 0.02013157392595082 0.370901379012808 97274
4.11179 0.01955804122518779 0.3729443665324259 99690
4.15799 0.01931608019890715 0.3688372620384692 102590
4.20419 0.01847704417338315 0.3659098597090022 103770
4.25039 0.01799622456802221 0.3656203658276374 106346
4.29659 0.01735801154442228 0.3611416558219934 108546
4.34279 0.01701126505381889 0.3590136997784142 110726
4.38899 0.01634485232129532 0.3540230800936591 112322
4.43519 0.01614230704221589 0.3589679902391641 115890
4.48139 0.01559440940694481 0.3572540714810508 118766
4.52759 0.01538452966459019 0.3595330193993836 122298
4.57379 0.01465546979092844 0.3499488052747217 122090
4.61999 0.01444013715326615 0.3494321194253091 125810
4.66619 0.01389181440335511 0.3466632504956163 128190
4.71239 0.01350845075070681 0.3427149027773196 130994
4.75859 0.01316616322412354 0.3453474384698247 133722
4.80479 0.01265459748224847 0.3337760838346354 133886
4.85099 0.01267176712617585 0.3431516634115165 140538
4.89719 0.01216532914156012 0.3328438669249451 140594
4.94339 0.01185035270083778 0.3309873550006832 143594
4.98959 0.01147585514254035 0.3289812243676975 146310
5.03579 0.01123432953262715 0.3265843505540266 150650
5.08199 0.0108449750815357 0.3224768952000567 151914
5.12819 0.01052053844003874 0.3162008146922898 153398
5.17439 0.01028914611903503 0.3200522758368827 157866
5.22059 0.01010451861244298 0.3185058206613903 160658
5.26679 0.009805347918413972 0.3132906032962563 164102
5.31299 0.009446705828574061 0.3083412955581135 164994
5.35919 0.009327349770865405 0.3092940276625488 169850
5.40539 0.009077094904414985 0.3074439707992963 172986
5.45159 0.008771336718442026 0.2999702715572677 173894
5.49779 0.008543722004757146 0.2996522272737371 176778
5.54399 0.008481412193773061 0.300657749493672 181802
5.59019 0.008229872248535892 0.2975125836985965 184430
5.63639 0.007969945272289156 0.2942024907848228 187242
5.68259 0.007800542654843336 0.2928321007687202 190250
5.72879 0.007598848364169603 0.2911759871764638 192570
5.77499 0.007483948956118686 0.2926594386527472 198254
5.82119 0.007199014262311768 0.2878588603381774 198074
5.86739 0.007073028344456174 0.2863178881674208 202050
5.91359 0.006949231113058774 0.2833223854869416 205502
5.95979 0.006860430627921387 0.2863565474333589 210666
6.00599 0.006669579431688222 0.2809306694335038 212426
6.05219 0.00643698780766338 0.2780732485805165 213918
6.09839 0.006423195657348034 0.2801054274990266 220994
6.14459 0.006214108244204018 0.2751389329020067 221522
6.19079 0.006091899356622889 0.2733242858257569 226314
6.23699 0.005935347526171444 0.2697557634946995 227294
6.28319 0.005864464801052734 0.2696466615022673 232962
6.32939 0.005757806130591642 0.2702362801472806 237818
6.37559 0.005563365757120728 0.2647541941293082 238398
6.42178 0.005437002676710405 0.2634062481208752 241418
6.46798 0.005375006669059785 0.2628721666257257 246818
6.51418 0.005217262770103984 0.261204285229667 249906
6.56038 0.00514907624273273 0.2578353292842255 254702
6.60658 0.004967562187499033 0.2547019938037235 254418
6.65278 0.004895948999605933 0.2532440320773 260354
6.69898 0.004782798149623111 0.2519163093743169 264974
6.74518 0.004680117751072497 0.2503402045538405 268722
6.79138 0.004575000830557855 0.2483426356537286 271562
6.83758 0.004494184576282732 0.2466946046305935 275586
6.88378 0.004416418923700639 0.242802209501653 280190
6.92998 0.004305407851031895 0.2407320874313022 282834
6.97618 0.004183829765848089 0.2371185175208384 285170
7.02238 0.004113598984021353 0.2361348071204621 289886
7.06858 0.004042037100093841 0.2347493204867425 294474
7.11478 0.003949062925258708 0.2337535160721963 299498
7.16098 0.003826514082973914 0.2286961827274959 299958
7.20718 0.003781835959225685 0.2284709855549053 305858
7.25338 0.003721898012516038 0.2258732075406705 310794
7.29958 0.00361552341363477 0.2216637608241998 313082
7.34578 0.003524893694814913 0.2198327836278863 316046
7.39198 0.003479152019867384 0.2201635498508684 322218
7.43818 0.003414425162762308 0.219877306498435 328562
7.48438 0.003281819697489279 0.2148127249863561 327990
7.53058 0.00325769100496222 0.2135188276721849 335282
7.57678 0.003173712031023119 0.209737349660723 335970
7.62298 0.003138473738502564 0.2110072524039215 344066
7.66918 0.003028397884177022 0.2060099138611494 343718
7.71538 0.002998452532172929 0.2051535240678505 351498
7.76158 0.002926109147293918 0.2027917196173461 354458
7.80778 0.002865150484048922 0.2013454847319955 358566
7.85398 0.002832823010773138 0.2006212523622374 366122
7.90018 0.002730909673560996 0.1961086606866365 365810
7.94638 0.002695907958160679 0.1950389805401609 371622
7.99258 0.002632893769672455 0.1929531434003321 375986
8.03878 0.002593418222679773 0.1915088022501064 382170
8.08498 0.002513329038372928 0.1875226311651537 381818
8.13118 0.00248553645704116 0.1875255941170975 389574
8.17738 0.002436075473862353 0.1849824598421682 393698
8.22358 0.002388884704674021 0.1834522790680962 399458
8.26978 0.002325733221440815 0.1808479183735728 402222
8.31598 0.002288227288669013 0.1799522392154692 406922
8.36218 0.00224720863555427 0.178239499365058 412842
8.40838 0.002185003039786131 0.1749432712195574 415346
8.45458 0.002155909158231706 0.1744523819245251 421182
8.50078 0.002107009097515088 0.1730603096556263 425018
8.54698 0.002072651326654499 0.1710068922172246 431138
8.59318 0.00202779006926878 0.1691270753755047 434382
8.63938 0.001992121217219605 0.1684712441110109 439514
8.68558 0.001948735981370255 0.1660634936103169 444738
8.73178 0.001922561606731114 0.1650753395525284 448910
8.77798 0.001868694711153052 0.1617997907039794 450618
8.82418 0.001849945470640659 0.1621563048013139 459554
8.87038 0.001806807801755604 0.1605130229181921 463106
8.91658 0.001774894074572901 0.1585448288742473 467094
8.96278 0.001749708017210253 0.1579310335735432 474938
9.00898 0.001712479427872936 0.1556212881815327 477186
9.05518 0.001685225050251792 0.1555983795529617 484670
9.10138 0.001647552535757603 0.1522656038985443 487010
9.14758 0.001614908276223926 0.1520066574216628 493314
9.19378 0.001583776913048182 0.1501392669158082 496322
9.23998 0.001556124186503315 0.1493921766318022 501702
9.28618 0.001531368158259871 0.1484844940890001 508562
9.33238 0.001508561461202286 0.1467607815410202 514242
9.37858 0.00147519243795973 0.144561020265754 516158
9.42478 0.00145435729038243 0.1439449555179293 522602
9.47098 0.00143119809590848 0.143619102606226 530658
9.51718 0.001393745435802059 0.1406407097273189 530042
9.56338 0.001379597450687017 0.1405016110623151 538878
9.60958 0.001355071327154877 0.1391641085733125 544130
9.65578 0.001334538171741791 0.1382083683916193 551106
9.70198 0.001301964793109748 0.1363818645276501 553982
9.74818 0.001275766008115547 0.1350013533371014 558242
9.79438 0.001257019697842281 0.1344163427574744 564546
9.84058 0.00124281442019456 0.1331203505642465 570494
9.88678 0.001221107442173144 0.1322612365717886 576762
9.93298 0.001189666147288291 0.1301137443926281 578234
9.97918 0.001170695457484658 0.1290041052695517 585666
10.0254 0.001157490536350969 0.1287931295231733 594446
10.0716 0.001131262283637034 0.1265056407378781 595250
10.1178 0.001118025622825678 0.1266254871664592 603402
10.164 0.001095600827242097 0.1245681989824778 607382
10.2102 0.001081054854511657 0.124398835963625 617010
10.2564 0.001053417473476877 0.1221941628745131 616778
10.3026 0.001040566760534611 0.1217814522292164 624746
10.3488 0.001018816236290452 0.1204068253954546 628062
10.395 0.001008746404406036 0.1203863906611503 639410
10.4412 0.0009902971943742897 0.1186503560338742 642954
10.4874 0.00096821578119927 0.1172597386917559 645974
10.5336 0.0009551567239837069 0.1166912394075501 653490
10.5798 0.0009409475523058097 0.1157148466782456 660746
10.626 0.0009246669069092678 0.1144801742869408 664646
10.6722 0.0009021962829566011 0.1126877610833489 667290
10.7184 0.000898245486180431 0.1128869333086514 679034
10.7646 0.0008804889964694774 0.1111477457026548 682722
10.8108 0.0008672587549487252 0.1107722115134343 691238
10.857 0.0008420098995002442 0.1087740372718775 688602
10.9032 0.0008375195770966063 0.1090005859972606 700826
10.9494 0.0008224341335923154 0.1076515885428365 705662
10.9956 0.0008068577064152363 0.1066591152036078 710082
11.0418 0.0007980715600824541 0.1058226186396234 719162
11.088 0.0007817485037655715 0.104179605732381 722250
11.1342 0.000774236954429044 0.1038568363112424 731510
11.1804 0.0007613843478376136 0.1028882679723456 736442
11.2266 0.0007454484542422517 0.1016596281927104 740898
11.2728 0.0007353391225453301 0.1015399619737877 750158
11.319 0.0007209033538560897 0.1004768831632298 754866
11.3652 0.0007120520250561822 0.0993382810161768 760826
11.4114 0.0006983385532147952 0.0981249747411215 764034
11.4576 0.0006901845563539409 0.09785803541181069 773846
11.5038 0.0006754041108780897 0.09713331749763064 779714
11.55 0.0006650888603459092 0.09603532142931094 784314
11.5962 0.0006562222147286443 0.09483218680416938 791342
11.6424 0.0006464148953622534 0.09445881770677886 799458
11.6886 0.000636450539886446 0.09385261937406049 804962
11.7348 0.00062467026284563 0.09287406737434757 809550
11.781 0.0006139302824470624 0.09182603255062126 813458
11.8272 0.0006072657990452784 0.09172255570247261 827402
11.8734 0.0005957061125774162 0.08996924400928134 828618
11.9196 0.00058715723853577 0.08967613228431577 836918
11.9658 0.0005771938128156538 0.08919521425155265 842874
12.012 0.000568317936895082 0.08815348623078548 849338
12.0582 0.0005625797699520597 0.08776419018899784 858942
12.1044 0.000550911565410969 0.08650259568331568 860978
12.1506 0.000541576471174111 0.08611881913650823 868346
12.1968 0.0005339596858486209 0.08533992416903555 875154
12.243 0.0005284374758521852 0.08472403233580263 886214
12.2892 0.0005176089402205726 0.08360962240261834 887346
12.3354 0.0005100736606037617 0.08328160503887758 894986
12.3816 0.0005029377456370072 0.08234595568407019 902774
12.4278 0.0004982918135295004 0.08186029171966545 912114
12.474 0.000487549062601789 0.08084735601530615 915026
12.5202 0.0004791561491693942 0.08005767587490203 920142
12.5664 0.0004726979281302986 0.07956632046197062 929762
12.6126 0.000468357218666459 0.07887923626450154 937698
12.6588 0.0004610426051304932 0.07833372701987924 944762
12.705 0.0004516458193040081 0.07725955321200662 948254
12.7512 0.000444537937772121 0.07688620213838425 956802
12.7974 0.0004395291771551052 0.07662284229373591 967658
12.8436 0.0004314326110257834 0.07540599219045191 969702
12.8898 0.0004233015635067958 0.07447100760471675 974090
12.936 0.0004205204705410459 0.07447034317348346 988482
12.9822 0.0004126959872885172 0.0734232704647604 991994
13.0284 0.0004075912890540178 0.07308986661873888 1001030
13.0746 0.0004002644592446536 0.07220611200426363 1005450
13.1208 0.000394555898534285 0.0714666059946423 1013738
13.167 0.0003882984764762389 0.07089424232329877 1021710
13.2132 0.000381108243508743 0.07001873671817918 1023626
13.2594 0.0003767844851301843 0.06964544802526593 1035834
13.3056 0.0003715184147576553 0.06894427504239627 1040786
13.3518 0.0003678109104431407 0.06883499860298489 1053206
13.398 0.0003591744989302636 0.0677364551189471 1057002
13.4442 0.0003551489095183635 0.0673267678850665 1063898
13.4904 0.0003492242530189502 0.06673441660612564 1072782
13.5366 0.0003446582242545619 0.06619233504719577 1078826
13.5828 0.0003393432975234727 0.06569538609476348 1087922
13.629 0.0003324563737311021 0.06478163700076732 1090494
13.6752 0.0003291573873414915 0.06429379127430453 1101362
13.7214 0.0003248671574921956 0.06393253256622461 1109802
13.7676 0.0003190630353344156 0.06315503252233863 1114514
13.8138 0.0003145255783390587 0.06275921974489522 1123926
13.86 0.0003085182824694841 0.06195905670343688 1125986
13.9062 0.0003065750298100041 0.06194865935918654 1143554
13.9524 0.0003005391192983854 0.06094628562072488 1144710
13.9986 0.0002970631554902342 0.06061316264033204 1154018
14.0448 0.0002918801871025645 0.05997553284842958 1159962
14.091 0.0002886440723471688 0.05967350972531297 1170986
14.1372 0.0002839497241149894 0.05919187327612427 1178142
14.1834 0.0002789858829560948 0.05851712754648181 1182674
14.2296 0.0002757332544618742 0.05801833972280015 1191002
14.2758 0.0002719333037454756 0.05763439132106874 1200438
14.322 0.0002680479369502751 0.0571265623200742 1208162
14.3682 0.0002638165493721085 0.05657949552596975 1215258
14.4144 0.0002606056720523831 0.0561605285818292 1224134
14.4606 0.0002558368076860338 0.05546939144551048 1228722
14.5068 0.0002535813034494381 0.05532120959833691 1243154
14.553 0.0002491565367235223 0.05454150042768732 1245434
14.5992 0.0002449066190275189 0.05416290898351462 1255158
14.6454 0.000241261381416293 0.0533923664481737 1255610
14.6916 0.000240751989192895 0.05350766274368372 1277562
14.7378 0.0002345466869841571 0.0524294975491273 1274414
14.784 0.0002315282565297129 0.05233590261354708 1285994
14.8302 0.0002294999327467367 0.05187520577518291 1299570
14.8764 0.0002249769116670191 0.05115094229320725 1302122
14.9226 0.0002223729556304981 0.05089358483856458 1311366
14.9688 0.0002196471341374339 0.05033831843900279 1319186
15.015 0.0002164113311641747 0.05002507044977021 1327434
15.0612 0.0002136020058732301 0.04952399188384115 1337294
15.1074 0.0002098264234221594 0.04901687998905453 1342730
15.1536 0.0002072814900220413 0.04848635687892459 1350570
15.1998 0.0002049851357433158 0.04826898060055589 1362590
15.246 0.0002018291434142599 0.04788166102198407 1369698
15.2922 0.0001982454469628349 0.04729027107924686 1374914
15.3384 0.000195823349019765 0.04683586987974515 1383570
15.3846 0.0001930789712833775 0.04659817120799633 1395374
15.4308 0.0001900441066474658 0.04586957230758145 1396994
15.477 0.0001880912182684566 0.04567031532921687 1411530
15.5232 0.0001852120106835044 0.04527423498358293 1417574
15.5694 0.0001830975069193142 0.04501793211163745 1428834
15.6156 0.000180328627942578 0.04458234706887503 1439018
15.6618 0.0001770362597051928 0.04407241930144243 1440698
15.708 0.0001752386252509079 0.04376564553621715 1453638
15.7542 0.0001727858025831024 0.04343313970335726 1463426
15.8004 0.0001703082104242907 0.04310122810348883 1471050
15.8466 0.0001671284939933831 0.04270475922205784 1476638
15.8928 0.0001650470042092329 0.04222770176423587 1484466
15.939 0.0001637073770764463 0.04214249970952683 1501154
15.9852 0.0001608232066995637 0.04153519959433893 1501706
16.0314 0.0001584010195686928 0.04113973028245353 1511502
16.0776 0.0001562800276578078 0.04078228886369006 1520234
16.1238 0.0001546900311462407 0.04064822552104613 1535010
16.17 0.0001524257181443756 0.04022222122904543 1543358
16.2162 0.0001488345298812149 0.03945764991760283 1535754
16.2624 0.0001484688256166602 0.03966099980786032 1564802
16.3086 0.0001455977929617549 0.03913375779903661 1563038
16.3548 0.0001443288670788441 0.03881743188469355 1578426
16.401 0.000141539012411201 0.03835761617851228 1581482
16.4472 0.0001395893572889028 0.03806933897670896 1592250
16.4934 0.0001382305514136573 0.03779422349609064 1602230
16.5396 0.0001356992289124946 0.03726644773020827 1604754
16.5858 0.0001346107432973368 0.03723523136029784 1623458
16.632 0.0001317454230782852 0.03671313943893723 1624910
16.6782 0.0001306677956250072 0.03660057638951562 1645122
16.7244 0.0001285879533008101 0.03606475045681332 1645130
16.7706 0.0001268552607436992 0.03581955446878576 1655706
16.8168 0.0001248869154083134 0.03551975935102423 1663502
16.863 0.0001235419029506329 0.03520764693520429 1675514
16.9092 0.0001219842819110695 0.0348865449579048 1685298
16.9554 0.0001197343889856959 0.03455056768486969 1689566
17.0016 0.0001183753963609872 0.03410785959895899 1697850
17.0478 0.0001174534702750337 0.03405795909320546 1718546
17.094 0.0001154245366060205 0.03354321678762213 1719822
17.1402 0.0001136060912243592 0.03325324584475225 1726586
17.1864 0.000112242169803678 0.03306781531312451 1739186
17.2326 0.0001108103835725164 0.03282083990669929 1751538
17.2788 0.0001091511029467627 0.03244190691715251 1758062
17.325 0.0001076052192176332 0.03204434590807079 1763010
17.3712 0.0001066561506022261 0.03183011070077996 1778642
17.4174 0.0001052005115919835 0.03156187859573435 1788582
17.4636 0.0001032839110411627 0.03123395301505583 1794746
17.5098 0.0001022214132420391 0.03095678306687574 1803290
17.556 0.0001004649393796482 0.03062066275857182 1811058
17.6022 9.957509034324521e-05 0.03042472309863681 1828358
17.6484 9.81762133142212e-05 0.03009239816913643 1831362
17.6946 9.669843088474974e-05 0.02982735615793369 1842458
17.7408 9.539897051976439e-05 0.0294629910935982 1846998
17.787 9.442527815517721e-05 0.02944182895062577 1869122
17.8332 9.300389653692314e-05 0.02910206324858908 1876346
17.8794 9.127794072877743e-05 0.0287521171321962 1879506
17.9256 9.04036877176824e-05 0.02856851128357803 1893326
17.9718 8.91058750734493e-05 0.02829010663936885 1901826
18.018 8.775996244765267e-05 0.02801751792184652 1911962
18.0642 8.64822067577727e-05 0.0277837615942198 1919198
18.1104 8.541599751336605e-05 0.02756572479846966 1930242
18.1566 8.43218915916881e-05 0.02732600603403532 1942442
18.2028 8.297889907923798e-05 0.02706978504676544 1951734
18.249 8.181686358699607e-05 0.02672905625316336 1955402
18.2952 8.102801674517813e-05 0.02660169861005682 1971858
18.3414 7.98040892292723e-05 0.02637518705290751 1984898
18.3876 7.834079023857877e-05 0.02605171741837972 1986422
18.4338 7.737506610307901e-05 0.02580349289400587 1996146
18.48 7.661888085223783e-05 0.02576147122020275 2017106
18.5262 7.539644081291263e-05 0.02541273001755223 2020638
18.5724 7.426963860263405e-05 0.02514378479929348 2029346
18.6186 7.333746074910844e-05 0.02499073451649788 2041002
18.6648 7.229044283143773e-05 0.02473403049670889 2051450
18.711 7.159149998900319e-05 0.02453067799910507 2065886
18.7572 7.024623385158749e-05 0.02419235942668287 2064546
18.8034 6.933655521897308e-05 0.02407376925537649 2082650
18.8496 6.859645376227404e-05 0.02384855536117387 2095182
18.8958 6.748922870600812e-05 0.02358685544334453 2101346
18.942 6.665692731573157e-05 0.02341065485395278 2115554
18.9882 6.556622473253498e-05 0.02304026081664765 2115654
19.0344 6.509743186216765e-05 0.02300510564879537 2141066
19.0806 6.39233310068867e-05 0.02269019699595614 2139786
19.1268 6.306595472261061e-05 0.02247684597054388 2152202
19.173 6.222970931344755e-05 0.02224258922437766 2161086
19.2192 6.144798862590572e-05 0.02210446176760931 2176058
19.2654 6.078968420821526e-05 0.02189029150075816 2190818
19.3116 5.969687749175298e-05 0.02160376496575369 2191158
19.3578 5.901343193012382e-05 0.02141631383528604 2205314
19.404 5.818695802757466e-05 0.02121977120132859 2215554
19.4502 5.754412045854662e-05 0.02105265172776113 2230562
19.4964 5.663386691916915e-05 0.02081556067205747 2239614
19.5426 5.590658171488816e-05 0.02057556616039789 2245706
19.5888 5.515070267607599e-05 0.02039758346951639 2259674
19.635 5.456124971426379e-05 0.02021315757287261 2273214
19.6812 5.354760225542933e-05 0.01997043660110728 2278802
19.7274 5.289611084714948e-05 0.01982588808656503 2294034
19.7736 5.195838733733376e-05 0.01955214970747654 2294942
19.8198 5.160055525224008e-05 0.01945364873378749 2317050
19.866 5.069676064721893e-05 0.01919770827581885 2322842
19.9122 4.991545073944271e-05 0.01900212972298439 2330810
19.9584 4.933675231501144e-05 0.01884105004437774 2345958
20.0046 4.858196827796118e-05 0.01862593803942683 2353586
20.0508 4.814912186478465e-05 0.01853255593508255 2376210
20.097 4.726325319793142e-05 0.01827570035452455 2374502
20.1432 4.667535075832239e-05 0.01805181824128545 2386346
20.1894 4.604287711873517e-05 0.01790456496923126 2401314
20.2356 4.537646096354399e-05 0.01773580113357436 2411450
20.2818 4.479823478554609e-05 0.01759455188453968 2420718
20.328 4.39696264852757e-05 0.01733705337579318 2425754
20.3742 4.367180857339967e-05 0.01727929508520483 2455218
20.4204 4.282216450196623e-05 0.01706039825767349 2450942
20.4666 4.224293811290026e-05 0.01690402946490633 2467130
20.5128 4.163279496124788e-05 0.01671636009404155 2474874
20.559 4.10893904202007e-05 0.01656370385115237 2490362
20.6052 4.0515950201973e-05 0.01638658098107849 2498142
20.6514 3.985679548181358e-05 0.01622313790187769 2507090
20.6976 3.936374521256889e-05 0.01608230376599097 2525562
20.7438 3.876253089159892e-05 0.01593697592616411 2534726
20.79 3.825752013572222e-05 0.01579926194237307 2549906
20.8362 3.759389412240414e-05 0.01558682109410945 2551074
20.8824 3.722348658281103e-05 0.01545311488109812 2570702
20.9286 3.660804662439796e-05 0.01521868844267435 2574642
20.9748 3.610091625809268e-05 0.01516215905538956 2594066
21.021 3.54719772198147e-05 0.01494673610064799 2594802
21.0672 3.505263262212559e-05 0.01481436015768298 2612030
21.1134 3.459410667286215e-05 0.01470060138369101 2627954
21.1596 3.416866583019021e-05 0.01456278933217201 2640402
21.2058 3.356145224327845e-05 0.01433645760378789 2641454
21.252 3.31780970172157e-05 0.01423412398547769 2661834
21.2982 3.266202380646864e-05 0.01406240071692575 2669138
21.3444 3.227996880599067e-05 0.01396225153354172 2684858
21.3905 3.178116749995356e-05 0.01378498854327566 2693910
21.4367 3.131991917190855e-05 0.0135978265204385 2701682
21.4829 3.096193255286377e-05 0.01352174635878893 2722698
21.5291 3.04640246893196e-05 0.0133257485762935 2725262
21.5753 3.007084422127888e-05 0.01320069909655605 2742450
21.6215 2.955677806159886e-05 0.01304919650374339 2749850
21.6677 2.916483411148514e-05 0.01292808469850872 2763902
21.7139 2.889659615934737e-05 0.01279675708529795 2778498
21.7601 2.836990459204118e-05 0.01263048980935837 2784530
21.8063 2.804666128361567e-05 0.01252044390944713 2804106
21.8525 2.759678271267355e-05 0.01237049797399089 2809790
21.8987 2.722746359496966e-05 0.01224426672436431 2825058
21.9449 2.685004869303181e-05 0.01208946022063168 2834330
21.9911 2.642049899953669e-05 0.01196420622960063 2842022
22.0373 2.612523057828762e-05 0.01187610585839229 2864754
22.0835 2.564365790775735e-05 0.01169390021043839 2864186
22.1297 2.533193330498373e-05 0.01159374610695491 2879538
22.1759 2.505004222033853e-05 0.01147873601825228 2899454
22.2221 2.463742673749494e-05 0.01133362079875468 2904258
22.2683 2.438063663462328e-05 0.01124511469787948 2930234
22.3145 2.39377883881399e-05 0.0111081504673642 2929526
22.3607 2.357716224191293e-05 0.01096541538344704 2942442
22.4069 2.331417742237844e-05 0.01089034824881619 2960810
22.4531 2.291313533760898e-05 0.01071759796788032 2964954
22.4993 2.262899621026466e-05 0.01062372423416312 2980910
22.5455 2.225605944598686e-05 0.01049838138862107 2990978
22.5917 2.196318035984765e-05 0.01040310692922076 3007626
22.6379 2.161792559577289e-05 0.0102912710270321 3019166
22.6841 2.125254086448286e-05 0.01012493268870832 3021090
22.7303 2.101552738299212e-05 0.01008015728038 3047834
22.7765 2.069725274682567e-05 0.009937430207324299 3055590
22.8227 2.034856327881609e-05 0.009846076341256484 3068546
22.8689 1.998028035555313e-05 0.00969960877671283 3067274
22.9151 1.978776968885607e-05 0.009648473079764007 3098058
22.9613 1.947010960754756e-05 0.009540757086686873 3109214
23.0075 1.911240496181164e-05 0.00939114634853537 3110466
23.0537 1.886735741981653e-05 0.009299800753149869 3124370
23.0999 1.862922899777706e-05 0.009208720591018916 3144174
23.1461 1.837697729762153e-05 0.009119086857605848 3161738
23.1923 1.80199580194428e-05 0.008972768637077062 3159890
23.2385 1.772659420684803e-05 0.00886950716383831 3174138
23.2847 1.752352426960643e-05 0.008813445899814667 3195926
23.3309 1.729884803791124e-05 0.008710081867468295 3211386
23.3771 1.698877777623331e-05 0.008595591785952433 3219314
23.4233 1.671694810728226e-05 0.008483695875910861 3225494
23.4695 1.646125985601574e-05 0.008396535988915434 3242562
23.5157 1.622889864106055e-05 0.008299399697981708 3257450
23.5619 1.596118615652615e-05 0.008203351499942457 3269118
23.6081 1.572896570572316e-05 0.008101578743210344 3278930
23.6543 1.544751465316896e-05 0.007987364130912802 3286650
23.7005 1.530040523561765e-05 0.007939385523155731 3316610
23.7467 1.505455822220842e-05 0.007823983972475647 3321542
23.7929 1.476039107672862e-05 0.007722067275619188 3328578
23.8391 1.457040680083604e-05 0.007630426763073976 3345074
23.8853 1.436251561383814e-05 0.007541330473106272 3361686
23.9315 1.411408623409856e-05 0.007446538611098581 3369722
23.9777 1.391979645811853e-05 0.007354034856362351 3385290
24.0239 1.367548740256667e-05 0.007243713857186616 3391370
24.0701 1.355711395681853e-05 0.007194294046724322 3422966
24.1163 1.327531980154959e-05 0.007076241231670347 3419538
24.1625 1.30935536455188e-05 0.006997398129839605 3441890
24.2087 1.288406716848482e-05 0.006902591818793609 3447582
24.2549 1.26965551760914e-05 0.006826774952025109 3466298
24.3011 1.245097844773142e-05 0.00671776143862736 3466194
24.3473 1.2310231883955e-05 0.006654938272891485 3492062
24.3935 1.211220949251793e-05 0.006561249114333623 3503114
24.4397 1.193574166285769e-05 0.006476761473338099 3517146
24.4859 1.176062941324994e-05 0.006414263030658872 3535706
24.5321 1.153742733655002e-05 0.006308229976506117 3539742
24.5783 1.138939841524538e-05 0.006243842021959631 3558698
24.6245 1.118734515622649e-05 0.006160766964906437 3570122
24.6707 1.101053823197009e-05 0.006078493387600416 3585174
24.7169 1.085278800342768e-05 0.005989727137470598 3594314
24.7631 1.068169726985764e-05 0.005927800072220861 3612258
24.8093 1.048134830007688e-05 0.005840845683201579 3620282
24.8555 1.032974185962665e-05 0.005778404182172983 3639078
24.9017 1.016854289209867e-05 0.00568889984961323 3650450
24.9479 9.995839396161834e-06 0.005620778121894709 3661418
24.9941 9.832541845365897e-06 0.00555188732866125 3677694
25.0403 9.685327509808158e-06 0.00548924986567153 3695978
25.0865 9.518233588574779e-06 0.005411657940485171 3702810
25.1327 9.356922472069455e-06 0.00534101500294132 3716162
25.1789 9.226768363036416e-06 0.005281315517925471 3740094
25.2251 9.030305214495172e-06 0.005203071214392264 3740954
25.2713 8.912967176568049e-06 0.005141102987828112 3760946
25.3175 8.775614694082354e-06 0.005075676452248322 3778278
25.3637 8.597609482714402e-06 0.005005761905461709 3784922
25.4099 8.480205120626708e-06 0.004944497235705262 3805266
25.4561 8.323478559883803e-06 0.004864132847796126 3807686
25.5023 8.190762523299627e-06 0.004823838740702179 3833130
25.5485 8.042217251960107e-06 0.004743038397689026 3841898
25.5947 7.926881477080316e-06 0.004685520010528729 3858074
25.6409 7.780583950142979e-06 0.004618874243580076 3868974
25.6871 7.658363863944622e-06 0.004565650245884924 3885362
25.7333 7.532048997223163e-06 0.004499755153420036 3898290
25.7795 7.393942045989867e-06 0.004438246489072775 3907334
25.8257 7.277471455447076e-06 0.004383565268216641 3928730
25.8719 7.144544195140737e-06 0.004321041088935873 3936666
25.9181 7.047416125669808e-06 0.004271044984276794 3961346
25.9643 6.934734137786439e-06 0.004213339055369073 3975774
26.0105 6.776304320288741e-06 0.004137058873044486 3970106
26.0567 6.703289495790745e-06 0.00409757192614271 4003170
26.1029 6.585543487792818e-06 0.004042178352847961 4019558
26.1491 6.466853949616371e-06 0.003975723981991994 4025642
26.1953 6.343622485766941e-06 0.003911859447171756 4028514
26.2415 6.261254519083331e-06 0.003870107310830003 4059398
26.2877 6.14827453978847e-06 0.003811735173265206 4069674
26.3339 6.048890313658887e-06 0.003751326986307824 4083698
26.3801 5.939390005950038e-06 0.003702804671024883 4095210
26.4263 5.836493322208721e-06 0.00365079715806866 4110518
26.4725 5.74362058056166e-06 0.003599825380749283 4126850
26.5187 5.648100521349344e-06 0.003543007485094127 4140114
26.5649 5.536552859259299e-06 0.003484974624329164 4144070
26.6111 5.461461753101957e-06 0.00344928488580467 4175802
26.6573 5.376017553069287e-06 0.003398718235105164 4187882
26.7035 5.2722770035829e-06 0.00334347000614541 4199250
26.7497 5.172713626437565e-06 0.003295821194055813 4209326
26.7959 5.082848263842322e-06 0.003243977787246939 4222130
26.8421 5.025400135856388e-06 0.003208503505960552 4254258
26.8883 4.917740788461017e-06 0.003147536538504865 4252478
26.9345 4.829991418996395e-06 0.00310888170532196 4270698
26.9807 4.741521658343989e-06 0.003055363518994259 4278122
27.0269 4.681214296970159e-06 0.00301797770144153 4309898
27.0731 4.58749431704433e-06 0.002972331448633429 4317150
27.1193 4.507429509480385e-06 0.002926051138966402 4329698
27.1655 4.424792841793316e-06 0.002879301766537292 4340826
27.2117 4.349047556091006e-06 0.00283921301717301 4359590
27.2579 4.261899870391597e-06 0.002798016195564318 4376850
27.3041 4.188861808946045e-06 0.002757892403898517 4386674
27.3503 4.114478699709366e-06 0.002713475033758461 4401782
27.3965 4.044182529878979e-06 0.002675557150507955 4419210
27.4427 3.984283936407939e-06 0.002645046680087359 4446482
27.4889 3.883958222962652e-06 0.002588626751431307 4435554
27.5351 3.831558401926573e-06 0.002557723304260505 4468934
27.5813 3.755977506588346e-06 0.002521384235576482 4477650
27.6275 3.687987778587257e-06 0.002479462800144001 4491218
27.6737 3.626526222756024e-06 0.00244454296359577 4510358
27.7199 3.554270789376565e-06 0.002403995159900552 4518594
27.7661 3.494141088413351e-06 0.002375737415453752 4544474
27.8123 3.423852682303547e-06 0.002333262700459634 4552098
27.8585 3.368407990169013e-06 0.002302873604328346 4574990
27.9047 3.295335774419012e-06 0.002259876886093266 4577210
27.9509 3.244744076472577e-06 0.002235646844144372 4608186
27.9971 3.178864562708565e-06 0.002197553080326938 4610198
28.0433 3.117970443617509e-06 0.002163295368717935 4628898
28.0895 3.059660245569834e-06 0.002129061031461477 4641170
28.1357 3.00384337787213e-06 0.002099438684929723 4662462
28.1819 2.953226120743119e-06 0.002068567670505317 4681442
28.2281 2.892010243644337e-06 0.002031457287154878 4687850
28.2743 2.83858391849018e-06 0.002007158723000772 4708818
28.3205 2.788028387044645e-06 0.001969867019972426 4721534
28.3667 2.734726128239274e-06 0.001937942087062538 4732770
28.4129 2.688448129943114e-06 0.001909424163706181 4753346
28.4591 2.639461906868084e-06 0.001878925331684876 4772886
28.5053 2.591297488706009e-06 0.001850875084084762 4785098
28.5515 2.540461574682905e-06 0.001818524703548958 4795394
28.5977 2.490358459197309e-06 0.001789219099518829 4813986
28.6439 2.448903785368401e-06 0.00176401111049915 4832654
28.6901 2.403332619258565e-06 0.001734485268105335 4849362
28.7363 2.358039258258778e-06 0.00170269331806431 4858322
28.7825 2.309993980439463e-06 0.001676453686853081 4871286
28.8287 2.270549058514981e-06 0.001651861338234542 4894370
28.8749 2.230221821779159e-06 0.00162627398619548 4914650
28.9211 2.183576337404144e-06 0.001594805332936249 4919658
28.9673 2.147405473329556e-06 0.001571654870865702 4941638
29.0135 2.107292199502169e-06 0.001550239072430028 4965954
29.0597 2.067756655923316e-06 0.001519557774381663 4971770
29.1059 2.028737137926363e-06 0.001492800397563264 4985702
29.1521 1.988457818846791e-06 0.001466061463250253 4996314
29.1983 1.954824905084293e-06 0.001446987303840779 5021258
29.2445 1.918543514627556e-06 0.001422065347922321 5038470
29.2907 1.879392175421144e-06 0.001399002441770696 5048570
29.3369 1.846672934805801e-06 0.001374577804538079 5067786
29.3831 1.811083337772942e-06 0.001351770703196838 5084402
29.4293 1.778026299682614e-06 0.001331632495398389 5104238
29.4755 1.738419026787617e-06 0.001303906140809977 5101890
29.5217 1.710643683677657e-06 0.001285522055249318 5129594
29.5679 1.676124961251229e-06 0.001266222986834429 5149086
29.6141 1.647235496500962e-06 0.001242738449704514 5168834
29.6603 1.612300271559213e-06 0.001222554799747583 5172306
29.7065 1.584224530888556e-06 0.001203705323708841 5199218
29.7527 1.553203966624244e-06 0.001183490072931129 5215430
29.7989 1.521762562693238e-06 0.001163271556420464 5229066
29.8451 1.492330696083226e-06 0.001143158013111768 5244530
29.8913 1.463758384194254e-06 0.001125055569832382 5262870
29.9375 1.434208575345326e-06 0.001106481786356629 5272562
29.9837 1.406152054467397e-06 0.00108676331873733 5290098
30.0299 1.380263459985741e-06 0.001071296153143915 5314358
30.0761 1.350498238502605e-06 0.001052752235577046 5322098
30.1223 1.324747208346633e-06 0.001035120374340746 5341026
30.1685 1.300234729734386e-06 0.001019170861360177 5366858
30.2147 1.273987606221018e-06 0.001001697222984368 5374422
30.2609 1.245141368818528e-06 0.000981786017782428 5377730
30.3071 1.225217453146338e-06 0.0009677308188314497 5409410
30.3533 1.202594448802446e-06 0.0009534744352262013 5434014
30.3995 1.175445969583301e-06 0.0009359602930816567 5438882
30.4457 1.153609557511769e-06 0.0009198775588987177 5456178
30.4919 1.129739983003738e-06 0.0009040956924527299 5469242
30.5381 1.109237965389081e-06 0.0008910837992918578 5496174
30.5843 1.084280491128363e-06 0.0008749930324455129 5505530
30.6305 1.063260787691743e-06 0.0008602307171571568 5521202
30.6767 1.042944400159257e-06 0.000847954551800226 5544126
30.7229 1.022557288724559e-06 0.0008308174804745065 5560106
30.7691 1.002429110158154e-06 0.0008196238974128501 5579754
30.8153 9.792802393162195e-07 0.0008011990794215401 5576270
30.8615 9.622974002577125e-07 0.0007911486516195966 5607138
30.9077 9.424050540143588e-07 0.0007765251530498299 5625026
30.9539 9.258827663926755e-07 0.0007640067741275747 5646698
31.0001 9.044897774493124e-07 0.0007496338302196298 5649126
31.0463 8.889413543945267e-07 0.0007376326783207872 5676434
31.0925 8.710427537020856e-07 0.0007236400872586475 5687418
31.1387 8.545679911258592e-07 0.0007136532035356478 5715830
31.1849 8.369165061801891e-07 0.0006996621054504078 5729210
31.2311 8.210754091320616e-07 0.0006877633116699067 5744802
31.2773 8.041121199359137e-07 0.0006743553878815859 5752154
31.3235 7.9020726155694e-07 0.0006657956506839588 5786382
31.3697 7.708858618351049e-07 0.0006504775077627858 5784146
31.4159 7.575035442911008e-07 0.0006409353808316861 5812146
31.4621 7.435407290415554e-07 0.0006295741898588128 5830166
31.5083 7.280984582425083e-07 0.0006184690690553196 5845850
31.5545 7.136813760231086e-07 0.0006072220928719998 5862834
31.6007 6.999795260690472e-07 0.0005961269505590229 5876066
31.6469 6.870438758693095e-07 0.0005865093650259723 5905854
31.6931 6.715361442323157e-07 0.0005741668596760499 5902274
31.7393 6.594200626330368e-07 0.0005651428396185811 5931258
31.7855 6.473146873219081e-07 0.0005556575020464837 5954966
31.8317 6.332410491626325e-07 0.0005450809932080814 5965346
31.8779 6.209740073107327e-07 0.0005351351023709235 5977818
31.9241 6.09318420942645e-07 0.0005267083858792874 6004718
31.9703 5.954997285055985e-07 0.0005163215417959719 6011706
32.0165 5.864542284174445e-07 0.0005083775474648054 6045770
32.0627 5.725814684963706e-07 0.000497469684751823 6041586
32.1089 5.619911975553923e-07 0.000489851423728483 6073166
32.1551 5.49697089353195e-07 0.0004795834898739907 6078962
32.2013 5.402074719039466e-07 0.0004732844928227369 6114258
32.2475 5.291527548360281e-07 0.0004640659257953149 6123086
32.2937 5.17715296094444e-07 0.0004556114045698721 6136770
32.3399 5.071880459711162e-07 0.0004473744031281297 6154898
32.3861 4.975218782075723e-07 0.0004394215047878375 6178610
32.4323 4.874500587746965e-07 0.0004322346859181912 6197982
32.4785 4.769038641248062e-07 0.0004242221417602838 6205322
32.5247 4.67228289260933e-07 0.0004160942020080218 6218850
32.5709 4.58480859097101e-07 0.0004096116790414224 6249542
32.6171 4.49489030997782e-07 0.0004030485074828895 6274146
32.6633 4.385984180161369e-07 0.0003944745068213206 6270242
32.7095 4.310907209277339e-07 0.0003889245304214141 6305222
32.7557 4.221928897872315e-07 0.000381950722224456 6325026
32.8019 4.128957831792855e-07 0.0003751964329101312 6331922
32.8481 4.039788394127148e-07 0.0003678711276641316 6343698
32.8943 3.962996378584309e-07 0.0003622025592265708 6375158
32.9405 3.879146796643279e-07 0.0003555869941004887 6392178
32.9867 3.802996567876447e-07 0.0003502086391593035 6412826
33.0329 3.712092277318825e-07 0.0003426299444371074 6407078
33.0791 3.647063573946038e-07 0.0003375262956993298 6447954
33.1253 3.569386668685417e-07 0.0003309732768685127 6456026
33.1715 3.502121431150552e-07 0.0003255308081838101 6482034
33.2177 3.425670064001136e-07 0.0003193417506960542 6492878
33.2639 3.347144604964451e-07 0.0003135539199671673 6502074
33.3101 3.288538691538015e-07 0.0003093669913836947 6542930
33.3563 3.220634782520723e-07 0.0003031585533941527 6556598
33.4025 3.154138605218552e-07 0.0002980399302050841 6570330
33.4487 3.086514695754435e-07 0.0002921422713497267 6581882
33.4949 3.027300718982297e-07 0.0002873553379727656 6612546
33.5411 2.965315566106806e-07 0.0002827741268702401 6628622
33.5873 2.89576666182158e-07 0.0002766009556152238 6629498
33.6335 2.839572393477098e-07 0.0002725943878510966 6659250
33.6797 2.786459391182157e-07 0.0002681042074655704 6686006
33.7259 2.725433635357757e-07 0.0002624079720613257 6693786
33.7721 2.673097162161053e-07 0.0002575488375058509 6711554
33.8183 2.62170733976287e-07 0.0002533256608905509 6735678
33.8645 2.569144362194822e-07 0.0002488349474590075 6754754
33.9107 2.516452298309059e-07 0.0002443797902512627 6776570
33.9569 2.455892723583655e-07 0.00023894408871228 6767394
34.0031 2.419701864313151e-07 0.0002356350193211 6818246
34.0493 2.367715716618307e-07 0.0002310765427878624 6830562
34.0955 2.315822549853329e-07 0.0002264475270618093 6839186
34.1417 2.27155445905261e-07 0.0002227812974250777 6861462
34.1879 2.226112877872633e-07 0.0002185683104499138 6880394
34.2341 2.183766127034798e-07 0.0002147007259386446 6907178
34.2803 2.137661681572144e-07 0.0002104916838912187 6917034
34.3265 2.096951075653932e-07 0.0002068189490460297 6937934
34.3727 2.052256060249192e-07 0.0002027352688072455 6947250
34.4189 2.014696929099586e-07 0.0001993024795786574 6982106
34.4651 1.973635114972306e-07 0.0001954767301341166 6995718
34.5113 1.934212307896509e-07 0.0001918475240737804 7006682
34.5575 1.893472530655908e-07 0.0001885627124302954 7035866
34.6037 1.858332211178123e-07 0.0001851638108118001 7054110
34.6499 1.818071638011298e-07 0.0001813707017552787 7059194
34.6961 1.782659769102719e-07 0.0001782861598196501 7091802
34.7423 1.745667489095374e-07 0.0001748687694473289 7100666
34.7885 1.712444981875748e-07 0.0001719084442040495 7129070
34.8347 1.677079494791836e-07 0.000168761584501041 7143282
34.8809 1.643766517533676e-07 0.000165620185050994 7161482
34.9271 1.610047657500135e-07 0.0001625888082931953 7184694
34.9733 1.577111113707492e-07 0.0001597077881484394 7203914
35.0195 1.546175090272561e-07 0.0001567359459551667 7219746
35.0657 1.512792495100357e-07 0.0001536868552956803 7228634
35.1119 1.486856071093437e-07 0.0001514861943870587 7271990
35.1581 1.451840285179511e-07 0.0001481170199084464 7266786
35.2043 1.42281862592544e-07 0.0001457431706285996 7293650
35.2505 1.396016151552456e-07 0.0001433433325475964 7324086
35.2967 1.365904730384909e-07 0.0001405736663753237 7338650
35.3429 1.338505578850015e-07 0.0001382089106773763 7351962
35.3891 1.307837309273453e-07 0.0001354189664502578 7357190
35.4353 1.285149365887132e-07 0.0001335519010373918 7406042
35.4815 1.255660702055033e-07 0.0001309886633394753 7408626
35.5277 1.230022411600321e-07 0.0001288582409626838 7435610
35.5739 1.205899051282128e-07 0.0001266559849170012 7453542
35.6201 1.178957631506137e-07 0.0001241767759175871 7464002
35.6663 1.156246044844415e-07 0.0001221555693949854 7493546
35.7125 1.131829401571453e-07 0.0001199306153501487 7510806
35.7587 1.108895523507136e-07 0.0001178662636248482 7532114
35.8049 1.083430390101993e-07 0.0001156024919171 7536234
35.8511 1.06280057289616e-07 0.0001137248749225099 7565834
35.8973 1.042734473098607e-07 0.0001120286186396652 7603062
35.9435 1.017459693514348e-07 0.0001096192967950403 7593890
35.9897 9.984546025874675e-08 0.000107700666175934 7622906
36.0359 9.77806835566282e-08 0.0001059298106500018 7646622
36.0821 9.592276162159363e-08 0.0001041725368836405 7672058
36.1283 9.370834916962423e-08 0.0001021432335817661 7679346
36.1745 9.166834910979869e-08 0.0001004143434377307 7693058
36.2207 9.009901141803836e-08 9.886512254995011e-05 7732158
36.2669 8.820921970412305e-08 9.694984519610655e-05 7746962
36.3131 8.651346386250091e-08 9.533368007094796e-05 7770986
36.3593 8.452096429718018e-08 9.333610316383875e-05 7772094
36.4055 8.289195234273267e-08 9.190163703121993e-05 7803818
36.4517 8.138706329503966e-08 9.045163945942551e-05 7834338
36.4979 7.956397773037235e-08 8.848591543211275e-05 7833710
36.5441 7.793542593226006e-08 8.698138732845905e-05 7858794
36.5903 7.654410074065769e-08 8.545976485910008e-05 7884290
36.6365 7.495431655658757e-08 8.385122137503178e-05 7901522
36.6827 7.352311247440166e-08 8.243512409226532e-05 7930662
36.7289 7.200956647464816e-08 8.07681125313331e-05 7934426
36.7751 7.058809802979241e-08 7.946025088123548e-05 7967322
36.8213 6.912714660397444e-08 7.78752153776191e-05 7981934
36.8675 6.778866552556151e-08 7.649054769312838e-05 8003282
36.9137 6.649838294471902e-08 7.511197956753099e-05 8019666
36.9599 6.512646100470391e-08 7.363563271038827e-05 8034482
37.0061 6.400055983356754e-08 7.230299613135453e-05 8068542
37.0523 6.273052403012959e-08 7.103220239619215e-05 8088290
37.0985 6.140936484410416e-08 6.963342443636105e-05 8096322
37.1447 6.022739872357504e-08 6.843109858449778e-05 8122646
37.1909 5.910768479583765e-08 6.721808721552023e-05 8150138
37.2371 5.795444582520417e-08 6.594997221851925e-05 8165322
37.2833 5.685060696374134e-08 6.468498546783347e-05 8182574
37.3295 5.570463830935863e-08 6.351619025851614e-05 8203698
37.3757 5.465545127972703e-08 6.234322303218103e-05 8226914
37.4219 5.350833406278683e-08 6.131176167831582e-05 8246898
37.4681 5.247476221427621e-08 6.016517640512979e-05 8261774
37.5143 5.139570244714698e-08 5.898368751671458e-05 8279426
37.5605 5.044582697052616e-08 5.796183596407152e-05 8308722
37.6067 4.944165574613245e-08 5.683365874716302e-05 8326214
37.6529 4.845414719420708e-08 5.587819206640143e-05 8342682
37.6991 4.745526997921125e-08 5.487936620191529e-05 8360834
37.7453 4.654973901475601e-08 5.393401252185352e-05 8393226
37.7915 4.570581538895041e-08 5.305002401702562e-05 8420150
37.8377 4.466602970245361e-08 5.195085016433718e-05 8421986
37.8839 4.382859464510953e-08 5.104816665701706e-05 8445714
37.9301 4.300424555698006e-08 5.016782901174961e-05 8472590
37.9763 4.214496380617741e-08 4.936344344884524e-05 8495370
38.0225 4.125146205144052e-08 4.846023136331759e-05 8512802
38.0687 4.035614241697228e-08 4.758325497678504e-05 8523290
38.1149 3.968415375663523e-08 4.695173993453665e-05 8570982
38.1611 3.879688107008035e-08 4.59746028294268e-05 8568458
38.2073 3.799091382410132e-08 4.521997987404881e-05 8586498
38.2535 3.722044478140621e-08 4.444517734916844e-05 8608838
38.2997 3.653922719084422e-08 4.377558146493518e-05 8645610
38.3459 3.574700275667569e-08 4.29943277483257e-05 8658386
38.3921 3.498642407581737e-08 4.22354796539765e-05 8668598
38.4383 3.430188607686856e-08 4.159226814916458e-05 8697426
38.4845 3.362792871946459e-08 4.087323139809056e-05 8722562
38.5307 3.290514950084064e-08 4.012249312957992e-05 8737962
38.5769 3.231786596586764e-08 3.948265747116797e-05 8771366
38.6231 3.157302714269043e-08 3.877039592228857e-05 8771010
38.6693 3.107721395909627e-08 3.822230093406288e-05 8822618
38.7155 3.028727796700087e-08 3.746674072196712e-05 8807726
38.7617 2.972317891369763e-08 3.686433441948302e-05 8844618
38.8079 2.913529520431513e-08 3.624754115904857e-05 8868722
38.8541 2.862463266448755e-08 3.561833267710215e-05 8891394
38.9003 2.806470095445714e-08 3.503204470710653e-05 8911934
38.9465 2.743131084853294e-08 3.440914910917749e-05 8923938
38.9927 2.691199267123595e-08 3.384870237373058e-05 8953682
39.0389 2.641028806423548e-08 3.331905592512937e-05 8981966
39.0851 2.588160134051986e-08 3.268152769738747e-05 8990442
39.1313 2.538085911072694e-08 3.207249846198585e-05 9007874
39.1775 2.489957384142019e-08 3.158086657307179e-05 9038982
39.2237 2.445717906649976e-08 3.104811248531362e-05 9068570
39.2699 2.394756949854629e-08 3.049222042702701e-05 9085250
39.3161 2.343798923573243e-08 2.988525815747863e-05 9084690
39.3623 2.304870482211337e-08 2.94390032287559e-05 9128654
39.4085 2.255951263355601e-08 2.88633884695642e-05 9133170
39.4547 2.222659446407898e-08 2.841756127321139e-05 9185882
39.5009 2.170932935379208e-08 2.78092706551357e-05 9163254
39.5471 2.138382522505609e-08 2.739568049293288e-05 9220130
39.5933 2.095455585199125e-08 2.687781774905588e-05 9233138
39.6395 2.054590036518676e-08 2.639832137873788e-05 9249378
39.6857 2.01425151374726e-08 2.595516429327916e-05 9271550
39.7319 1.979685250146275e-08 2.544488510129204e-05 9286266
39.7781 1.943764310822612e-08 2.503669851003491e-05 9320762
39.8243 1.905581874464046e-08 2.452132372920823e-05 9326718
39.8705 1.872196900880862e-08 2.412870066961936e-05 9354602
39.9167 1.838697233489748e-08 2.371611759069218e-05 9384122
39.9629 1.802178454896098e-08 2.330257619354916e-05 9400482
40.0091 1.770704510215735e-08 2.292243354624455e-05 9432638
40.0553 1.737712897762964e-08 2.24697296757828e-05 9445314
40.1015 1.707705258348747e-08 2.211375143986478e-05 9477290
40.1477 1.672475474006487e-08 2.167936142387189e-05 9489182
40.1939 1.641616215161374e-08 2.130983057236619e-05 9506706
40.2401 1.612996341090675e-08 2.094927477385852e-05 9533978
40.2863 1.58032592244501e-08 2.059626512859653e-05 9553662
40.3325 1.550164579745074e-08 2.02457182001065e-05 9579506
40.3787 1.521911699786757e-08 1.992485415204821e-05 9607866
40.4249 1.492387297151113e-08 1.95131758445043e-05 9608354
40.4711 1.464987901464091e-08 1.921504755759575e-05 9643862
40.5173 1.43853242869032e-08 1.890009801160675e-05 9670578
40.5635 1.409537860038037e-08 1.859351885743356e-05 9687890
40.6097 1.37886477893858e-08 1.825076198599006e-05 9693294
40.6559 1.35534541155092e-08 1.799544504212797e-05 9736034
40.7021 1.33144401097878e-08 1.770715825651115e-05 9758946
40.7483 1.305621036491389e-08 1.740448358688211e-05 9778994
40.7945 1.279918466126195e-08 1.710206822749799e-05 9796814
40.8407 1.254616720070764e-08 1.68212637450797e-05 9816882
40.8869 1.232346902184127e-08 1.659396000108759e-05 9850514
40.9331 1.204844279490601e-08 1.629135445914899e-05 9856062
40.9793 1.183842974766166e-08 1.604115816084187e-05 9886706
41.0255 1.161934799333296e-08 1.579678747315914e-05 9916194
41.0717 1.137926009227351e-08 1.551146983619282e-05 9924854
41.1179 1.11634964632513e-08 1.52985480454622e-05 9961490
41.1641 1.094795360459472e-08 1.502426455238374e-05 9979098
41.2103 1.072068848191713e-08 1.478631848005306e-05 9990266
41.2565 1.050991189293296e-08 1.455424247388393e-05 10012398
41.3027 1.031649262822865e-08 1.431755867187561e-05 10038818
41.3489 1.012088576128437e-08 1.410819955835459e-05 10072082
41.3951 9.915436176247839e-09 1.385415398067539e-05 10082670
41.4413 9.755779297991282e-09 1.36594360298935e-05 10123226
41.4875 9.551141822585576e-09 1.342288688042009e-05 10134834
41.5337 9.362617920408557e-09 1.320259526275838e-05 10151450
41.5799 9.20035498248498e-09 1.299792139187174e-05 10184118
41.6261 9.009678310616502e-09 1.278714961397975e-05 10199810
41.6723 8.862468638386387e-09 1.258360339865591e-05 10230386
41.7185 8.681874635110597e-09 1.235212575712922e-05 10238334
41.7647 8.533146310774014e-09 1.215555123507806e-05 10271594
41.8109 8.375262155474305e-09 1.196395205647926e-05 10298418
41.8571 8.203061158758959e-09 1.175140548755059e-05 10306814
41.9033 8.06527091781355e-09 1.156807025045859e-05 10341306
41.9495 7.915077466365981e-09 1.137403900472527e-05 10362842
41.9957 7.774020551196053e-09 1.118142215837249e-05 10388834
42.0419 7.620153867488016e-09 1.0969631515997e-05 10395630
42.0881 7.490452157398115e-09 1.07879487965912e-05 10425362
42.1343 7.361235829646414e-09 1.061664409239468e-05 10454274
42.1805 7.225582727335757e-09 1.043987125053807e-05 10478294
42.2267 7.091334690848495e-09 1.025846164057066e-05 10501818
42.2729 6.961352089970568e-09 1.007616322749858e-05 10514810
42.3191 6.842866677419616e-09 9.915238096645939e-06 10548842
42.3653 6.720576583530933e-09 9.738353309695144e-06 10566462
42.4115 6.59476407335385e-09 9.567999101120668e-06 10586810
42.4577 6.488396847924515e-09 9.41336125427169e-06 10614954
42.5039 6.364107493787033e-09 9.244067946840955e-06 10631054
42.5501 6.257572667672387e-09 9.09785662658744e-06 10662362
42.5963 6.143054484347889e-09 8.940828813977626e-06 10683354
42.6425 6.030820331717382e-09 8.788863436017538e-06 10699298
42.6887 5.933633392881589e-09 8.641080019219929e-06 10738782
42.7349 5.816089321819748e-09 8.480714643862088e-06 10744202
42.7811 5.720735449978061e-09 8.35723601732695e-06 10782186
42.8273 5.602643960427418e-09 8.202173081558057e-06 10784966
42.8735 5.515214124850802e-09 8.082149797924658e-06 10833938
42.9197 5.406421811600552e-09 7.941687923651706e-06 10848138
42.9659 5.311949732786562e-09 7.81307003965808e-06 10873766
43.0121 5.213450595007071e-09 7.677058766422187e-06 10886970
43.0583 5.116772681802406e-09 7.548324461571326e-06 10912442
43.1045 5.020594353538103e-09 7.422438507700509e-06 10936698
43.1507 4.930159592370063e-09 7.312228439726565e-06 10966142
43.1969 4.829748438289787e-09 7.181115578596333e-06 10968746
43.2431 4.751837485260038e-09 7.081673116195089e-06 11014602
43.2893 4.663990014000537e-09 6.966944521657068e-06 11042774
43.3355 4.576630256545054e-09 6.851726389801749e-06 11061474
43.3817 4.487066615257329e-09 6.7403792381536e-06 11072450
43.4279 4.401741663093636e-09 6.626979364875256e-06 11096922
43.4741 4.33133131892652e-09 6.540688585648035e-06 11146526
43.5203 4.238728723257586e-09 6.423675766590188e-06 11145602
43.5665 4.158179851644752e-09 6.318470063713715e-06 11168442
43.6127 4.078802682752364e-09 6.218171377065647e-06 11181086
43.6589 4.015284153775164e-09 6.142005554607882e-06 11250114
43.7051 3.928886929604132e-09 6.02620613992914e-06 11242106
43.7513 3.852418617278276e-09 5.931596931413455e-06 11265446
43.7975 3.77740187245843e-09 5.83979294670932e-06 11285490
43.8437 3.717434640160296e-09 5.757193145151124e-06 11335922
43.8899 3.637695025392903e-09 5.651572188095766e-06 11330130
43.9361 3.56839898471035e-09 5.562827962725678e-06 11357270
43.9823 3.505392818716103e-09 5.478673341465578e-06 11389098
44.0285 3.44426056143018e-09 5.397105384545498e-06 11426642
44.0747 3.374240739376576e-09 5.29939257581566e-06 11431358
44.1209 3.313302338164879e-09 5.221521328265236e-06 11462298
44.1671 3.250597705818192e-09 5.135053469756958e-06 11479202
44.2133 3.194972981449215e-09 5.051931310637297e-06 11509746
44.2595 3.13258327566616e-09 4.966526183892709e-06 11523062
44.3057 3.077545142218686e-09 4.885543488469702e-06 11556210
44.3519 3.026445413805932e-09 4.815800266219732e-06 11588282
44.3981 2.967001671360512e-09 4.729718672389643e-06 11599646
44.4443 2.916397232485654e-09 4.663547488817308e-06 11645274
44.4905 2.857868007547166e-09 4.576681399292836e-06 11649338
44.5367 2.806454697270509e-09 4.494803157672471e-06 11665386
44.5829 2.763156382864538e-09 4.433621154882201e-06 11719286
44.6291 2.70634490415247e-09 4.352715558669893e-06 11720738
44.6753 2.65949117444127e-09 4.28505555644452e-06 11755074
44.7215 2.60830801632199e-09 4.211082746954474e-06 11767166
44.7677 2.566816202710913e-09 4.144497973694374e-06 11813346
44.8139 2.521718817319848e-09 4.070241188742004e-06 11825450
44.8601 2.472006217472699e-09 3.995954757285604e-06 11828814
44.9063 2.432282324573364e-09 3.940058766384941e-06 11884418
44.9525 2.388727328010975e-09 3.871245565247815e-06 11900378
44.9987 2.341975632984113e-09 3.802401464117305e-06 11908002
45.0449 2.305673459543805e-09 3.740000574924855e-06 11937470
45.0911 2.267049192751108e-09 3.683490785281277e-06 11981346
45.1373 2.226600636549042e-09 3.618120130436208e-06 11998154
45.1835 2.186980532226215e-09 3.557874108494646e-06 12015798
45.2297 2.148049918373949e-09 3.500321915155875e-06 12046586
45.2759 2.110875984923406e-09 3.444976320369589e-06 12073226
45.3221 2.071168548486961e-09 3.387496384979149e-06 12089370
45.3683 2.03616701213624e-09 3.332114059939951e-06 12123662
45.4145 1.99728032509609e-09 3.274559094298465e-06 12129018
45.4607 1.962363985789613e-09 3.224533941346695e-06 12168698
45.5069 1.928064815870057e-09 3.170152598403348e-06 12191070
45.5531 1.894878050279835e-09 3.127987373737827e-06 12237290
45.5993 1.856725677386296e-09 3.070334668152637e-06 12237434
45.6455 1.82540705669264e-09 3.022756482058851e-06 12269430
45.6917 1.790882501482627e-09 2.973139734710956e-06 12288314
45.7379 1.758289520674764e-09 2.923696818702224e-06 12312018
45.7841 1.728342030796069e-09 2.87816976140018e-06 12333770
45.8303 1.697514613472629e-09 2.832224383412797e-06 12362654
45.8765 1.66800773829643e-09 2.793336421000727e-06 12405282
45.9227 1.637874891874519e-09 2.744794376428811e-06 12414842
45.9689 1.605747669549621e-09 2.700265243814122e-06 12433278
46.0151 1.579596162328863e-09 2.660881390292717e-06 12469442
46.0613 1.552104733190558e-09 2.619766585195797e-06 12497106
46.1075 1.52269822681199e-09 2.576864576935775e-06 12513074
46.1537 1.494538036664727e-09 2.535472673097447e-06 12531902
46.1999 1.468075646105982e-09 2.499803401124719e-06 12567690
46.2461 1.442482509980002e-09 2.463102742851218e-06 12603338
46.2923 1.413594395745663e-09 2.422354795470929e-06 12612726
46.3385 1.388270546634782e-09 2.384375246692084e-06 12634802
46.3847 1.362992569827017e-09 2.3486268593523e-06 12662730
46.4309 1.339499732301615e-09 2.312269241899038e-06 12699086
46.4771 1.314206728205643e-09 2.274581211312271e-06 12711074
46.5233 1.290473566400173e-09 2.240761473188164e-06 12739098
46.5695 1.268572695687745e-09 2.206997061513888e-06 12769490
46.6157 1.246034051438143e-09 2.173407753313489e-06 12799686
46.6619 1.224683724794419e-09 2.139693316394218e-06 12828626
46.7081 1.202303819777018e-09 2.101949090789609e-06 12832794
46.7543 1.182587216883607e-09 2.070738516158475e-06 12875942
46.8005 1.162539499383613e-09 2.041084508141229e-06 12906314
46.8467 1.140690750131649e-09 2.005712636789216e-06 12913122
46.8929 1.120669183949367e-09 1.974030728461305e-06 12937346
46.9391 1.102348882246843e-09 1.944731563111747e-06 12973374
46.9853 1.084685067540916e-09 1.91551314451916e-06 13008170
47.0315 1.06542586434247e-09 1.884814621191431e-06 13025810
47.0777 1.04525193187408e-09 1.852586866418935e-06 13033590
47.1239 1.028940442654649e-09 1.826779139100607e-06 13083698
47.1701 1.010294139833999e-09 1.797343816475249e-06 13094706
47.2163 9.921394511929941e-10 1.768900632419572e-06 13119002
47.2625 9.758650546988337e-10 1.742669802587883e-06 13146318
47.3087 9.594848676135137e-10 1.715448986033467e-06 13167383
47.3549 9.430035261848411e-10 1.688269500531351e-06 13180844
47.4011 9.251512608114573e-10 1.657093159840778e-06 13147596
47.4473 9.092760684914526e-10 1.630495166060778e-06 13144028
47.4935 8.922433313651912e-10 1.603914039662534e-06 13122684
47.5397 8.75892694115848e-10 1.575393728200406e-06 13103336
47.5859 8.609447010733175e-10 1.55242028085195e-06 13108416
47.6321 8.440547988127435e-10 1.523989509693198e-06 13073744
47.6783 8.310803838556769e-10 1.499199324178145e-06 13076900
47.7245 8.155267713972898e-10 1.473451265697114e-06 13051992
47.7707 8.01271393866947e-10 1.450358544638089e-06 13056752
47.8169 7.862927424398018e-10 1.42723364526096e-06 13036344
47.8631 7.707674378801358e-10 1.402605574648186e-06 13009832
47.9093 7.572490835456355e-10 1.380096842724752e-06 12996668
47.9555 7.448225748569801e-10 1.35801057125712e-06 13003248
48.0017 7.299598736032821e-10 1.332285750400549e-06 12967172
48.0479 7.17296099174279e-10 1.312752282886858e-06 12963480
48.0941 7.034975429174342e-10 1.291225079532615e-06 12954260
48.1403 6.901846158136324e-10 1.272346154258458e-06 12942432
48.1865 6.774265072048635e-10 1.250818424984016e-06 12924296
48.2327 6.643398500224914e-10 1.228352119660537e-06 12903392
48.2789 6.535489383644223e-10 1.209213025085415e-06 12906168
48.3251 6.405348599446035e-10 1.187739787277572e-06 12873656
48.3713 6.287917195603395e-10 1.169326680587444e-06 12870720
48.4175 6.165948918606596e-10 1.150822503841231e-06 12855428
48.4637 6.054987608701443e-10 1.132600201062786e-06 12842256
48.5099 5.942533522743535e-10 1.113109579570282e-06 12820304
48.5561 5.830361360303935e-10 1.094706198514293e-06 12820328
48.6023 5.722524920792411e-10 1.076480760250715e-06 12794856
48.6485 5.618992581738434e-10 1.060119829306782e-06 12787940
48.6947 5.499529626849256e-10 1.040660554074317e-06 12748392
48.7409 5.401436709335401e-10 1.025080740372406e-06 12752756
48.7871 5.298701425281817e-10 1.007614592345663e-06 12732036
48.8333 5.207716313981411e-10 9.934213093728148e-07 12737132
48.8795 5.105282075580335e-10 9.762753614313847e-07 12712976
48.9257 5.006304406513823e-10 9.598710266936319e-07 12696348
48.9719 4.908120738540905e-10 9.434785284005408e-07 12673892
49.0181 4.827155402060995e-10 9.291093737888442e-07 12677316
49.0643 4.732596631386746e-10 9.135435052217169e-07 12650384
49.1105 4.636186160295499e-10 8.962375582716839e-07 12621344
49.1567 4.5557867946169e-10 8.836795928289757e-07 12624204
49.2029 4.474683066822166e-10 8.698662406989818e-07 12615632
49.2491 4.390841592076132e-10 8.552584212748349e-07 12600420
49.2953 4.306140034754936e-10 8.397566991765419e-07 12570224
49.3415 4.233463995182874e-10 8.26616549851372e-07 12566868
49.3877 4.151801146585119e-10 8.129817541072468e-07 12545828
49.4339 4.076357847137243e-10 7.999909233753101e-07 12538232
49.4801 3.995947881595448e-10 7.853921563192862e-07 12496452
49.5263 3.928028497961735e-10 7.742483406212403e-07 12502688
49.5725 3.862357600106934e-10 7.612056202352503e-07 12498708
49.6187 3.793547726590752e-10 7.476165919435226e-07 12469640
49.6649 3.720886521912478e-10 7.353217055363609e-07 12440136
49.7111 3.655515210055233e-10 7.241702007410148e-07 12442412
49.7573 3.588600757313387e-10 7.129884118568806e-07 12433712
49.8035 3.521916800162787e-10 7.011677538917913e-07 12410544
49.8497 3.458859709113794e-10 6.88670140318118e-07 12381512
49.8959 3.402245717107044e-10 6.780225784359305e-07 12378960
49.9421 3.340381558049129e-10 6.666741452129407e-07 12366872
49.9883 3.281318764900679e-10 6.558153233179196e-07 12345588
50.0345 3.217320280469423e-10 6.454037969211963e-07 12327008
50.0807 3.162388508250722e-10 6.352837661481306e-07 12313388
50.1269 3.107247859624872e-10 6.251447968563129e-07 12306768
50.1731 3.05034431032847e-10 6.139149521175745e-07 12275504
50.2193 2.999767958117861e-10 6.04374128688387e-07 12265620
50.2655 2.938920384799189e-10 5.939368782765101e-07 12236324
50.3117 2.894450730780636e-10 5.861731247576267e-07 12253880
50.3579 2.839232473542255e-10 5.764256951891256e-07 12219756
50.4041 2.787089914953752e-10 5.666728832815199e-07 12195524
50.4503 2.741224995160299e-10 5.577995321098923e-07 12189000
50.4965 2.688634251104865e-10 5.488949273113859e-07 12170168
50.5427 2.643028861051388e-10 5.398079134595061e-07 12147588
50.5889 2.596229419008189e-10 5.315539133180354e-07 12134360
50.6351 2.547976943111459e-10 5.234007203268234e-07 12122816
50.6813 2.503744518351723e-10 5.154466832173719e-07 12107580
50.7275 2.459652438612228e-10 5.07407168703297e-07 12098972
50.7737 2.409426731061753e-10 4.983824333352844e-07 12054744
50.8199 2.371699039035383e-10 4.913080813819319e-07 12056912
50.8661 2.326450180466242e-10 4.834291217907559e-07 12039108
50.9123 2.28659224710032e-10 4.754055296783395e-07 12019400
50.9585 2.241972409395964e-10 4.678860303235254e-07 11996936
51.0047 2.202513228158771e-10 4.607528187801795e-07 11979744
51.0509 2.165064196264187e-10 4.537812667199525e-07 11975504
51.0971 2.126474576483698e-10 4.467654023710603e-07 11963472
51.1433 2.08599373625075e-10 4.391090274518309e-07 11928692
51.1895 2.048463363756855e-10 4.323556344182303e-07 11920356
51.2357 2.012761184382387e-10 4.257784817967365e-07 11900072
51.2819 1.978888558555059e-10 4.189761642528668e-07 11897312
51.3281 1.938312898511205e-10 4.119446759867144e-07 11857164
51.3743 1.903277433589561e-10 4.054907978427887e-07 11842556
51.4205 1.873994903368846e-10 3.994303902564333e-07 11841552
51.4667 1.837898387438271e-10 3.927165232614992e-07 11811860
51.5129 1.805371629784788e-10 3.863458713221241e-07 11798888
51.5591 1.771763448075214e-10 3.798778665977589e-07 11768748
51.6053 1.743429034220931e-10 3.748812228706513e-07 11777096
51.6515 1.709426441370279e-10 3.677428894595493e-07 11733936
51.6977 1.677586726087482e-10 3.619775269631948e-07 11714324
51.7439 1.651938144624226e-10 3.568563351713312e-07 11725020
51.7901 1.622206153381787e-10 3.507655310473227e-07 11696816
51.8363 1.591698568244632e-10 3.446909519127046e-07 11666048
51.8825 1.564250172581868e-10 3.392063886785455e-07 11661996
51.9287 1.53768398508929e-10 3.340878360196392e-07 11645228
51.9749 1.508506580403088e-10 3.282510524405778e-07 11620884
52.0211 1.48095812368644e-10 3.226365832852342e-07 11590808
52.0673 1.455272673149541e-10 3.176673331601102e-07 11587908
52.1135 1.430481452350021e-10 3.122549689388451e-07 11569028
52.1597 1.406651372606397e-10 3.073178191453161e-07 11558012
52.2059 1.380004304058567e-10 3.020030034923993e-07 11528724
52.2521 1.354606228199637e-10 2.96876973964451e-07 11506964
52.2983 1.330836887628481e-10 2.921587721423778e-07 11494536
52.3445 1.307493930856839e-10 2.874017475488919e-07 11477444
52.3907 1.284554861228874e-10 2.82299905557472e-07 11456804
52.4369 1.261029256281125e-10 2.775075893991636e-07 11428740
52.4831 1.239304586887995e-10 2.730517982865451e-07 11427272
52.5293 1.217097317513742e-10 2.685595705829528e-07 11407524
52.5755 1.193126193057916e-10 2.639751041384539e-07 11376992
52.6217 1.171874525667958e-10 2.597304568872818e-07 11363952
52.6679 1.151502816677664e-10 2.553312062545115e-07 11346680
52.7141 1.130511343102671e-10 2.507118787135026e-07 11322272
52.7603 1.110450544580686e-10 2.468166401629263e-07 11313672
52.8065 1.088613564278075e-10 2.423249026191546e-07 11276120
52.8527 1.07095364874373e-10 2.388007891569076e-07 11283648
52.8989 1.049077024209285e-10 2.346602130999473e-07 11248088
52.9451 1.031141742978593e-10 2.310370965136747e-07 11240592
52.9913 1.011272781053484e-10 2.268988936671876e-07 11217380
53.0375 9.927603811894098e-11 2.228509075825854e-07 11185436
53.0837 9.753568893176184e-11 2.194954793594038e-07 11182920
53.1299 9.553531582429378e-11 2.156564813642756e-07 11148968
53.1761 9.38058885453699e-11 2.1214833942184e-07 11132988
53.2223 9.205756535251925e-11 2.089034210109706e-07 11121068
53.2685 9.023980656910125e-11 2.051165899393418e-07 11080992
53.3147 8.881827020507946e-11 2.023715831473355e-07 11101004
53.3609 8.693197530769405e-11 1.984239243483515e-07 11052488
53.4071 8.533461068435665e-11 1.954872020715246e-07 11042760
53.4533 8.373537564310378e-11 1.922895571740816e-07 11024240
53.4995 8.213046282095716e-11 1.891204657299935e-07 11000652
53.5457 8.05068766742996e-11 1.860442159829918e-07 10983116
53.5919 7.89825889342015e-11 1.828326634177204e-07 10951520
53.6381 7.755318746224111e-11 1.802429731023156e-07 10954992
53.6843 7.608194838290078e-11 1.771279406773248e-07 10922468
53.7305 7.464040128103454e-11 1.740192899331223e-07 10900932
53.7767 7.314800802734374e-11 1.713141132582283e-07 10876700
53.8229 7.191599963864513e-11 1.687561115077307e-07 10874520
53.8691 7.043411310702532e-11 1.657327395091225e-07 10837064
53.9153 6.905994318153105e-11 1.629178630236152e-07 10811504
53.9615 6.793463387521019e-11 1.606249173540379e-07 10817724
54.0077 6.660595511350339e-11 1.577985355544106e-07 10782764
54.0539 6.535932610413335e-11 1.549948900548053e-07 10759932
54.1001 6.414126849700668e-11 1.52559787471348e-07 10739204
54.1463 6.293321020264223e-11 1.500979302225824e-07 10720560
54.1925 6.18396298127848e-11 1.478333911831603e-07 10715144
54.2387 6.052815594326996e-11 1.449493806322103e-07 10664960
54.2849 5.95123464144081e-11 1.427180918552671e-07 10661076
54.3311 5.841742678338474e-11 1.402338134617683e-07 10634540
54.3773 5.740648403720696e-11 1.380689465041923e-07 10629012
54.4235 5.633591000268874e-11 1.356352574696979e-07 10600856
54.4697 5.523185045228048e-11 1.332577830032829e-07 10566600
54.5159 5.428986662341281e-11 1.313042931297617e-07 10567232
54.5621 5.328775398534627e-11 1.288195811688097e-07 10531880
54.6083 5.241920578760614e-11 1.268236817105376e-07 10530996
54.6545 5.13480958653576e-11 1.241742986589985e-07 10477004
54.7007 5.051127103071354e-11 1.222626184364157e-07 10471488
54.7469 4.964406356809819e-11 1.203628079799886e-07 10464068
54.7931 4.870523092717975e-11 1.182258745869931e-07 10430660
54.8393 4.786022542385973e-11 1.161581472130263e-07 10419756
54.8855 4.699638836316909e-11 1.140170848618192e-07 10384784
54.9317 4.618381157339045e-11 1.121070667918965e-07 10374072
54.9779 4.536282087728016e-11 1.100724054140915e-07 10348256
55.0241 4.452762466390073e-11 1.081427666204962e-07 10318008
55.0703 4.373431354537848e-11 1.063509134141992e-07 10309604
55.1165 4.299982226700367e-11 1.045385271745222e-07 10286924
55.1627 4.21923772312737e-11 1.025924580295554e-07 10261848
55.2089 4.148318881713902e-11 1.009444592590312e-07 10243016
55.2551 4.070357770713467e-11 9.900163849526585e-08 10211616
55.3013 4.002773144786508e-11 9.741861497873675e-08 10207340
55.3475 3.923346923062167e-11 9.562263944713286e-08 10164252
55.3937 3.856565463429793e-11 9.412755658770928e-08 10159472
55.4399 3.782677917396083e-11 9.240968497837972e-08 10129184
55.4861 3.716124339856605e-11 9.091815154544448e-08 10114464
55.5323 3.652979204586895e-11 8.946909091125586e-08 10103336
55.5785 3.573725693928807e-11 8.767521957123843e-08 10049364
55.6247 3.518347927353254e-11 8.640298605955461e-08 10056980
55.6709 3.448155897986937e-11 8.489049443611342e-08 10027464
55.7171 3.380795915872716e-11 8.347142528607711e-08 10001132
55.7633 3.317296041337976e-11 8.212934895887455e-08 9984704
55.8095 3.249533957305498e-11 8.063073923288857e-08 9946872
55.8557 3.194422488961283e-11 7.943848227579288e-08 9950204
55.9019 3.128959390155538e-11 7.801837592180208e-08 9907884
55.9481 3.069543789477952e-11 7.675093152755471e-08 9890480
55.9943 3.007741388427497e-11 7.547405488176268e-08 9864212
56.0405 2.94996576704771e-11 7.436536034425526e-08 9850680
56.0867 2.891494532129711e-11 7.318393036401175e-08 9831356
56.1329 2.828608012918156e-11 7.183119335423385e-08 9781176
56.1791 2.779732647562523e-11 7.07957613692372e-08 9789368
56.2253 2.722893068702208e-11 6.966089575977407e-08 9760404
56.2715 2.668970206533951e-11 6.854807255828216e-08 9735800
56.3177 2.615543254957997e-11 6.735757495372537e-08 9711092
56.3639 2.561919550970456e-11 6.633762553436605e-08 9689040
56.4101 2.510415831877317e-11 6.525046347630103e-08 9668192
56.4563 2.462810652944753e-11 6.4233764092233e-08 9643500
56.5025 2.41065954588978e-11 6.305997437172836e-08 9617840
56.5487 2.365896119394284e-11 6.204878005324553e-08 9596220
56.5949 2.320326997165242e-11 6.108860043692134e-08 9579572
56.6411 2.274625789152424e-11 6.001896469102787e-08 9553832
56.6873 2.228435292315098e-11 5.90036897490035e-08 9523872
56.7335 2.184131880075258e-11 5.801587867396326e-08 9502856
56.7797 2.143941700734777e-11 5.711929951866259e-08 9490980
56.8259 2.102112938738892e-11 5.603080835833892e-08 9456200
56.8721 2.062384518837199e-11 5.506512098497689e-08 9434060
56.9183 2.02271133059112e-11 5.409679543663436e-08 9409128
56.9645 1.985548058837049e-11 5.322099078032395e-08 9392816
57.0107 1.947288644909364e-11 5.228340282969899e-08 9367812
57.0569 1.908326318686625e-11 5.129999128949063e-08 9335648
57.1031 1.877844481382397e-11 5.046997098125672e-08 9334140
57.1493 1.83994745638298e-11 4.942149201690401e-08 9287804
57.1955 1.808443640324774e-11 4.856272999925777e-08 9280268
57.2417 1.770401449075478e-11 4.756361881236434e-08 9232656
57.2879 1.743436042650041e-11 4.683363197174936e-08 9235316
57.3341 1.707276422913002e-11 4.587323812119105e-08 9201576
57.3803 1.678609302411462e-11 4.505132263829276e-08 9175664
57.4265 1.646806070729251e-11 4.410371887908899e-08 9151536
57.4727 1.61968413640722e-11 4.332710205878484e-08 9128240
57.5189 1.589487354784469e-11 4.24376425116482e-08 9109832
57.5651 1.56000152667593e-11 4.16314021305856e-08 9072324
57.6113 1.531439983929435e-11 4.085699174851117e-08 9060392
57.6575 1.503474029468951e-11 4.007124805765065e-08 9034272
57.7037 1.476942030326088e-11 3.9328020301896e-08 9008744
57.7499 1.449776324728967e-11 3.852511995875524e-08 8989764
57.7961 1.42295348544893e-11 3.77608763853256e-08 8956412
57.8423 1.396435911858933e-11 3.70685993288798e-08 8941880
57.8885 1.370860960990671e-11 3.635537710386556e-08 8914968
57.9347 1.342826299663563e-11 3.561224750527638e-08 8881592
57.9809 1.318631891819501e-11 3.49755609299288e-08 8866164
58.0271 1.292326431167536e-11 3.425465936703121e-08 8832464
58.0733 1.268829915029996e-11 3.363088417250235e-08 8819384
58.1195 1.243547016704541e-11 3.296898857204998e-08 8784948
58.1657 1.219278785021615e-11 3.235167363101271e-08 8766056
58.2119 1.19580845249174e-11 3.174318322557432e-08 8741592
58.2581 1.171556426478798e-11 3.117929668612449e-08 8715404
58.3043 1.147990086900055e-11 3.061072652870856e-08 8693160
58.3505 1.123022749885031e-11 3.00251426873281e-08 8660528
58.3967 1.100264346579544e-11 2.949535765074704e-08 8638364
58.4429 1.07937120952662e-11 2.899995985717454e-08 8622660
58.4891 1.055042152876306e-11 2.846565134896724e-08 8587712
58.5353 1.032540637966307e-11 2.801050087736192e-08 8569368
58.5815 1.009098134811049e-11 2.750185104591918e-08 8529836
58.6277 9.893321422449301e-12 2.710907486448585e-08 8529840
58.6739 9.656932860579773e-12 2.660930729639557e-08 8486240
58.7201 9.452862898098842e-12 2.615585887307679e-08 8464964
58.7663 9.249264817365814e-12 2.57303093794861e-08 8441376
58.8125 9.028947761817684e-12 2.528053719669712e-08 8401016
58.8587 8.863558442057993e-12 2.493221958982615e-08 8409180
58.9049 8.637129185582453e-12 2.445746441240814e-08 8351564
58.9511 8.45039204179349e-12 2.409041189663517e-08 8339304
58.9973 8.269732542225464e-12 2.368244803850417e-08 8310416
59.0435 8.091072214116758e-12 2.329557495223661e-08 8286104
59.0897 7.914197319929703e-12 2.290035794247818e-08 8262372
59.1359 7.73894162018412e-12 2.248739749029452e-08 8225852
59.1821 7.589411381054893e-12 2.218390664173377e-08 8224104
59.2283 7.407732772986343e-12 2.176730644343072e-08 8180564
59.2745 7.247024388741785e-12 2.139215106470147e-08 8150744
59.3207 7.101148020972578e-12 2.105877279106821e-08 8137680
59.3669 6.960118702026135e-12 2.07002657869159e-08 8111156
59.4131 6.808058898798886e-12 2.029137501727823e-08 8078748
59.4593 6.66725113290162e-12 1.992616837590688e-08 8045600
59.5055 6.541591588097261e-12 1.960892264190622e-08 8035524
59.5517 6.408190323017055e-12 1.922487903962024e-08 8002928
59.5979 6.283115406815607e-12 1.888251072602145e-08 7975760
59.6441 6.159188834172242e-12 1.851176209851595e-08 7946448
59.6903 6.053402549695608e-12 1.816245128771979e-08 7924280
59.7365 5.941970862371151e-12 1.780035716901414e-08 7899672
59.7827 5.831490658005732e-12 1.744617213944092e-08 7869572
59.8289 5.718435956080455e-12 1.70809170338699e-08 7830276
59.8751 5.629813037266573e-12 1.678849507323529e-08 7826636
59.9213 5.528534376456468e-12 1.643019228189921e-08 7792388
59.9675 5.432050440703035e-12 1.608570604951821e-08 7765296
60.0137 5.335661916216373e-12 1.575121747983802e-08 7733948
60.0599 5.2486137874486e-12 1.543056919738214e-08 7710948
60.1061 5.15910167451059e-12 1.511860626612395e-08 7689260
60.1523 5.061919420385632e-12 1.479608842629751e-08 7649916
60.1985 4.977437426291894e-12 1.452787292429666e-08 7638020
60.2447 4.888262677739897e-12 1.419105885745946e-08 7597136
60.2909 4.812370423163327e-12 1.393133113662663e-08 7586532
60.3371 4.718008149630675e-12 1.360973477203219e-08 7540628
60.3833 4.637214388580222e-12 1.334649653338181e-08 7519344
60.4295 4.561281447619139e-12 1.309462483673993e-08 7501880
60.4757 4.473097763366999e-12 1.282621461467099e-08 7466540
60.5219 4.394186715483186e-12 1.25712000943599e-08 7440012
60.5681 4.316515257496604e-12 1.233344816376468e-08 7414112
60.6143 4.237698140084372e-12 1.208022221073868e-08 7382808
60.6605 4.16285881926406e-12 1.186072567274003e-08 7365056
60.7067 4.082105329113428e-12 1.163090380139227e-08 7324200
60.7529 4.010144310873268e-12 1.142010769246807e-08 7308356
60.7991 3.933608371269349e-12 1.1205905888661e-08 7275944
60.8453 3.850236210765591e-12 1.099401298423075e-08 7238628
60.8915 3.787680712494937e-12 1.082965575748777e-08 7231832
60.9377 3.706841814497494e-12 1.062555571344709e-08 7189104
60.9839 3.631063576614054e-12 1.044452583290991e-08 7168592
61.0301 3.557510712121558e-12 1.026214781042927e-08 7136184
61.0763 3.489577696977418e-12 1.009954449087042e-08 7116188
61.1225 3.409209148513635e-12 9.911263733895077e-09 7077644
61.1687 3.338140034809599e-12 9.764607456734256e-09 7053780
61.2149 3.268108147249761e-12 9.606723585032561e-09 7031900
61.2611 3.195248425571722e-12 9.444924212949289e-09 6993612
61.3073 3.12983777493701e-12 9.297999160567311e-09 6976868
61.3535 3.055334282540743e-12 9.132069450247612e-09 6934520
61.3997 2.99595995936153e-12 9.005692930016594e-09 6920268
61.4459 2.928121164829457e-12 8.860094295241093e-09 6889172
61.4921 2.857116211495974e-12 8.70144913639599e-09 6844680
61.5383 2.799904434362869e-12 8.580014309394577e-09 6834860
61.5845 2.740678861101536e-12 8.436503050739588e-09 6802656
61.6307 2.681804676406565e-12 8.299634558397112e-09 6777188
61.6769 2.620792903092076e-12 8.145114821943225e-09 6737144
61.7231 2.565056878711069e-12 8.015849770400294e-09 6712620
61.7693 2.514531373672216e-12 7.899952875926582e-09 6695444
61.8155 2.456185322118982e-12 7.750898645783239e-09 6653604
61.8617 2.406475514082602e-12 7.617130130194655e-09 6626744
61.9079 2.360787473064296e-12 7.488023317311778e-09 6602196
61.9541 2.312179662118436e-12 7.351129866885276e-09 6571892
62.0003 2.263416902569938e-12 7.220312416754607e-09 6541832
62.0465 2.217705130034326e-12 7.089386503554684e-09 6504960
62.0927 2.179168874526585e-12 6.973758141253851e-09 6496244
62.1389 2.133921364392212e-12 6.840542226508303e-09 6453468
62.1851 2.094617576487353e-12 6.715173760149218e-09 6432680
62.2313 2.054570103915419e-12 6.578517575912786e-09 6396960
62.2775 2.015110935752517e-12 6.452734989817915e-09 6364784
62.3237 1.981426556928056e-12 6.339958235174438e-09 6352916
62.3699 1.940190264608051e-12 6.210724437123786e-09 6304836
62.4161 1.906309690205905e-12 6.085167774284541e-09 6282080
62.4623 1.870789916460253e-12 5.963685693128058e-09 6251508
62.5085 1.839425933574501e-12 5.851292922226784e-09 6225728
62.5547 1.801781624633503e-12 5.723760002484276e-09 6187640
62.6009 1.771250666893688e-12 5.613720933915802e-09 6159276
62.6471 1.741546724919887e-12 5.506516635418333e-09 6141404
62.6933 1.707033335327268e-12 5.393117792305832e-09 6104412
62.7395 1.676951277948792e-12 5.285378757889104e-09 6071612
62.7857 1.646834196989465e-12 5.178300067600534e-09 6046032
62.8319 1.615879774126561e-12 5.079952733540133e-09 6013244
62.8781 1.586447318591985e-12 4.982773476043275e-09 5990204
62.9243 1.555420157182152e-12 4.876484251714555e-09 5950020
62.9705 1.530535476544054e-12 4.798787090765772e-09 5938520
63.0167 1.496705032853351e-12 4.689577434521913e-09 5890944
63.0629 1.469263674606067e-12 4.61025100446332e-09 5864480
63.1091 1.440221739345842e-12 4.522555162821413e-09 5834628
63.1553 1.412521942552386e-12 4.439912578627971e-09 5806868
63.2015 1.384238191075028e-12 4.361160073141273e-09 5779796
63.2477 1.355295115487766e-12 4.277973320774651e-09 5744076
63.2939 1.328244868606351e-12 4.203193447357338e-09 5716436
63.3401 1.299660803622273e-12 4.127527227348292e-09 5686140
63.3863 1.270362317099498e-12 4.049791242919651e-09 5648924
63.4325 1.246946079771418e-12 3.989975897761086e-09 5631720
63.4787 1.217293081251839e-12 3.913657019001772e-09 5592584
63.5249 1.192847372156393e-12 3.847237310595971e-09 5565032
63.5711 1.165178613810147e-12 3.778338999365119e-09 5527812
63.6173 1.141544793419507e-12 3.715500635670169e-09 5502944
63.6635 1.11821504576433e-12 3.657128673147161e-09 5479728
63.7097 1.090655850332272e-12 3.585940516382728e-09 5435888
63.7559 1.068212391007487e-12 3.529057786613014e-09 5413076
63.8021 1.045089263183725e-12 3.465104714519117e-09 5379972
63.8483 1.022412161481731e-12 3.403992874798805e-09 5348924
63.8945 9.998180791860933e-13 3.340378718783911e-09 5317392
63.9407 9.775696982310055e-13 3.277588681606576e-09 5279504
63.9869 9.597771719142045e-13 3.226122696921743e-09 5268480
64.0331 9.367191330242699e-13 3.161054894863e-09 5223572
64.0793 9.164684470792989e-13 3.100884716815856e-09 5190452
64.1255 8.983878229522763e-13 3.038153860667324e-09 5162808
64.1716 8.795236931446983e-13 2.979917881147769e-09 5130032
64.2178 8.626122165438712e-13 2.92237280194921e-09 5102844
64.264 8.43445575130076e-13 2.857209402315557e-09 5064404
64.3102 8.281073855818267e-13 2.804968516130304e-09 5041788
64.3564 8.110626788704158e-13 2.741524194191233e-09 5006048
64.4026 7.948983677721925e-13 2.68376943426802e-09 4974476
64.4488 7.799294244860331e-13 2.626079435136561e-09 4944876
64.495 7.644939983585781e-13 2.56227927815484e-09 4906532
64.5412 7.515095102461199e-13 2.513269280629496e-09 4887960
64.5874 7.358180667479054e-13 2.451526714719678e-09 4844576
64.6336 7.22357253225126e-13 2.395320244442349e-09 4814876
64.6798 7.099756594106669e-13 2.3435304880993e-09 4789392
64.726 6.948601792297804e-13 2.280812144207143e-09 4742684
64.7722 6.846687575110938e-13 2.237315994055366e-09 4734516
64.8184 6.701678348479553e-13 2.176904284360907e-09 4682588
64.8646 6.586182595436801e-13 2.128113258053611e-09 4661736
64.9108 6.459144806308806e-13 2.080543883927358e-09 4628360
64.957 6.334532047846272e-13 2.025499711892848e-09 4589408
65.0032 6.212559831641677e-13 1.980843683142896e-09 4560588
65.0494 6.099172367181253e-13 1.936071085206246e-09 4531724
65.0956 5.977968960467604e-13 1.890599124136865e-09 4499988
65.1418 5.856642909916124e-13 1.844956586067119e-09 4461728
65.188 5.740970510713095e-13 1.803627114131369e-09 4433484
65.2342 5.623822798495038e-13 1.765207626284894e-09 4405280
65.2804 5.495001876547685e-13 1.721932442029458e-09 4360472
65.3266 5.393440060761772e-13 1.687262856286557e-09 4339080
65.3728 5.267767444399622e-13 1.649554602673307e-09 4301396
65.419 5.153812337439841e-13 1.616966935450902e-09 4271340
65.4652 5.038784757484518e-13 1.581764199855964e-09 4239968
65.5114 4.914048063065797e-13 1.548106131157166e-09 4201116
65.5576 4.81475881966844e-13 1.519841641810149e-09 4177748
65.6038 4.683220569161355e-13 1.487133175556772e-09 4136636
65.65 4.582164696620882e-13 1.461784971891099e-09 4110516
65.6962 4.46026802251649e-13 1.431150667930526e-09 4075076
65.7424 4.342175617551872e-13 1.404160267608426e-09 4037220
65.7886 4.239106357159736e-13 1.379055004358173e-09 4008632
65.8348 4.123270216753227e-13 1.351975849712168e-09 3972800
65.881 4.02510346033371e-13 1.329993927858791e-09 3946224
65.9272 3.910492415655262e-13 1.303558349513671e-09 3908516
65.9734 3.811206321226718e-13 1.28089428978271e-09 3876912
66.0196 3.700557218680932e-13 1.255635793881337e-09 3839720
66.0658 3.605654219584776e-13 1.233616956571438e-09 3813012
66.112 3.510021649872741e-13 1.210846823787764e-09 3777968
66.1582 3.406236919069986e-13 1.184378353343001e-09 3737048
66.2044 3.324591743254554e-13 1.165746900691989e-09 3713520
66.2506 3.225970784830094e-13 1.140778069309501e-09 3677996
66.2968 3.140637870208938e-13 1.116879900352114e-09 3640800
66.343 3.058253265884474e-13 1.093970381621406e-09 3607976
66.3892 2.969251067632264e-13 1.06954308950688e-09 3570924
66.4354 2.90301106154221e-13 1.049728511086917e-09 3545936
66.4816 2.821368533910876e-13 1.02458542371379e-09 3506408
66.5278 2.749989578034542e-13 1.001113902774327e-09 3471600
66.574 2.680455031993525e-13 9.79421152141342e-10 3442172
66.6202 2.612539972597595e-13 9.55099739577046e-10 3407676
66.6664 2.54991720206043e-13 9.315855818966092e-10 3373964
66.7126 2.485205631881298e-13 9.083675647460288e-10 3336468
66.7588 2.423739083308019e-13 8.851831947688183e-10 3307520
66.805 2.363836772699507e-13 8.621447822258212e-10 3272000
66.8512 2.309003498261572e-13 8.387345631207845e-10 3237408
66.8974 2.244997380040618e-13 8.130947892676835e-10 3196721
66.9436 2.203276129808407e-13 7.957057426781897e-10 3179382
66.9898 2.142127686990505e-13 7.69753395500682e-10 3135572
67.036 2.095618178917757e-13 7.487802868819899e-10 3103196
67.0822 2.048554331965417e-13 7.303305272058812e-10 3079200
67.1284 2.006450906307263e-13 7.104143945011526e-10 3053732
67.1746 1.959758564753383e-13 6.897554019919094e-10 3018894
67.2208 1.917009044869393e-13 6.708962771121214e-10 2988590
67.267 1.878383034658635e-13 6.545466570637397e-10 2970498
67.3132 1.834523690041774e-13 6.369621816988087e-10 2938226
67.3594 1.795433068498384e-13 6.187017138626094e-10 2910458
67.4056 1.755146107315141e-13 6.030360297445678e-10 2883180
67.4518 1.716267717347957e-13 5.88440818875332e-10 2860964
67.498 1.679036311442245e-13 5.725021812467516e-10 2833284
67.5442 1.641427334073365e-13 5.586220189131165e-10 2808758
67.5904 1.600117337214877e-13 5.441721985986401e-10 2780862
67.6366 1.564773284529099e-13 5.321505463098171e-10 2758742
67.6828 1.529559935353198e-13 5.190012843087046e-10 2734520
67.729 1.49142823722772e-13 5.060911092603601e-10 2707878
67.7752 1.453548769126189e-13 4.95437164763999e-10 2685368
67.8214 1.417210145274596e-13 4.837524066116656e-10 2660304
67.8676 1.385883086194553e-13 4.741467748381843e-10 2642216
67.9138 1.345753862229364e-13 4.626349231409391e-10 2610312
67.96 1.311808097812814e-13 4.533096816261785e-10 2593256
68.0062 1.279082135757172e-13 4.439690143434191e-10 2569946
68.0524 1.242998778375828e-13 4.341237240269851e-10 2542752
68.0986 1.21304583704633e-13 4.26772228375669e-10 2526218
68.1448 1.1775518557486e-13 4.173270958003666e-10 2501610
68.191 1.146288976919621e-13 4.085355156158627e-10 2479202
68.2372 1.118530097252957e-13 4.008994197900007e-10 2457824
68.2834 1.085784364674286e-13 3.924623961138319e-10 2436522
68.3296 1.055736526287594e-13 3.846366121725461e-10 2413964
68.3758 1.031337614796484e-13 3.778765975246291e-10 2396034
68.422 9.998756415602026e-14 3.691241642747536e-10 2369162
68.4682 9.749017481236198e-14 3.62546765986558e-10 2354394
68.5144 9.501671233421157e-14 3.548027940689167e-10 2332340
68.5606 9.245790767369315e-14 3.467722922705583e-10 2309150
68.6068 9.016273834851329e-14 3.40025679628863e-10 2288172
68.653 8.781403675075295e-14 3.325248058583883e-10 2269922
68.6992 8.579069607460243e-14 3.257484936391299e-10 2250780
68.7454 8.365474271434159e-14 3.187759919669303e-10 2229338
68.7916 8.163920859651032e-14 3.118713060960282e-10 2210772
68.8378 7.962703457509351e-14 3.046181017720415e-10 2192108
68.884 7.777519532630509e-14 2.974285975609194e-10 2170988
68.9302 7.602236623490652e-14 2.914623421595458e-10 2152722
68.9764 7.429304207057998e-14 2.840120785640747e-10 2132996
69.0226 7.273489835462718e-14 2.779593614098672e-10 2117244
69.0688 7.0934823693775e-14 2.705613255839836e-10 2092700
69.115 6.942723242820361e-14 2.644095765437148e-10 2074508
69.1612 6.80391505526087e-14 2.588581498220902e-10 2061852
69.2074 6.654012988462392e-14 2.521999532908642e-10 2041724
69.2536 6.491156038252914e-14 2.45863509862264e-10 2018460
69.2998 6.369221701173202e-14 2.405291870702163e-10 2003006
69.346 6.244149069694134e-14 2.349147368496932e-10 1989396
69.3922 6.102634555585639e-14 2.28932425560279e-10 1968260
69.4384 5.957214036902041e-14 2.234169237800574e-10 1946780
69.4846 5.846131809475143e-14 2.186842449126943e-10 1934142
69.5308 5.724597501045387e-14 2.135235366823658e-10 1918124
69.577 5.588305892194509e-14 2.083902896173403e-10 1896468
69.6232 5.469549530521485e-14 2.035481353046333e-10 1879406
69.6694 5.3505954691888e-14 1.990696900892333e-10 1864284
69.7156 5.24469052052067e-14 1.946536576796067e-10 1850846
69.7618 5.102919325579935e-14 1.896935928931245e-10 1826084
69.808 5.007621713193586e-14 1.8581428879342e-10 1814094
69.8542 4.893122073871227e-14 1.815409501387964e-10 1799300
69.9004 4.776151326995696e-14 1.774705624354566e-10 1780710
69.9466 4.667361035891495e-14 1.736727741494011e-10 1764884
69.9928 4.547961357885379e-14 1.692242429802727e-10 1744434
70.039 4.453811216091048e-14 1.663476843361332e-10 1734356
70.0852 4.348105098218973e-14 1.624234189613965e-10 1717670
70.1314 4.239587106308767e-14 1.58838319916907e-10 1697718
70.1776 4.141490082226581e-14 1.553021112509905e-10 1682948
70.2238 4.047206274281371e-14 1.521528540815644e-10 1670502
70.27 3.951884214197793e-14 1.488482256263219e-10 1654382
70.3162 3.854348693654036e-14 1.452884784531071e-10 1635902
70.3624 3.764428546726543e-14 1.423659438585507e-10 1623948
70.4086 3.672592605269124e-14 1.392083438254406e-10 1607870
70.4548 3.585629252829472e-14 1.361526631049152e-10 1591710
70.501 3.492419576862248e-14 1.329875887325375e-10 1575254
70.5472 3.423024942197888e-14 1.304813157977863e-10 1565550
70.5934 3.323486313465831e-14 1.272634478570637e-10 1546364
70.6396 3.249742774407443e-14 1.243176142678708e-10 1531526
70.6858 3.172448309201928e-14 1.217189017704557e-10 1516926
70.732 3.104416280661952e-14 1.192853859548024e-10 1508390
70.7782 3.016521088235307e-14 1.159737676136344e-10 1486182
70.8244 2.948384483241028e-14 1.136527498395454e-10 1475414
70.8706 2.877424715757396e-14 1.109446226739302e-10 1459662
70.9168 2.80609022150365e-14 1.083710578000253e-10 1447358
70.963 2.742125071081525e-14 1.058665018167612e-10 1433654
71.0092 2.669442371096933e-14 1.03281808014125e-10 1417218
71.0554 2.606432734444039e-14 1.011262610009615e-10 1405838
71.1016 2.542039022279763e-14 9.856223763164561e-11 1392414
71.1478 2.474184312674787e-14 9.6125450864175e-11 1376246
71.194 2.417588877320795e-14 9.394959563261795e-11 1363542
71.2402 2.359810604882305e-14 9.188473812861859e-11 1352918
71.2864 2.299344348151491e-14 8.95244809783109e-11 1338134
71.3326 2.238891753744968e-14 8.73124914458627e-11 1323840
71.3788 2.179829764768411e-14 8.506682475881028e-11 1308782
71.425 2.135699570794674e-14 8.331358548593498e-11 1301238
71.4712 2.07631240527723e-14 8.115096749294476e-11 1284854
71.5174 2.019663622702521e-14 7.898419102321808e-11 1268942
71.5636 1.977580035276636e-14 7.73357276350654e-11 1261590
71.6098 1.925145361508257e-14 7.542842883448234e-11 1247528
71.656 1.873630332718889e-14 7.334882223092248e-11 1233438
71.7022 1.821331662228599e-14 7.138877638461128e-11 1217750
71.7484 1.788127717549262e-14 6.998554056994665e-11 1213134
71.7946 1.738383595263192e-14 6.811003811149993e-11 1197782
71.8408 1.687130520531134e-14 6.614874888267931e-11 1180700
71.887 1.646894900364084e-14 6.453371519351707e-11 1171854
71.9332 1.607395351344808e-14 6.307605201263637e-11 1163174
71.9794 1.559652725847474e-14 6.117725524241007e-11 1146192
72.0256 1.520090243401227e-14 5.973358046136414e-11 1135046
72.0718 1.478032867200242e-14 5.811409821414392e-11 1124070
72.118 1.440436355360448e-14 5.665258167828352e-11 1113638
72.1642 1.399228859371608e-14 5.527163669417396e-11 1100408
72.2104 1.36191686224439e-14 5.36779223124577e-11 1087734
72.2566 1.323224460810664e-14 5.235972213852482e-11 1078334
72.3028 1.289574592178756e-14 5.109315463991559e-11 1066848
72.349 1.255553242984123e-14 4.975696099741784e-11 1055558
72.3952 1.214830348944612e-14 4.829544768860377e-11 1039512
72.4414 1.187023516579688e-14 4.725516925815671e-11 1034006
72.4876 1.155465310720441e-14 4.613232392681174e-11 1023206
72.5338 1.121405527350214e-14 4.474171648909022e-11 1008276
72.58 1.089084680465756e-14 4.362916886086723e-11 996998
72.6262 1.064147173607154e-14 4.265454718589093e-11 990336
72.6724 1.032464751929167e-14 4.155634346857429e-11 977246
72.7186 1.00211995930053e-14 4.024609665704877e-11 964328
72.7648 9.751695193324249e-15 3.942688860544689e-11 955686
72.811 9.512203886905379e-15 3.84495832042638e-11 947630
72.8572 9.180906706887134e-15 3.726793945960623e-11 932496
72.9034 8.946376773798742e-15 3.631135000893434e-11 923126
72.9496 8.690706034852755e-15 3.548330339681367e-11 915264
72.9958 8.411921635180262e-15 3.434624474942309e-11 902150
73.042 8.173857678541815e-15 3.353363450603044e-11 893672
73.0882 7.917341190311199e-15 3.251618918645514e-11 880782
73.1344 7.71063789085933e-15 3.177668805989164e-11 875360
73.1806 7.449748304928469e-15 3.075661198371377e-11 862326
73.2268 7.233098652667819e-15 2.996509912952666e-11 852140
73.273 7.013799315300681e-15 2.908002630610673e-11 842544
73.3192 6.792472564391463e-15 2.826404834541504e-11 832910
73.3654 6.608103466325454e-15 2.752361005689042e-11 824288
73.4116 6.382925497520433e-15 2.668914901989217e-11 812262
73.4578 6.211274435206628e-15 2.597123158293671e-11 804728
73.504 6.013710861956528e-15 2.529834543567145e-11 795486
73.5502 5.84335425278734e-15 2.453114112310116e-11 784520
73.5964 5.646024070098514e-15 2.385660733391466e-11 773576
73.6426 5.497291710931966e-15 2.321348413163618e-11 767574
73.6888 5.339496976324584e-15 2.262683786976861e-11 757976
73.735 5.167020420761733e-15 2.197474916403161e-11 747246
73.7812 5.00486710001455e-15 2.133912323260668e-11 736088
73.8274 4.889346276490668e-15 2.090272725638269e-11 733116
73.8736 4.718790742279335e-15 2.024859500934762e-11 720086
73.9198 4.579966468765825e-15 1.974012135176745e-11 710432
73.966 4.445419174847585e-15 1.925491899979395e-11 702960
74.0122 4.31276888115012e-15 1.876818834313937e-11 695102
74.0584 4.186042099954622e-15 1.827632045504603e-11 685680
74.1046 4.042752855030118e-15 1.779417416753492e-11 674000
74.1508 3.944916802960212e-15 1.739098293218965e-11 669294
74.197 3.819878734839478e-15 1.696064753931835e-11 661064
74.2432 3.692817900183658e-15 1.646174988449274e-11 649664
74.2894 3.591201915259414e-15 1.612646109254137e-11 641262
74.3356 3.49477642326675e-15 1.570674337210945e-11 636632
74.3818 3.389648791052081e-15 1.531721639885232e-11 627324
74.428 3.27391725486723e-15 1.486979963175929e-11 615680
74.4742 3.18138336105884e-15 1.455278527317263e-11 607974
74.5204 3.113919797814335e-15 1.422210293635113e-11 604784
74.5666 3.002878852468901e-15 1.380843219632975e-11 593216
74.6128 2.926418307572398e-15 1.344883575172259e-11 583830
74.659 2.847852991757739e-15 1.3163235716284e-11 578624
74.7052 2.771305424069087e-15 1.280725193321648e-11 571152
74.7514 2.694218929430671e-15 1.24845903525239e-11 562616
74.7976 2.611392117142305e-15 1.210471020289477e-11 551246
74.8438 2.557770941419218e-15 1.188239264306074e-11 549072
74.89 2.494086131865237e-15 1.154100472938371e-11 540848
74.9362 2.413412727645248e-15 1.119396214721784e-11 529620
74.9824 2.362881263724e-15 1.095115954971423e-11 523232
75.0286 2.303260532938148e-15 1.065236222611504e-11 518286
75.0748 2.249125339962361e-15 1.040129793761952e-11 511160
75.121 2.186695996692267e-15 1.006455656158713e-11 500648
75.1672 2.133149242326853e-15 9.812673949562587e-12 493848
75.2134 2.091369521894024e-15 9.575700475262562e-12 489776
75.2596 2.027725735564112e-15 9.299852573965495e-12 480798
75.3058 1.987811245760524e-15 9.029675880014827e-12 472664
75.352 1.935825170363558e-15 8.825958133247859e-12 467208
75.3982 1.891973205436059e-15 8.598327508132296e-12 461456
75.4444 1.840745895034065e-15 8.332233882328426e-12 451988
75.4906 1.795111179780186e-15 8.094020482393786e-12 443496
75.5368 1.75965266355276e-15 7.943139617650547e-12 441638
75.583 1.713905660478491e-15 7.723612261944192e-12 433968
75.6292 1.671512318744036e-15 7.492819064091734e-12 425888
75.6754 1.626608248931855e-15 7.276346803859512e-12 417600
75.7216 1.588686721373991e-15 7.11327426687361e-12 414632
75.7678 1.54759550756313e-15 6.919964557677873e-12 407024
75.814 1.507670331790475e-15 6.732252619855548e-12 399048
75.8602 1.472267106002159e-15 6.571274227981655e-12 393878
75.9064 1.433512283923131e-15 6.422578698504186e-12 389196
75.9526 1.39133122455268e-15 6.229744853247352e-12 380816
75.9988 1.352570795492351e-15 6.074655068203023e-12 373160
76.045 1.321803320004521e-15 5.965368110424089e-12 370176
76.0912 1.286068253396817e-15 5.822296615755033e-12 364856
76.1374 1.241601263679805e-15 5.64522307961924e-12 356088
76.1836 1.208327624053017e-15 5.531546062241269e-12 348848
76.2298 1.17827309428142e-15 5.434353030293244e-12 347208
76.276 1.143402879871643e-15 5.297845563031632e-12 339944
76.3222 1.106238067202208e-15 5.155391510192906e-12 331856
76.3684 1.080876252060095e-15 5.078166521600723e-12 327150
76.4146 1.04965792835567e-15 4.975624976479225e-12 324092
76.4608 1.01716496594755e-15 4.842621445084602e-12 316944
76.507 9.841904272802989e-16 4.740422223523995e-12 309512
76.5532 9.593902750863853e-16 4.64717219692313e-12 305496
76.5994 9.337359699167637e-16 4.546550570484184e-12 301904
76.6456 9.01259713679198e-16 4.423169898291098e-12 293552
76.6918 8.752241314754691e-16 4.326360692376694e-12 287328
76.738 8.575198027867411e-16 4.262371857224821e-12 285656
76.7842 8.32133978109557e-16 4.13978380545681e-12 279936
76.8304 8.058895370030801e-16 4.045199734394055e-12 273404
76.8766 7.741684088544451e-16 3.917315206238964e-12 264384
76.9228 7.669165957024295e-16 3.879391800064638e-12 266672
76.969 7.397896856613941e-16 3.753033663092055e-12 259208
77.0152 7.146475693986076e-16 3.645362934443499e-12 252216
77.0614 6.951862419551443e-16 3.568651033388035e-12 247088
77.1076 6.802435837194616e-16 3.480934447915734e-12 245664
77.1538 6.56702652775741e-16 3.374356047598355e-12 239288
77.2 6.309094875298849e-16 3.269439283882525e-12 231968
77.2462 6.177022451732168e-16 3.198541904659784e-12 229608
77.2924 5.996803562648705e-16 3.102160802870406e-12 226340
77.3386 5.741876061120825e-16 2.989585916742732e-12 219360
77.3848 5.548081942023867e-16 2.897807620190793e-12 213104
77.431 5.448609062641181e-16 2.836301507827815e-12 213024
77.4772 5.241903445108519e-16 2.736025102944361e-12 208088
77.5234 4.998035545108747e-16 2.617709900361947e-12 200336
77.5696 4.827691372521857e-16 2.547113691106014e-12 195552
77.6158 4.756186521630813e-16 2.484524456550386e-12 196328
77.662 4.534219508970264e-16 2.387037898498554e-12 189792
77.7082 4.353013286859354e-16 2.294968278525032e-12 183908
77.7544 4.194502243062535e-16 2.224293683634217e-12 179424
77.8006 4.104517200752873e-16 2.168420616176874e-12 178760
77.8468 3.908171931546933e-16 2.084569284038702e-12 172928
77.893 3.744196231486624e-16 2.012808246410093e-12 167352
77.9392 3.641156113943863e-16 1.963262219438077e-12 164984
77.9854 3.497521734070042e-16 1.894582575548669e-12 161736
78.0316 3.349565044198852e-16 1.837721053008174e-12 157112
78.0778 3.183659263498911e-16 1.760540456017134e-12 150848
78.124 3.127425613941792e-16 1.734328967196812e-12 151332
78.1702 2.971784516583878e-16 1.67465846771997e-12 146720
78.2164 2.815533130162117e-16 1.602289908330765e-12 140874
78.2626 2.70083756923863e-16 1.563909379157427e-12 136832
78.3088 2.645592342130924e-16 1.545240278846839e-12 137904
78.355 2.474327816998094e-16 1.474933102442365e-12 131384
78.4012 2.343840876805445e-16 1.422391326158734e-12 126248
78.4474 2.258629610941777e-16 1.402218997741158e-12 124152
78.4936 2.189551987897809e-16 1.383849449723671e-12 123896
78.5398 2.035352163864051e-16 1.314683589992951e-12 117588
78.586 1.909737193948132e-16 1.269604974699015e-12 112160
78.6322 1.85741109447761e-16 1.268129554264992e-12 112488
78.6784 1.773680357867183e-16 1.232994201692387e-12 110072
78.7246 1.660363581694762e-16 1.177254149718968e-12 104906
78.7708 1.546908246161293e-16 1.128385494817231e-12 98880
78.817 1.533787942939659e-16 1.140691029930152e-12 101408
78.8632 1.44350368983076e-16 1.088176047772456e-12 97128
78.9094 1.355747151237314e-16 1.03757197560874e-12 92504
78.9556 1.285710274289095e-16 1.000075415464859e-12 88308
79.0018 1.262232961871577e-16 9.986624544708909e-13 89504
79.048 1.186105537454048e-16 9.415345778417375e-13 85064
79.0942 1.123134461031431e-16 8.996074349355946e-13 80856
79.1404 1.0877735963544e-16 8.746422884452156e-13 78914
79.1866 1.055129855946435e-16 8.540174296948218e-13 77928
79.2328 9.962910773042162e-17 8.030345703528421e-13 73760
79.279 9.486679712579711e-17 7.626121159632538e-13 69752
79.3252 9.546923484432343e-17 7.673997081170504e-13 70788
79.3714 8.982489481387171e-17 7.118532597254782e-13 66920
79.4176 8.574312114596562e-17 6.67421795578115e-13 63192
79.4638 8.243663029003236e-17 6.363645616334921e-13 59594
79.51 8.481703423267837e-17 6.538662547919176e-13 62760
79.5562 7.742289444507177e-17 5.806486117401699e-13 56720
79.6024 7.456249734159887e-17 5.46998466741423e-13 53384
79.6486 7.378856018687125e-17 5.407610168832486e-13 52272
79.6948 7.338884398052315e-17 5.406368250559412e-13 53456
79.741 6.61719365699932e-17 4.725567210951027e-13 47676
79.7872 6.327890176466288e-17 4.413246001471413e-13 44234
79.8334 6.35315403493342e-17 4.608948461819355e-13 45288
79.8796 6.169609910150811e-17 4.472278116523811e-13 44960
79.9258 5.450474480224061e-17 3.844196823502448e-13 39344
79.972 5.087086919732165e-17 3.575242170604812e-13 35664
80.0182 5.362585626579052e-17 3.982234519100988e-13 39440
80.0644 4.977287309629096e-17 3.699023385965957e-13 37194
80.1106 4.252003306666092e-17 3.091005974829275e-13 31484
80.1568 3.985715663707736e-17 2.969354901526317e-13 28848
80.203 4.282421382002014e-17 3.335161915170449e-13 33200
80.2492 3.820274199619729e-17 2.99407088193591e-13 30056
80.2954 3.173089091131329e-17 2.416944529349881e-13 24570
80.3416 3.067381085473934e-17 2.455697522436428e-13 23936
80.3878 3.23287376902864e-17 2.62992240819995e-13 26640
80.434 2.8150786336885e-17 2.284889556776233e-13 23624
80.4802 2.211095340582861e-17 1.728978893331786e-13 18020
80.5264 2.384166551285346e-17 1.959273822326876e-13 19986
80.5726 2.390405896501764e-17 1.940045108797618e-13 20744
80.6188 2.051527233212619e-17 1.61952502972865e-13 18000
80.665 1.424453941167397e-17 1.116221548069881e-13 12152
80.7112 1.877102259823426e-17 1.466620415645916e-13 16488
80.7574 1.757773767054415e-17 1.333320866950481e-13 15698
80.8036 1.45264412952569e-17 1.040774870482268e-13 13136
80.8498 9.214439846545362e-18 6.843115831105471e-14 8196
80.896 1.390037677752072e-17 9.547396554789785e-14 12488
80.9422 1.225254386135027e-17 8.164320347240143e-14 11250
80.9884 9.923326958028405e-18 5.817402399192639e-14 8984
81.0346 6.231819928021057e-18 3.980242549909638e-14 5736
81.0808 9.511120532630453e-18 5.191738144842935e-14 8456
81.127 8.249432584011015e-18 4.27561483615152e-14 7448
81.1732 6.363297745411483e-18 2.785664079903238e-14 5538
81.2194 4.335980028405015e-18 2.082772036523731e-14 3884
81.2656 6.14788252980039e-18 2.436381412342458e-14 5208
81.3118 5.278260680499355e-18 1.851467988066583e-14 4424
81.358 2.659412777603132e-18 8.465012986951232e-15 2186
81.4042 3.851437648016617e-18 1.199942468294102e-14 3120
81.4504 3.488678964003154e-18 9.265152935136589e-15 2744
81.4966 2.810334918504458e-18 6.63545292342452e-15 2184
81.5428 1.17764091193676e-18 2.526442864826985e-15 902
81.589 1.922760838938698e-18 3.8382439111376e-15 1464
81.6352 1.408373172104939e-18 2.66263120817437e-15 1064
81.6814 9.575839052269946e-19 1.56263540118421e-15 728
81.7276 3.378979054744867e-19 4.974236736158507e-16 258
81.7738 4.444306344132831e-19 6.339108826750495e-16 344
81.82 2.516982837945453e-19 3.487239955523945e-16 168
81.8662 7.050077827858617e-20 6.520480669085042e-17 56
81.9124 8.555571409540087e-21 6.823407852927716e-18 7


