0.0461999 1.102126277638965e-07 1.128055127318109e-07 18
0.0923998 4.940009817270462e-07 5.134453009538177e-07 62
0.1386 7.588394095813713e-07 7.919812488051916e-07 98
0.1848 1.542576743910548e-06 1.660856404946917e-06 210
0.230999 2.797595634845058e-06 2.994703860267398e-06 350
0.277199 3.492118676913711e-06 3.745705559126202e-06 450
0.323399 5.440136086601552e-06 5.76495748846673e-06 602
0.369599 6.948593722342176e-06 7.945609581896119e-06 762
0.415799 1.054113843560885e-05 1.185867066415437e-05 1142
0.461999 1.038009233585713e-05 1.298667768342307e-05 1250
0.508199 1.35934294776092e-05 1.705213161573673e-05 1458
0.554399 1.628597930288926e-05 2.100546171864772e-05 1814
0.600599 1.995428547873039e-05 2.671680495433366e-05 2178
0.646798 2.191242600962655e-05 3.034608131142164e-05 2498
0.692998 2.269531008359756e-05 3.411360167194689e-05 2622
0.739198 3.084171730320206e-05 4.659355669412036e-05 3338
0.785398 3.280740220432391e-05 5.15663748465456e-05 3722
0.831598 3.74587864246223e-05 6.253000285129853e-05 4170
0.877798 3.803535914389085e-05 6.583378767933517e-05 4358
0.923998 4.419081622475861e-05 8.108210482205514e-05 5034
0.970198 5.027861478623089e-05 9.630127332173506e-05 5714
1.0164 5.308933962077929e-05 0.0001070624302006421 5982
1.0626 5.663050703345516e-05 0.0001224699155689561 6602
1.1088 6.265246096852227e-05 0.0001379162285297894 7130
1.155 7.097708094218828e-05 0.0001644284352682594 8034
1.2012 7.810383122181919e-05 0.0001865460569529374 8606
1.2474 8.085378529102208e-05 0.000199435434850048 9066
1.2936 8.764485118267797e-05 0.0002317824754782937 9962
1.3398 9.511356373150952e-05 0.0002610499733167932 10550
1.386 0.000100582555135869 0.0002877143468369304 11226
1.4322 0.0001083986972596417 0.0003234806745270492 12146
1.4784 0.0001120042906547523 0.0003498012548385008 12606
1.5246 0.0001234102073721446 0.0004077153875601361 13802
1.5708 0.0001321749905283918 0.0004475917043352 14754
1.617 0.0001348630942307289 0.0004787068925407432 15194
1.6632 0.0001451466469975022 0.0005483727669802463 16454
1.7094 0.0001532599666942267 0.0005970462978086899 17154
1.7556 0.0001643328311568588 0.0006504084629917133 18266
1.8018 0.0001649864697372515 0.0006988335191282056 18750
1.848 0.0001788298158238618 0.0007864125550090513 20234
1.8942 0.0001871252887801907 0.0008599317518476797 21450
1.9404 0.0001950813928864687 0.000917954512292462 21962
1.9866 0.0002085545579491577 0.001009500317172668 23462
2.0328 0.0002142953467961761 0.001086629319650796 24042
2.079 0.0002269435166391482 0.001197751570098729 25946
2.1252 0.0002321759528102091 0.001264241670409407 26118
2.17139 0.0002426634978419214 0.001375081163579599 27506
2.21759 0.0002569642588653224 0.00152214583452087 29066
2.26379 0.000270662313060321 0.001650538506653444 30450
2.30999 0.0002814254553927928 0.001776439433637893 31742
2.35619 0.0002805299084844325 0.001855446471252722 32250
2.40239 0.0003065912378365924 0.002038215895528023 34250
2.44859 0.0003170697086741874 0.002143526003001911 35454
2.49479 0.0003210241756855895 0.002290535501310014 36434
2.54099 0.0003319276204156719 0.002478463202120034 37682
2.58719 0.0003464305766548542 0.002651879815466673 39294
2.63339 0.0003697043316590186 0.002861094907756902 41426
2.67959 0.0003750586336040969 0.00301245258253547 42066
2.72579 0.0003877909366775986 0.003224237281428058 43490
2.77199 0.0003998221119189445 0.003465048819450843 45702
2.81819 0.000414582147128071 0.003708567882783864 46634
2.86439 0.0004329326592739754 0.003945154404907062 48554
2.91059 0.0004330384502845433 0.004052046177469727 48870
2.95679 0.0004595570951193467 0.004412194229227281 51554
3.00299 0.0002063379871453555 0.001991277781467834 54090
3.04919 3.573179263077917e-36 2.533049452111937e-35 54314
3.09539 3.41765010259717e-36 2.433048999867304e-35 56910
3.14159 3.128074660171068e-36 2.156034296079918e-35 57482
3.18779 2.93124974637535e-36 1.980152802611133e-35 60626
3.23399 2.784365944045338e-36 1.846181958308829e-35 61206
3.28019 2.671005438610926e-36 1.754334104282651e-35 62570
3.32639 2.578310864160466e-36 1.659171877542777e-35 65730
3.37259 2.453090412602078e-36 1.514772561870953e-35 66686
3.41879 2.493140843384468e-36 1.554179954013567e-35 69698
3.46499 2.428639575605245e-36 1.498791557984079e-35 70026
3.51119 2.467430415795246e-36 1.51769730923096e-35 72746
3.55739 2.454890502439617e-36 1.499382444609175e-35 74910
3.60359 2.37548322411815e-36 1.450343109250947e-35 75722
3.64979 2.371685306411379e-36 1.424466763358914e-35 78378
3.69599 2.317120959349763e-36 1.401261811621326e-35 80030
3.74219 2.378899138579931e-36 1.428247500329035e-35 83186
3.78839 2.32746305931299e-36 1.387058935386056e-35 84666
3.83459 2.318167996400045e-36 1.394267479289288e-35 86546
3.88079 2.332591500134689e-36 1.386962309785283e-35 88134
3.92699 2.412644932008374e-36 1.460235280599832e-35 91538
3.97319 2.47352055468418e-36 1.479236734554333e-35 93138
4.01939 2.432666682533405e-36 1.440848183770159e-35 94478
4.06559 2.588246455444908e-36 1.503913980356648e-35 97274
4.11179 2.547016419960168e-36 1.494610184561256e-35 99690
4.15799 2.610565873476312e-36 1.532571881210209e-35 102590
4.20419 2.598333059314493e-36 1.543565455922302e-35 103770
4.25039 2.58149069011788e-36 1.550679007659794e-35 106346
4.29659 2.710519148690897e-36 1.555557915992418e-35 108546
4.34279 2.698104586507153e-36 1.560633726484886e-35 110726
4.38899 2.641329422630903e-36 1.575696729617309e-35 112322
4.43519 2.681048482003283e-36 1.563276883229841e-35 115890
4.48139 2.63584278710236e-36 1.578594297462878e-35 118766
4.52759 2.749551682825642e-36 1.57258111406488e-35 122298
4.57379 2.727183609334559e-36 1.59480461020253e-35 122090
4.61999 2.86865431375177e-36 1.654716034382414e-35 125810
4.66619 2.827300581884794e-36 1.642992310801842e-35 128190
4.71239 3.031998476690628e-36 1.689941122811461e-35 130994
4.75859 3.062676286316966e-36 1.761889630686573e-35 133722
4.80479 3.027253816623236e-36 1.718864782718659e-35 133886
4.85099 3.175070705009658e-36 1.782773397330969e-35 140538
4.89719 3.148120664738743e-36 1.768946995210897e-35 140594
4.94339 3.205842072325711e-36 1.767758354441535e-35 143594
4.98959 3.332764717818733e-36 1.810564274181405e-35 146310
5.03579 3.479411890255006e-36 1.89517063706345e-35 150650
5.08199 3.464754142575627e-36 1.913845457355662e-35 151914
5.12819 3.389837368498507e-36 1.957477120327494e-35 153398
5.17439 3.514908961211901e-36 1.941469591235631e-35 157866
5.22059 3.539241544516455e-36 1.964369703681651e-35 160658
5.26679 3.578150751731526e-36 1.948721901976721e-35 164102
5.31299 3.586268537344579e-36 1.965223787211847e-35 164994
5.35919 3.711018347921439e-36 2.005046425806667e-35 169850
5.40539 3.75052879844793e-36 2.028011848529282e-35 172986
5.45159 3.660803581685157e-36 1.975269704060046e-35 173894
5.49779 3.770011147137649e-36 2.036796361630815e-35 176778
5.54399 3.843122704902052e-36 2.038470242130922e-35 181802
5.59019 3.900065797613851e-36 2.044264766180015e-35 184430
5.63639 3.971407430235267e-36 2.103427635621694e-35 187242
5.68259 4.035696122337451e-36 2.061239882996228e-35 190250
5.72879 4.117223605727792e-36 2.089953366935205e-35 192570
5.77499 4.266821116306011e-36 2.11603588169792e-35 198254
5.82119 4.174324412356677e-36 2.082830005219305e-35 198074
5.86739 4.406479190844417e-36 2.105989045712058e-35 202050
5.91359 3.950607503322948e-36 2.064759370244299e-35 205502
5.95979 3.991440250663665e-36 2.065042854591855e-35 210666
6.00599 3.93242241147306e-36 2.018627591006638e-35 212426
6.05219 3.943723420083236e-36 2.078167227167943e-35 213918
6.09839 3.868899290952952e-36 2.081146470124523e-35 220994
6.14459 3.860767348368706e-36 2.12491861154147e-35 221522
6.19079 3.902496856169226e-36 2.067860248391751e-35 226314
6.23699 3.797498935380622e-36 2.089730320468094e-35 227294
6.28319 3.764595409179192e-36 2.115842345060101e-35 232962
6.32939 3.70754488834974e-36 2.046274441144844e-35 237818
6.37559 3.745293085690219e-36 2.041049862019397e-35 238398
6.42178 3.692475182806566e-36 2.026898883630991e-35 241418
6.46798 3.706377953998904e-36 2.044471059818649e-35 246818
6.51418 3.704560488388191e-36 2.043592974431476e-35 249906
6.56038 3.695936954451952e-36 2.064058087963055e-35 254702
6.60658 3.58311272930306e-36 1.966077824482297e-35 254418
6.65278 3.605576459957258e-36 2.012333799498285e-35 260354
6.69898 3.586425053276205e-36 1.98897007353238e-35 264974
6.74518 3.574713245341836e-36 1.998633418348478e-35 268722
6.79138 3.662605826290046e-36 2.013332021068783e-35 271562
6.83758 3.698065524986171e-36 2.048341201653429e-35 275586
6.88378 3.756823334009905e-36 2.073973958717075e-35 280190
6.92998 3.787708559156472e-36 2.128867505420252e-35 282834
6.97618 3.84038905650159e-36 2.13132815490283e-35 285170
7.02238 3.867569943552746e-36 2.155385941955258e-35 289886
7.06858 3.87250429380058e-36 2.178184611987414e-35 294474
7.11478 3.909712946105306e-36 2.210330382477289e-35 299498
7.16098 3.909065780150742e-36 2.225352963989021e-35 299958
7.20718 3.992843198378953e-36 2.208689367433775e-35 305858
7.25338 4.030358790358087e-36 2.224369672737818e-35 310794
7.29958 4.023791546780136e-36 2.297635776375037e-35 313082
7.34578 4.015188078708909e-36 2.284178271132072e-35 316046
7.39198 3.911888301308518e-36 2.256118307052449e-35 322218
7.43818 3.928503663338276e-36 2.249191341141879e-35 328562
7.48438 4.005140255411969e-36 2.227425935381158e-35 327990
7.53058 4.027348346907687e-36 2.306140049944227e-35 335282
7.57678 3.996341752500457e-36 2.281386515253875e-35 335970
7.62298 4.111925357675415e-36 2.355476172171145e-35 344066
7.66918 4.098292737691879e-36 2.354145743654484e-35 343718
7.71538 4.182647978002918e-36 2.386283656336157e-35 351498
7.76158 4.139784683127146e-36 2.355504630894618e-35 354458
7.80778 4.076864316828985e-36 2.352374163622135e-35 358566
7.85398 4.263448488241885e-36 2.398015474336188e-35 366122
7.90018 4.196891528322725e-36 2.344096821111426e-35 365810
7.94638 4.237475373146479e-36 2.416193125848226e-35 371622
7.99258 4.353054476543875e-36 2.458097105206196e-35 375986
8.03878 4.339423150411269e-36 2.434552719560103e-35 382170
8.08498 4.258767942343936e-36 2.431877723880438e-35 381818
8.13118 4.275407264149508e-36 2.437580956015859e-35 389574
8.17738 4.337471928080653e-36 2.453237588323145e-35 393698
8.22358 4.391814875196021e-36 2.420239344339808e-35 399458
8.26978 4.348026652775887e-36 2.414134832704182e-35 402222
8.31598 4.381552322374939e-36 2.435155124070167e-35 406922
8.36218 4.461599118379406e-36 2.413694832483411e-35 412842
8.40838 4.402874073334311e-36 2.429533093784966e-35 415346
8.45458 4.440767056474164e-36 2.43184706794677e-35 421182
8.50078 4.430404472389189e-36 2.408514845376206e-35 425018
8.54698 4.350240767478717e-36 2.368480075722885e-35 431138
8.59318 4.385762930748165e-36 2.373246858995013e-35 434382
8.63938 4.432548729245751e-36 2.411093569722854e-35 439514
8.68558 4.412329678263238e-36 2.385961449712425e-35 444738
8.73178 4.464951303576003e-36 2.396779499586302e-35 448910
8.77798 4.462396096036906e-36 2.290709408670816e-35 450618
8.82418 4.346761212065051e-36 2.314141599365084e-35 459554
8.87038 4.21414147684659e-36 2.240864687329321e-35 463106
8.91658 4.087852472103085e-36 2.211574687633859e-35 467094
8.96278 4.263348355086485e-36 2.274233299106367e-35 474938
9.00898 4.34666090584278e-36 2.341087464841896e-35 477186
9.05518 4.477046784746293e-36 2.415883232859129e-35 484670
9.10138 4.559100683739845e-36 2.532931747199086e-35 487010
9.14758 4.683313741030522e-36 2.49379680582447e-35 493314
9.19378 4.713014922561808e-36 2.589648552983506e-35 496322
9.23998 4.793988500742584e-36 2.622243783218978e-35 501702
9.28618 4.743807570895584e-36 2.642860647843566e-35 508562
9.33238 4.943339641161061e-36 2.722929568321015e-35 514242
9.37858 5.000839900138626e-36 2.747900035738303e-35 516158
9.42478 5.125352940921097e-36 2.850430137205408e-35 522602
9.47098 5.329177748279291e-36 2.952400256342423e-35 530658
9.51718 5.400301994615431e-36 2.967979886428029e-35 530042
9.56338 5.391506807300112e-36 3.020135338134314e-35 538878
9.60958 5.387854778705331e-36 3.010665065105928e-35 544130
9.65578 5.365888388157178e-36 3.083305715719736e-35 551106
9.70198 5.450963261072561e-36 3.056537900056533e-35 553982
9.74818 5.484383932621506e-36 3.093287156909049e-35 558242
9.79438 5.540784763443501e-36 3.114172755910296e-35 564546
9.84058 5.58996224106655e-36 3.181791788599786e-35 570494
9.88678 5.721488223085228e-36 3.188289140008534e-35 576762
9.93298 5.783054041297966e-36 3.208762681877071e-35 578234
9.97918 5.764326930432461e-36 3.278873880877776e-35 585666
10.0254 5.964147837567834e-36 3.378298692380984e-35 594446
10.0716 6.041258038359021e-36 3.461655821732511e-35 595250
10.1178 6.165918163876961e-36 3.5325363374027e-35 603402
10.164 6.117392680900873e-36 3.543984376262199e-35 607382
10.2102 6.305148833444327e-36 3.601301200464176e-35 617010
10.2564 6.173339373223124e-36 3.54098045330657e-35 616778
10.3026 6.190542724846422e-36 3.550322335168531e-35 624746
10.3488 5.987430864309917e-36 3.442810459463609e-35 628062
10.395 5.940421899707888e-36 3.424493488536275e-35 639410
10.4412 6.12434744310315e-36 3.43739973898941e-35 642954
10.4874 6.165200866381989e-36 3.37944454130461e-35 645974
10.5336 6.2775942077303e-36 3.468903676455479e-35 653490
10.5798 6.169637203836452e-36 3.542123452326636e-35 660746
10.626 6.341788683579218e-36 3.50572170066606e-35 664646
10.6722 6.488563824033341e-36 3.593480514703813e-35 667290
10.7184 6.530235765332897e-36 3.677886351824441e-35 679034
10.7646 6.540712040864818e-36 3.72353856090693e-35 682722
10.8108 6.719200097911376e-36 3.761183364717321e-35 691238
10.857 6.728495818087071e-36 3.774365848493857e-35 688602
10.9032 6.850932090245763e-36 3.801845820400033e-35 700826
10.9494 6.923036397233773e-36 3.876711134556914e-35 705662
10.9956 6.952397915362106e-36 3.871432205401158e-35 710082
11.0418 6.942338120608914e-36 3.892994671017417e-35 719162
11.088 6.787446948907535e-36 3.841329314969514e-35 722250
11.1342 6.825368709071463e-36 3.838696850257849e-35 731510
11.1804 7.058481259848367e-36 3.860013882584721e-35 736442
11.2266 7.048321690907856e-36 3.811969128688611e-35 740898
11.2728 7.17789150583424e-36 3.915507305058408e-35 750158
11.319 7.276194225406046e-36 3.970492969154038e-35 754866
11.3652 7.446541093935579e-36 3.915098967162167e-35 760826
11.4114 7.388499303717733e-36 3.953826074234705e-35 764034
11.4576 7.433795875902456e-36 3.900772504096041e-35 773846
11.5038 7.412409313577012e-36 3.898220068269574e-35 779714
11.55 7.576416048641966e-36 3.92211711871911e-35 784314
11.5962 7.435619919428877e-36 3.882055428953551e-35 791342
11.6424 7.73467706520146e-36 3.898511790805537e-35 799458
11.6886 7.975837013046854e-36 3.937087147646652e-35 804962
11.7348 7.788582283551535e-36 3.869252997602874e-35 809550
11.781 7.683879618172102e-36 3.899714023577599e-35 813458
11.8272 7.413515951790219e-36 3.806134408543276e-35 827402
11.8734 7.458049608903705e-36 3.863791536922792e-35 828618
11.9196 7.719057803086678e-36 3.863980041482948e-35 836918
11.9658 8.122592330118625e-36 3.887080838980291e-35 842874
12.012 8.273148068688487e-36 4.010715128880395e-35 849338
12.0582 8.329515148171254e-36 4.031021165837731e-35 858942
12.1044 8.618781311807398e-36 4.183758569657441e-35 860978
12.1506 8.571249016099511e-36 4.233921026943072e-35 868346
12.1968 8.599264287025805e-36 4.396942148953706e-35 875154
12.243 8.63235682857746e-36 4.536314120267849e-35 886214
12.2892 8.788416249072532e-36 4.569454445587588e-35 887346
12.3354 8.680592614915309e-36 4.66467632084861e-35 894986
12.3816 8.778408021041159e-36 4.575819202978974e-35 902774
12.4278 8.684863183303673e-36 4.604410187307058e-35 912114
12.474 8.595743677407062e-36 4.618655905204767e-35 915026
12.5202 8.61463681319396e-36 4.610758179532633e-35 920142
12.5664 8.403454023887866e-36 4.612942015045042e-35 929762
12.6126 8.493478271878453e-36 4.627995047401006e-35 937698
12.6588 8.389214217648729e-36 4.558580652307711e-35 944762
12.705 8.586894495995514e-36 4.635679729264924e-35 948254
12.7512 8.481166247969019e-36 4.647195587420715e-35 956802
12.7974 8.789579981485599e-36 4.743896018411986e-35 967658
12.8436 9.027098760983233e-36 4.845358758001528e-35 969702
12.8898 8.862440698590985e-36 4.922181415203891e-35 974090
12.936 9.161176949378117e-36 5.054377584761046e-35 988482
12.9822 9.096419937028275e-36 5.037322555881293e-35 991994
13.0284 9.195234671816006e-36 5.175672645703003e-35 1001030
13.0746 9.03785596688521e-36 5.145864361258311e-35 1005450
13.1208 8.976711547112537e-36 5.064823985155025e-35 1013738
13.167 9.037342114134491e-36 5.045059052680508e-35 1021710
13.2132 8.996247752795058e-36 5.04928451850526e-35 1023626
13.2594 9.037281593288e-36 5.063457872097765e-35 1035834
13.3056 8.930812330797483e-36 5.131938255925209e-35 1040786
13.3518 9.033420341887189e-36 5.078139459826931e-35 1053206
13.398 9.088129581255021e-36 5.161652207512517e-35 1057002
13.4442 9.532575603081665e-36 5.383833853273383e-35 1063898
13.4904 9.540047744224552e-36 5.497559006123281e-35 1072782
13.5366 9.729665068196148e-36 5.590722620765126e-35 1078826
13.5828 9.856017467645493e-36 5.74705008621097e-35 1087922
13.629 1.027274343515834e-35 5.941791293622895e-35 1090494
13.6752 1.029909720501672e-35 5.925894371482172e-35 1101362
13.7214 1.02812342630554e-35 6.091969236793732e-35 1109802
13.7676 1.039443722294749e-35 6.133722352302817e-35 1114514
13.8138 1.042291413100586e-35 6.229063650574383e-35 1123926
13.86 9.960084445676512e-36 6.038357644038013e-35 1125986
13.9062 9.592490837846499e-36 5.662054187891994e-35 1143554
13.9524 9.490139134029937e-36 5.583751920153132e-35 1144710
13.9986 9.510504049979596e-36 5.595619143177097e-35 1154018
14.0448 9.340007853306293e-36 5.560098703384782e-35 1159962
14.091 9.414905722084805e-36 5.505785876150308e-35 1170986
14.1372 9.491365064356166e-36 5.516976308511851e-35 1178142
14.1834 9.607133968604631e-36 5.626521481071363e-35 1182674
14.2296 9.516837165189083e-36 5.538605297485221e-35 1191002
14.2758 9.550744577859718e-36 5.589914282910363e-35 1200438
14.322 9.576375784146896e-36 5.631303644023423e-35 1208162
14.3682 9.349987924116256e-36 5.490918452746167e-35 1215258
14.4144 9.275317979888874e-36 5.370951936158128e-35 1224134
14.4606 9.057299281783069e-36 5.215192295958258e-35 1228722
14.5068 8.940024389238972e-36 5.078093118022872e-35 1243154
14.553 9.182091603163336e-36 5.118276083030217e-35 1245434
14.5992 8.724868588762995e-36 4.945162051581597e-35 1255158
14.6454 8.759667283540772e-36 4.750644054612656e-35 1255610
14.6916 8.630561352048204e-36 4.641464329143198e-35 1277562
14.7378 8.551055556095023e-36 4.605028761129907e-35 1274414
14.784 7.917142905610367e-36 4.338415831444917e-35 1285994
14.8302 8.025499297156018e-36 4.258325385040063e-35 1299570
14.8764 8.146152157420389e-36 4.273953011041783e-35 1302122
14.9226 8.612463811192403e-36 4.373594968938551e-35 1311366
14.9688 8.558754134872419e-36 4.450444074729485e-35 1319186
15.015 8.780602432299658e-36 4.579608170867969e-35 1327434
15.0612 8.854097009388468e-36 4.710450803892508e-35 1337294
15.1074 8.955426969443539e-36 4.832716955745499e-35 1342730
15.1536 8.8548767496237e-36 4.798508370253096e-35 1350570
15.1998 8.876186228598963e-36 4.801867096255134e-35 1362590
15.246 8.936676059048806e-36 4.868411886121249e-35 1369698
15.2922 9.075982018252472e-36 4.898223766419455e-35 1374914
15.3384 9.081678214149898e-36 4.965464822123234e-35 1383570
15.3846 9.279503456819429e-36 5.061960293402954e-35 1395374
15.4308 9.224680058255865e-36 5.078793842210998e-35 1396994
15.477 9.347831971414862e-36 5.137103191571014e-35 1411530
15.5232 9.232406905867577e-36 5.117232743399612e-35 1417574
15.5694 9.316107857511293e-36 5.109499237932457e-35 1428834
15.6156 9.537107685749414e-36 5.231246869759651e-35 1439018
15.6618 9.670899040299395e-36 5.36693171095878e-35 1440698
15.708 9.611400442556433e-36 5.333048775145764e-35 1453638
15.7542 9.717364453368825e-36 5.400757918571794e-35 1463426
15.8004 9.768314391939984e-36 5.466645925009647e-35 1471050
15.8466 9.756316416167862e-36 5.484627348087297e-35 1476638
15.8928 9.710290124253515e-36 5.483923870909069e-35 1484466
15.939 9.875293750783011e-36 5.474780060938212e-35 1501154
15.9852 9.831351791069201e-36 5.490785374960771e-35 1501706
16.0314 9.912462383776396e-36 5.560231860652295e-35 1511502
16.0776 9.806184420962213e-36 5.584154273597293e-35 1520234
16.1238 1.003953282886147e-35 5.514471019908914e-35 1535010
16.17 9.921488849722432e-36 5.555084953669727e-35 1543358
16.2162 1.002012578569455e-35 5.621840136847474e-35 1535754
16.2624 9.854751790326704e-36 5.625682182273125e-35 1564802
16.3086 1.002461175725235e-35 5.579304143331634e-35 1563038
16.3548 1.025105857661416e-35 5.783826338595367e-35 1578426
16.401 1.058121765345789e-35 5.859233990116072e-35 1581482
16.4472 1.051357554438072e-35 5.816273497270279e-35 1592250
16.4934 1.055236860423427e-35 5.927565340439804e-35 1602230
16.5396 1.057933765224302e-35 5.935027146188415e-35 1604754
16.5858 1.057532954609063e-35 5.957022569939021e-35 1623458
16.632 1.053650336266096e-35 5.855951855184685e-35 1624910
16.6782 1.05819516435844e-35 5.886273575636769e-35 1645122
16.7244 1.083629134375017e-35 6.001575352774908e-35 1645130
16.7706 1.089374112902722e-35 6.029229905673294e-35 1655706
16.8168 1.091760530674356e-35 6.004236828477012e-35 1663502
16.863 1.106292757743531e-35 6.108176811008788e-35 1675514
16.9092 1.109431177697103e-35 6.157438764524696e-35 1685298
16.9554 1.115741074721098e-35 6.160108181874471e-35 1689566
17.0016 1.102236303484374e-35 6.103706293502062e-35 1697850
17.0478 1.102826168053111e-35 6.093256581093343e-35 1718546
17.094 1.100336446731961e-35 6.119453346926254e-35 1719822
17.1402 1.12874153963104e-35 6.086549576866206e-35 1726586
17.1864 1.103211637539363e-35 6.11954854307462e-35 1739186
17.2326 1.138924864679636e-35 6.067196062906467e-35 1751538
17.2788 1.163039784267228e-35 6.201509453147976e-35 1758062
17.325 1.149826481121341e-35 6.14570385576649e-35 1763010
17.3712 1.159831970164641e-35 6.104383884791564e-35 1778642
17.4174 1.137770822524324e-35 6.112884467079424e-35 1788582
17.4636 1.145443432348044e-35 6.059047052747034e-35 1794746
17.5098 1.162615649773089e-35 6.108744390537017e-35 1803290
17.556 1.167467129526266e-35 6.190975060100143e-35 1811058
17.6022 1.201122469427952e-35 6.178383655787008e-35 1828358
17.6484 1.205945376300836e-35 6.210138102395519e-35 1831362
17.6946 1.185518411098273e-35 6.176089700253673e-35 1842458
17.7408 1.100002619616273e-35 5.97676536050319e-35 1846998
17.787 1.126863106391603e-35 5.898435948218217e-35 1869122
17.8332 1.160812885930019e-35 5.96351893254594e-35 1876346
17.8794 1.190964258421834e-35 6.035951236516061e-35 1879506
17.9256 1.219368976943669e-35 6.183236489346645e-35 1893326
17.9718 1.274899388981628e-35 6.289655503238263e-35 1901826
18.018 1.29153359585448e-35 6.730148023995217e-35 1911962
18.0642 1.301788666362351e-35 6.854466287834891e-35 1919198
18.1104 1.275429948132682e-35 6.881626140619268e-35 1930242
18.1566 1.259533584697369e-35 6.975721804725705e-35 1942442
18.2028 1.273726369436722e-35 6.930879776989505e-35 1951734
18.249 1.286550011142211e-35 6.963373659358626e-35 1955402
18.2952 1.302065130376166e-35 6.875743914788513e-35 1971858
18.3414 1.283664045440488e-35 6.861267854824237e-35 1984898
18.3876 1.278034607701921e-35 7.012310939883123e-35 1986422
18.4338 1.311416401720568e-35 6.973245073818883e-35 1996146
18.48 1.304822604538585e-35 7.010125714115958e-35 2017106
18.5262 1.308335794098539e-35 7.028135906080379e-35 2020638
18.5724 1.323070806625774e-35 7.089960090698633e-35 2029346
18.6186 1.380250934225726e-35 7.342660812640149e-35 2041002
18.6648 1.352710832133433e-35 7.390770236470532e-35 2051450
18.711 1.353212597665955e-35 7.520345941709391e-35 2065886
18.7572 1.372641673776782e-35 7.532413634512279e-35 2064546
18.8034 1.364417314330986e-35 7.47087158117439e-35 2082650
18.8496 1.360698775988473e-35 7.377639074677327e-35 2095182
18.8958 1.356136779734117e-35 7.531220429508506e-35 2101346
18.942 1.379301284330339e-35 7.607858567502825e-35 2115554
18.9882 1.402640206647076e-35 7.716952961617887e-35 2115654
19.0344 1.404594635216459e-35 7.679005686590408e-35 2141066
19.0806 1.396820443483038e-35 7.850810805509365e-35 2139786
19.1268 1.371895278394327e-35 7.809911745300705e-35 2152202
19.173 1.368675640194432e-35 7.578069723628368e-35 2161086
19.2192 1.320337723231755e-35 7.411234469253874e-35 2176058
19.2654 1.317397705277683e-35 7.424766370673171e-35 2190818
19.3116 1.320450869589712e-35 7.387040951261173e-35 2191158
19.3578 1.329292773273731e-35 7.434513542245359e-35 2205314
19.404 1.331825244425893e-35 7.476748000694299e-35 2215554
19.4502 1.369909284493521e-35 7.637942293274313e-35 2230562
19.4964 1.410992443998355e-35 7.817212845065746e-35 2239614
19.5426 1.401593669657974e-35 7.916830409082382e-35 2245706
19.5888 1.393201137062668e-35 7.903093204750489e-35 2259674
19.635 1.363506262673416e-35 7.788400383318392e-35 2273214
19.6812 1.378687705289249e-35 7.692399682644363e-35 2278802
19.7274 1.402830497241866e-35 7.847142301760812e-35 2294034
19.7736 1.375687543066021e-35 7.819327526864851e-35 2294942
19.8198 1.394484045379769e-35 7.773981331125004e-35 2317050
19.866 1.409590995493773e-35 7.886676756189618e-35 2322842
19.9122 1.406447867602407e-35 7.901755049732464e-35 2330810
19.9584 1.3732578734346e-35 7.885077732641796e-35 2345958
20.0046 1.363383720985054e-35 7.784640220132536e-35 2353586
20.0508 1.356397137088453e-35 7.641771868053613e-35 2376210
20.097 1.369571359034315e-35 7.405563879827812e-35 2374502
20.1432 1.381776815295236e-35 7.511819197204589e-35 2386346
20.1894 1.394396150244236e-35 7.637671270580922e-35 2401314
20.2356 1.423180355312281e-35 7.795368589595074e-35 2411450
20.2818 1.412099174491122e-35 7.664913091117257e-35 2420718
20.328 1.393339855995759e-35 7.619160856207112e-35 2425754
20.3742 1.378937615338354e-35 7.581952440908987e-35 2455218
20.4204 1.402990612675838e-35 7.591419887777398e-35 2450942
20.4666 1.418100477654518e-35 7.495519076807686e-35 2467130
20.5128 1.403579534474168e-35 7.599165855689574e-35 2474874
20.559 1.425283348586745e-35 7.538715536950806e-35 2490362
20.6052 1.397002633584543e-35 7.4613914231017e-35 2498142
20.6514 1.3825875043898e-35 7.3533145941294e-35 2507090
20.6976 1.308598441930348e-35 7.288691575084069e-35 2525562
20.7438 1.332121740778173e-35 7.204765080096795e-35 2534726
20.79 1.353152130454167e-35 7.315845767393448e-35 2549906
20.8362 1.406900001827229e-35 7.365487634950505e-35 2551074
20.8824 1.408703968355958e-35 7.451659234550711e-35 2570702
20.9286 1.468966392156335e-35 7.818485295222179e-35 2574642
20.9748 1.495587016405128e-35 8.187690547741073e-35 2594066
21.021 1.50495851366675e-35 8.413919162202483e-35 2594802
21.0672 1.506674374459917e-35 8.455017390103467e-35 2612030
21.1134 1.526603954337849e-35 8.516827312467912e-35 2627954
21.1596 1.579823934348986e-35 8.731417821876752e-35 2640402
21.2058 1.587285721980532e-35 8.804073465360626e-35 2641454
21.252 1.596656769309066e-35 8.93975801218357e-35 2661834
21.2982 1.608102168596406e-35 8.97571872789171e-35 2669138
21.3444 1.64159991359845e-35 9.347019396046562e-35 2684858
21.3905 1.636749462420952e-35 9.315286633983889e-35 2693910
21.4367 1.570595815020787e-35 9.092200326614738e-35 2701682
21.4829 1.559328194473134e-35 8.985373536278821e-35 2722698
21.5291 1.606091085055556e-35 9.142967602625268e-35 2725262
21.5753 1.66924265539826e-35 9.478217882390974e-35 2742450
21.6215 1.695211439268837e-35 9.652966187904603e-35 2749850
21.6677 1.748179974191901e-35 9.790126566553798e-35 2763902
21.7139 1.733759146115877e-35 1.001757379887591e-34 2778498
21.7601 1.758922486863356e-35 1.011654931957782e-34 2784530
21.8063 1.734995309972272e-35 9.941668787556117e-35 2804106
21.8525 1.744891665715301e-35 9.919193880615797e-35 2809790
21.8987 1.785767755022012e-35 1.021525992918527e-34 2825058
21.9449 1.840166207818263e-35 1.057242598570607e-34 2834330
21.9911 1.875136168242202e-35 1.076050092995266e-34 2842022
22.0373 1.895629284296577e-35 1.064359014649667e-34 2864754
22.0835 1.880245940350457e-35 1.075011480332849e-34 2864186
22.1297 1.897448519501658e-35 1.081132154211693e-34 2879538
22.1759 1.879271310528765e-35 1.061824051087074e-34 2899454
22.2221 1.880320317219632e-35 1.064035604310033e-34 2904258
22.2683 1.914850918427651e-35 1.077859216132894e-34 2930234
22.3145 1.920190171161083e-35 1.081500910536114e-34 2929526
22.3607 1.948331478178098e-35 1.092448432590939e-34 2942442
22.4069 2.013538879793363e-35 1.121572800857103e-34 2960810
22.4531 2.034595531233002e-35 1.143246737130493e-34 2964954
22.4993 2.059332899059518e-35 1.151083853691923e-34 2980910
22.5455 1.989700732256877e-35 1.130511744633348e-34 2990978
22.5917 1.993092988158471e-35 1.114566127461167e-34 3007626
22.6379 2.05133264291099e-35 1.127592379261601e-34 3019166
22.6841 2.08130366644774e-35 1.141414227869797e-34 3021090
22.7303 2.109757796039615e-35 1.161830723473824e-34 3047834
22.7765 2.164960155774794e-35 1.164817395895423e-34 3055590
22.8227 2.147334480446726e-35 1.184621531300257e-34 3068546
22.8689 2.146918750280578e-35 1.164669416294663e-34 3067274
22.9151 2.074136607743835e-35 1.16988798753628e-34 3098058
22.9613 2.138636878327536e-35 1.148351245974954e-34 3109214
23.0075 2.177649217800903e-35 1.154843226353021e-34 3110466
23.0537 2.199011814630947e-35 1.173278110398667e-34 3124370
23.0999 2.229618601629618e-35 1.184757879229846e-34 3144174
23.1461 2.221115588818719e-35 1.192349003606187e-34 3161738
23.1923 2.276718868019768e-35 1.184336860201404e-34 3159890
23.2385 2.298358855290776e-35 1.206899683810214e-34 3174138
23.2847 2.282969694966706e-35 1.202524482834785e-34 3195926
23.3309 2.330109121272754e-35 1.195036241841017e-34 3211386
23.3771 2.372364576151926e-35 1.208103992264386e-34 3219314
23.4233 2.382056399917323e-35 1.219941132161853e-34 3225494
23.4695 2.388299536073455e-35 1.244377068719572e-34 3242562
23.5157 2.44195225465557e-35 1.217739242542356e-34 3257450
23.5619 2.413319400964262e-35 1.220023889305628e-34 3269118
23.6081 2.377891304009351e-35 1.185057461736841e-34 3278930
23.6543 2.225528693657614e-35 1.141355515865972e-34 3286650
23.7005 2.253604357907064e-35 1.139042798302515e-34 3316610
23.7467 2.37895073367181e-35 1.137370664292758e-34 3321542
23.7929 2.457305719753021e-35 1.169938875095779e-34 3328578
23.8391 2.420853233452252e-35 1.201780957740736e-34 3345074
23.8853 2.527545558229236e-35 1.287594255123901e-34 3361686
23.9315 2.506597941291148e-35 1.277991718222576e-34 3369722
23.9777 2.49208134778804e-35 1.295251115745075e-34 3385290
24.0239 2.506107627688767e-35 1.299681854695227e-34 3391370
24.0701 2.471581283593587e-35 1.291777851904732e-34 3422966
24.1163 2.544339866164899e-35 1.308577154882141e-34 3419538
24.1625 2.504843064418339e-35 1.322122558941047e-34 3441890
24.2087 2.501062201072715e-35 1.332483784536657e-34 3447582
24.2549 2.480641203870668e-35 1.312174089510908e-34 3466298
24.3011 2.47517213401664e-35 1.302057656457831e-34 3466194
24.3473 2.430012151023209e-35 1.301505850519583e-34 3492062
24.3935 2.387921916673887e-35 1.281685179437819e-34 3503114
24.4397 2.404481253911271e-35 1.288116043696748e-34 3517146
24.4859 2.455272395807803e-35 1.29988427644001e-34 3535706
24.5321 2.493893028103461e-35 1.325069746730142e-34 3539742
24.5783 2.518808149972607e-35 1.385700347540509e-34 3558698
24.6245 2.537829194465352e-35 1.390131524831307e-34 3570122
24.6707 2.577865692027619e-35 1.400754408163029e-34 3585174
24.7169 2.53655012579461e-35 1.407793251022761e-34 3594314
24.7631 2.47417135194645e-35 1.39595186393993e-34 3612258
24.8093 2.483474083620623e-35 1.375454646158056e-34 3620282
24.8555 2.457859141817889e-35 1.375453025959396e-34 3639078
24.9017 2.495657718645807e-35 1.371529994268086e-34 3650450
24.9479 2.496490439186192e-35 1.413049313175482e-34 3661418
24.9941 2.519534014773117e-35 1.39730458398584e-34 3677694
25.0403 2.507281865528081e-35 1.40772910425218e-34 3695978
25.0865 2.512532145861833e-35 1.408962384821637e-34 3702810
25.1327 2.476840871515437e-35 1.403457511103975e-34 3716162
25.1789 2.477856372162495e-35 1.40887114350667e-34 3740094
25.2251 2.525083042823713e-35 1.429416925622935e-34 3740954
25.2713 2.650514570413726e-35 1.493448792026735e-34 3760946
25.3175 2.674378381623957e-35 1.536656816821773e-34 3778278
25.3637 2.649534195763253e-35 1.553002685996877e-34 3784922
25.4099 2.609564607721934e-35 1.508407615541922e-34 3805266
25.4561 2.688047821604718e-35 1.535479208918519e-34 3807686
25.5023 2.671936544528159e-35 1.575315268215108e-34 3833130
25.5485 2.576523685041964e-35 1.51371660003154e-34 3841898
25.5947 2.592157151354828e-35 1.489831827456455e-34 3858074
25.6409 2.651395831162008e-35 1.530014180819188e-34 3868974
25.6871 2.578209528628335e-35 1.545085582178316e-34 3885362
25.7333 2.558660655941474e-35 1.475449668884348e-34 3898290
25.7795 2.511314964722423e-35 1.477947625175847e-34 3907334
25.8257 2.520446033537732e-35 1.476102254018386e-34 3928730
25.8719 2.477548968155065e-35 1.446091132622363e-34 3936666
25.9181 2.385993579088675e-35 1.36645292137328e-34 3961346
25.9643 2.538177957686991e-35 1.478907495707614e-34 3975774
26.0105 2.575888715601928e-35 1.522581188786354e-34 3970106
26.0567 2.483241059241634e-35 1.452576391085363e-34 4003170
26.1029 2.388504116022041e-35 1.352953731303391e-34 4019558
26.1491 2.439859126931293e-35 1.393431188833004e-34 4025642
26.1953 2.444114015281155e-35 1.405010715062702e-34 4028514
26.2415 2.351227212960155e-35 1.362339542531542e-34 4059398
26.2877 2.39014413526386e-35 1.321749331369124e-34 4069674
26.3339 2.410588111754166e-35 1.357048035883602e-34 4083698
26.3801 2.377856529348804e-35 1.327192120101584e-34 4095210
26.4263 2.300694423114874e-35 1.299685589007106e-34 4110518
26.4725 2.284541727496656e-35 1.255554796784415e-34 4126850
26.5187 2.249361676412545e-35 1.224074953646191e-34 4140114
26.5649 2.215685125436761e-35 1.202369907962979e-34 4144070
26.6111 2.100784472378945e-35 1.158435533170829e-34 4175802
26.6573 2.082320806316246e-35 1.125199172801037e-34 4187882
26.7035 2.12827809655381e-35 1.128891688056512e-34 4199250
26.7497 2.174816779539781e-35 1.138356075795813e-34 4209326
26.7959 2.209304893569497e-35 1.193649404684104e-34 4222130
26.8421 2.217943135395586e-35 1.210843244036509e-34 4254258
26.8883 2.212662538497381e-35 1.214514848213053e-34 4252478
26.9345 2.328446933320308e-35 1.227300505533996e-34 4270698
26.9807 2.304630924574314e-35 1.243722970906869e-34 4278122
27.0269 2.330128211652281e-35 1.260309132739878e-34 4309898
27.0731 2.392405271616031e-35 1.302549230679777e-34 4317150
27.1193 2.370416160698866e-35 1.279810354647805e-34 4329698
27.1655 2.384256397834032e-35 1.305909519046496e-34 4340826
27.2117 2.355348346255483e-35 1.291023309205748e-34 4359590
27.2579 2.346657650421615e-35 1.296325145782532e-34 4376850
27.3041 2.365325839803537e-35 1.314145338827443e-34 4386674
27.3503 2.325360457356842e-35 1.311612710196005e-34 4401782
27.3965 2.312804800206413e-35 1.296016456791741e-34 4419210
27.4427 2.407313209031462e-35 1.363277743414199e-34 4446482
27.4889 2.406114091063058e-35 1.336995701554941e-34 4435554
27.5351 2.422416994446351e-35 1.352851692249342e-34 4468934
27.5813 2.44103121422878e-35 1.358766187539155e-34 4477650
27.6275 2.469638853263852e-35 1.380457288795001e-34 4491218
27.6737 2.49954103881573e-35 1.39383740460727e-34 4510358
27.7199 2.506275591568458e-35 1.410307480511155e-34 4518594
27.7661 2.512384300064559e-35 1.399400081594234e-34 4544474
27.8123 2.51476625243785e-35 1.40774925714311e-34 4552098
27.8585 2.539322287643671e-35 1.421797178378435e-34 4574990
27.9047 2.557126498955861e-35 1.43960065432364e-34 4577210
27.9509 2.569287861864913e-35 1.415848986793524e-34 4608186
27.9971 2.570954005338785e-35 1.424113085558668e-34 4610198
28.0433 2.561465316693018e-35 1.428941517193711e-34 4628898
28.0895 2.507224522868323e-35 1.404157205164707e-34 4641170
28.1357 2.474867957281255e-35 1.386201507654201e-34 4662462
28.1819 2.524739874658338e-35 1.400056016327005e-34 4681442
28.2281 2.547757761181906e-35 1.407704937839489e-34 4687850
28.2743 2.582900573248934e-35 1.427665122632349e-34 4708818
28.3205 2.636527519557941e-35 1.456035847182738e-34 4721534
28.3667 2.66252209076295e-35 1.471741674892793e-34 4732770
28.4129 2.65587304150022e-35 1.468954742176519e-34 4753346
28.4591 2.645680625137954e-35 1.462690942718582e-34 4772886
28.5053 2.615521186957947e-35 1.457995221284715e-34 4785098
28.5515 2.670576694831313e-35 1.472939188856522e-34 4795394
28.5977 2.682146547103502e-35 1.482268785233507e-34 4813986
28.6439 2.69726901314462e-35 1.488192423786891e-34 4832654
28.6901 2.734620429210137e-35 1.510650867742999e-34 4849362
28.7363 2.793857127334404e-35 1.530911342897086e-34 4858322
28.7825 2.848194341243052e-35 1.536279020876408e-34 4871286
28.8287 2.77449269631408e-35 1.529327711013532e-34 4894370
28.8749 2.764276765858176e-35 1.516832368524378e-34 4914650
28.9211 2.761950699791364e-35 1.512868760323459e-34 4919658
28.9673 2.759212521783422e-35 1.48314231316184e-34 4941638
29.0135 2.772782142800152e-35 1.505252605778165e-34 4965954
29.0597 2.758183200579981e-35 1.493205501019199e-34 4971770
29.1059 2.805496946706461e-35 1.489490752333996e-34 4985702
29.1521 2.827772785878963e-35 1.519280178717141e-34 4996314
29.1983 2.8278111789718e-35 1.524545490774644e-34 5021258
29.2445 2.853104777572592e-35 1.533235429278713e-34 5038470
29.2907 2.88225548042487e-35 1.537086389596274e-34 5048570
29.3369 2.916316575241518e-35 1.528588755564487e-34 5067786
29.3831 2.915651209075042e-35 1.5347210384692e-34 5084402
29.4293 2.927311526323891e-35 1.535439187648447e-34 5104238
29.4755 2.914054205289954e-35 1.516746253085485e-34 5101890
29.5217 2.940669383694656e-35 1.526998816741123e-34 5129594
29.5679 2.687507413516631e-35 1.453996418083985e-34 5149086
29.6141 2.68574128627266e-35 1.431742301523684e-34 5168834
29.6603 2.723322921694616e-35 1.41389701025445e-34 5172306
29.7065 2.763145214737784e-35 1.432478465556331e-34 5199218
29.7527 2.832024186504196e-35 1.495187230421699e-34 5215430
29.7989 2.896425068050968e-35 1.525261768907886e-34 5229066
29.8451 2.872330403134009e-35 1.519859124386487e-34 5244530
29.8913 2.908283525682196e-35 1.552687580119929e-34 5262870
29.9375 2.813935254603723e-35 1.529422047911975e-34 5272562
29.9837 2.846352708258806e-35 1.533099443398866e-34 5290098
30.0299 2.916053029071318e-35 1.541586362102956e-34 5314358
30.0761 2.909971128459672e-35 1.575336707192475e-34 5322098
30.1223 2.860336478497169e-35 1.567888587202574e-34 5341026
30.1685 2.837912982311283e-35 1.548150695572409e-34 5366858
30.2147 2.839431985143338e-35 1.541732485780012e-34 5374422
30.2609 2.904755213116054e-35 1.565004067824713e-34 5377730
30.3071 2.869462814332673e-35 1.575749982750099e-34 5409410
30.3533 2.899238159447724e-35 1.583108610027571e-34 5434014
30.3995 2.970384125075934e-35 1.597574592654212e-34 5438882
30.4457 3.007088125002121e-35 1.625686407473325e-34 5456178
30.4919 2.960496357103145e-35 1.646309025722033e-34 5469242
30.5381 2.973153527397228e-35 1.637950111940057e-34 5496174
30.5843 2.944367896531064e-35 1.626424353985088e-34 5505530
30.6305 2.967186905323899e-35 1.636539805970774e-34 5521202
30.6767 2.932632870195819e-35 1.618639089606425e-34 5544126
30.7229 2.917021679262832e-35 1.609011925585802e-34 5560106
30.7691 2.963062391683978e-35 1.627356292455199e-34 5579754
30.8153 2.970561519212158e-35 1.644010463834384e-34 5576270
30.8615 2.952709095295778e-35 1.629411277554672e-34 5607138
30.9077 2.927091466425828e-35 1.626981066818481e-34 5625026
30.9539 2.948967293110999e-35 1.658374011314342e-34 5646698
31.0001 3.012444017218064e-35 1.657397497147576e-34 5649126
31.0463 2.933047134679876e-35 1.641707626172883e-34 5676434
31.0925 2.905938929870362e-35 1.609206944523706e-34 5687418
31.1387 2.99224290750039e-35 1.655097393247364e-34 5715830
31.1849 3.065089350581253e-35 1.681472423296748e-34 5729210
31.2311 3.042886424844531e-35 1.72501812355802e-34 5744802
31.2773 3.068528713765456e-35 1.716599125992305e-34 5752154
31.3235 3.07379148680109e-35 1.716455113999045e-34 5786382
31.3697 3.028885677398476e-35 1.696939765177592e-34 5784146
31.4159 3.003469633782328e-35 1.686060934370728e-34 5812146
31.4621 2.968493258057233e-35 1.654594365464869e-34 5830166
31.5083 3.037655220243428e-35 1.678932070709017e-34 5845850
31.5545 3.07177613733092e-35 1.705317559544567e-34 5862834
31.6007 3.063611908791443e-35 1.718683680633158e-34 5876066
31.6469 3.085319002218617e-35 1.713881016537577e-34 5905854
31.6931 3.101019932428261e-35 1.721314461955693e-34 5902274
31.7393 3.14541741812842e-35 1.736189542382537e-34 5931258
31.7855 3.084539033346156e-35 1.72926903233697e-34 5954966
31.8317 2.997615800886751e-35 1.651913349830779e-34 5965346
31.8779 3.061742906292171e-35 1.685987185192291e-34 5977818
31.9241 3.01102782581099e-35 1.655967254395242e-34 6004718
31.9703 3.045900210258336e-35 1.666878554950686e-34 6011706
32.0165 3.086224340565706e-35 1.670429701666764e-34 6045770
32.0627 3.115765545775678e-35 1.6845960019161e-34 6041586
32.1089 3.109884358874782e-35 1.704287124155436e-34 6073166
32.1551 3.046811481474923e-35 1.678012953122406e-34 6078962
32.2013 3.08598213279465e-35 1.676541354742122e-34 6114258
32.2475 3.127060674607336e-35 1.676298444667911e-34 6123086
32.2937 3.147700518399573e-35 1.693735279379748e-34 6136770
32.3399 3.089359106682094e-35 1.694430893889486e-34 6154898
32.3861 3.097629052764326e-35 1.657154034379151e-34 6178610
32.4323 3.128983930097151e-35 1.658140811380663e-34 6197982
32.4785 3.072914552553974e-35 1.650875720844989e-34 6205322
32.5247 2.882197078717384e-35 1.593308976356485e-34 6218850
32.5709 2.886120416538067e-35 1.57004015183024e-34 6249542
32.6171 3.098455028379086e-35 1.594782865806063e-34 6274146
32.6633 3.212972251741535e-35 1.692708406049085e-34 6270242
32.7095 3.240725420067929e-35 1.749557570610931e-34 6305222
32.7557 3.295855358492377e-35 1.778375930489698e-34 6325026
32.8019 3.200333387886193e-35 1.747532904466321e-34 6331922
32.8481 3.28418019482612e-35 1.764841605030083e-34 6343698
32.8943 3.262606309540508e-35 1.790325141952365e-34 6375158
32.9405 3.217322901625555e-35 1.792704621564206e-34 6392178
32.9867 3.313075696721494e-35 1.804933164492606e-34 6412826
33.0329 3.374956212944048e-35 1.827684504955614e-34 6407078
33.0791 3.365419154232941e-35 1.86680922506962e-34 6447954
33.1253 3.322384764190182e-35 1.846984017721838e-34 6456026
33.1715 3.354287502653227e-35 1.818940966330368e-34 6482034
33.2177 3.358407019722179e-35 1.853648444352193e-34 6492878
33.2639 3.287706278620183e-35 1.829753084775859e-34 6502074
33.3101 3.310740927851462e-35 1.828351244046165e-34 6542930
33.3563 3.427908572872847e-35 1.909316113641813e-34 6556598
33.4025 3.48658923585755e-35 1.977348205682575e-34 6570330
33.4487 3.485509441122414e-35 1.960392380218901e-34 6581882
33.4949 3.514624246405015e-35 1.957102080025761e-34 6612546
33.5411 3.55832562164044e-35 1.980849001452334e-34 6628622
33.5873 3.533076682791871e-35 1.998537953065818e-34 6629498
33.6335 3.4829719311969e-35 1.98001376691946e-34 6659250
33.6797 3.560924518533253e-35 2.00024263150421e-34 6686006
33.7259 3.647303140025898e-35 2.035703078055124e-34 6693786
33.7721 3.649914522165399e-35 2.059402823303342e-34 6711554
33.8183 3.596069217568898e-35 2.030804714127937e-34 6735678
33.8645 3.663454820317253e-35 2.039598464663516e-34 6754754
33.9107 3.700874294160702e-35 2.060303559276158e-34 6776570
33.9569 3.701180524623944e-35 2.077438028479887e-34 6767394
34.0031 3.563224941547069e-35 2.022316883457935e-34 6818246
34.0493 3.502029452655163e-35 1.935340553421252e-34 6830562
34.0955 3.603251225045983e-35 1.97721249233203e-34 6839186
34.1417 3.689381962466613e-35 2.041355356484035e-34 6861462
34.1879 3.659352700452481e-35 2.04231548588983e-34 6880394
34.2341 3.667604030264878e-35 2.030974316784547e-34 6907178
34.2803 3.704893458783534e-35 2.058607282493296e-34 6917034
34.3265 3.732593635824132e-35 2.084182655548218e-34 6937934
34.3727 3.647566042035922e-35 2.034213507400272e-34 6947250
34.4189 3.62717042229388e-35 2.028957354261058e-34 6982106
34.4651 3.72704616985607e-35 2.031343706871746e-34 6995718
34.5113 3.754508371849872e-35 2.067329901860204e-34 7006682
34.5575 3.795096277700112e-35 2.096343302780884e-34 7035866
34.6037 3.76235994703996e-35 2.079777945523251e-34 7054110
34.6499 3.828533102838797e-35 2.080203896705402e-34 7059194
34.6961 3.790649069056956e-35 2.116903759336705e-34 7091802
34.7423 3.678620643106651e-35 2.036416163885756e-34 7100666
34.7885 3.700391276660319e-35 2.036116775862374e-34 7129070
34.8347 3.716323339207876e-35 2.019848390745386e-34 7143282
34.8809 3.839600227044649e-35 2.078965411205355e-34 7161482
34.9271 3.855086173822577e-35 2.088051557236739e-34 7184694
34.9733 3.921903220185179e-35 2.113439339732176e-34 7203914
35.0195 3.955202251251129e-35 2.132184505164294e-34 7219746
35.0657 3.918356374326489e-35 2.12049073819416e-34 7228634
35.1119 3.863535351268275e-35 2.08908061357243e-34 7271990
35.1581 3.927831070109982e-35 2.094045830249207e-34 7266786
35.2043 3.915589763213152e-35 2.081477606704498e-34 7293650
35.2505 4.038905324898574e-35 2.142260564065169e-34 7324086
35.2967 3.99071504224517e-35 2.122659430626984e-34 7338650
35.3429 4.003358609592869e-35 2.134298018526317e-34 7351962
35.3891 3.959772380503722e-35 2.089238252056588e-34 7357190
35.4353 3.979272534887815e-35 2.095328081951402e-34 7406042
35.4815 3.736689756793463e-35 2.034253078404954e-34 7408626
35.5277 3.859840134928235e-35 1.991817997913569e-34 7435610
35.5739 3.942852641959152e-35 2.009342693766926e-34 7453542
35.6201 4.088229034264062e-35 2.123069635139478e-34 7464002
35.6663 4.111681019283518e-35 2.168964397235006e-34 7493546
35.7125 4.184106349004699e-35 2.213964224795298e-34 7510806
35.7587 4.171414462228678e-35 2.214074402282977e-34 7532114
35.8049 4.16596163028959e-35 2.248842312677861e-34 7536234
35.8511 4.16415901573463e-35 2.209898373230693e-34 7565834
35.8973 4.171231114251606e-35 2.238389847798369e-34 7603062
35.9435 4.189219539650488e-35 2.254521951126894e-34 7593890
35.9897 4.290808634976181e-35 2.297238135057935e-34 7622906
36.0359 4.322592111324323e-35 2.317893841099255e-34 7646622
36.0821 4.28800604536959e-35 2.337433927207411e-34 7672058
36.1283 4.224542688740819e-35 2.291015686009345e-34 7679346
36.1745 4.23098977710418e-35 2.284561776035597e-34 7693058
36.2207 4.126665578816351e-35 2.271593138074365e-34 7732158
36.2669 4.049374326134012e-35 2.226593573079276e-34 7746962
36.3131 4.146749890373659e-35 2.23610312440254e-34 7770986
36.3593 4.241988377719477e-35 2.298858326639229e-34 7772094
36.4055 4.218013621615941e-35 2.33628515448839e-34 7803818
36.4517 4.199169591453537e-35 2.320245349290312e-34 7834338
36.4979 4.192293823810243e-35 2.303262629611241e-34 7833710
36.5441 4.16932808864923e-35 2.317098413494305e-34 7858794
36.5903 4.160705038010673e-35 2.305222399317443e-34 7884290
36.6365 4.173575008744194e-35 2.293455769423801e-34 7901522
36.6827 4.214985753587675e-35 2.313581595172781e-34 7930662
36.7289 4.241049291980583e-35 2.326029163835971e-34 7934426
36.7751 4.277123975169156e-35 2.352967880895831e-34 7967322
36.8213 4.284159903619534e-35 2.373157442460021e-34 7981934
36.8675 4.27031478555818e-35 2.353407312172146e-34 8003282
36.9137 4.240441058010983e-35 2.363726993632621e-34 8019666
36.9599 4.115654286954237e-35 2.301854999540745e-34 8034482
37.0061 4.162248213509148e-35 2.3007593500369e-34 8068542
37.0523 4.323768019709407e-35 2.379336842219801e-34 8088290
37.0985 4.412521088667313e-35 2.470700391675032e-34 8096322
37.1447 4.406468419747479e-35 2.46471929186801e-34 8122646
37.1909 4.441185137782188e-35 2.487453188177983e-34 8150138
37.2371 4.460314280359339e-35 2.513074374749216e-34 8165322
37.2833 4.514418138997839e-35 2.545355497653568e-34 8182574
37.3295 4.448544910792867e-35 2.556803853106732e-34 8203698
37.3757 4.348697062329748e-35 2.453480546174998e-34 8226914
37.4219 4.439472453715711e-35 2.480374950211537e-34 8246898
37.4681 4.394979961012602e-35 2.485240432055311e-34 8261774
37.5143 4.416488165560773e-35 2.47455491273851e-34 8279426
37.5605 4.397222430793735e-35 2.474973736773009e-34 8308722
37.6067 4.401679902121352e-35 2.471185552500531e-34 8326214
37.6529 4.381792330310442e-35 2.5016066812798e-34 8342682
37.6991 4.219923951143066e-35 2.383778205247871e-34 8360834
37.7453 4.231054061831034e-35 2.321302108092767e-34 8393226
37.7915 4.391835757882163e-35 2.41918663357553e-34 8420150
37.8377 4.437435478011574e-35 2.466129472724392e-34 8421986
37.8839 4.332019903917105e-35 2.430083424732517e-34 8445714
37.9301 4.369784208920464e-35 2.42045421450095e-34 8472590
37.9763 4.418065432764017e-35 2.440021508441839e-34 8495370
38.0225 4.381054332630883e-35 2.467960612164108e-34 8512802
38.0687 4.300924767648913e-35 2.403091275958952e-34 8523290
38.1149 4.282460364636487e-35 2.340782026684296e-34 8570982
38.1611 4.306262145986603e-35 2.344342874833768e-34 8568458
38.2073 4.341497187157478e-35 2.356665721290164e-34 8586498
38.2535 4.245546983783437e-35 2.321870847081703e-34 8608838
38.2997 4.228987279635416e-35 2.286975986532862e-34 8645610
38.3459 4.28687020733028e-35 2.278206050777538e-34 8658386
38.3921 4.321015798029776e-35 2.296037878455229e-34 8668598
38.4383 4.057565562955633e-35 2.245197032159059e-34 8697426
38.4845 4.077761738796371e-35 2.169591728073842e-34 8722562
38.5307 4.200357383587499e-35 2.191564129886833e-34 8737962
38.5769 4.359847046441086e-35 2.33716809390305e-34 8771366
38.6231 4.28678537183104e-35 2.314375197689719e-34 8771010
38.6693 4.371122292708331e-35 2.349572420529928e-34 8822618
38.7155 4.344984361671157e-35 2.362407606539198e-34 8807726
38.7617 4.411730305233927e-35 2.384697408555878e-34 8844618
38.8079 4.330240961291272e-35 2.357251209488058e-34 8868722
38.8541 4.387617873060196e-35 2.380914481857948e-34 8891394
38.9003 4.459243714995437e-35 2.419644628599488e-34 8911934
38.9465 4.518392713471968e-35 2.460331850705261e-34 8923938
38.9927 4.528037106765357e-35 2.470069267112482e-34 8953682
39.0389 4.525831214286237e-35 2.493425644413778e-34 8981966
39.0851 4.515821741515894e-35 2.496871392424542e-34 8990442
39.1313 4.618418705710083e-35 2.524526288399243e-34 9007874
39.1775 4.465698323844769e-35 2.496802599064959e-34 9038982
39.2237 4.429484252608019e-35 2.456649828001809e-34 9068570
39.2699 4.495177568401552e-35 2.458279031359774e-34 9085250
39.3161 4.550538244572864e-35 2.507200261474431e-34 9084690
39.3623 4.601567955407636e-35 2.546216538546175e-34 9128654
39.4085 4.611796469172721e-35 2.579236608446758e-34 9133170
39.4547 4.64336058672868e-35 2.560821156249176e-34 9185882
39.5009 4.648341892967207e-35 2.582682840017257e-34 9163254
39.5471 4.61908347598177e-35 2.57151091101553e-34 9220130
39.5933 4.641212391310935e-35 2.567406187900226e-34 9233138
39.6395 4.654289931181203e-35 2.582508586966963e-34 9249378
39.6857 4.731446715517962e-35 2.620190674145294e-34 9271550
39.7319 4.717855682536629e-35 2.615086953082092e-34 9286266
39.7781 4.718510218904668e-35 2.611560912199163e-34 9320762
39.8243 4.711061996284952e-35 2.608789647820894e-34 9326718
39.8705 4.726673610524464e-35 2.613707810017142e-34 9354602
39.9167 4.584051637145683e-35 2.562646763908926e-34 9384122
39.9629 4.60208906122511e-35 2.520045335841248e-34 9400482
40.0091 4.812815375637649e-35 2.639786302527632e-34 9432638
40.0553 5.013484985214674e-35 2.755617255863917e-34 9445314
40.1015 4.999579732116366e-35 2.770071994215449e-34 9477290
40.1477 5.037923584241408e-35 2.769218208184721e-34 9489182
40.1939 5.036507086166327e-35 2.782040530460496e-34 9506706
40.2401 5.038009478575697e-35 2.79462075409768e-34 9533978
40.2863 4.944556545801598e-35 2.771783272453765e-34 9553662
40.3325 5.058203855856666e-35 2.766422447737165e-34 9579506
40.3787 5.112327558381119e-35 2.835875057841625e-34 9607866
40.4249 5.167423978350778e-35 2.806015928870786e-34 9608354
40.4711 5.199378963510751e-35 2.839821586907456e-34 9643862
40.5173 5.190454443764598e-35 2.858674424960437e-34 9670578
40.5635 5.224213520221202e-35 2.863684840314552e-34 9687890
40.6097 5.192422136907786e-35 2.847106929730693e-34 9693294
40.6559 4.975180338041843e-35 2.773122923083896e-34 9736034
40.7021 4.966268793147447e-35 2.705212825131823e-34 9758946
40.7483 5.006041830991806e-35 2.726943736390457e-34 9778994
40.7945 5.076533399705644e-35 2.754532194898286e-34 9796814
40.8407 4.956816753442055e-35 2.720962748881867e-34 9816882
40.8869 4.978203377821335e-35 2.709959553634113e-34 9850514
40.9331 5.020019125764191e-35 2.718660331452987e-34 9856062
40.9793 4.998301687600961e-35 2.72162843890613e-34 9886706
41.0255 4.954633495674041e-35 2.699559581717041e-34 9916194
41.0717 4.996965422784043e-35 2.672423658857202e-34 9924854
41.1179 5.075987011336308e-35 2.726543368653138e-34 9961490
41.1641 5.132027632915379e-35 2.731019386346867e-34 9979098
41.2103 5.072810060949154e-35 2.740299939188455e-34 9990266
41.2565 5.174083835153786e-35 2.72707668020607e-34 10012398
41.3027 5.083867896820212e-35 2.72264377241406e-34 10038818
41.3489 5.139944793582378e-35 2.723028160180918e-34 10072082
41.3951 4.808991852717943e-35 2.634619790152148e-34 10082670
41.4413 5.072155058822766e-35 2.611702401991858e-34 10123226
41.4875 5.285379990820736e-35 2.718646717156271e-34 10134834
41.5337 5.573764441387902e-35 2.908765939755735e-34 10151450
41.5799 5.514131815514248e-35 2.910542077383074e-34 10184118
41.6261 5.63476425592957e-35 2.982028742747228e-34 10199810
41.6723 5.559727743892631e-35 2.979753887353832e-34 10230386
41.7185 5.643022928228189e-35 2.995255712959873e-34 10238334
41.7647 5.502824033078126e-35 2.970386671875219e-34 10271594
41.8109 5.500353694462753e-35 2.944970852966239e-34 10298418
41.8571 5.54243022535949e-35 2.953483634333499e-34 10306814
41.9033 5.64009728797788e-35 3.018528966948856e-34 10341306
41.9495 5.639160503191331e-35 3.037403077848189e-34 10362842
41.9957 5.629603924391375e-35 3.021240795694929e-34 10388834
42.0419 5.631429012331324e-35 3.050255695246461e-34 10395630
42.0881 5.706003263456778e-35 3.115230486537608e-34 10425362
42.1343 5.616669917457257e-35 3.053501399389249e-34 10454274
42.1805 5.621106806440639e-35 3.063855172629525e-34 10478294
42.2267 5.676911166535387e-35 3.088920963229586e-34 10501818
42.2729 5.738333931228583e-35 3.12995306086307e-34 10514810
42.3191 5.786911469940526e-35 3.158345333250261e-34 10548842
42.3653 5.78780140309768e-35 3.162461581340242e-34 10566462
42.4115 5.723904030736677e-35 3.176819276460233e-34 10586810
42.4577 5.726713116235239e-35 3.15785101369918e-34 10614954
42.5039 5.603724302195982e-35 3.108479018425397e-34 10631054
42.5501 5.674654873084482e-35 3.132539470854472e-34 10662362
42.5963 5.687993653229659e-35 3.147225455058003e-34 10683354
42.6425 5.803726145458464e-35 3.167737115926456e-34 10699298
42.6887 5.748115057240199e-35 3.17324200959441e-34 10738782
42.7349 5.692098755609805e-35 3.154786289229982e-34 10744202
42.7811 5.717077599194791e-35 3.156623944451356e-34 10782186
42.8273 5.735887023066222e-35 3.169347471971431e-34 10784966
42.8735 5.539887941501838e-35 3.120045475912434e-34 10833938
42.9197 5.571245728267126e-35 3.066991173176595e-34 10848138
42.9659 5.829317205480749e-35 3.211622441883441e-34 10873766
43.0121 5.915011040396655e-35 3.309616582818125e-34 10886970
43.0583 5.941026840684016e-35 3.314236773580707e-34 10912442
43.1045 5.88341728118172e-35 3.305969399691728e-34 10936698
43.1507 5.9451580308197e-35 3.278204232940476e-34 10966142
43.1969 5.890651462755077e-35 3.253554968507321e-34 10968746
43.2431 5.781772211071423e-35 3.265226951855859e-34 11014602
43.2893 5.80805900806779e-35 3.260621840002936e-34 11042774
43.3355 5.837213911827722e-35 3.264029470657832e-34 11061474
43.3817 5.895346419693914e-35 3.277975727042687e-34 11072450
43.4279 5.867022016115613e-35 3.314228116487865e-34 11096922
43.4741 5.805581377623585e-35 3.281966896821205e-34 11146526
43.5203 5.810735433842224e-35 3.277634293023456e-34 11145602
43.5665 5.80965226401317e-35 3.281781655442719e-34 11168442
43.6127 5.617457894151725e-35 3.152300457247224e-34 11181086
43.6589 5.629695564066806e-35 3.124289623270188e-34 11250114
43.7051 5.704872934522693e-35 3.125608647758725e-34 11242106
43.7513 5.771025998721213e-35 3.194035015316073e-34 11265446
43.7975 5.768258621154148e-35 3.188956443037162e-34 11285490
43.8437 5.810151852541384e-35 3.193389152869526e-34 11335922
43.8899 5.801391180632426e-35 3.21098044757902e-34 11330130
43.9361 5.795576911599315e-35 3.19173394566606e-34 11357270
43.9823 5.703390049069667e-35 3.17132752131715e-34 11389098
44.0285 5.655145570410138e-35 3.127898134932266e-34 11426642
44.0747 5.770971343029605e-35 3.115807473744627e-34 11431358
44.1209 5.984908031456568e-35 3.188594929678827e-34 11462298
44.1671 5.847797262040562e-35 3.20251117757715e-34 11479202
44.2133 5.748594980249297e-35 3.135422126710729e-34 11509746
44.2595 5.729739732601347e-35 3.084622309157552e-34 11523062
44.3057 5.621479869780133e-35 3.053946894250221e-34 11556210
44.3519 5.405917295678413e-35 2.980094365107216e-34 11588282
44.3981 5.391568635262928e-35 2.923981465253138e-34 11599646
44.4443 5.708377854232889e-35 3.064971236620569e-34 11645274
44.4905 5.886038636529087e-35 3.17490625953286e-34 11649338
44.5367 5.982672378764036e-35 3.317619615927584e-34 11665386
44.5829 6.173652255408688e-35 3.345020855046519e-34 11719286
44.6291 6.387313198922636e-35 3.58019161319434e-34 11720738
44.6753 6.196705350511467e-35 3.474126901383076e-34 11755074
44.7215 6.053041031476408e-35 3.391869720508713e-34 11767166
44.7677 6.25528445094905e-35 3.507668262875798e-34 11813346
44.8139 6.237095474750736e-35 3.518122019210814e-34 11825450
44.8601 6.486010337136286e-35 3.625581294032771e-34 11828814
44.9063 6.704871225478621e-35 3.869390635056343e-34 11884418
44.9525 6.622742777481704e-35 3.825496039607965e-34 11900378
44.9987 6.530114886478974e-35 3.726053337570473e-34 11908002
45.0449 6.532100176122905e-35 3.687621648848415e-34 11937470
45.0911 6.52011875408274e-35 3.762066919906642e-34 11981346
45.1373 6.840955631852335e-35 3.922875943090265e-34 11998154
45.1835 6.794187451502002e-35 3.939219537147288e-34 12015798
45.2297 6.952487071442321e-35 4.014892346177584e-34 12046586
45.2759 7.003152186266399e-35 4.095169915341678e-34 12073226
45.3221 6.809134611512448e-35 3.88748883049903e-34 12089370
45.3683 6.872449316223868e-35 3.97105194244181e-34 12123662
45.4145 7.14571453471815e-35 4.07558008030335e-34 12129018
45.4607 7.270259150882942e-35 4.278659590950436e-34 12168698
45.5069 7.176414308369029e-35 4.133617043444472e-34 12191070
45.5531 7.360072931231767e-35 4.214343555985159e-34 12237290
45.5993 7.395207886403696e-35 4.263669198625785e-34 12237434
45.6455 7.298319592443882e-35 4.168150610756595e-34 12269430
45.6917 7.569581296729505e-35 4.348062729010095e-34 12288314
45.7379 7.907936447161054e-35 4.489380096331205e-34 12312018
45.7841 7.676406080785162e-35 4.395864710285771e-34 12333770
45.8303 7.67743512113474e-35 4.320848705916779e-34 12362654
45.8765 7.670326005908244e-35 4.400017163026117e-34 12405282
45.9227 7.538643776447014e-35 4.230869461106457e-34 12414842
45.9689 7.593592938395461e-35 4.269897412469027e-34 12433278
46.0151 7.657716444963432e-35 4.273248185975106e-34 12469442
46.0613 7.72160845300782e-35 4.283071017295849e-34 12497106
46.1075 7.925204948994559e-35 4.395256739013372e-34 12513074
46.1537 8.166127181799736e-35 4.56513129037405e-34 12531902
46.1999 7.888478971079932e-35 4.419737909624606e-34 12567690
46.2461 7.768062386080834e-35 4.35895743054658e-34 12603338
46.2923 7.837574606853326e-35 4.387164059180198e-34 12612726
46.3385 7.937596069794068e-35 4.402748621319438e-34 12634802
46.3847 8.055940641107095e-35 4.48018480638823e-34 12662730
46.4309 8.691974044098776e-35 4.598924994688524e-34 12699086
46.4771 8.708388927481427e-35 4.826021158910273e-34 12711074
46.5233 8.705089622098472e-35 4.727876629283526e-34 12739098
46.5695 8.598449145614807e-35 4.704478510745019e-34 12769490
46.6157 8.485929557098559e-35 4.634986300340885e-34 12799686
46.6619 8.660317206920552e-35 4.536175096111372e-34 12828626
46.7081 8.593679049242411e-35 4.686125881962197e-34 12832794
46.7543 8.934562282931411e-35 4.720284116333405e-34 12875942
46.8005 9.412297230014339e-35 4.902960335940682e-34 12906314
46.8467 9.204511744273992e-35 4.927523655971619e-34 12913122
46.8929 9.212277581504398e-35 4.822647723654379e-34 12937346
46.9391 9.259508745570044e-35 4.819119022117703e-34 12973374
46.9853 9.547337310158154e-35 4.943434589679226e-34 13008170
47.0315 9.232857998135072e-35 4.890283217372795e-34 13025810
47.0777 9.54617374090517e-35 4.910162109799475e-34 13033590
47.1239 9.723142691979043e-35 4.949349088136297e-34 13083698
47.1701 9.779380224996491e-35 4.967228663062433e-34 13094706
47.2163 9.895246178969335e-35 4.973213848741239e-34 13119002
47.2625 9.67110154905363e-35 4.948240584770923e-34 13146318
47.3087 8.042465677553522e-35 4.484852078774522e-34 13167383
47.3549 6.282707911633284e-35 3.664202029180707e-34 13180844
47.4011 5.40097331313087e-35 2.97828670933135e-34 13147596
47.4473 5.191954455190466e-35 2.840669833928991e-34 13144028
47.4935 5.150817006633585e-35 2.810770899143728e-34 13122684
47.5397 5.091189199290263e-35 2.784531296909071e-34 13103336
47.5859 5.07772291573927e-35 2.774799168982111e-34 13108416
47.6321 5.008918638167465e-35 2.74961221244747e-34 13073744
47.6783 4.994855443948924e-35 2.728871756632372e-34 13076900
47.7245 4.958444087859721e-35 2.716099525574734e-34 13051992
47.7707 4.945901966614523e-35 2.704396426884228e-34 13056752
47.8169 4.938381736318671e-35 2.696897953272612e-34 13036344
47.8631 4.891960752214156e-35 2.673308234542785e-34 13009832
47.9093 4.872139622022926e-35 2.66923430293024e-34 12996668
47.9555 4.871168480252736e-35 2.661576766010732e-34 13003248
48.0017 4.834398887001653e-35 2.647999750580459e-34 12967172
48.0479 4.837091121972312e-35 2.642213162348613e-34 12963480
48.0941 4.787724107777758e-35 2.631059375578305e-34 12954260
48.1403 4.796907553731888e-35 2.630487906557758e-34 12942432
48.1865 4.775693292612019e-35 2.618573012129817e-34 12924296
48.2327 4.756206234245152e-35 2.611561345250561e-34 12903392
48.2789 4.760902416270559e-35 2.59726455340281e-34 12906168
48.3251 4.723382437202912e-35 2.590554381913066e-34 12873656
48.3713 4.737051117101504e-35 2.591868173949267e-34 12870720
48.4175 4.706955878333473e-35 2.576002882476725e-34 12855428
48.4637 4.699559166574252e-35 2.571266467891206e-34 12842256
48.5099 4.68605073380677e-35 2.562209334298438e-34 12820304
48.5561 4.67119776149889e-35 2.555909195489435e-34 12820328
48.6023 4.672385029091914e-35 2.554428628523524e-34 12794856
48.6485 4.647322862173373e-35 2.543824120629692e-34 12787940
48.6947 4.628496273987763e-35 2.527715866852768e-34 12748392
48.7409 4.619805581817085e-35 2.531105028218271e-34 12752756
48.7871 4.597131658134989e-35 2.524004350042449e-34 12732036
48.8333 4.603777517607396e-35 2.517987176465066e-34 12737132
48.8795 4.577021897343641e-35 2.505755169925377e-34 12712976
48.9257 4.586410820021905e-35 2.506861200818389e-34 12696348
48.9719 4.564859066701537e-35 2.500526218773225e-34 12673892
49.0181 4.568982420881223e-35 2.495776735922364e-34 12677316
49.0643 4.538964749616868e-35 2.488170890210353e-34 12650384
49.1105 4.522152838828539e-35 2.481229601545497e-34 12621344
49.1567 4.529448786582412e-35 2.482895429957699e-34 12624204
49.2029 4.516300161347061e-35 2.475369711574708e-34 12615632
49.2491 4.514444711570952e-35 2.469173486429673e-34 12600420
49.2953 4.490526819904759e-35 2.455280741646727e-34 12570224
49.3415 4.48959335206328e-35 2.456092500761482e-34 12566868
49.3877 4.485110309751655e-35 2.453322724974268e-34 12545828
49.4339 4.464138094283223e-35 2.445951164907325e-34 12538232
49.4801 4.451472715740339e-35 2.445031889808812e-34 12496452
49.5263 4.445924952276307e-35 2.445379597910513e-34 12502688
49.5725 4.448760258734068e-35 2.435107229800672e-34 12498708
49.6187 4.435566419048454e-35 2.436750231291762e-34 12469640
49.6649 4.408492173427075e-35 2.415940388603481e-34 12440136
49.7111 4.438072181691592e-35 2.425914848713098e-34 12442412
49.7573 4.418643884308321e-35 2.421490536686417e-34 12433712
49.8035 4.406851019670221e-35 2.411702680324975e-34 12410544
49.8497 4.386931937898879e-35 2.403132199773819e-34 12381512
49.8959 4.380356223533154e-35 2.403899750635066e-34 12378960
49.9421 4.407358240516616e-35 2.412088900748771e-34 12366872
49.9883 4.370762518807142e-35 2.394803562569449e-34 12345588
50.0345 4.372568652331895e-35 2.391592470257236e-34 12327008
50.0807 4.35708161152205e-35 2.384227539316976e-34 12313388
50.1269 4.358316202345382e-35 2.390691249308105e-34 12306768
50.1731 4.346378985622382e-35 2.384792565030972e-34 12275504
50.2193 4.32701024251398e-35 2.377412408307565e-34 12265620
50.2655 4.328305536354681e-35 2.37320256442249e-34 12236324
50.3117 4.334058412592617e-35 2.374901131993406e-34 12253880
50.3579 4.324574530687369e-35 2.364982216256743e-34 12219756
50.4041 4.314883280957175e-35 2.360309642953116e-34 12195524
50.4503 4.2969149234671e-35 2.351945487644544e-34 12189000
50.4965 4.31367234529568e-35 2.359908884582535e-34 12170168
50.5427 4.27993252474581e-35 2.353734081528117e-34 12147588
50.5889 4.287093301021427e-35 2.347595823029241e-34 12134360
50.6351 4.274146406943783e-35 2.344945328155538e-34 12122816
50.6813 4.269577600773022e-35 2.339723763016625e-34 12107580
50.7275 4.279626715895154e-35 2.344263104677167e-34 12098972
50.7737 4.240267296988379e-35 2.332172545430728e-34 12054744
50.8199 4.259013601539913e-35 2.328399870330805e-34 12056912
50.8661 4.235431939784728e-35 2.329064962936362e-34 12039108
50.9123 4.240403076206278e-35 2.323128730877546e-34 12019400
50.9585 4.236326374225699e-35 2.320289726760738e-34 11996936
51.0047 4.211165245116243e-35 2.308770819763618e-34 11979744
51.0509 4.222404941849246e-35 2.315000055925165e-34 11975504
51.0971 4.214139513913483e-35 2.314083948194585e-34 11963472
51.1433 4.206171676280959e-35 2.305467245175756e-34 11928692
51.1895 4.197151151078953e-35 2.294857712662649e-34 11920356
51.2357 4.177711844581414e-35 2.290670195487053e-34 11900072
51.2819 4.192373663865518e-35 2.301378411289121e-34 11897312
51.3281 4.178470250505059e-35 2.286973789207907e-34 11857164
51.3743 4.174857279192479e-35 2.289165536457032e-34 11842556
51.4205 4.161032499764993e-35 2.276861035424255e-34 11841552
51.4667 4.161313341648468e-35 2.275943293588433e-34 11811860
51.5129 4.16288209245197e-35 2.280880579625711e-34 11798888
51.5591 4.134994473979414e-35 2.268370373272279e-34 11768748
51.6053 4.156864353240689e-35 2.275842908339953e-34 11777096
51.6515 4.125974514120997e-35 2.259389469901551e-34 11733936
51.6977 4.135409338021087e-35 2.260608913594156e-34 11714324
51.7439 4.129586639173902e-35 2.264511942501024e-34 11725020
51.7901 4.115158325651195e-35 2.252632288036189e-34 11696816
51.8363 4.10351420269885e-35 2.251587652691951e-34 11666048
51.8825 4.103156918717453e-35 2.246547017382156e-34 11661996
51.9287 4.102149757116221e-35 2.24918468188988e-34 11645228
51.9749 4.087796234783799e-35 2.243108415258817e-34 11620884
52.0211 4.065588679183154e-35 2.229014740802768e-34 11590808
52.0673 4.089812258107842e-35 2.239519900403812e-34 11587908
52.1135 4.069384721317079e-35 2.223837376982846e-34 11569028
52.1597 4.075063992630455e-35 2.229111325400256e-34 11558012
52.2059 4.042098876440201e-35 2.216132817671812e-34 11528724
52.2521 4.04872285573344e-35 2.212823067395315e-34 11506964
52.2983 4.040848758334673e-35 2.211200404489019e-34 11494536
52.3445 4.023336511044204e-35 2.206552832377522e-34 11477444
52.3907 4.029608174220984e-35 2.2062407788784e-34 11456804
52.4369 3.998342063643082e-35 2.189908230288611e-34 11428740
52.4831 4.027044812640011e-35 2.200273473123843e-34 11427272
52.5293 4.001986955836266e-35 2.188781879577537e-34 11407524
52.5755 3.980863224258263e-35 2.178986827640542e-34 11376992
52.6217 3.98320134590665e-35 2.179136178321883e-34 11363952
52.6679 3.979511232975794e-35 2.179329108154323e-34 11346680
52.7141 3.971144879449297e-35 2.173263738459265e-34 11322272
52.7603 3.954450448631159e-35 2.168268524607201e-34 11313672
52.8065 3.935891635929752e-35 2.163047943103916e-34 11276120
52.8527 3.959611218382223e-35 2.169107288933773e-34 11283648
52.8989 3.924111577372991e-35 2.148464340121511e-34 11248088
52.9451 3.936683937974755e-35 2.160170852359914e-34 11240592
52.9913 3.917218671661776e-35 2.148643812775075e-34 11217380
53.0375 3.898290534107792e-35 2.137826335820262e-34 11185436
53.0837 3.904470023979882e-35 2.145601960848725e-34 11182920
53.1299 3.884326889057206e-35 2.127234031788808e-34 11148968
53.1761 3.890558910528295e-35 2.134344272511392e-34 11132988
53.2223 3.877864094600663e-35 2.121568238152153e-34 11121068
53.2685 3.861437896037949e-35 2.116064484404375e-34 11080992
53.3147 3.881392674831729e-35 2.12367594441014e-34 11101004
53.3609 3.843440705076987e-35 2.111461551721474e-34 11052488
53.4071 3.853089780848245e-35 2.110731966547774e-34 11042760
53.4533 3.825897723477088e-35 2.101849697799602e-34 11024240
53.4995 3.827293702111237e-35 2.099367023351389e-34 11000652
53.5457 3.817864215339318e-35 2.097007216610698e-34 10983116
53.5919 3.816132741981258e-35 2.08990422051092e-34 10951520
53.6381 3.808315164215986e-35 2.092401971431823e-34 10954992
53.6843 3.788732793681428e-35 2.079724545497323e-34 10922468
53.7305 3.787943548405511e-35 2.080497899246986e-34 10900932
53.7767 3.782422825641092e-35 2.069129254647313e-34 10876700
53.8229 3.7819545172128e-35 2.07199003049406e-34 10874520
53.8691 3.762956107469171e-35 2.066198206323768e-34 10837064
53.9153 3.756754950227551e-35 2.055661310994914e-34 10811504
53.9615 3.759343885618084e-35 2.058934747278497e-34 10817724
54.0077 3.735298116498136e-35 2.05216623570719e-34 10782764
54.0539 3.736219125341399e-35 2.048246932482059e-34 10759932
54.1001 3.725447441414428e-35 2.042136369869087e-34 10739204
54.1463 3.729081341670421e-35 2.043999131819849e-34 10720560
54.1925 3.720054658514169e-35 2.039108252659914e-34 10715144
54.2387 3.697294321167303e-35 2.028479220095109e-34 10664960
54.2849 3.717574060582194e-35 2.0335730160695e-34 10661076
54.3311 3.688840235904385e-35 2.021589374126873e-34 10634540
54.3773 3.704637184717931e-35 2.027236769968017e-34 10629012
54.4235 3.682284399709122e-35 2.022046216695696e-34 10600856
54.4697 3.66644600500524e-35 2.015571274272481e-34 10566600
54.5159 3.683008756690722e-35 2.018898907256776e-34 10567232
54.5621 3.647380274130318e-35 2.005096590945811e-34 10531880
54.6083 3.67900785291483e-35 2.011074136233982e-34 10530996
54.6545 3.637668967270984e-35 1.998235280248997e-34 10477004
54.7007 3.649771742578294e-35 1.996091255925123e-34 10471488
54.7469 3.65475819841371e-35 1.998924359794154e-34 10464068
54.7931 3.624576032574056e-35 1.982311666365718e-34 10430660
54.8393 3.641887251363271e-35 1.992780691126724e-34 10419756
54.8855 3.614542227859487e-35 1.980838893489212e-34 10384784
54.9317 3.619759607071221e-35 1.981131631244361e-34 10374072
54.9779 3.611778509766089e-35 1.977113364198597e-34 10348256
55.0241 3.584229916943182e-35 1.96575048773169e-34 10318008
55.0703 3.61352560661323e-35 1.981037332888491e-34 10309604
55.1165 3.579273560934169e-35 1.965239538586773e-34 10286924
55.1627 3.582513525700005e-35 1.963905529529308e-34 10261848
55.2089 3.576672287064418e-35 1.95980031073962e-34 10243016
55.2551 3.558852698645845e-35 1.953317436279678e-34 10211616
55.3013 3.578210323499496e-35 1.959041575368905e-34 10207340
55.3475 3.546649604229922e-35 1.937334520421169e-34 10164252
55.3937 3.560570981827017e-35 1.948089961803707e-34 10159472
55.4399 3.53918768670736e-35 1.94077931516558e-34 10129184
55.4861 3.533036606130589e-35 1.937787334955308e-34 10114464
55.5323 3.540929496178535e-35 1.939275768797993e-34 10103336
55.5785 3.503434029508231e-35 1.922908597317672e-34 10049364
55.6247 3.529978035438601e-35 1.932133633354004e-34 10056980
55.6709 3.513826162551708e-35 1.92145653442529e-34 10027464
55.7171 3.505793018641858e-35 1.923951996861296e-34 10001132
55.7633 3.502415275326755e-35 1.916839371992037e-34 9984704
55.8095 3.485585270231589e-35 1.90531626468686e-34 9946872
55.8557 3.497199598452808e-35 1.911435955614163e-34 9950204
55.9019 3.475679562646759e-35 1.901812932536324e-34 9907884
55.9481 3.477586220069603e-35 1.90150745762827e-34 9890480
55.9943 3.46447329944034e-35 1.896278314870561e-34 9864212
56.0405 3.455388897286154e-35 1.894135150145492e-34 9850680
56.0867 3.459471170735579e-35 1.893111093563445e-34 9831356
56.1329 3.425997216633396e-35 1.881636693149201e-34 9781176
56.1791 3.449938693286555e-35 1.894920341900666e-34 9789368
56.2253 3.427811573884869e-35 1.881331018724359e-34 9760404
56.2715 3.429574613390119e-35 1.87515743458661e-34 9735800
56.3177 3.413687217208184e-35 1.873744702711998e-34 9711092
56.3639 3.403523494639585e-35 1.865911016076281e-34 9689040
56.4101 3.410302785953186e-35 1.86955594372069e-34 9668192
56.4563 3.388958659725306e-35 1.859319401246114e-34 9643500
56.5025 3.393555628715046e-35 1.862522627876745e-34 9617840
56.5487 3.384553113109727e-35 1.852847670062033e-34 9596220
56.5949 3.384098138236845e-35 1.850761380016858e-34 9579572
56.6411 3.378729453617733e-35 1.852249870328541e-34 9553832
56.6873 3.355286523528574e-35 1.841093927109684e-34 9523872
56.7335 3.367523481119282e-35 1.84385086035123e-34 9502856
56.7797 3.349426729859712e-35 1.837106841827627e-34 9490980
56.8259 3.349031458331566e-35 1.83518038377028e-34 9456200
56.8721 3.343252278189502e-35 1.830769523983652e-34 9434060
56.9183 3.325365476413495e-35 1.820175708151028e-34 9409128
56.9645 3.339325192080316e-35 1.826977754884041e-34 9392816
57.0107 3.319877986390734e-35 1.813928104499221e-34 9367812
57.0569 3.31393581048616e-35 1.814064941678036e-34 9335648
57.1031 3.318906058792897e-35 1.813523236457049e-34 9334140
57.1493 3.295265879830205e-35 1.804131942588943e-34 9287804
57.1955 3.302082638636366e-35 1.806945387651647e-34 9280268
57.2417 3.266896031351923e-35 1.793725676479101e-34 9232656
57.2879 3.287239243324028e-35 1.799361941144269e-34 9235316
57.3341 3.267722738748417e-35 1.792941700073847e-34 9201576
57.3803 3.265527649337855e-35 1.789416695403842e-34 9175664
57.4265 3.264585148080635e-35 1.789178965407452e-34 9151536
57.4727 3.236075528263612e-35 1.778155474298231e-34 9128240
57.5189 3.258001045358078e-35 1.782372452906599e-34 9109832
57.5651 3.234891517668501e-35 1.769437622616255e-34 9072324
57.6113 3.231610751644528e-35 1.774885494049269e-34 9060392
57.6575 3.225085878606641e-35 1.769112873822571e-34 9034272
57.7037 3.203896990375407e-35 1.759011793203974e-34 9008744
57.7499 3.215654690683937e-35 1.757298018311425e-34 8989764
57.7961 3.194596477718004e-35 1.75619764492755e-34 8956412
57.8423 3.204486847093758e-35 1.757003268438317e-34 8941880
57.8885 3.191210669342984e-35 1.750027476790867e-34 8914968
57.9347 3.168941132360268e-35 1.742227031677909e-34 8881592
57.9809 3.182790248979777e-35 1.741206840068328e-34 8866164
58.0271 3.159256822228015e-35 1.733562551470154e-34 8832464
58.0733 3.181023844580003e-35 1.739627303407421e-34 8819384
58.1195 3.145053776969924e-35 1.724310270510513e-34 8784948
58.1657 3.142674528772053e-35 1.722220117262083e-34 8766056
58.2119 3.141932767941359e-35 1.722071779250216e-34 8741592
58.2581 3.124982833341206e-35 1.710185244812498e-34 8715404
58.3043 3.132567205458369e-35 1.718422668434735e-34 8693160
58.3505 3.118441342721027e-35 1.703176541565334e-34 8660528
58.3967 3.111896495356666e-35 1.703902438381007e-34 8638364
58.4429 3.10360859242522e-35 1.701106918441082e-34 8622660
58.4891 3.09266538426364e-35 1.691157423562482e-34 8587712
58.5353 3.094079473015717e-35 1.692084539608559e-34 8569368
58.5815 3.063714464699453e-35 1.681716112962462e-34 8529836
58.6277 3.080828070575942e-35 1.686795373959268e-34 8529840
58.6739 3.060339932932461e-35 1.674683733300747e-34 8486240
58.7201 3.05645316488497e-35 1.674913162431931e-34 8464964
58.7663 3.044194482479378e-35 1.671435112435199e-34 8441376
58.8125 3.025683617096176e-35 1.657180707973069e-34 8401016
58.8587 3.05233796953416e-35 1.665722397151138e-34 8409180
58.9049 3.010134914690364e-35 1.651523999439634e-34 8351564
58.9511 3.018633226072482e-35 1.655725230648686e-34 8339304
58.9973 3.001414214317919e-35 1.646751952250235e-34 8310416
59.0435 2.990874804956035e-35 1.639152585034688e-34 8286104
59.0897 3.003262371661092e-35 1.642121583384034e-34 8262372
59.1359 2.967450918717141e-35 1.626351082986261e-34 8225852
59.1821 2.990577764587107e-35 1.637818323440679e-34 8224104
59.2283 2.959126980429129e-35 1.622592822436981e-34 8180564
59.2745 2.95527252658848e-35 1.621829744568853e-34 8150744
59.3207 2.9574958829853e-35 1.618992259029915e-34 8137680
59.3669 2.927975876277915e-35 1.609746225410704e-34 8111156
59.4131 2.947662417850224e-35 1.613714835068332e-34 8078748
59.4593 2.910249804863849e-35 1.601022661369706e-34 8045600
59.5055 2.91471287601993e-35 1.602628565058444e-34 8035524
59.5517 2.911994780742923e-35 1.598762911112516e-34 8002928
59.5979 2.885205661846074e-35 1.584981029249985e-34 7975760
59.6441 2.901105554797997e-35 1.592432051917425e-34 7946448
59.6903 2.876681119754686e-35 1.576738713987e-34 7924280
59.7365 2.889025497247198e-35 1.58192686924023e-34 7899672
59.7827 2.865353915173781e-35 1.5740312735134e-34 7869572
59.8289 2.849205605833609e-35 1.5623168033121e-34 7830276
59.8751 2.860185104634785e-35 1.566430322001529e-34 7826636
59.9213 2.830688481579606e-35 1.556409953405209e-34 7792388
59.9675 2.849279615139749e-35 1.558828715677189e-34 7765296
60.0137 2.819199956491498e-35 1.547986169043114e-34 7733948
60.0599 2.810923118832766e-35 1.543182602439674e-34 7710948
60.1061 2.817215340536967e-35 1.54292491942708e-34 7689260
60.1523 2.779617540491783e-35 1.529568838759959e-34 7649916
60.1985 2.807025449140929e-35 1.538110354841515e-34 7638020
60.2447 2.775415256618061e-35 1.518210809724179e-34 7597136
60.2909 2.78316048906964e-35 1.525979210181677e-34 7586532
60.3371 2.761693439103608e-35 1.516271362322737e-34 7540628
60.3833 2.756134158922085e-35 1.510983977977027e-34 7519344
60.4295 2.760763192468011e-35 1.515753150571612e-34 7501880
60.4757 2.731640235076058e-35 1.500605449511287e-34 7466540
60.5219 2.741230968513268e-35 1.501569318821131e-34 7440012
60.5681 2.730658351015624e-35 1.493418486264214e-34 7414112
60.6143 2.713324266087125e-35 1.48619882853968e-34 7382808
60.6605 2.713393449487361e-35 1.488602988237326e-34 7365056
60.7067 2.690633258383917e-35 1.473355919351589e-34 7324200
60.7529 2.711156746946859e-35 1.483855431819854e-34 7308356
60.7991 2.677649064258519e-35 1.46854964288926e-34 7275944
60.8453 2.672076025844503e-35 1.464595972464503e-34 7238628
60.8915 2.671594333004063e-35 1.463819089474809e-34 7231832
60.9377 2.649928562933251e-35 1.450884015246735e-34 7189104
60.9839 2.66572558897278e-35 1.456618125484218e-34 7168592
61.0301 2.632488261062222e-35 1.446837709220771e-34 7136184
61.0763 2.643744553153747e-35 1.448255701616395e-34 7116188
61.1225 2.625120370399427e-35 1.441655660241991e-34 7077644
61.1687 2.621065999732739e-35 1.435047818470084e-34 7053780
61.2149 2.618316853335083e-35 1.438739476098734e-34 7031900
61.2611 2.592494590326007e-35 1.418333426920476e-34 6993612
61.3073 2.605860174753447e-35 1.43104667727851e-34 6976868
61.3535 2.578739741530357e-35 1.41798442313907e-34 6934520
61.3997 2.584233340062203e-35 1.418392859711204e-34 6920268
61.4459 2.567929300067931e-35 1.41073076780565e-34 6889172
61.4921 2.541895384511713e-35 1.396303832297316e-34 6844680
61.5383 2.562788369418183e-35 1.411608353910599e-34 6834860
61.5845 2.537443872001235e-35 1.393200149752083e-34 6802656
61.6307 2.542336683087719e-35 1.395410939546482e-34 6777188
61.6769 2.523965092718093e-35 1.386615638563499e-34 6737144
61.7231 2.508723530252909e-35 1.377674757321732e-34 6712620
61.7693 2.520705952295575e-35 1.383473562662102e-34 6695444
61.8155 2.489844670929289e-35 1.368296645085908e-34 6653604
61.8617 2.50230793684065e-35 1.371042751607047e-34 6626744
61.9079 2.480172551066411e-35 1.361375941952776e-34 6602196
61.9541 2.478102699840508e-35 1.358704812742624e-34 6571892
62.0003 2.48136996054645e-35 1.358106707325915e-34 6541832
62.0465 2.44944747374031e-35 1.344874341332905e-34 6504960
62.0927 2.465486677896579e-35 1.353894811275176e-34 6496244
62.1389 2.439297945183158e-35 1.334695875269331e-34 6453468
62.1851 2.433593370458657e-35 1.335613055976451e-34 6432680
62.2313 2.42933093269317e-35 1.332519033357982e-34 6396960
62.2775 2.403760684971771e-35 1.318482054103494e-34 6364784
62.3237 2.42277942308676e-35 1.325910943569721e-34 6352916
62.3699 2.385496310659336e-35 1.31198627488545e-34 6304836
62.4161 2.403810976689497e-35 1.313856212575824e-34 6282080
62.4623 2.375433799144968e-35 1.303431220848338e-34 6251508
62.5085 2.368531863643553e-35 1.300486170144102e-34 6225728
62.5547 2.363507086422411e-35 1.294543000871605e-34 6187640
62.6009 2.338402638384892e-35 1.283928617090985e-34 6159276
62.6471 2.359676863624596e-35 1.293694637808816e-34 6141404
62.6933 2.327371963193774e-35 1.281502489105376e-34 6104412
62.7395 2.325799786695495e-35 1.278149073963295e-34 6071612
62.7857 2.322933730586048e-35 1.276983699627502e-34 6046032
62.8319 2.295747601263147e-35 1.260903323772555e-34 6013244
62.8781 2.319540706342596e-35 1.270556729582825e-34 5990204
62.9243 2.275740666631517e-35 1.252133949169659e-34 5950020
62.9705 2.289299501484318e-35 1.256448893861834e-34 5938520
63.0167 2.268450976088703e-35 1.246365475064874e-34 5890944
63.0629 2.261031464748828e-35 1.238800939848299e-34 5864480
63.1091 2.258768462339586e-35 1.242216926824396e-34 5834628
63.1553 2.231260621720267e-35 1.223085790874987e-34 5806868
63.2015 2.252663905032046e-35 1.2316103789854e-34 5779796
63.2477 2.217280312031709e-35 1.219215914491024e-34 5744076
63.2939 2.215395251122983e-35 1.215771055470161e-34 5716436
63.3401 2.205787837932672e-35 1.21262060613583e-34 5686140
63.3863 2.171967525058649e-35 1.194366509889113e-34 5648924
63.4325 2.205786521864001e-35 1.209238560916509e-34 5631720
63.4787 2.162652072623217e-35 1.191883911095433e-34 5592584
63.5249 2.174679847986158e-35 1.188796985605334e-34 5565032
63.5711 2.152250232258117e-35 1.181163579153846e-34 5527812
63.6173 2.131535398758211e-35 1.173962973123775e-34 5502944
63.6635 2.148991470295111e-35 1.180085981077864e-34 5479728
63.7097 2.110160370564584e-35 1.157290390364791e-34 5435888
63.7559 2.129464550804223e-35 1.166494891011648e-34 5413076
63.8021 2.094193699438782e-35 1.152854943385475e-34 5379972
63.8483 2.08985080774568e-35 1.147034302322925e-34 5348924
63.8945 2.097555320970535e-35 1.149941330350259e-34 5317392
63.9407 2.04577203965465e-35 1.125703939867044e-34 5279504
63.9869 2.089935787025328e-35 1.14447822736303e-34 5268480
64.0331 2.038333449147693e-35 1.123490271124322e-34 5223572
64.0793 2.040119054152442e-35 1.122052876901313e-34 5190452
64.1255 2.036192508411389e-35 1.121010202369822e-34 5162808
64.1716 2.001267996676081e-35 1.10536778248383e-34 5130032
64.2178 2.030725058842846e-35 1.113502080447316e-34 5102844
64.264 1.98467483386654e-35 1.090108174383215e-34 5064404
64.3102 2.000782579163607e-35 1.097568310441144e-34 5041788
64.3564 1.979142943094508e-35 1.087278542366425e-34 5006048
64.4026 1.960728025738284e-35 1.074284724425782e-34 4974476
64.4488 1.976760805951382e-35 1.083365877954776e-34 4944876
64.495 1.927767951792473e-35 1.056852515401315e-34 4906532
64.5412 1.965401267435379e-35 1.073918387676514e-34 4887960
64.5874 1.916448053372557e-35 1.054612299949364e-34 4844576
64.6336 1.917900790564231e-35 1.055206239319658e-34 4814876
64.6798 1.908451071572872e-35 1.051875919015223e-34 4789392
64.726 1.87004278057037e-35 1.029996805294413e-34 4742684
64.7722 1.91337218801916e-35 1.049872436679925e-34 4734516
64.8184 1.86708035879762e-35 1.024734151357106e-34 4682588
64.8646 1.881985797674466e-35 1.033049582977883e-34 4661736
64.9108 1.858352885848235e-35 1.021725250810436e-34 4628360
64.957 1.842800801482017e-35 1.00897080690879e-34 4589408
65.0032 1.851349376358306e-35 1.015548667992142e-34 4560588
65.0494 1.818466157988605e-35 9.965539035332279e-35 4531724
65.0956 1.825115218343656e-35 1.003764775293798e-34 4499988
65.1418 1.800083275817343e-35 9.908485483332602e-35 4461728
65.188 1.787447328773767e-35 9.747821341085781e-35 4433484
65.2342 1.796094594657148e-35 9.850442512360664e-35 4405280
65.2804 1.737958138524592e-35 9.53913611747296e-35 4360472
65.3266 1.779278839918124e-35 9.757516110199386e-35 4339080
65.3728 1.729780918054403e-35 9.509073111544699e-35 4301396
65.419 1.733941935757233e-35 9.452768141584633e-35 4271340
65.4652 1.726459143823977e-35 9.440716698815084e-35 4239968
65.5114 1.675236618660861e-35 9.205849287630471e-35 4201116
65.5576 1.715428795553987e-35 9.367128286131513e-35 4177748
65.6038 1.645595839788469e-35 9.028751156844997e-35 4136636
65.65 1.682151099877713e-35 9.142036610358142e-35 4110516
65.6962 1.635056405309705e-35 8.955781223368363e-35 4075076
65.7424 1.619820457435427e-35 8.824130023587851e-35 4037220
65.7886 1.62979070180566e-35 8.855219013522596e-35 4008632
65.8348 1.568550550013126e-35 8.560481039598919e-35 3972800
65.881 1.618577740890352e-35 8.767155321756563e-35 3946224
65.9272 1.547345865493197e-35 8.432982206835785e-35 3908516
65.9734 1.568774496262222e-35 8.463190766079426e-35 3876912
66.0196 1.531802173639228e-35 8.317251088556891e-35 3839720
66.0658 1.498457928119706e-35 8.160196619622013e-35 3813012
66.112 1.531396773434071e-35 8.226482374278211e-35 3777968
66.1582 1.459601603109522e-35 7.946797367177463e-35 3737048
66.2044 1.489349988655594e-35 8.020672948671717e-35 3713520
66.2506 1.440202013060073e-35 7.814898399029455e-35 3677996
66.2968 1.434073947763779e-35 7.736519987381885e-35 3640800
66.343 1.412714824202387e-35 7.636505700309517e-35 3607976
66.3892 1.374633374043732e-35 7.452890128089219e-35 3570924
66.4354 1.396747023646727e-35 7.521243159955487e-35 3545936
66.4816 1.344546011131917e-35 7.298725625588406e-35 3506408
66.5278 1.345213108336554e-35 7.228658845869223e-35 3471600
66.574 1.314364034726062e-35 7.083073122025689e-35 3442172
66.6202 1.285854274949034e-35 6.982017710201869e-35 3407676
66.6664 1.28332555068002e-35 6.938473551716347e-35 3373964
66.7126 1.246876904356255e-35 6.766444418807692e-35 3336468
66.7588 1.238043518688621e-35 6.696732231864061e-35 3307520
66.805 1.210446859957259e-35 6.564300636585653e-35 3272000
66.8512 1.189795568637954e-35 6.462136767032711e-35 3237408
66.8974 1.166297706249357e-35 6.346555706807303e-35 3196721
66.9436 1.158451358356254e-35 6.293008942821806e-35 3179382
66.9898 1.140051572148008e-35 6.210760978059932e-35 3135572
67.036 1.128010739674258e-35 6.140219540738569e-35 3103196
67.0822 1.117518090652253e-35 6.090907580768535e-35 3079200
67.1284 1.110824740276282e-35 6.052980142182391e-35 3053732
67.1746 1.099725201702137e-35 5.982434570332882e-35 3018894
67.2208 1.087349119325395e-35 5.929320522718499e-35 2988590
67.267 1.079958800035659e-35 5.889742909093169e-35 2970498
67.3132 1.069101353130597e-35 5.833696699421259e-35 2938226
67.3594 1.061800190672346e-35 5.777244257599884e-35 2910458
67.4056 1.051211999738027e-35 5.735611130969677e-35 2883180
67.4518 1.043988124433528e-35 5.693926483571878e-35 2860964
67.498 1.035837116115993e-35 5.650322264993712e-35 2833284
67.5442 1.026894468530596e-35 5.606552580161124e-35 2808758
67.5904 1.017501083454537e-35 5.553550471369e-35 2780862
67.6366 1.008676366987332e-35 5.513512539991253e-35 2758742
67.6828 1.00283342325606e-35 5.463276901288384e-35 2734520
67.729 9.936371912277079e-36 5.421604121329718e-35 2707878
67.7752 9.84351385813642e-36 5.379822243982779e-35 2685368
67.8214 9.762060151382645e-36 5.323658112822608e-35 2660304
67.8676 9.726229851726526e-36 5.300415495741759e-35 2642216
67.9138 9.616101872185226e-36 5.239718272977672e-35 2610312
67.96 9.554321844676152e-36 5.206929313804128e-35 2593256
68.0062 9.461873287360547e-36 5.164831568400457e-35 2569946
68.0524 9.387554589213539e-36 5.121994040833102e-35 2542752
68.0986 9.332129932628283e-36 5.095422178611543e-35 2526218
68.1448 9.245450918136764e-36 5.047358694332896e-35 2501610
68.191 9.188936817524134e-36 5.006615680441922e-35 2479202
68.2372 9.116638111496166e-36 4.980426788873679e-35 2457824
68.2834 9.050999141436632e-36 4.925333574511754e-35 2436522
68.3296 8.955296781898569e-36 4.885765685855239e-35 2413964
68.3758 8.930855784004193e-36 4.866325840069965e-35 2396034
68.422 8.817743810948641e-36 4.814807134308534e-35 2369162
68.4682 8.793526601085345e-36 4.796408297668611e-35 2354394
68.5144 8.719161684589134e-36 4.76159919852729e-35 2332340
68.5606 8.633710720104529e-36 4.70855034225633e-35 2309150
68.6068 8.570748832952767e-36 4.681717565739604e-35 2288172
68.653 8.504026539371213e-36 4.645056612664628e-35 2269922
68.6992 8.441814198603123e-36 4.603864860771774e-35 2250780
68.7454 8.377703590685666e-36 4.582383499061389e-35 2229338
68.7916 8.32639412014952e-36 4.536998396683877e-35 2210772
68.8378 8.25982015908381e-36 4.505435983217725e-35 2192108
68.884 8.197209065826104e-36 4.468987151790921e-35 2170988
68.9302 8.133330608018835e-36 4.441298055872734e-35 2152722
68.9764 8.08101709120682e-36 4.409208690307229e-35 2132996
69.0226 8.020353712765025e-36 4.369939689118702e-35 2117244
69.0688 7.945857521966879e-36 4.324105875058962e-35 2092700
69.115 7.869593107130667e-36 4.298845521787376e-35 2074508
69.1612 7.842833501746995e-36 4.277916676112764e-35 2061852
69.2074 7.779668074713851e-36 4.241766859327874e-35 2041724
69.2536 7.681955130269272e-36 4.205094591129967e-35 2018460
69.2998 7.665617380726359e-36 4.174213949247499e-35 2003006
69.346 7.598632703128531e-36 4.149038089189927e-35 1989396
69.3922 7.519290483104633e-36 4.110010248612249e-35 1968260
69.4384 7.472146504153623e-36 4.073730394982697e-35 1946780
69.4846 7.399344177452427e-36 4.050541413823535e-35 1934142
69.5308 7.364573900323546e-36 4.03257020837054e-35 1918124
69.577 7.314715860250178e-36 3.992646393578618e-35 1896468
69.6232 7.250914296290561e-36 3.954188665808035e-35 1879406
69.6694 7.198789443346123e-36 3.921571095436205e-35 1864284
69.7156 7.144523476935231e-36 3.906457022862048e-35 1850846
69.7618 7.073336506401051e-36 3.858737287412771e-35 1826084
69.808 7.031796422512155e-36 3.835668313538786e-35 1814094
69.8542 6.980908616452124e-36 3.808046609962285e-35 1799300
69.9004 6.91981557811396e-36 3.780878277354656e-35 1780710
69.9466 6.88651672927558e-36 3.758375766134455e-35 1764884
69.9928 6.810516053846851e-36 3.702911431104327e-35 1744434
70.039 6.759202142706559e-36 3.69249051945008e-35 1734356
70.0852 6.715994616500524e-36 3.662917430507617e-35 1717670
70.1314 6.6402928209258e-36 3.633841593953506e-35 1697718
70.1776 6.589118743714447e-36 3.607523723551433e-35 1682948
70.2238 6.579605640887626e-36 3.586795347278611e-35 1670502
70.27 6.51352687628307e-36 3.557059047296612e-35 1654382
70.3162 6.453391990860583e-36 3.520288312490324e-35 1635902
70.3624 6.418050483038614e-36 3.502118932139182e-35 1623948
70.4086 6.371901131435306e-36 3.470696797739262e-35 1607870
70.4548 6.304205288127201e-36 3.447238121576318e-35 1591710
70.501 6.251578520638437e-36 3.409620674587023e-35 1575254
70.5472 6.219339146105691e-36 3.395550383792825e-35 1565550
70.5934 6.150918950540445e-36 3.363960389156324e-35 1546364
70.6396 6.102666479482489e-36 3.335798047440276e-35 1531526
70.6858 6.074770306624596e-36 3.311498937874263e-35 1516926
70.732 6.049583671012085e-36 3.289952398474158e-35 1508390
70.7782 5.958300338155988e-36 3.25404065246052e-35 1486182
70.8244 5.927276418812716e-36 3.238756799763698e-35 1475414
70.8706 5.873691225445953e-36 3.203360841147746e-35 1459662
70.9168 5.830022508115269e-36 3.185204789041944e-35 1447358
70.963 5.783372950838308e-36 3.152360116103991e-35 1433654
71.0092 5.736301930834512e-36 3.132507641431178e-35 1417218
71.0554 5.689456411491069e-36 3.105329189711891e-35 1405838
71.1016 5.656102267547755e-36 3.080893634638247e-35 1392414
71.1478 5.597420821817007e-36 3.056509570279536e-35 1376246
71.194 5.574619079216646e-36 3.034084601951306e-35 1363542
71.2402 5.53018216195458e-36 3.015926618126844e-35 1352918
71.2864 5.470330774596966e-36 2.987628681072164e-35 1338134
71.3326 5.432564327118978e-36 2.966117299421373e-35 1323840
71.3788 5.380321601329158e-36 2.926827011624975e-35 1308782
71.425 5.345355080988732e-36 2.922269683162537e-35 1301238
71.4712 5.300999086363846e-36 2.903916030194775e-35 1284854
71.5174 5.250636251571221e-36 2.859389134848321e-35 1268942
71.5636 5.211533528669072e-36 2.842687353733981e-35 1261590
71.6098 5.180508894616591e-36 2.823818984196769e-35 1247528
71.656 5.139203936168609e-36 2.799523625326227e-35 1233438
71.7022 5.0881499744576e-36 2.777515947994385e-35 1217750
71.7484 5.0748116036899e-36 2.763631583686005e-35 1213134
71.7946 5.010682553036876e-36 2.724924559514944e-35 1197782
71.8408 4.949918549404774e-36 2.6989211576077e-35 1180700
71.887 4.9293463603326e-36 2.689710863466264e-35 1171854
71.9332 4.888388307244783e-36 2.675015397819963e-35 1163174
71.9794 4.827972512931753e-36 2.636304942954957e-35 1146192
72.0256 4.803135930786222e-36 2.622731336205031e-35 1135046
72.0718 4.7508746889302e-36 2.599507023165034e-35 1124070
72.118 4.726135052287438e-36 2.574805215298638e-35 1113638
72.1642 4.685344051729272e-36 2.559492594686909e-35 1100408
72.2104 4.642960087860607e-36 2.528543603875794e-35 1087734
72.2566 4.593736625905304e-36 2.507963532994051e-35 1078334
72.3028 4.577567177615524e-36 2.490556040605747e-35 1066848
72.349 4.550027009336059e-36 2.47864108906958e-35 1055558
72.3952 4.476157175041599e-36 2.444720559259678e-35 1039512
72.4414 4.45754150248949e-36 2.427675280590835e-35 1034006
72.4876 4.424729708524183e-36 2.412420779035145e-35 1023206
72.5338 4.368199465425629e-36 2.38250598680384e-35 1008276
72.58 4.337831659555043e-36 2.352384592227294e-35 996998
72.6262 4.308994813394664e-36 2.356866708411732e-35 990336
72.6724 4.262063686778892e-36 2.328757240763335e-35 977246
72.7186 4.209550061637742e-36 2.303755997769845e-35 964328
72.7648 4.187117274247668e-36 2.286537932935296e-35 955686
72.811 4.169214731767398e-36 2.267322160206778e-35 947630
72.8572 4.099637901045766e-36 2.241555121126863e-35 932496
72.9034 4.080814689829354e-36 2.228647019722659e-35 923126
72.9496 4.04937553542907e-36 2.213996250158975e-35 915264
72.9958 3.994439871773864e-36 2.181549316531458e-35 902150
73.042 3.98455097027389e-36 2.169067939882899e-35 893672
73.0882 3.925743488188774e-36 2.141405521411755e-35 880782
73.1344 3.920503481928815e-36 2.13296899381893e-35 875360
73.1806 3.857775433579688e-36 2.102637050859908e-35 862326
73.2268 3.84589384752852e-36 2.094134088047857e-35 852140
73.273 3.785184007200026e-36 2.078336504438524e-35 842544
73.3192 3.771716804248518e-36 2.044203234941323e-35 832910
73.3654 3.740347132213205e-36 2.029384592227356e-35 824288
73.4116 3.677774592440097e-36 2.011489135816747e-35 812262
73.4578 3.664403204932918e-36 1.986282049100265e-35 804728
73.504 3.617886445516014e-36 1.973769208882805e-35 795486
73.5502 3.595684904919599e-36 1.959428539518122e-35 784520
73.5964 3.560349427569347e-36 1.936907550963706e-35 773576
73.6426 3.516408453650374e-36 1.91559525463255e-35 767574
73.6888 3.498097446425409e-36 1.906616632055647e-35 757976
73.735 3.455031014700054e-36 1.883059187755011e-35 747246
73.7812 3.420590466325405e-36 1.858171886974062e-35 736088
73.8274 3.407019441837816e-36 1.858877773908625e-35 733116
73.8736 3.368114656716628e-36 1.827023585210167e-35 720086
73.9198 3.332221813963793e-36 1.809259445096121e-35 710432
73.966 3.289387473347534e-36 1.800508691826171e-35 702960
74.0122 3.261581378848722e-36 1.781380628507639e-35 695102
74.0584 3.243171864093671e-36 1.76341476146545e-35 685680
74.1046 3.194198728015212e-36 1.738728882768655e-35 674000
74.1508 3.188173203605974e-36 1.733758391331854e-35 669294
74.197 3.141602835301777e-36 1.711683723446379e-35 661064
74.2432 3.103613645852548e-36 1.6950507889036e-35 649664
74.2894 3.072929031753431e-36 1.67483355290975e-35 641262
74.3356 3.040074499513905e-36 1.656293641791041e-35 636632
74.3818 3.006922469414431e-36 1.645202077211964e-35 627324
74.428 2.965942561729079e-36 1.618291679834766e-35 615680
74.4742 2.944505042093466e-36 1.608685228773636e-35 607974
74.5204 2.930909635689567e-36 1.598733007406399e-35 604784
74.5666 2.885020821338601e-36 1.575590685564475e-35 593216
74.6128 2.852744714625024e-36 1.55351225035653e-35 583830
74.659 2.826941565652406e-36 1.541673403217085e-35 578624
74.7052 2.795859377485601e-36 1.519759818814139e-35 571152
74.7514 2.768929087463879e-36 1.514228723759693e-35 562616
74.7976 2.717188846909534e-36 1.483260996573396e-35 551246
74.8438 2.712765041900025e-36 1.480295080336027e-35 549072
74.89 2.693107672730496e-36 1.465166593444121e-35 540848
74.9362 2.648337260603987e-36 1.434416017515856e-35 529620
74.9824 2.624816723647217e-36 1.42857916802673e-35 523232
75.0286 2.595664972466213e-36 1.417910373237577e-35 518286
75.0748 2.576912615265879e-36 1.398886745814487e-35 511160
75.121 2.528467828817113e-36 1.379810676785087e-35 500648
75.1672 2.504772924541195e-36 1.366299475694055e-35 493848
75.2134 2.49532579412046e-36 1.350738210319263e-35 489776
75.2596 2.458144390611033e-36 1.330503747539404e-35 480798
75.3058 2.431583371998897e-36 1.322035050017012e-35 472664
75.352 2.394085091673009e-36 1.302893026404946e-35 467208
75.3982 2.373020974970276e-36 1.298140413174462e-35 461456
75.4444 2.334278658324652e-36 1.271391250522773e-35 451988
75.4906 2.302881726613707e-36 1.262563264741419e-35 443496
75.5368 2.294120932000953e-36 1.250724440331434e-35 441638
75.583 2.2555503767173e-36 1.235473060721852e-35 433968
75.6292 2.241110703820504e-36 1.215865108773965e-35 425888
75.6754 2.213174994486143e-36 1.20252000065227e-35 417600
75.7216 2.17707955865761e-36 1.19239034929591e-35 414632
75.7678 2.160917757731703e-36 1.175718539043361e-35 407024
75.814 2.13924114434207e-36 1.157431877092549e-35 399048
75.8602 2.111957689764251e-36 1.150590699759865e-35 393878
75.9064 2.086021070230683e-36 1.134397970805802e-35 389196
75.9526 2.049649104738774e-36 1.116313263614425e-35 380816
75.9988 2.024781186834705e-36 1.10142068325768e-35 373160
76.045 1.996272682059432e-36 1.090373823289951e-35 370176
76.0912 1.994963531553821e-36 1.078562404113479e-35 364856
76.1374 1.948010647849237e-36 1.065771657834172e-35 356088
76.1836 1.927525249847582e-36 1.048612664110193e-35 348848
76.2298 1.906300516535572e-36 1.039410869156425e-35 347208
76.276 1.881786220559245e-36 1.020936546331157e-35 339944
76.3222 1.8463789710283e-36 1.000885108967025e-35 331856
76.3684 1.833598595223639e-36 9.952015390366878e-36 327150
76.4146 1.813366250330508e-36 9.860328539529495e-36 324092
76.4608 1.778792347965805e-36 9.675079516017263e-36 316944
76.507 1.762451685959844e-36 9.525642210473743e-36 309512
76.5532 1.735667089996957e-36 9.458372089208343e-36 305496
76.5994 1.724980281600765e-36 9.353962005988193e-36 301904
76.6456 1.678815835354687e-36 9.162076682267455e-36 293552
76.6918 1.660234545720924e-36 9.024053244679506e-36 287328
76.738 1.65143119858535e-36 8.968175197675374e-36 285656
76.7842 1.62981877055127e-36 8.82501982292362e-36 279936
76.8304 1.60102323218366e-36 8.686965887369614e-36 273404
76.8766 1.564513714427015e-36 8.485499152163934e-36 264384
76.9228 1.571514855249927e-36 8.523530491581056e-36 266672
76.969 1.533517366978055e-36 8.32929032575859e-36 259208
77.0152 1.501082713422455e-36 8.203584304821506e-36 252216
77.0614 1.48419365033362e-36 8.04208994824069e-36 247088
77.1076 1.469864830639701e-36 8.018899886682916e-36 245664
77.1538 1.454206080639505e-36 7.841483355813837e-36 239288
77.2 1.410163697170287e-36 7.665647061212126e-36 231968
77.2462 1.407418592597683e-36 7.613539871438824e-36 229608
77.2924 1.392420633174334e-36 7.585980372247291e-36 226340
77.3386 1.367768806448447e-36 7.388989361666043e-36 219360
77.3848 1.336640262452376e-36 7.203722133065811e-36 213104
77.431 1.320439352788126e-36 7.178629670535373e-36 213024
77.4772 1.313503095953823e-36 7.080234507307177e-36 208088
77.5234 1.266080327006705e-36 6.854446485673147e-36 200336
77.5696 1.248919909776133e-36 6.743756203361679e-36 195552
77.6158 1.248644460263025e-36 6.754626451870118e-36 196328
77.662 1.219612409159045e-36 6.537045774091071e-36 189792
77.7082 1.189844757616821e-36 6.425128368073406e-36 183908
77.7544 1.162138913633025e-36 6.320469625206387e-36 179424
77.8006 1.16253888722295e-36 6.330042508815311e-36 178760
77.8468 1.141474290794881e-36 6.121655794090884e-36 172928
77.893 1.108650206989481e-36 6.00296928333781e-36 167352
77.9392 1.097247860129172e-36 5.903714317053991e-36 164984
77.9854 1.081923554188273e-36 5.851257129481869e-36 161736
78.0316 1.057067858824075e-36 5.712739606030836e-36 157112
78.0778 1.022207835879649e-36 5.520068195750183e-36 150848
78.124 1.030384148343677e-36 5.584737370245087e-36 151332
78.1702 1.014281899421155e-36 5.46148602809943e-36 146720
78.2164 9.710299594331268e-37 5.276112118520578e-36 140874
78.2626 9.515773550592735e-37 5.12021806148765e-36 136832
78.3088 9.61424097206224e-37 5.210131641209021e-36 137904
78.355 9.259292499497905e-37 5.00401481066142e-36 131384
78.4012 8.89348931913676e-37 4.842123075161319e-36 126248
78.4474 8.870158991252348e-37 4.782113189717103e-36 124152
78.4936 8.843095125982063e-37 4.814335909692317e-36 123896
78.5398 8.5333854684674e-37 4.562152207125566e-36 117588
78.586 8.187887551351958e-37 4.361687149130444e-36 112160
78.6322 8.270527927788909e-37 4.39081435684551e-36 112488
78.6784 8.139641189184177e-37 4.361824162123109e-36 110072
78.7246 7.699997410932859e-37 4.19885797979949e-36 104906
78.7708 7.347136861638912e-37 3.988845951078015e-36 98880
78.817 7.703572448448143e-37 4.121099247706396e-36 101408
78.8632 7.360796714550922e-37 3.969215454213615e-36 97128
78.9094 7.115334707517613e-37 3.773526158674139e-36 92504
78.9556 6.781207806714079e-37 3.661308404927655e-36 88308
79.0018 6.966329263673338e-37 3.73280269632065e-36 89504
79.048 6.677549124355856e-37 3.567472268347462e-36 85064
79.0942 6.395310238201471e-37 3.396589424834212e-36 80856
79.1404 6.234665763233463e-37 3.356709962459044e-36 78914
79.1866 6.294258329739218e-37 3.361078393084136e-36 77928
79.2328 5.954058396751462e-37 3.189603171677401e-36 73760
79.279 5.682514424850813e-37 3.019432975103829e-36 69752
79.3252 5.791432708729551e-37 3.133957486020781e-36 70788
79.3714 5.558802465878785e-37 2.967007735874559e-36 66920
79.4176 5.291942215140812e-37 2.795084607390529e-36 63192
79.4638 5.020089580906562e-37 2.6650228514787e-36 59594
79.51 5.384333530686434e-37 2.838332421935918e-36 62760
79.5562 4.899574982965262e-37 2.597399136558186e-36 56720
79.6024 4.651688525373612e-37 2.431188076776884e-36 53384
79.6486 4.603341219266244e-37 2.429280830758598e-36 52272
79.6948 4.774117879039144e-37 2.517023480881567e-36 53456
79.741 4.224402900986189e-37 2.249558059355276e-36 47676
79.7872 4.006633422672909e-37 2.062656510402096e-36 44234
79.8334 4.127888739078683e-37 2.183635113201703e-36 45288
79.8796 4.129853275305063e-37 2.172726867675721e-36 44960
79.9258 3.649128081661407e-37 1.916564167265107e-36 39344
79.972 3.366546330795503e-37 1.737751166051339e-36 35664
80.0182 3.762060454144568e-37 1.92429383503418e-36 39440
80.0644 3.535927169995984e-37 1.857568547892672e-36 37194
80.1106 3.005382708922429e-37 1.556337898710828e-36 31484
80.1568 2.786324749884213e-37 1.447062636715539e-36 28848
80.203 3.292127894554302e-37 1.677155326143501e-36 33200
80.2492 2.972249251218736e-37 1.544889300284072e-36 30056
80.2954 2.453595285647647e-37 1.260026132460139e-36 24570
80.3416 2.42534821217371e-37 1.241219418831041e-36 23936
80.3878 2.673807070687167e-37 1.375201026715189e-36 26640
80.434 2.409255507847886e-37 1.226564788498936e-36 23624
80.4802 1.8632929217453e-37 9.458536741191797e-37 18020
80.5264 2.093113199886147e-37 1.051180578267137e-36 19986
80.5726 2.143560940169001e-37 1.096623889712728e-36 20744
80.6188 1.910771143943628e-37 9.763846541096349e-37 18000
80.665 1.314754195954167e-37 6.520778986934902e-37 12152
80.7112 1.772470792090503e-37 8.736910520986177e-37 16488
80.7574 1.703088541363905e-37 8.415113955009189e-37 15698
80.8036 1.435914900060052e-37 7.188331925914222e-37 13136
80.8498 9.236159215399014e-38 4.336397034538864e-37 8196
80.896 1.364081681405643e-37 6.775096982981338e-37 12488
80.9422 1.267465478523704e-37 6.031080091194103e-37 11250
80.9884 1.035034015993494e-37 4.84457628220635e-37 8984
81.0346 6.491178205988837e-38 3.053904387344975e-37 5736
81.0808 9.79920558179735e-38 4.576774537308981e-37 8456
81.127 8.69947147758259e-38 4.255197961428531e-37 7448
81.1732 6.365601269622514e-38 3.050087092090543e-37 5538
81.2194 4.547477981564942e-38 2.047210619996785e-37 3884
81.2656 5.9615671490842e-38 2.838657421702613e-37 5208
81.3118 5.151290488035355e-38 2.424061681316485e-37 4424
81.358 2.648381991023993e-38 1.231527196564319e-37 2186
81.4042 3.806517287373598e-38 1.656859243527027e-37 3120
81.4504 3.30388853623002e-38 1.571687298792072e-37 2744
81.4966 2.68444275743442e-38 1.17256542528166e-37 2184
81.5428 1.082989206578158e-38 4.774861688282715e-38 902
81.589 1.68718139569494e-38 8.025393610130333e-38 1464
81.6352 1.3279079484651e-38 5.817011098869115e-38 1064
81.6814 9.395505808235633e-39 4.101597703944945e-38 728
81.7276 3.491634550589564e-39 1.355478545865311e-38 258
81.7738 4.192514655543139e-39 1.754509728790815e-38 344
81.82 1.787500199368693e-39 7.389264287946932e-39 168
81.8662 6.064186030214156e-40 1.611326134404023e-39 56
81.9124 7.849885162312157e-41 9.297084729355054e-41 7


0.0461999 5.317342523056271e-09 3.839768027510431e-12 18
0.0923998 2.328395403504368e-08 8.278880787682082e-11 62
0.1386 3.25684410702553e-08 2.262800107794418e-10 98
0.1848 6.951164075891349e-08 9.580698412837643e-10 210
0.230999 1.192360728381694e-07 2.718009777746929e-09 350
0.277199 1.591270760930548e-07 5.237698161470777e-09 450
0.323399 2.04961302561029e-07 1.199937952560453e-08 602
0.369599 2.663818366839839e-07 2.052931724497566e-08 762
0.415799 3.295617979714522e-07 4.077561771255697e-08 1142
0.461999 3.99927848442791e-07 5.678934828904633e-08 1250
0.508199 4.471079808178233e-07 7.480506070677375e-08 1458
0.554399 5.33419731562715e-07 1.207971412462222e-07 1814
0.600599 6.480791124656747e-07 1.712079321365274e-07 2178
0.646798 7.018097287711968e-07 2.25176402583629e-07 2498
0.692998 7.170539152361224e-07 2.863983819768003e-07 2622
0.739198 9.586302612471024e-07 4.167586541955943e-07 3338
0.785398 1.025006150080566e-06 5.164071222243792e-07 3722
0.831598 1.098480860929926e-06 6.872665700851419e-07 4170
0.877798 1.156170331139529e-06 7.808350007395297e-07 4358
0.923998 1.313842204171856e-06 1.025420513594483e-06 5034
0.970198 1.411927994771132e-06 1.292968824112765e-06 5714
1.0164 1.515250686432523e-06 1.515082101964397e-06 5982
1.0626 1.639649962056474e-06 1.711926772051737e-06 6602
1.1088 1.770752784311516e-06 2.111053300120678e-06 7130
1.155 2.030793461897325e-06 2.578204051331621e-06 8034
1.2012 2.238979777630759e-06 2.979642682899973e-06 8606
1.2474 2.333635778489191e-06 3.266568967926753e-06 9066
1.2936 2.539487925691784e-06 3.886486406647506e-06 9962
1.3398 2.740626512650454e-06 4.484938473719231e-06 10550
1.386 2.894231965119799e-06 5.147503504565413e-06 11226
1.4322 3.092981250329764e-06 5.977644334744638e-06 12146
1.4784 3.098048766619299e-06 6.716446508147584e-06 12606
1.5246 3.43914042088118e-06 7.94434831585952e-06 13802
1.5708 3.600419606600275e-06 9.067515443211235e-06 14754
1.617 3.652760035407156e-06 9.770636849618286e-06 15194
1.6632 4.062805564971552e-06 1.114264553398998e-05 16454
1.7094 4.258433967639608e-06 1.21398134966647e-05 17154
1.7556 4.514621863652825e-06 1.378240778778767e-05 18266
1.8018 4.664432329809888e-06 1.460357665460497e-05 18750
1.848 5.081003414380504e-06 1.652251532873255e-05 20234
1.8942 5.312352048806015e-06 1.856066305635422e-05 21450
1.9404 5.531729478918646e-06 1.972676339106455e-05 21962
1.9866 5.977779783196371e-06 2.199922704837804e-05 23462
2.0328 6.015928936725156e-06 2.412865725279716e-05 24042
2.079 6.379207195527966e-06 2.694090664545416e-05 25946
2.1252 6.40881631601105e-06 2.904334191070622e-05 26118
2.17139 6.696673323010053e-06 3.189117708967783e-05 27506
2.21759 7.130232075937527e-06 3.533131649557948e-05 29066
2.26379 7.465027673601744e-06 3.88905652524204e-05 30450
2.30999 7.761224375963939e-06 4.172433951637404e-05 31742
2.35619 7.86193888796139e-06 4.343309374462707e-05 32250
2.40239 8.53255368074567e-06 4.787065407192093e-05 34250
2.44859 8.790978920205333e-06 5.134728980967608e-05 35454
2.49479 9.021687053537412e-06 5.456687398116787e-05 36434
2.54099 9.380241044346416e-06 5.86226430583675e-05 37682
2.58719 9.794723319197428e-06 6.312777436991375e-05 39294
2.63339 1.040514507690997e-05 6.889254617818077e-05 41426
2.67959 1.050953157631646e-05 7.33319368010746e-05 42066
2.72579 1.082719886863598e-05 7.913007832786542e-05 43490
2.77199 1.114521386822128e-05 8.531988006519002e-05 45702
2.81819 1.153403023056054e-05 9.194495808014763e-05 46634
2.86439 1.187121490757169e-05 9.955799861399195e-05 48554
2.91059 1.182705849716963e-05 0.0001027424077512317 48870
2.95679 1.261247813845683e-05 0.0001108871502393802 51554
3.00299 5.605630076339264e-06 5.090640718596084e-05 54090
3.04919 4.532051347698022e-13 4.132576373435821e-12 54314
3.09539 4.382962211104891e-13 4.177843716894358e-12 56910
3.14159 4.082029567183647e-13 4.065597268683193e-12 57482
3.18779 3.994472912703736e-13 4.129522041490174e-12 60626
3.23399 3.741156127836847e-13 4.026042710805248e-12 61206
3.28019 3.575357180872539e-13 3.971084427591476e-12 62570
3.32639 3.575616530546604e-13 4.011042302615171e-12 65730
3.37259 3.382347739502758e-13 3.977662416008216e-12 66686
3.41879 3.351484418290019e-13 3.975983511964775e-12 69698
3.46499 3.192208013461207e-13 3.915370284158585e-12 70026
3.51119 3.117640035092146e-13 3.917774942552744e-12 72746
3.55739 3.044184930648817e-13 3.927131617774279e-12 74910
3.60359 2.909108092344653e-13 3.827177144976601e-12 75722
3.64979 2.831216532728038e-13 3.877697222642593e-12 78378
3.69599 2.738376387736104e-13 3.899636428802233e-12 80030
3.74219 2.687108288896449e-13 3.926880569616407e-12 83186
3.78839 2.588693663743373e-13 3.882839911052099e-12 84666
3.83459 2.48219811536644e-13 3.884050109188812e-12 86546
3.88079 2.354493829716283e-13 3.83720136598055e-12 88134
3.92699 2.353936093969426e-13 3.793714160761026e-12 91538
3.97319 2.257565396978862e-13 3.788715167931787e-12 93138
4.01939 2.18844553167709e-13 3.721171056299725e-12 94478
4.06559 2.118398332982385e-13 3.691102765304946e-12 97274
4.11179 2.074543806009025e-13 3.597444665273211e-12 99690
4.15799 2.03546228591811e-13 3.608447764529151e-12 102590
4.20419 1.933869029747879e-13 3.517933750005069e-12 103770
4.25039 1.878226992386438e-13 3.496649994585063e-12 106346
4.29659 1.786432579597101e-13 3.445705185260695e-12 108546
4.34279 1.702517565324877e-13 3.381735962881828e-12 110726
4.38899 1.626028454103042e-13 3.314758433715894e-12 112322
4.43519 1.561025915641233e-13 3.303676680546357e-12 115890
4.48139 1.511986719905073e-13 3.215187831200053e-12 118766
4.52759 1.448594761142335e-13 3.201243431968651e-12 122298
4.57379 1.357812212894505e-13 3.033572061340458e-12 122090
4.61999 1.312312987654707e-13 2.958862555452505e-12 125810
4.66619 1.265603045622924e-13 2.847882513382485e-12 128190
4.71239 1.195029277644e-13 2.77285001104353e-12 130994
4.75859 1.140466577766575e-13 2.659677887669942e-12 133722
4.80479 1.06109507236553e-13 2.494195443588224e-12 133886
4.85099 1.028464936953147e-13 2.491253088570991e-12 140538
4.89719 9.483995078778919e-14 2.341041410056245e-12 140594
4.94339 8.837320686691372e-14 2.226763060651953e-12 143594
4.98959 8.166118067879598e-14 2.133824026055994e-12 146310
5.03579 7.70330782177281e-14 2.038906000443746e-12 150650
5.08199 6.980808503725589e-14 1.891175610803967e-12 151914
5.12819 6.317951150754136e-14 1.759721542462535e-12 153398
5.17439 5.826724649288084e-14 1.651747332015337e-12 157866
5.22059 5.338821900785328e-14 1.516201479929286e-12 160658
5.26679 4.843993067590468e-14 1.377300947368784e-12 164102
5.31299 4.298857048331301e-14 1.236967209780791e-12 164994
5.35919 3.842201776717885e-14 1.119537779038814e-12 169850
5.40539 3.379351358391036e-14 9.932215325010101e-13 172986
5.45159 2.892172838647393e-14 8.539576919380803e-13 173894
5.49779 2.476324483469128e-14 7.387075861609599e-13 176778
5.54399 2.096261867768467e-14 6.308267476416973e-13 181802
5.59019 1.690863047321751e-14 5.230455051318602e-13 184430
5.63639 1.342712655593968e-14 4.217318300729595e-13 187242
5.68259 1.032513012448395e-14 3.302071772677087e-13 190250
5.72879 7.580134548397646e-15 2.470634681343304e-13 192570
5.77499 5.267661163766524e-15 1.756238406057284e-13 198254
5.82119 3.255667587609763e-15 1.111932968176848e-13 198074
5.86739 1.820449191891905e-15 6.331675133800128e-14 202050
5.91359 7.886803801179346e-16 2.756444944478658e-14 205502
5.95979 1.836546763387857e-16 6.523586692209744e-15 210666
6.00599 3.443621392657024e-18 1.250302274742978e-16 212426
6.05219 7.432510998939849e-20 2.751997209728346e-18 213918
6.09839 7.221663679992096e-20 2.660628112544002e-18 220994
6.14459 6.795504595478886e-20 2.557169478704231e-18 221522
6.19079 6.525876053878498e-20 2.493515676214416e-18 226314
6.23699 6.089232514475131e-20 2.380455284554864e-18 227294
6.28319 5.82051977660589e-20 2.324809309269557e-18 232962
6.32939 5.521160737954116e-20 2.269001648431116e-18 237818
6.37559 5.17491662565048e-20 2.173256710290898e-18 238398
6.42178 4.856320886978224e-20 2.084671519198201e-18 241418
6.46798 4.683368902753614e-20 2.019179068978254e-18 246818
6.51418 4.406551157643837e-20 1.92663967923e-18 249906
6.56038 4.224029745834723e-20 1.862585501562808e-18 254702
6.60658 3.946123935776207e-20 1.748908671929604e-18 254418
6.65278 3.793257957239453e-20 1.676543026806043e-18 260354
6.69898 3.612318313149122e-20 1.606782285859042e-18 264974
6.74518 3.413748484069327e-20 1.539420181197041e-18 268722
6.79138 3.173406451261251e-20 1.466865928371658e-18 271562
6.83758 2.982669738840083e-20 1.414447055175478e-18 275586
6.88378 2.793257287632754e-20 1.357851744333647e-18 280190
6.92998 2.596618125165011e-20 1.294681456451656e-18 282834
6.97618 2.406523343638359e-20 1.22868644125063e-18 285170
7.02238 2.253937453721924e-20 1.175844345812033e-18 289886
7.06858 2.112062826693837e-20 1.114565302501444e-18 294474
7.11478 1.985642900091795e-20 1.050785999713141e-18 299498
7.16098 1.847217996193729e-20 9.776503447889394e-19 299958
7.20718 1.735594528818564e-20 9.204014734824333e-19 305858
7.25338 1.626244969346988e-20 8.584395393727032e-19 310794
7.29958 1.506737074958276e-20 7.972020832508232e-19 313082
7.34578 1.389460334870051e-20 7.454829244925784e-19 316046
7.39198 1.285646321520432e-20 7.001322886807731e-19 322218
7.43818 1.1838119638779e-20 6.585684016045331e-19 328562
7.48438 1.060032730833238e-20 6.073573572530031e-19 327990
7.53058 9.715532745607538e-21 5.681062892416919e-19 335282
7.57678 8.666022719312275e-21 5.275568201986785e-19 335970
7.62298 7.882524445089453e-21 4.907793790248002e-19 344066
7.66918 6.995563232750062e-21 4.411038467180355e-19 343718
7.71538 6.36284440402851e-21 4.044974774093167e-19 351498
7.76158 5.670755262285517e-21 3.626080237992625e-19 354458
7.80778 5.100253336554511e-21 3.235122336191095e-19 358566
7.85398 4.590600262462859e-21 2.87139232009352e-19 366122
7.90018 3.97438589129114e-21 2.497908393009959e-19 365810
7.94638 3.518854858339433e-21 2.191323001472937e-19 371622
7.99258 3.052650817994973e-21 1.903911345426079e-19 375986
8.03878 2.627765139583465e-21 1.653967429899942e-19 382170
8.08498 2.185330460064262e-21 1.408726012720458e-19 381818
8.13118 1.844967858443135e-21 1.210692125189255e-19 389574
8.17738 1.508986848508481e-21 1.02349555878485e-19 393698
8.22358 1.223901634777008e-21 8.558104772161845e-20 399458
8.26978 9.719704278356803e-22 7.01863726184885e-20 402222
8.31598 7.702288124321661e-22 5.623341746141886e-20 406922
8.36218 5.958093807093167e-22 4.434480139303027e-20 412842
8.40838 4.535879138395141e-22 3.362146237378593e-20 415346
8.45458 3.367353493051282e-22 2.515630519054939e-20 421182
8.50078 2.432521354030702e-22 1.807093669698718e-20 425018
8.54698 1.712941052059758e-22 1.250409173010704e-20 431138
8.59318 1.148220880166689e-22 8.278836709574632e-21 434382
8.63938 7.257463642513665e-23 5.239558115102241e-21 439514
8.68558 4.297449718163815e-23 3.093449716941487e-21 444738
8.73178 2.318907780009074e-23 1.677284657114236e-21 448910
8.77798 1.099824219682221e-23 8.082675067442046e-22 450618
8.82418 4.444994205278209e-24 3.331513075113725e-22 459554
8.87038 1.346758205384569e-24 1.039914461637803e-22 463106
8.91658 2.484771703920491e-25 1.963204805441926e-23 467094
8.96278 1.581273269169987e-26 1.281965258500329e-24 474938
9.00898 7.010311517743278e-28 6.008119288281945e-26 477186
9.05518 6.380245470754232e-28 5.536468927044286e-26 484670
9.10138 5.864847100280274e-28 5.149343219704391e-26 487010
9.14758 5.427147736852782e-28 4.816590967631455e-26 493314
9.19378 4.971714840772434e-28 4.455020132310107e-26 496322
9.23998 4.573232309437475e-28 4.144145534936546e-26 501702
9.28618 4.218807790283676e-28 3.861914142771986e-26 508562
9.33238 3.878573094390036e-28 3.602399602505156e-26 514242
9.37858 3.542902700020631e-28 3.30109945678132e-26 516158
9.42478 3.241715268041327e-28 3.063342416059286e-26 522602
9.47098 2.983008767731734e-28 2.825604032200502e-26 530658
9.51718 2.690593092337292e-28 2.575977609743606e-26 530042
9.56338 2.472373973438084e-28 2.387388312744748e-26 538878
9.60958 2.254793463519877e-28 2.189683641246736e-26 544130
9.65578 2.054200902216857e-28 2.011332289095628e-26 551106
9.70198 1.855573810954189e-28 1.828040499517245e-26 553982
9.74818 1.67883964093982e-28 1.661467738832518e-26 558242
9.79438 1.504135769134062e-28 1.518530140404579e-26 564546
9.84058 1.36069686763851e-28 1.378642311576682e-26 570494
9.88678 1.219575256397526e-28 1.251358835511985e-26 576762
9.93298 1.085700570893456e-28 1.121173236993707e-26 578234
9.97918 9.723040900623049e-29 1.016711636558064e-26 585666
10.0254 8.689169992540432e-29 9.173912708631153e-27 594446
10.0716 7.681671866910146e-29 8.14782160119262e-27 595250
10.1178 6.819249555672762e-29 7.317867568263375e-27 603402
10.164 5.99366946256244e-29 6.461175034588349e-27 607382
10.2102 5.312833341779815e-29 5.76142905052253e-27 617010
10.2564 4.583709680354458e-29 5.019027515204527e-27 616778
10.3026 4.0032609910991e-29 4.420301093180279e-27 624746
10.3488 3.478128673605285e-29 3.845817182897668e-27 628062
10.395 3.031718011613228e-29 3.378796101381632e-27 639410
10.4412 2.584718966552237e-29 2.912672889973103e-27 642954
10.4874 2.200668851809042e-29 2.49576690214267e-27 645974
10.5336 1.870689919430755e-29 2.150300708736849e-27 653490
10.5798 1.586349215135359e-29 1.832653171781158e-27 660746
10.626 1.325134907982823e-29 1.539387071108199e-27 664646
10.6722 1.095680688249125e-29 1.283326055609336e-27 667290
10.7184 9.125260320963908e-30 1.082770290839482e-27 679034
10.7646 7.488909555288972e-30 8.903229690048331e-28 682722
10.8108 6.094262466722758e-30 7.285710754555519e-28 691238
10.857 4.847245967623406e-30 5.837444000537519e-28 688602
10.9032 3.911861953317283e-30 4.734665108953747e-28 700826
10.9494 3.080954627777547e-30 3.741353324435683e-28 705662
10.9956 2.389162377618807e-30 2.930584560324954e-28 710082
11.0418 1.84997318639646e-30 2.272208136808173e-28 719162
11.088 1.386542905763582e-30 1.722004989422223e-28 722250
11.1342 1.036581155933155e-30 1.29835118187227e-28 731510
11.1804 7.578864260423164e-31 9.564090884488369e-29 736442
11.2266 5.431575061128429e-31 6.887055675247496e-29 740898
11.2728 3.828166381807601e-31 4.892524804614605e-29 750158
11.319 2.603653652934331e-31 3.36071509015542e-29 754866
11.3652 1.731389727120607e-31 2.242907037241487e-29 760826
11.4114 1.108685853652804e-31 1.44525556268404e-29 764034
11.4576 6.928306603130752e-32 9.07622743176108e-30 773846
11.5038 4.114113153322535e-32 5.426358903485618e-30 779714
11.55 2.314275159650491e-32 3.062067885577246e-30 784314
11.5962 1.225195534317302e-32 1.630785144423754e-30 791342
11.6424 5.98677356481119e-33 8.020753081766623e-31 799458
11.6886 2.648352327786993e-33 3.572757436134035e-31 804962
11.7348 1.049098621790241e-33 1.419192394775665e-31 809550
11.781 3.590245430157046e-34 4.926251816880755e-32 813458
11.8272 1.122598130791156e-34 1.568134659546582e-32 827402
11.8734 4.052969264861394e-35 5.861365232223041e-33 828618
11.9196 2.5779161694969e-35 3.828817484421073e-33 836918
11.9658 2.247741092221707e-35 3.381136254185407e-33 842874
12.012 2.047047345458728e-35 3.085968260631425e-33 849338
12.0582 1.863751664489752e-35 2.827462426722731e-33 858942
12.1044 1.694624098228279e-35 2.561960549348286e-33 860978
12.1506 1.540759787253986e-35 2.325900913155435e-33 868346
12.1968 1.404327454295036e-35 2.112476025905218e-33 875154
12.243 1.280754440566942e-35 1.9191531139944e-33 886214
12.2892 1.156978794389559e-35 1.728369253418186e-33 887346
12.3354 1.04128761523907e-35 1.5729121510262e-33 894986
12.3816 9.422458358906894e-36 1.427142935122378e-33 902774
12.4278 8.420203433227698e-36 1.304819808114415e-33 912114
12.474 7.50251975060823e-36 1.185734795789925e-33 915026
12.5202 6.677198559033898e-36 1.080068475051223e-33 920142
12.5664 5.942303051471869e-36 9.872582728004345e-34 929762
12.6126 5.303420251770048e-36 8.991361984501118e-34 937698
12.6588 4.751339561607423e-36 8.112225924036087e-34 944762
12.705 4.273952759593338e-36 7.287718725439103e-34 948254
12.7512 3.889654406276344e-36 6.517530707167702e-34 956802
12.7974 3.596418929008864e-36 5.812162668995979e-34 967658
12.8436 3.325201493729349e-36 5.06730004960991e-34 969702
12.8898 3.046044547568739e-36 4.453993658105643e-34 974090
12.936 2.84392718351797e-36 3.969081943255349e-34 988482
12.9822 2.599736803009061e-36 3.523008621528854e-34 991994
13.0284 2.368678041850014e-36 3.20457985449475e-34 1001030
13.0746 2.1164841162042e-36 2.958626225564743e-34 1005450
13.1208 1.866369383778352e-36 2.792903214607704e-34 1013738
13.167 1.645709189699519e-36 2.683437057380644e-34 1021710
13.2132 1.442229501327698e-36 2.584628249849559e-34 1023626
13.2594 1.282412509005047e-36 2.500364280552904e-34 1035834
13.3056 1.153417559648915e-36 2.380479539825797e-34 1040786
13.3518 1.081929203513936e-36 2.270520538715895e-34 1053206
13.398 1.048663954712925e-36 2.089777399979725e-34 1057002
13.4442 1.064047319106987e-36 1.927099880812625e-34 1063898
13.4904 1.099170753995584e-36 1.706898434395673e-34 1072782
13.5366 1.135215995256109e-36 1.511010468937485e-34 1078826
13.5828 1.163828015627663e-36 1.345700813833378e-34 1087922
13.629 1.214103604814826e-36 1.232632753743876e-34 1090494
13.6752 1.197717835553079e-36 1.182822191634836e-34 1101362
13.7214 1.1585621628097e-36 1.199359503076134e-34 1109802
13.7676 1.09583852529363e-36 1.269425358523824e-34 1114514
13.8138 1.00978243788339e-36 1.388703795399648e-34 1123926
13.86 9.156540119906738e-37 1.49402217244074e-34 1125986
13.9062 8.356015251368374e-37 1.625319644886597e-34 1143554
13.9524 7.756295229034305e-37 1.714718628307207e-34 1144710
13.9986 7.497437928634961e-37 1.76620046983372e-34 1154018
14.0448 7.464424844006408e-37 1.750384276738309e-34 1159962
14.091 7.834290061607115e-37 1.705825494541642e-34 1170986
14.1372 8.458017455946391e-37 1.63051825088746e-34 1178142
14.1834 9.100542792639992e-37 1.516190834922044e-34 1182674
14.2296 9.853396813829489e-37 1.402865098036102e-34 1191002
14.2758 1.049161348720936e-36 1.30785791664779e-34 1200438
14.322 1.109307225175703e-36 1.243890622462387e-34 1208162
14.3682 1.106744156533795e-36 1.230217685549734e-34 1215258
14.4144 1.080213286117682e-36 1.270207553865732e-34 1224134
14.4606 1.032775892427988e-36 1.352699431548856e-34 1228722
14.5068 9.790681903713709e-37 1.470779809750387e-34 1243154
14.553 9.249117092130588e-37 1.606330293793672e-34 1245434
14.5992 8.624008623768685e-37 1.716892413194518e-34 1255158
14.6454 8.12679362486236e-37 1.811250505186865e-34 1255610
14.6916 7.922519345915959e-37 1.860740735049542e-34 1277562
14.7378 7.829764329909285e-37 1.872975998557754e-34 1274414
14.784 8.001505328108327e-37 1.78644772119544e-34 1285994
14.8302 8.418866153360179e-37 1.739094758430365e-34 1299570
14.8764 8.869393429947372e-37 1.674628371084796e-34 1302122
14.9226 9.536384866378235e-37 1.629996316666241e-34 1311366
14.9688 1.006638677192996e-36 1.549078851634852e-34 1319186
15.015 1.062332826516791e-36 1.497780758151038e-34 1327434
15.0612 1.077371847446705e-36 1.478775349235827e-34 1337294
15.1074 1.082025703677035e-36 1.498852754394523e-34 1342730
15.1536 1.059525273241206e-36 1.564034239856736e-34 1350570
15.1998 1.025249975696607e-36 1.668982615112683e-34 1362590
15.246 9.933391830306713e-37 1.786997530893299e-34 1369698
15.2922 9.45113342452581e-37 1.92275970316687e-34 1374914
15.3384 9.073170964060785e-37 2.039478866544264e-34 1383570
15.3846 8.778693506101979e-37 2.142390534807034e-34 1395374
15.4308 8.594022137682121e-37 2.185266369943576e-34 1396994
15.477 8.734593570249995e-37 2.208184136721702e-34 1411530
15.5232 9.031889390395358e-37 2.145335801917373e-34 1417574
15.5694 9.471923731805676e-37 2.085264357688089e-34 1428834
15.6156 1.003066362452802e-36 2.008947430058023e-34 1439018
15.6618 1.058107074138156e-36 1.915137489863215e-34 1440698
15.708 1.108296500908208e-36 1.842205320059808e-34 1453638
15.7542 1.155029263022628e-36 1.789842347857742e-34 1463426
15.8004 1.169111656532355e-36 1.778785675498587e-34 1471050
15.8466 1.164892115289982e-36 1.810655594143215e-34 1476638
15.8928 1.14675674745731e-36 1.888046427102941e-34 1484466
15.939 1.113370607177919e-36 2.012360844784251e-34 1501154
15.9852 1.062270953804046e-36 2.129685606806168e-34 1501706
16.0314 1.017852457981834e-36 2.263204457122969e-34 1511502
16.0776 9.783393724340627e-37 2.381009355195307e-34 1520234
16.1238 9.545801032615994e-37 2.489444517885988e-34 1535010
16.17 9.431998570396451e-37 2.553066105003933e-34 1543358
16.2162 9.449110704688514e-37 2.557265811874843e-34 1535754
16.2624 9.811334467133758e-37 2.506796740254806e-34 1564802
16.3086 1.020786352442103e-36 2.43826512348948e-34 1563038
16.3548 1.09094713820713e-36 2.378452534847769e-34 1578426
16.401 1.144983131012696e-36 2.280067218869643e-34 1581482
16.4472 1.198943244669559e-36 2.180515202675445e-34 1592250
16.4934 1.225352235159738e-36 2.130093463048224e-34 1602230
16.5396 1.246825063024521e-36 2.098796104622493e-34 1604754
16.5858 1.260486129296093e-36 2.147722716603066e-34 1623458
16.632 1.234793167508001e-36 2.214395972799087e-34 1624910
16.6782 1.206851330315202e-36 2.35596858007793e-34 1645122
16.7244 1.168297821112854e-36 2.497563151278569e-34 1645130
16.7706 1.124312957178914e-36 2.671901071948805e-34 1655706
16.8168 1.074599386621598e-36 2.816636538444318e-34 1663502
16.863 1.040527480316829e-36 2.962702662845793e-34 1675514
16.9092 1.023055837875127e-36 3.046066896342498e-34 1685298
16.9554 1.033365908311838e-36 3.042613608871167e-34 1689566
17.0016 1.059149302873299e-36 2.999770793586905e-34 1697850
17.0478 1.10931113621894e-36 2.939284808805657e-34 1718546
17.094 1.164411795246363e-36 2.811372181085247e-34 1719822
17.1402 1.231218527007714e-36 2.699572058410966e-34 1726586
17.1864 1.280101791387345e-36 2.57572739569203e-34 1739186
17.2326 1.336435204091287e-36 2.50555603546143e-34 1751538
17.2788 1.379726629454255e-36 2.463620311578669e-34 1758062
17.325 1.371713516716808e-36 2.476490306123062e-34 1763010
17.3712 1.365361839240775e-36 2.557921234551625e-34 1778642
17.4174 1.31774409783205e-36 2.681239927412148e-34 1788582
17.4636 1.280332722214824e-36 2.854963506907938e-34 1794746
17.5098 1.235353284988352e-36 3.044035125953113e-34 1803290
17.556 1.176864368329352e-36 3.223614711558441e-34 1811058
17.6022 1.139886954940672e-36 3.433168426939121e-34 1828358
17.6484 1.107738987706824e-36 3.595976117500348e-34 1831362
17.6946 1.105697582322534e-36 3.59112641498874e-34 1842458
17.7408 1.103777808586515e-36 3.441544249104474e-34 1846998
17.787 1.160472822124536e-36 3.401605702784636e-34 1869122
17.8332 1.238146281555383e-36 3.325781445561559e-34 1876346
17.8794 1.309203704303724e-36 3.187921048730609e-34 1879506
17.9256 1.381779847642438e-36 3.057723071048655e-34 1893326
17.9718 1.469906139032074e-36 2.945885992079845e-34 1901826
18.018 1.540040406312915e-36 2.857666424885228e-34 1911962
18.0642 1.540189290604703e-36 2.8382302326432e-34 1919198
18.1104 1.515172945489164e-36 2.900991394547432e-34 1930242
18.1566 1.483697599007068e-36 3.04067317313073e-34 1942442
18.2028 1.437902941089886e-36 3.240521250476653e-34 1951734
18.249 1.37240372867333e-36 3.460265221904345e-34 1955402
18.2952 1.304065212146547e-36 3.704163898424714e-34 1971858
18.3414 1.247695386762901e-36 3.913342022321421e-34 1984898
18.3876 1.205398496543417e-36 4.066147065152485e-34 1986422
18.4338 1.191891445406619e-36 4.19461555045821e-34 1996146
18.48 1.206714602431528e-36 4.204371331990736e-34 2017106
18.5262 1.236551206159163e-36 4.141628434650877e-34 2020638
18.5724 1.320077584203822e-36 4.068833334920553e-34 2029346
18.6186 1.416699612331807e-36 3.90351548716792e-34 2041002
18.6648 1.498372440078289e-36 3.679872913072673e-34 2051450
18.711 1.575440426199829e-36 3.487290934920082e-34 2065886
18.7572 1.642737773195208e-36 3.313819260177712e-34 2064546
18.8034 1.676334259925673e-36 3.25528730166774e-34 2082650
18.8496 1.659443161156102e-36 3.29056676613183e-34 2095182
18.8958 1.625301478668441e-36 3.403270125332157e-34 2101346
18.942 1.592500431983887e-36 3.640189691356542e-34 2115554
18.9882 1.531323258689899e-36 3.91358567110896e-34 2115654
19.0344 1.458303553834491e-36 4.246928208291502e-34 2141066
19.0806 1.365226815379965e-36 4.54304516509298e-34 2139786
19.1268 1.300070655554323e-36 4.763752539426604e-34 2152202
19.173 1.259022690522603e-36 4.895203829768551e-34 2161086
19.2192 1.252227727403385e-36 4.86153938662648e-34 2176058
19.2654 1.279403839094361e-36 4.818396842634586e-34 2190818
19.3116 1.327681627688006e-36 4.670717008835484e-34 2191158
19.3578 1.389877314618328e-36 4.510357755033539e-34 2205314
19.404 1.473641774651519e-36 4.310823445843242e-34 2215554
19.4502 1.578379185997507e-36 4.109596781035843e-34 2230562
19.4964 1.669362654874026e-36 3.931949512430439e-34 2239614
19.5426 1.71324120658843e-36 3.780666995467108e-34 2245706
19.5888 1.727501560988598e-36 3.753784933203324e-34 2259674
19.635 1.717808889431496e-36 3.821607643434375e-34 2273214
19.6812 1.689484203629762e-36 3.970020347044456e-34 2278802
19.7274 1.641597426357512e-36 4.231219212119931e-34 2294034
19.7736 1.558406226448702e-36 4.498612148741231e-34 2294942
19.8198 1.495509986356074e-36 4.85641269233154e-34 2317050
19.866 1.422876652731097e-36 5.156785545597462e-34 2322842
19.9122 1.368818829558383e-36 5.384722874648643e-34 2330810
19.9584 1.336063014085454e-36 5.492009459456989e-34 2345958
20.0046 1.332750578345367e-36 5.512202978831735e-34 2353586
20.0508 1.368431226819457e-36 5.441209049468851e-34 2376210
20.097 1.416593923856794e-36 5.299062470579807e-34 2374502
20.1432 1.493771726212384e-36 5.142894378415411e-34 2386346
20.1894 1.587297749854581e-36 4.940929704776258e-34 2401314
20.2356 1.670410867606969e-36 4.728764671251998e-34 2411450
20.2818 1.744485800217297e-36 4.512536143782816e-34 2420718
20.328 1.776644957411809e-36 4.371397976976926e-34 2425754
20.3742 1.78542559046181e-36 4.390422699169886e-34 2455218
20.4204 1.794144273730199e-36 4.432121519965153e-34 2450942
20.4666 1.784609379315582e-36 4.604622830279499e-34 2467130
20.5128 1.710435031530043e-36 4.856554311815825e-34 2474874
20.559 1.672614264830894e-36 5.179754608126442e-34 2490362
20.6052 1.573608960015393e-36 5.456392214321006e-34 2498142
20.6514 1.510243365940489e-36 5.724143499530612e-34 2507090
20.6976 1.447149479604865e-36 5.863630526223578e-34 2525562
20.7438 1.429292155687238e-36 6.007816494291989e-34 2534726
20.79 1.438981206126619e-36 6.132637384348133e-34 2549906
20.8362 1.459769743182723e-36 6.168482990922279e-34 2551074
20.8824 1.508699409715528e-36 6.108764429336215e-34 2570702
20.9286 1.584829501722339e-36 5.973100106802755e-34 2574642
20.9748 1.684348194963141e-36 5.812180414930504e-34 2594066
21.021 1.75554266773799e-36 5.521694606100047e-34 2594802
21.0672 1.835068226004959e-36 5.320612712168104e-34 2612030
21.1134 1.895450620401473e-36 5.186014455513377e-34 2627954
21.1596 1.971007368041927e-36 5.151270877377533e-34 2640402
21.2058 1.957306811560101e-36 5.163629913945836e-34 2641454
21.252 1.964964354447841e-36 5.324606364189664e-34 2661834
21.2982 1.904346531272747e-36 5.559986614357697e-34 2669138
21.3444 1.873706682646695e-36 5.884852458710076e-34 2684858
21.3905 1.783818685680674e-36 6.194130789860069e-34 2693910
21.4367 1.702163126953359e-36 6.452297780844565e-34 2701682
21.4829 1.655050177283486e-36 6.740688522867437e-34 2722698
21.5291 1.617625050975432e-36 6.96664133767997e-34 2725262
21.5753 1.616312726161739e-36 7.24192817476617e-34 2742450
21.6215 1.627377205408374e-36 7.3412543491627e-34 2749850
21.6677 1.655423277869754e-36 7.339190386743352e-34 2763902
21.7139 1.722041209381699e-36 7.206169700618646e-34 2778498
21.7601 1.796312585787038e-36 6.971307851604431e-34 2784530
21.8063 1.880683721870457e-36 6.680930001646119e-34 2804106
21.8525 1.949532876584936e-36 6.457117284448156e-34 2809790
21.8987 2.041314819688887e-36 6.271109165612735e-34 2825058
21.9449 2.138155670443529e-36 6.152164337938209e-34 2834330
21.9911 2.174848232863231e-36 6.077016167675811e-34 2842022
22.0373 2.193984350020151e-36 6.131745879792086e-34 2864754
22.0835 2.176682534411003e-36 6.257065579347812e-34 2864186
22.1297 2.150615895977219e-36 6.499636163377623e-34 2879538
22.1759 2.066961089490331e-36 6.830481912730651e-34 2899454
22.2221 1.99457494390243e-36 7.151820195178036e-34 2904258
22.2683 1.934570524166956e-36 7.566891136929774e-34 2930234
22.3145 1.887113984666284e-36 7.857231928340845e-34 2929526
22.3607 1.836161605304407e-36 8.184887994955711e-34 2942442
22.4069 1.825289501340988e-36 8.482259447688912e-34 2960810
22.4531 1.812096493098028e-36 8.597231913023797e-34 2964954
22.4993 1.834713801104596e-36 8.63290773837764e-34 2980910
22.5455 1.886070948905912e-36 8.407326404419276e-34 2990978
22.5917 1.937285462103235e-36 8.218693309539312e-34 3007626
22.6379 2.030097269176987e-36 8.049177332000866e-34 3019166
22.6841 2.113389255168863e-36 7.794965940012485e-34 3021090
22.7303 2.214969467018256e-36 7.560408546059566e-34 3047834
22.7765 2.296601149689238e-36 7.32074073520081e-34 3055590
22.8227 2.384324288194408e-36 7.16507327988895e-34 3068546
22.8689 2.383292817444208e-36 7.092432774014083e-34 3067274
22.9151 2.347752358524555e-36 7.190831775617634e-34 3098058
22.9613 2.380762823503028e-36 7.365113557515535e-34 3109214
23.0075 2.33802541712076e-36 7.634611522683794e-34 3110466
23.0537 2.301917077947141e-36 7.993880387868388e-34 3124370
23.0999 2.227977701995191e-36 8.439163354733518e-34 3144174
23.1461 2.172809319872688e-36 8.863955806924593e-34 3161738
23.1923 2.077742719380242e-36 9.231398728669661e-34 3159890
23.2385 2.036362879018377e-36 9.661043851428303e-34 3174138
23.2847 2.018819248056424e-36 9.876178677865231e-34 3195926
23.3309 2.028768376812626e-36 1.006766194387628e-33 3211386
23.3771 2.044742883301245e-36 1.004145802418259e-33 3219314
23.4233 2.088532054925712e-36 9.986543379706284e-34 3225494
23.4695 2.184631409216391e-36 9.744694229395935e-34 3242562
23.5157 2.268302646767593e-36 9.482911304916752e-34 3257450
23.5619 2.385773128296538e-36 9.11488483366806e-34 3269118
23.6081 2.467256258671491e-36 8.736764382903682e-34 3278930
23.6543 2.449734635382123e-36 8.342474014616072e-34 3286650
23.7005 2.55363788048168e-36 8.244088982323964e-34 3316610
23.7467 2.642329185374319e-36 8.161315485604803e-34 3321542
23.7929 2.710543674389409e-36 8.183565967181451e-34 3328578
23.8391 2.675825941521913e-36 8.381024173221111e-34 3345074
23.8853 2.678788650417435e-36 8.790986723610069e-34 3361686
23.9315 2.584225092226606e-36 9.242502008038961e-34 3369722
23.9777 2.498238228773064e-36 9.803840596545714e-34 3385290
24.0239 2.406807328831711e-36 1.042102084229358e-33 3391370
24.0701 2.287095394552713e-36 1.095737671001378e-33 3422966
24.1163 2.222983492549667e-36 1.141290314856565e-33 3419538
24.1625 2.164150720729659e-36 1.170387127320774e-33 3441890
24.2087 2.132465758841824e-36 1.179592060670805e-33 3447582
24.2549 2.156176462938402e-36 1.179033146844724e-33 3466298
24.3011 2.18875377845786e-36 1.161501780855415e-33 3466194
24.3473 2.265500900487656e-36 1.13321236085982e-33 3492062
24.3935 2.344260133910342e-36 1.090202476349955e-33 3503114
24.4397 2.452735646609639e-36 1.052925875137252e-33 3517146
24.4859 2.581096729077364e-36 1.022222684447896e-33 3535706
24.5321 2.71606811590626e-36 9.847193366917207e-34 3539742
24.5783 2.821056192014074e-36 9.549528819801324e-34 3558698
24.6245 2.882596822943239e-36 9.355074399664147e-34 3570122
24.6707 2.923175469602529e-36 9.365837526308166e-34 3585174
24.7169 2.874970099036351e-36 9.541059829250768e-34 3594314
24.7631 2.821568189475696e-36 9.881838793036587e-34 3612258
24.8093 2.725011655891462e-36 1.033427585943219e-33 3620282
24.8555 2.65564844027123e-36 1.085606292561115e-33 3639078
24.9017 2.536808248241128e-36 1.150293865564125e-33 3650450
24.9479 2.454281198782841e-36 1.208751910565317e-33 3661418
24.9941 2.360491748356455e-36 1.273066913301972e-33 3677694
25.0403 2.298703285859522e-36 1.315345512598437e-33 3695978
25.0865 2.262845627775114e-36 1.341743237027326e-33 3702810
25.1327 2.251787714757192e-36 1.342748566735266e-33 3716162
25.1789 2.291345337880027e-36 1.344071688849927e-33 3740094
25.2251 2.353457810569141e-36 1.3379146757409e-33 3740954
25.2713 2.456218071199175e-36 1.335169983005097e-33 3760946
25.3175 2.604353562867071e-36 1.291672296743179e-33 3778278
25.3637 2.714651355947283e-36 1.221455800444093e-33 3784922
25.4099 2.792646835097175e-36 1.17510554276205e-33 3805266
25.4561 2.966592479455093e-36 1.136957644396355e-33 3807686
25.5023 3.124891020991746e-36 1.105011487878992e-33 3833130
25.5485 3.058755778183254e-36 1.084540335499488e-33 3841898
25.5947 3.089980509545751e-36 1.086802428957567e-33 3858074
25.6409 3.136174759648457e-36 1.106200388283737e-33 3868974
25.6871 3.03072753745665e-36 1.144579937126338e-33 3885362
25.7333 2.934170727145743e-36 1.190819414562017e-33 3898290
25.7795 2.840298508043921e-36 1.243356961816148e-33 3907334
25.8257 2.757578409564348e-36 1.305659910105734e-33 3928730
25.8719 2.639239246327981e-36 1.351526008276209e-33 3936666
25.9181 2.525576992913206e-36 1.38344908969373e-33 3961346
25.9643 2.520864696131303e-36 1.465538755894056e-33 3975774
26.0105 2.478293284294988e-36 1.512258556359339e-33 3970106
26.0567 2.442916345298508e-36 1.498823142785678e-33 4003170
26.1029 2.444088299546824e-36 1.472590765451745e-33 4019558
26.1491 2.492569458884811e-36 1.478452771677812e-33 4025642
26.1953 2.53944436906253e-36 1.465891490865753e-33 4028514
26.2415 2.606165020871261e-36 1.408249860213656e-33 4059398
26.2877 2.706453701968564e-36 1.380302982701195e-33 4069674
26.3339 2.798541988148845e-36 1.355505727695313e-33 4083698
26.3801 2.856200501308769e-36 1.314702819448071e-33 4095210
26.4263 2.890621172529995e-36 1.287122097138348e-33 4110518
26.4725 2.951923156535913e-36 1.27713807048341e-33 4126850
26.5187 2.944484248811227e-36 1.269841541639738e-33 4140114
26.5649 2.936990214626664e-36 1.276854583498445e-33 4144070
26.6111 2.837336885003617e-36 1.297841364804591e-33 4175802
26.6573 2.790568905969928e-36 1.317628453004461e-33 4187882
26.7035 2.811697375237325e-36 1.343565806525005e-33 4199250
26.7497 2.793118265065506e-36 1.376910620223193e-33 4209326
26.7959 2.761239220522638e-36 1.418690433331463e-33 4222130
26.8421 2.726470514662853e-36 1.463401508470844e-33 4254258
26.8883 2.677005773207541e-36 1.492116528498364e-33 4252478
26.9345 2.668975112272824e-36 1.550828898587263e-33 4270698
26.9807 2.616980380274847e-36 1.575944062774802e-33 4278122
27.0269 2.624066098733681e-36 1.607882906811748e-33 4309898
27.0731 2.631539305406128e-36 1.628688144805878e-33 4317150
27.1193 2.636622498293072e-36 1.633326007081371e-33 4329698
27.1655 2.674215938445911e-36 1.632030034894748e-33 4340826
27.2117 2.734093638425587e-36 1.60764385547351e-33 4359590
27.2579 2.790887587060156e-36 1.587803790070035e-33 4376850
27.3041 2.878745268781189e-36 1.567537344533838e-33 4386674
27.3503 2.925799579475207e-36 1.530553500354753e-33 4401782
27.3965 2.991729466859902e-36 1.511355162895939e-33 4419210
27.4427 3.117802517834413e-36 1.498784815876762e-33 4446482
27.4889 3.160584953057074e-36 1.472565819869664e-33 4435554
27.5351 3.193165066102728e-36 1.466783098796575e-33 4468934
27.5813 3.236772039712501e-36 1.465170899965529e-33 4477650
27.6275 3.267154836147019e-36 1.476592326130817e-33 4491218
27.6737 3.261040074553319e-36 1.503880797336998e-33 4510358
27.7199 3.235952717509583e-36 1.54008134423754e-33 4518594
27.7661 3.173639723226299e-36 1.591554711160484e-33 4544474
27.8123 3.104230266242215e-36 1.643258909593346e-33 4552098
27.8585 3.037912370105299e-36 1.704996828154732e-33 4574990
27.9047 2.96403802384758e-36 1.765430818887383e-33 4577210
27.9509 2.904068692436292e-36 1.826370447680129e-33 4608186
27.9971 2.842483983226173e-36 1.879348068814385e-33 4610198
28.0433 2.810515130119592e-36 1.903550895605013e-33 4628898
28.0895 2.799522250932535e-36 1.901841933690734e-33 4641170
28.1357 2.812860969284968e-36 1.889430255360352e-33 4662462
28.1819 2.86120754104285e-36 1.892407250854783e-33 4681442
28.2281 2.920315982486146e-36 1.880353642004448e-33 4687850
28.2743 3.002609025668039e-36 1.856591248635425e-33 4708818
28.3205 3.117914767859945e-36 1.823326295293331e-33 4721534
28.3667 3.204496891465997e-36 1.779465126333032e-33 4732770
28.4129 3.313870803616152e-36 1.74277498421239e-33 4753346
28.4591 3.395543701181477e-36 1.70384141888535e-33 4772886
28.5053 3.451020657542411e-36 1.67652003443884e-33 4785098
28.5515 3.518420087902316e-36 1.662016551648354e-33 4795394
28.5977 3.586665384576275e-36 1.66345355956789e-33 4813986
28.6439 3.606559815249208e-36 1.678669481179238e-33 4832654
28.6901 3.567690653310856e-36 1.708028441624444e-33 4849362
28.7363 3.588106739053268e-36 1.754869369150316e-33 4858322
28.7825 3.543908760124462e-36 1.814473477414356e-33 4871286
28.8287 3.424386212480725e-36 1.878313857932896e-33 4894370
28.8749 3.318819348696523e-36 1.945773841916923e-33 4914650
28.9211 3.263080227576364e-36 2.003018529108789e-33 4919658
28.9673 3.195707113937113e-36 2.060206574853086e-33 4941638
29.0135 3.14635710284375e-36 2.111390264613447e-33 4965954
29.0597 3.111507529331121e-36 2.129933920234219e-33 4971770
29.1059 3.101742007973338e-36 2.168077903850536e-33 4985702
29.1521 3.123558906969884e-36 2.200381461753829e-33 4996314
29.1983 3.140218447957333e-36 2.192315162466027e-33 5021258
29.2445 3.196772714280941e-36 2.185419204604539e-33 5038470
29.2907 3.260928995947002e-36 2.162036846690735e-33 5048570
29.3369 3.343943237653443e-36 2.138882217658404e-33 5067786
29.3831 3.450218772431243e-36 2.106902475991532e-33 5084402
29.4293 3.545407517078576e-36 2.069872350178962e-33 5104238
29.4755 3.623509986298362e-36 2.029158721753744e-33 5101890
29.5217 3.711590896893561e-36 2.009056763959078e-33 5129594
29.5679 3.619430365701109e-36 1.96393284964855e-33 5149086
29.6141 3.674403144759489e-36 1.968816906027621e-33 5168834
29.6603 3.702245179559304e-36 1.973437188927384e-33 5172306
29.7065 3.730965312984737e-36 1.984135227215578e-33 5199218
29.7527 3.767529611631329e-36 2.008352664353151e-33 5215430
29.7989 3.813823213272046e-36 2.032199232981757e-33 5229066
29.8451 3.76084752292272e-36 2.06989736187925e-33 5244530
29.8913 3.722241975043029e-36 2.118406537723497e-33 5262870
29.9375 3.648041278428412e-36 2.15740026236723e-33 5272562
29.9837 3.593843328738645e-36 2.200886141092398e-33 5290098
30.0299 3.570385910191116e-36 2.261374475237195e-33 5314358
30.0761 3.524370173235155e-36 2.3116651420497e-33 5322098
30.1223 3.451695051565278e-36 2.356903761989327e-33 5341026
30.1685 3.432157058479294e-36 2.388438917605599e-33 5366858
30.2147 3.407118395933754e-36 2.421023528960198e-33 5374422
30.2609 3.392780938381684e-36 2.46745130395996e-33 5377730
30.3071 3.398610863128961e-36 2.477867282047096e-33 5409410
30.3533 3.403601407143491e-36 2.500041085011969e-33 5434014
30.3995 3.428661391134695e-36 2.527354119958272e-33 5438882
30.4457 3.477280706956414e-36 2.531441990725409e-33 5456178
30.4919 3.540448586422429e-36 2.487080349139696e-33 5469242
30.5381 3.608164744425831e-36 2.460697534347373e-33 5496174
30.5843 3.680146584359526e-36 2.421235727386015e-33 5505530
30.6305 3.775648686561164e-36 2.393797342974302e-33 5521202
30.6767 3.853356222346183e-36 2.352156642431956e-33 5544126
30.7229 3.908750950540878e-36 2.315507287783482e-33 5560106
30.7691 4.015566451447304e-36 2.296960228853557e-33 5579754
30.8153 4.068253269469e-36 2.269253949996743e-33 5576270
30.8615 4.087261785160344e-36 2.26598843142821e-33 5607138
30.9077 4.108387281044473e-36 2.271466937610716e-33 5625026
30.9539 4.154989192103822e-36 2.294846093054102e-33 5646698
31.0001 4.11323887111982e-36 2.320987237496902e-33 5649126
31.0463 4.037103595597769e-36 2.370494172054808e-33 5676434
31.0925 3.974154274361903e-36 2.416850654085032e-33 5687418
31.1387 3.950345262576192e-36 2.496637882549533e-33 5715830
31.1849 3.921945666262401e-36 2.582273180064528e-33 5729210
31.2311 3.834347191353119e-36 2.656995290729524e-33 5744802
31.2773 3.74764446675974e-36 2.72018976021287e-33 5752154
31.3235 3.691701165221071e-36 2.785510838055098e-33 5786382
31.3697 3.642696265003664e-36 2.826854300391925e-33 5784146
31.4159 3.607077626934223e-36 2.861677014839647e-33 5812146
31.4621 3.603758553385012e-36 2.877161546052621e-33 5830166
31.5083 3.621526612426381e-36 2.910572698861557e-33 5845850
31.5545 3.661754063383726e-36 2.923043780047565e-33 5862834
31.6007 3.698400708366538e-36 2.894002821220055e-33 5876066
31.6469 3.781024627764279e-36 2.87640037105186e-33 5905854
31.6931 3.87304079568011e-36 2.834449379846348e-33 5902274
31.7393 3.96962172157126e-36 2.815077248304934e-33 5931258
31.7855 4.052133013042212e-36 2.755730247884996e-33 5954966
31.8317 4.070895914891036e-36 2.707191891260744e-33 5965346
31.8779 4.180869958505748e-36 2.691781166116259e-33 5977818
31.9241 4.214953735079015e-36 2.667389287128505e-33 6004718
31.9703 4.247490464118064e-36 2.651586487416215e-33 6011706
32.0165 4.327500381946389e-36 2.656847193383975e-33 6045770
32.0627 4.365791536186641e-36 2.660167720112203e-33 6041586
32.1089 4.413140203611183e-36 2.681280888606276e-33 6073166
32.1551 4.336530019346276e-36 2.697435684380433e-33 6078962
32.2013 4.383869406474845e-36 2.741219450898655e-33 6114258
32.2475 4.363984735251089e-36 2.772793053968132e-33 6123086
32.2937 4.334274684251653e-36 2.819725131203901e-33 6136770
32.3399 4.265548186695225e-36 2.859063325607126e-33 6154898
32.3861 4.218336548397293e-36 2.906036278143426e-33 6178610
32.4323 4.211024006271156e-36 2.957166226965308e-33 6197982
32.4785 4.133527423971269e-36 2.993892902397957e-33 6205322
32.5247 4.032073271205428e-36 2.99943460958672e-33 6218850
32.5709 4.042217329514266e-36 3.045537355915648e-33 6249542
32.6171 4.076951423572184e-36 3.149826458699195e-33 6274146
32.6633 4.047713098562357e-36 3.230027130007566e-33 6270242
32.7095 4.041273033418662e-36 3.2823791359564e-33 6305222
32.7557 4.04944712177779e-36 3.325050414003193e-33 6325026
32.8019 4.031255276623336e-36 3.298433576525587e-33 6331922
32.8481 4.050536566492531e-36 3.344582693721473e-33 6343698
32.8943 4.091042910764348e-36 3.35035162066035e-33 6375158
32.9405 4.128537446321822e-36 3.329324304951272e-33 6392178
32.9867 4.174634114267834e-36 3.352577507122892e-33 6412826
33.0329 4.238020427852112e-36 3.339422513318289e-33 6407078
33.0791 4.31157907107527e-36 3.314475676837359e-33 6447954
33.1253 4.369512912815297e-36 3.262768273007968e-33 6456026
33.1715 4.453100767446004e-36 3.246035906316093e-33 6482034
33.2177 4.537798437362734e-36 3.214406259488655e-33 6492878
33.2639 4.571573403245549e-36 3.162961531533472e-33 6502074
33.3101 4.654177726456126e-36 3.151434466524212e-33 6542930
33.3563 4.789584997127021e-36 3.134273373746777e-33 6556598
33.4025 4.865220831471431e-36 3.118334089571333e-33 6570330
33.4487 4.887849369045739e-36 3.107775124563048e-33 6581882
33.4949 4.944762347064589e-36 3.12389095595622e-33 6612546
33.5411 4.98700436871592e-36 3.147403571946304e-33 6628622
33.5873 4.95247620953284e-36 3.170028788765605e-33 6629498
33.6335 4.927443619133784e-36 3.225323019236955e-33 6659250
33.6797 4.936932274632163e-36 3.296482333310239e-33 6686006
33.7259 4.871150311093349e-36 3.362262541454383e-33 6693786
33.7721 4.844641772341769e-36 3.444444803130802e-33 6711554
33.8183 4.722224173875786e-36 3.521527771236741e-33 6735678
33.8645 4.690864690692055e-36 3.614008806632709e-33 6754754
33.9107 4.622204551792384e-36 3.70216849490668e-33 6776570
33.9569 4.549709820990873e-36 3.758748694237507e-33 6767394
34.0031 4.464899287040359e-36 3.789614590361197e-33 6818246
34.0493 4.426380290457455e-36 3.818407531288094e-33 6830562
34.0955 4.428171538875683e-36 3.895339565636155e-33 6839186
34.1417 4.430226067907246e-36 3.961203587211736e-33 6861462
34.1879 4.448076912406102e-36 3.968032985227474e-33 6880394
34.2341 4.483362195077511e-36 3.966741598811276e-33 6907178
34.2803 4.531930906447422e-36 3.959832489061231e-33 6917034
34.3265 4.601545118070307e-36 3.94635352711663e-33 6937934
34.3727 4.635020560619169e-36 3.88625479053002e-33 6947250
34.4189 4.726952367557403e-36 3.852274034749149e-33 6982106
34.4651 4.811178625847132e-36 3.857921063265603e-33 6995718
34.5113 4.887396611270043e-36 3.837869764191678e-33 7006682
34.5575 4.998533769098365e-36 3.821956370506864e-33 7035866
34.6037 5.040505506025947e-36 3.78415237409748e-33 7054110
34.6499 5.131546218020402e-36 3.771522075295351e-33 7059194
34.6961 5.192617879072979e-36 3.743418443919061e-33 7091802
34.7423 5.156655336948827e-36 3.719481622096871e-33 7100666
34.7885 5.225783617030235e-36 3.733497595849608e-33 7129070
34.8347 5.259451185363458e-36 3.734281517346908e-33 7143282
34.8809 5.346711337218378e-36 3.748930372325182e-33 7161482
34.9271 5.414184075470642e-36 3.760526177683672e-33 7184694
34.9733 5.452137718141587e-36 3.776947180554483e-33 7203914
35.0195 5.487341373022255e-36 3.801386950170403e-33 7219746
35.0657 5.439177269307736e-36 3.827607020017556e-33 7228634
35.1119 5.403827715157054e-36 3.872230698386865e-33 7271990
35.1581 5.401335768522581e-36 3.894730401354409e-33 7266786
35.2043 5.382966165990963e-36 3.941327638643913e-33 7293650
35.2505 5.421824167855473e-36 4.010764589005701e-33 7324086
35.2967 5.373976628196635e-36 4.072492406831595e-33 7338650
35.3429 5.338534070021068e-36 4.135681749666659e-33 7351962
35.3891 5.25135104175731e-36 4.175907083333788e-33 7357190
35.4353 5.232534734354795e-36 4.254329926713691e-33 7406042
35.4815 5.073822128715369e-36 4.25498758692153e-33 7408626
35.5277 5.088771925809757e-36 4.338595708195331e-33 7435610
35.5739 5.072368649985262e-36 4.44521608743022e-33 7453542
35.6201 5.049755010168947e-36 4.55558158759656e-33 7464002
35.6663 5.061931519945315e-36 4.648031652488609e-33 7493546
35.7125 5.0378312007657e-36 4.720984181158042e-33 7510806
35.7587 5.029209348894502e-36 4.764299658272443e-33 7532114
35.8049 5.020825542497825e-36 4.765907790132258e-33 7536234
35.8511 5.045336012824946e-36 4.78935872374283e-33 7565834
35.8973 5.105588477208572e-36 4.786634698013506e-33 7603062
35.9435 5.141139830410778e-36 4.753767568312732e-33 7593890
35.9897 5.231987963759179e-36 4.778211001410477e-33 7622906
36.0359 5.326601211455926e-36 4.759394329643066e-33 7646622
36.0821 5.430722643353455e-36 4.689015617626335e-33 7672058
36.1283 5.4973382700832e-36 4.618228720758166e-33 7679346
36.1745 5.581954572275922e-36 4.561548875680694e-33 7693058
36.2207 5.644834133863688e-36 4.501315920636563e-33 7732158
36.2669 5.689957104821916e-36 4.461211590404668e-33 7746962
36.3131 5.780365072510876e-36 4.4498153142496e-33 7770986
36.3593 5.889671811271666e-36 4.434683342237535e-33 7772094
36.4055 5.960742523544325e-36 4.419950927522892e-33 7803818
36.4517 5.973536262457122e-36 4.425606505495258e-33 7834338
36.4979 6.0231825118929e-36 4.425516758394398e-33 7833710
36.5441 6.055089088046162e-36 4.442620586664407e-33 7858794
36.5903 6.02541918415882e-36 4.475742217466659e-33 7884290
36.6365 6.009649096309994e-36 4.506469610345674e-33 7901522
36.6827 6.023710835904742e-36 4.552889285835188e-33 7930662
36.7289 6.034296490579692e-36 4.582079165576204e-33 7934426
36.7751 6.047208657327513e-36 4.64303202449019e-33 7967322
36.8213 6.031724318102898e-36 4.697087248623093e-33 7981934
36.8675 6.028172860529711e-36 4.740958275457758e-33 8003282
36.9137 5.977679705947914e-36 4.796231967606886e-33 8019666
36.9599 5.857012636102771e-36 4.831039895768802e-33 8034482
37.0061 5.878799793632727e-36 4.893804991981081e-33 8068542
37.0523 5.92534863660017e-36 4.978491531991e-33 8088290
37.0985 5.94024710331571e-36 5.060722154462793e-33 8096322
37.1447 5.844729795077248e-36 5.132555884317635e-33 8122646
37.1909 5.889245928511372e-36 5.227427060084171e-33 8150138
37.2371 5.807949584279338e-36 5.286452429550193e-33 8165322
37.2833 5.779077792143942e-36 5.362848767302249e-33 8182574
37.3295 5.704012444620282e-36 5.417091451457017e-33 8203698
37.3757 5.687664424195847e-36 5.418621432868524e-33 8226914
37.4219 5.649760725403001e-36 5.486464469286722e-33 8246898
37.4681 5.630203816418262e-36 5.532980635257401e-33 8261774
37.5143 5.605781558343493e-36 5.588415429296548e-33 8279426
37.5605 5.608469603904256e-36 5.632743153843932e-33 8308722
37.6067 5.617244078196933e-36 5.679242920197835e-33 8326214
37.6529 5.652082803140935e-36 5.667180135705976e-33 8342682
37.6991 5.665571589575575e-36 5.559615256746395e-33 8360834
37.7453 5.695335207169669e-36 5.604747702471356e-33 8393226
37.7915 5.778342198624859e-36 5.670191378313851e-33 8420150
37.8377 5.836856588730599e-36 5.647270515712688e-33 8421986
37.8839 5.884995600372138e-36 5.608674618297159e-33 8445714
37.9301 5.961657866630373e-36 5.581870164825841e-33 8472590
37.9763 6.038179502734632e-36 5.565785538486516e-33 8495370
38.0225 6.112977497144034e-36 5.540978273915574e-33 8512802
38.0687 6.176040836888503e-36 5.475180536510715e-33 8523290
38.1149 6.208665229332233e-36 5.454007172787347e-33 8570982
38.1611 6.276935486044865e-36 5.434945713858864e-33 8568458
38.2073 6.367538073835547e-36 5.41869778919484e-33 8586498
38.2535 6.382903458356305e-36 5.386937421789336e-33 8608838
38.2997 6.431958314737476e-36 5.394446458889613e-33 8645610
38.3459 6.496404698158435e-36 5.403982219463237e-33 8658386
38.3921 6.53625670502925e-36 5.400971532477483e-33 8668598
38.4383 6.423626206929587e-36 5.397763819766751e-33 8697426
38.4845 6.488058509597656e-36 5.433790363853345e-33 8722562
38.5307 6.553498584616094e-36 5.451901253465643e-33 8737962
38.5769 6.664733056338304e-36 5.500778829765934e-33 8771366
38.6231 6.601976846468769e-36 5.521831223608064e-33 8771010
38.6693 6.659240897815766e-36 5.575635596531278e-33 8822618
38.7155 6.631635750352452e-36 5.589449205746272e-33 8807726
38.7617 6.672014894235251e-36 5.647473321348306e-33 8844618
38.8079 6.612913511506551e-36 5.696150998476082e-33 8868722
38.8541 6.635667170540952e-36 5.744610929496929e-33 8891394
38.9003 6.655430682597644e-36 5.795610855908965e-33 8911934
38.9465 6.707008780458135e-36 5.841262146112228e-33 8923938
38.9927 6.670325478369157e-36 5.911758772133912e-33 8953682
39.0389 6.665131327243563e-36 5.969261953931736e-33 8981966
39.0851 6.618175394020093e-36 6.01385653553574e-33 8990442
39.1313 6.645378825551609e-36 6.063404154940439e-33 9007874
39.1775 6.556489246393268e-36 6.098848489308151e-33 9038982
39.2237 6.536612144181106e-36 6.133821641415733e-33 9068570
39.2699 6.554415214566277e-36 6.203369448749758e-33 9085250
39.3161 6.525412607995103e-36 6.265594775255033e-33 9084690
39.3623 6.516880341054746e-36 6.33689334173224e-33 9128654
39.4085 6.50091842086791e-36 6.387006566515395e-33 9133170
39.4547 6.487945118266187e-36 6.465534705465008e-33 9185882
39.5009 6.450815286444871e-36 6.502523386099464e-33 9163254
39.5471 6.442431290712351e-36 6.565775037086281e-33 9220130
39.5933 6.439818340899359e-36 6.627416084133981e-33 9233138
39.6395 6.434260595252069e-36 6.695154489772731e-33 9249378
39.6857 6.439389098318206e-36 6.769870296151001e-33 9271550
39.7319 6.433448885358286e-36 6.767487929998493e-33 9286266
39.7781 6.455215431096411e-36 6.825903171472325e-33 9320762
39.8243 6.439694230680004e-36 6.849764969849164e-33 9326718
39.8705 6.482779138954004e-36 6.876224285331248e-33 9354602
39.9167 6.506379805607689e-36 6.809410599477723e-33 9384122
39.9629 6.547473905053482e-36 6.825297994526303e-33 9400482
40.0091 6.616493645647011e-36 6.930197996202475e-33 9432638
40.0553 6.706082831205784e-36 6.990135300485583e-33 9445314
40.1015 6.764782751823751e-36 6.995095059184739e-33 9477290
40.1477 6.833183128904359e-36 6.999817488294103e-33 9489182
40.1939 6.916673584981716e-36 6.985026811575617e-33 9506706
40.2401 7.021041023793655e-36 6.959312339896596e-33 9533978
40.2863 7.048221111315475e-36 6.923716036337147e-33 9553662
40.3325 7.117700143210565e-36 6.919536985406033e-33 9579506
40.3787 7.211733605174741e-36 6.921882541326466e-33 9607866
40.4249 7.275325110152533e-36 6.914263824961069e-33 9608354
40.4711 7.378491807588238e-36 6.927608422867941e-33 9643862
40.5173 7.45604719762556e-36 6.93470372175493e-33 9670578
40.5635 7.49388415521383e-36 6.91929830223318e-33 9687890
40.6097 7.547442120448218e-36 6.880223727891707e-33 9693294
40.6559 7.463400785155378e-36 6.862171665318764e-33 9736034
40.7021 7.490245758804076e-36 6.907714652397304e-33 9758946
40.7483 7.544161126381859e-36 6.921456607147075e-33 9778994
40.7945 7.587999234723603e-36 6.93045108300088e-33 9796814
40.8407 7.61192059515305e-36 6.92909005293868e-33 9816882
40.8869 7.623596724496108e-36 6.958151279577673e-33 9850514
40.9331 7.668140993855436e-36 6.964469291072929e-33 9856062
40.9793 7.704008795559968e-36 6.980578234197996e-33 9886706
41.0255 7.73214649649055e-36 6.993307891500668e-33 9916194
41.0717 7.754487968267129e-36 7.001446522301612e-33 9924854
41.1179 7.877782671177774e-36 7.027947105265109e-33 9961490
41.1641 7.936840882481706e-36 7.040253932518573e-33 9979098
41.2103 7.904909088079918e-36 7.044190857331971e-33 9990266
41.2565 7.955986379373517e-36 7.0747214782796e-33 10012398
41.3027 7.967584792740012e-36 7.107467601748412e-33 10038818
41.3489 8.013599364227525e-36 7.156110635656119e-33 10072082
41.3951 7.762974391861764e-36 7.190920373801307e-33 10082670
41.4413 7.941805571182286e-36 7.23799123751622e-33 10123226
41.4875 8.06747830890988e-36 7.274315541177001e-33 10134834
41.5337 8.176426044169604e-36 7.35772809262544e-33 10151450
41.5799 8.134345400610126e-36 7.441489663874457e-33 10184118
41.6261 8.18607298942359e-36 7.51308223174682e-33 10199810
41.6723 8.138585834700344e-36 7.595588377748001e-33 10230386
41.7185 8.12077175187508e-36 7.670766593348038e-33 10238334
41.7647 8.033129058953871e-36 7.735860105721618e-33 10271594
41.8109 7.985787687941979e-36 7.788252370003459e-33 10298418
41.8571 8.001469493470612e-36 7.848237248523692e-33 10306814
41.9033 8.005522860546004e-36 7.95664629082221e-33 10341306
41.9495 7.9446328826334e-36 7.997315239099308e-33 10362842
41.9957 7.968999050330775e-36 8.055718108460302e-33 10388834
42.0419 7.94077746613442e-36 8.105196011966836e-33 10395630
42.0881 7.924962491128538e-36 8.177262241361127e-33 10425362
42.1343 7.916619756415571e-36 8.205579813063667e-33 10454274
42.1805 7.902085208897583e-36 8.250105667025156e-33 10478294
42.2267 7.927158066530154e-36 8.334483095073852e-33 10501818
42.2729 7.928569370245834e-36 8.392814407376255e-33 10514810
42.3191 7.923561939208132e-36 8.445572606553499e-33 10548842
42.3653 7.924293894908881e-36 8.489641569453683e-33 10566462
42.4115 7.920325908530792e-36 8.523226901793528e-33 10586810
42.4577 7.922859609268281e-36 8.548282558195047e-33 10614954
42.5039 7.897865826079439e-36 8.559086206825504e-33 10631054
42.5501 7.915890883710155e-36 8.616820846058117e-33 10662362
42.5963 7.939643228747588e-36 8.692760711766305e-33 10683354
42.6425 7.927691224765722e-36 8.781896529712283e-33 10699298
42.6887 7.940543630274467e-36 8.81503054355056e-33 10738782
42.7349 7.921923597620305e-36 8.831001407293571e-33 10744202
42.7811 7.931172776344338e-36 8.899238289524768e-33 10782186
42.8273 7.935162585191087e-36 8.954352835538943e-33 10784966
42.8735 7.931192986845536e-36 8.903790452177423e-33 10833938
42.9197 7.93776435018717e-36 8.963324247804827e-33 10848138
42.9659 7.98555483450157e-36 9.153931408431944e-33 10873766
43.0121 7.998927386901215e-36 9.226074488267743e-33 10886970
43.0583 8.016073567263899e-36 9.268996145339096e-33 10912442
43.1045 8.034150588980129e-36 9.282707530472434e-33 10936698
43.1507 8.083487541044826e-36 9.326629740045425e-33 10966142
43.1969 8.098818619200178e-36 9.310695379264272e-33 10968746
43.2431 8.136894184992444e-36 9.303506906529596e-33 11014602
43.2893 8.191527252890988e-36 9.308506874961857e-33 11042774
43.3355 8.208262672459303e-36 9.342270732339614e-33 11061474
43.3817 8.253675888832065e-36 9.348190102474532e-33 11072450
43.4279 8.289608984930428e-36 9.357798072880814e-33 11096922
43.4741 8.353614240113436e-36 9.37522145726423e-33 11146526
43.5203 8.385293569782988e-36 9.324140372660619e-33 11145602
43.5665 8.434871688021534e-36 9.308074401464825e-33 11168442
43.6127 8.423008065349571e-36 9.225144548436441e-33 11181086
43.6589 8.478988263201903e-36 9.299202843035479e-33 11250114
43.7051 8.50867270326348e-36 9.331691863194596e-33 11242106
43.7513 8.581329634698187e-36 9.369142161128061e-33 11265446
43.7975 8.60806241271056e-36 9.388521465261571e-33 11285490
43.8437 8.681452732926428e-36 9.421367696231005e-33 11335922
43.8899 8.695671496388968e-36 9.409175154648078e-33 11330130
43.9361 8.727771329963372e-36 9.434771235959109e-33 11357270
43.9823 8.759303790400968e-36 9.431399080137054e-33 11389098
44.0285 8.760267299742501e-36 9.486639445544142e-33 11426642
44.0747 8.811125720395702e-36 9.521341873385458e-33 11431358
44.1209 8.918444189266248e-36 9.638862331143446e-33 11462298
44.1671 8.936205530721297e-36 9.589426463640279e-33 11479202
44.2133 8.925989906608536e-36 9.602674807586092e-33 11509746
44.2595 8.915973120477385e-36 9.626293700582416e-33 11523062
44.3057 8.936864364467339e-36 9.617556433255956e-33 11556210
44.3519 8.864183154161941e-36 9.598933630764515e-33 11588282
44.3981 8.847801248456427e-36 9.629863489595003e-33 11599646
44.4443 9.036800828658463e-36 9.741747331728518e-33 11645274
44.4905 9.154482968331249e-36 9.75153179228976e-33 11649338
44.5367 9.264769739497231e-36 9.786787400623572e-33 11665386
44.5829 9.39611615422522e-36 9.830559872726998e-33 11719286
44.6291 9.522480175569875e-36 9.858683893121272e-33 11720738
44.6753 9.492042237624214e-36 9.832167756340439e-33 11755074
44.7215 9.49297328079329e-36 9.813826844586099e-33 11767166
44.7677 9.625591670063829e-36 9.876250663106422e-33 11813346
44.8139 9.657626259876865e-36 9.867684084191433e-33 11825450
44.8601 9.808548143323185e-36 9.910397590470436e-33 11828814
44.9063 1.004592671831349e-35 9.963222539964042e-33 11884418
44.9525 9.961858442941575e-36 9.950277473684039e-33 11900378
44.9987 9.933420463821673e-36 9.952826277774231e-33 11908002
45.0449 9.926032584085763e-36 9.985984922670982e-33 11937470
45.0911 1.004238191479278e-35 1.003813155863139e-32 11981346
45.1373 1.024863223375029e-35 1.010285523714465e-32 11998154
45.1835 1.020016283565985e-35 1.011551155575331e-32 12015798
45.2297 1.030052684492732e-35 1.019401235402182e-32 12046586
45.2759 1.039398379232951e-35 1.023104077322832e-32 12073226
45.3221 1.023086487665677e-35 1.025504235484266e-32 12089370
45.3683 1.028108979281698e-35 1.030256682161605e-32 12123662
45.4145 1.040321564649961e-35 1.035972896496133e-32 12129018
45.4607 1.063212577814e-35 1.040367284077218e-32 12168698
45.5069 1.051490115967102e-35 1.044115111162867e-32 12191070
45.5531 1.064852374961292e-35 1.051256473530996e-32 12237290
45.5993 1.073651988976338e-35 1.052481187351846e-32 12237434
45.6455 1.064104046603242e-35 1.05510182053742e-32 12269430
45.6917 1.077278191439142e-35 1.05894347266885e-32 12288314
45.7379 1.10913602094295e-35 1.06232691057367e-32 12312018
45.7841 1.103163058826146e-35 1.064141754495816e-32 12333770
45.8303 1.083931973645808e-35 1.065918685032374e-32 12362654
45.8765 1.101124586385492e-35 1.06955689097714e-32 12405282
45.9227 1.086802112764035e-35 1.070905429561212e-32 12414842
45.9689 1.096829693259338e-35 1.073217382920037e-32 12433278
46.0151 1.102897148294289e-35 1.077248200104799e-32 12469442
46.0613 1.107994441483714e-35 1.080752080515129e-32 12497106
46.1075 1.129370576965793e-35 1.084210114949824e-32 12513074
46.1537 1.151591687037572e-35 1.086845612372112e-32 12531902
46.1999 1.127893776028927e-35 1.091761946225337e-32 12567690
46.2461 1.115675213703722e-35 1.097272911748658e-32 12603338
46.2923 1.122346077216636e-35 1.100714543069793e-32 12612726
46.3385 1.13177111864697e-35 1.105140014464925e-32 12634802
46.3847 1.140347771955378e-35 1.110792393363126e-32 12662730
46.4309 1.190311068295514e-35 1.118201607379246e-32 12699086
46.4771 1.182563522795838e-35 1.122901792485303e-32 12711074
46.5233 1.189256309222005e-35 1.129997431277534e-32 12739098
46.5695 1.173341477336569e-35 1.133469680984402e-32 12769490
46.6157 1.160786685481967e-35 1.141208705629286e-32 12799686
46.6619 1.178541577093572e-35 1.146236653821653e-32 12828626
46.7081 1.17641133146819e-35 1.150579740502594e-32 12832794
46.7543 1.207521239447256e-35 1.156157280081898e-32 12875942
46.8005 1.231454498481654e-35 1.163547593140126e-32 12906314
46.8467 1.220212032911239e-35 1.167673678926687e-32 12913122
46.8929 1.225599095258861e-35 1.172915396961762e-32 12937346
46.9391 1.222971106009336e-35 1.176900087743388e-32 12973374
46.9853 1.239005853260066e-35 1.18284252303182e-32 13008170
47.0315 1.228261272215811e-35 1.186107624618572e-32 13025810
47.0777 1.254326125248974e-35 1.188386780680177e-32 13033590
47.1239 1.266049683574056e-35 1.194201644975436e-32 13083698
47.1701 1.274127327514378e-35 1.197766707492494e-32 13094706
47.2163 1.283103613114906e-35 1.202122509298808e-32 13119002
47.2625 1.262019574564693e-35 1.205977390319969e-32 13146318
47.3087 1.165877879836154e-35 1.207065867721311e-32 13167383
47.3549 1.067170916429589e-35 1.207448553505167e-32 13180844
47.4011 1.021208991551281e-35 1.20259751671946e-32 13147596
47.4473 1.011835718662482e-35 1.203285569087468e-32 13144028
47.4935 1.011155642504322e-35 1.200193664030617e-32 13122684
47.5397 1.00949878975815e-35 1.199205236959214e-32 13103336
47.5859 1.011208778918676e-35 1.200378955631191e-32 13108416
47.6321 1.007079124028619e-35 1.198622182846438e-32 13073744
47.6783 1.006094280941385e-35 1.202583259767394e-32 13076900
47.7245 1.002299025441914e-35 1.203786326356342e-32 13051992
47.7707 1.000930047430056e-35 1.208699365834732e-32 13056752
47.8169 9.978717133843193e-36 1.210988246219243e-32 13036344
47.8631 9.944596834147047e-36 1.210360817275416e-32 13009832
47.9093 9.937628380316754e-36 1.213234275510652e-32 12996668
47.9555 9.939615702597435e-36 1.216773270607541e-32 13003248
48.0017 9.90854911222968e-36 1.215285584565083e-32 12967172
48.0479 9.897012966931182e-36 1.2196644614051e-32 12963480
48.0941 9.872953800655455e-36 1.220461554832771e-32 12954260
48.1403 9.852870136465919e-36 1.226922529435623e-32 12942432
48.1865 9.82549066211544e-36 1.228310101285192e-32 12924296
48.2327 9.792267209419906e-36 1.230042530748375e-32 12903392
48.2789 9.800130969502927e-36 1.234259600101083e-32 12906168
48.3251 9.77355378887432e-36 1.232733990164806e-32 12873656
48.3713 9.785999677449684e-36 1.236279141947083e-32 12870720
48.4175 9.77877816300918e-36 1.236237423448026e-32 12855428
48.4637 9.77049390113863e-36 1.235331922540819e-32 12842256
48.5099 9.775297963102929e-36 1.234882438354866e-32 12820304
48.5561 9.770340617691514e-36 1.236754354268616e-32 12820328
48.6023 9.754646042440121e-36 1.238016630541244e-32 12794856
48.6485 9.75425864447512e-36 1.2373827904771e-32 12787940
48.6947 9.727880216302175e-36 1.235948018900741e-32 12748392
48.7409 9.747881572918328e-36 1.237720369745938e-32 12752756
48.7871 9.748673143241484e-36 1.234934194762085e-32 12732036
48.8333 9.76577531447943e-36 1.235756241488168e-32 12737132
48.8795 9.771343225599038e-36 1.234486132379457e-32 12712976
48.9257 9.775463884780173e-36 1.234578793829621e-32 12696348
48.9719 9.766516605817025e-36 1.234401507023231e-32 12673892
49.0181 9.748529167296135e-36 1.237899492869159e-32 12677316
49.0643 9.731040951279395e-36 1.237538079987908e-32 12650384
49.1105 9.68661861009004e-36 1.239696303808688e-32 12621344
49.1567 9.700722969424546e-36 1.243670654961784e-32 12624204
49.2029 9.696778351064417e-36 1.245114939873668e-32 12615632
49.2491 9.682161807656758e-36 1.247461421715921e-32 12600420
49.2953 9.664846763630578e-36 1.247806043892881e-32 12570224
49.3415 9.661046666793941e-36 1.250504654636347e-32 12566868
49.3877 9.640979601949528e-36 1.252486583207517e-32 12545828
49.4339 9.623155797196426e-36 1.254398311855288e-32 12538232
49.4801 9.575449796289062e-36 1.255982692866495e-32 12496452
49.5263 9.57048255570208e-36 1.26046153462212e-32 12502688
49.5725 9.559970163504046e-36 1.264437148516852e-32 12498708
49.6187 9.519893953980698e-36 1.266795616428189e-32 12469640
49.6649 9.492070557155927e-36 1.265969311711383e-32 12440136
49.7111 9.506594986882392e-36 1.270863035198184e-32 12442412
49.7573 9.500971459091239e-36 1.270898913935492e-32 12433712
49.8035 9.505334363954188e-36 1.271211933634112e-32 12410544
49.8497 9.477131751677203e-36 1.26944253695053e-32 12381512
49.8959 9.487131926841796e-36 1.271835601182472e-32 12378960
49.9421 9.486816569470872e-36 1.273578271595422e-32 12366872
49.9883 9.467999295934039e-36 1.272844402830491e-32 12345588
50.0345 9.465184346418688e-36 1.274667548263092e-32 12327008
50.0807 9.465415745549045e-36 1.273500300531258e-32 12313388
50.1269 9.464314505275397e-36 1.275736161858365e-32 12306768
50.1731 9.449192356461715e-36 1.272645411088388e-32 12275504
50.2193 9.45415363347763e-36 1.27341401684977e-32 12265620
50.2655 9.458204102234068e-36 1.270318354733061e-32 12236324
50.3117 9.48625454657509e-36 1.27401810399027e-32 12253880
50.3579 9.470094851285153e-36 1.271904942203294e-32 12219756
50.4041 9.473951324798528e-36 1.271469486565856e-32 12195524
50.4503 9.457770029686712e-36 1.270762014307863e-32 12189000
50.4965 9.468020331555052e-36 1.27214728041595e-32 12170168
50.5427 9.433464087062908e-36 1.272887230152539e-32 12147588
50.5889 9.434189407181023e-36 1.275249849433507e-32 12134360
50.6351 9.423071345804738e-36 1.277206554057185e-32 12122816
50.6813 9.413394468145555e-36 1.277654498579631e-32 12107580
50.7275 9.428598858528063e-36 1.278805079249888e-32 12098972
50.7737 9.377017138713433e-36 1.276751135972541e-32 12054744
50.8199 9.390789318058946e-36 1.280562011144796e-32 12056912
50.8661 9.375989059096633e-36 1.280161634879964e-32 12039108
50.9123 9.364240982464958e-36 1.282891281143031e-32 12019400
50.9585 9.336901843644197e-36 1.284627280190499e-32 11996936
51.0047 9.324647546501417e-36 1.285811426020982e-32 11979744
51.0509 9.311433476131797e-36 1.288373379425112e-32 11975504
51.0971 9.304253663861221e-36 1.291848638845601e-32 11963472
51.1433 9.263870619014382e-36 1.292424078423185e-32 11928692
51.1895 9.247115360612046e-36 1.295884265055479e-32 11920356
51.2357 9.234646169309267e-36 1.296707597254653e-32 11900072
51.2819 9.233409631152906e-36 1.300404930922534e-32 11897312
51.3281 9.203611873976491e-36 1.298899632238375e-32 11857164
51.3743 9.200295796134941e-36 1.300442501399758e-32 11842556
51.4205 9.191521286105082e-36 1.303779948732506e-32 11841552
51.4667 9.175725291200444e-36 1.302941232139136e-32 11811860
51.5129 9.171482802347018e-36 1.305030257909934e-32 11798888
51.5591 9.148294476643148e-36 1.302284038259075e-32 11768748
51.6053 9.163404192929161e-36 1.307646994977632e-32 11777096
51.6515 9.13265561021754e-36 1.30469865560086e-32 11733936
51.6977 9.138342867746772e-36 1.305487740914768e-32 11714324
51.7439 9.144812573501048e-36 1.308038989660983e-32 11725020
51.7901 9.129778476409363e-36 1.306811605984314e-32 11696816
51.8363 9.115439147435155e-36 1.303526537347244e-32 11666048
51.8825 9.123026341575714e-36 1.305502543102276e-32 11661996
51.9287 9.128113617379521e-36 1.304709566246878e-32 11645228
51.9749 9.125123514712784e-36 1.301962659730846e-32 11620884
52.0211 9.118122574209348e-36 1.298914185922161e-32 11590808
52.0673 9.133306279329947e-36 1.300767763557936e-32 11587908
52.1135 9.130078511968045e-36 1.299129131685012e-32 11569028
52.1597 9.143079077147353e-36 1.298692134164499e-32 11558012
52.2059 9.1164809161415e-36 1.296944538041397e-32 11528724
52.2521 9.110734887800555e-36 1.296907111241608e-32 11506964
52.2983 9.111282782837945e-36 1.296545212922446e-32 11494536
52.3445 9.091736695727394e-36 1.298779656706493e-32 11477444
52.3907 9.084678391455576e-36 1.299701376205688e-32 11456804
52.4369 9.053178761178447e-36 1.299620068515001e-32 11428740
52.4831 9.060933065398735e-36 1.303156896603335e-32 11427272
52.5293 9.042063328496932e-36 1.303405168666565e-32 11407524
52.5755 9.010427646942636e-36 1.302414584535318e-32 11376992
52.6217 8.998647750925002e-36 1.304398387113636e-32 11363952
52.6679 8.998938859246907e-36 1.306015866875921e-32 11346680
52.7141 8.984827745197933e-36 1.306019822618339e-32 11322272
52.7603 8.96633000187448e-36 1.308472372820522e-32 11313672
52.8065 8.930614619733901e-36 1.306474871516492e-32 11276120
52.8527 8.947301406544513e-36 1.312180647084377e-32 11283648
52.8989 8.907315378298989e-36 1.310584388418722e-32 11248088
52.9451 8.89280020011491e-36 1.314419061095025e-32 11240592
52.9913 8.873364102719997e-36 1.315219129604702e-32 11217380
53.0375 8.831382103087113e-36 1.315761063953734e-32 11185436
53.0837 8.839215340278812e-36 1.318888648664686e-32 11182920
53.1299 8.798370570191693e-36 1.317782925627237e-32 11148968
53.1761 8.781941718983239e-36 1.320209158913239e-32 11132988
53.2223 8.780576757517862e-36 1.32008220038193e-32 11121068
53.2685 8.753421062741514e-36 1.317394096582184e-32 11080992
53.3147 8.777859577831781e-36 1.32046747825092e-32 11101004
53.3609 8.748643118690837e-36 1.317849430215236e-32 11052488
53.4071 8.75047284402875e-36 1.317632836493031e-32 11042760
53.4533 8.739588776146272e-36 1.317186071764052e-32 11024240
53.4995 8.735639405362714e-36 1.317022323641713e-32 11000652
53.5457 8.719070452154906e-36 1.317210440659496e-32 10983116
53.5919 8.704280116654681e-36 1.316252277096413e-32 10951520
53.6381 8.711225822222036e-36 1.318730574068653e-32 10954992
53.6843 8.683305923785953e-36 1.316882567369067e-32 10922468
53.7305 8.669573929332405e-36 1.31703009373334e-32 10900932
53.7767 8.665771023935504e-36 1.315448594270612e-32 10876700
53.8229 8.672247085131e-36 1.318044810334201e-32 10874520
53.8691 8.648065112315365e-36 1.315018689003423e-32 10837064
53.9153 8.638360780254627e-36 1.31199483487655e-32 10811504
53.9615 8.663950228268009e-36 1.313352977289747e-32 10817724
54.0077 8.642092824107301e-36 1.311122735818853e-32 10782764
54.0539 8.63939133042323e-36 1.309640604773119e-32 10759932
54.1001 8.631804200037792e-36 1.308339106411745e-32 10739204
54.1463 8.63791180698179e-36 1.30646284160737e-32 10720560
54.1925 8.641397697072393e-36 1.3072635796924e-32 10715144
54.2387 8.603250334014196e-36 1.302949806428665e-32 10664960
54.2849 8.62127192119051e-36 1.304091718227605e-32 10661076
54.3311 8.600035632836298e-36 1.302660015236752e-32 10634540
54.3773 8.604730900229516e-36 1.304604363927148e-32 10629012
54.4235 8.577472259359075e-36 1.304016965859395e-32 10600856
54.4697 8.557859914297925e-36 1.302019313063394e-32 10566600
54.5159 8.575344623729591e-36 1.304357597527015e-32 10567232
54.5621 8.518371666428922e-36 1.30416322203477e-32 10531880
54.6083 8.531787558105614e-36 1.30709482854194e-32 10530996
54.6545 8.485775810271942e-36 1.302643885368046e-32 10477004
54.7007 8.476648877122158e-36 1.306086658445028e-32 10471488
54.7469 8.474795395388767e-36 1.309780354390421e-32 10464068
54.7931 8.435910267844418e-36 1.305525368470125e-32 10430660
54.8393 8.448708370016927e-36 1.309351388725248e-32 10419756
54.8855 8.405156533104474e-36 1.307771790946095e-32 10384784
54.9317 8.400234717814542e-36 1.309247516031778e-32 10374072
54.9779 8.381641422072272e-36 1.308901222747422e-32 10348256
55.0241 8.35195115184006e-36 1.308331997919472e-32 10318008
55.0703 8.361856448784104e-36 1.310809419013087e-32 10309604
55.1165 8.330200910120445e-36 1.310727792860208e-32 10286924
55.1627 8.311209813331694e-36 1.311495822303224e-32 10261848
55.2089 8.290818196382771e-36 1.311687025103804e-32 10243016
55.2551 8.259880165303923e-36 1.31149711977587e-32 10211616
55.3013 8.265328077756204e-36 1.314894438697514e-32 10207340
55.3475 8.213005014617909e-36 1.311498872509829e-32 10164252
55.3937 8.210803560916587e-36 1.316358034974759e-32 10159472
55.4399 8.198560016506064e-36 1.314379123272887e-32 10129184
55.4861 8.183492458089754e-36 1.313554278981605e-32 10114464
55.5323 8.187887577661799e-36 1.314313946718883e-32 10103336
55.5785 8.142206830731014e-36 1.308788224346848e-32 10049364
55.6247 8.172678078298281e-36 1.313134546767668e-32 10056980
55.6709 8.145970626172313e-36 1.308802904656416e-32 10027464
55.7171 8.138598719212591e-36 1.307302218417607e-32 10001132
55.7633 8.143713090421582e-36 1.305604582620447e-32 9984704
55.8095 8.119213565787398e-36 1.301259471265519e-32 9946872
55.8557 8.139338009913177e-36 1.303551813319665e-32 9950204
55.9019 8.110565460566532e-36 1.299434907165686e-32 9907884
55.9481 8.103737554117818e-36 1.298902079475119e-32 9890480
55.9943 8.097772804397352e-36 1.296629102872871e-32 9864212
56.0405 8.088920905773815e-36 1.296931447177955e-32 9850680
56.0867 8.074991568212188e-36 1.295329088982085e-32 9831356
56.1329 8.03661938716304e-36 1.291268695953926e-32 9781176
56.1791 8.066650953439333e-36 1.293783326323111e-32 9789368
56.2253 8.043565459531642e-36 1.292849691544189e-32 9760404
56.2715 8.027710628013936e-36 1.29191702679704e-32 9735800
56.3177 8.018410636832969e-36 1.289505443432365e-32 9711092
56.3639 7.999989130895928e-36 1.28902684765156e-32 9689040
56.4101 8.002165815691943e-36 1.287040503251456e-32 9668192
56.4563 7.981880662496741e-36 1.285920436862824e-32 9643500
56.5025 7.980328672087986e-36 1.284720560351674e-32 9617840
56.5487 7.953544895348472e-36 1.282485337922413e-32 9596220
56.5949 7.953829040971334e-36 1.283645302860039e-32 9579572
56.6411 7.952920074049964e-36 1.280431534243096e-32 9553832
56.6873 7.93759303955087e-36 1.278339544438402e-32 9523872
56.7335 7.926782360703716e-36 1.27624171878216e-32 9502856
56.7797 7.9259983123846e-36 1.276882573241017e-32 9490980
56.8259 7.907040085428904e-36 1.274477817456346e-32 9456200
56.8721 7.892227689557602e-36 1.273064226023321e-32 9434060
56.9183 7.871100118605747e-36 1.270075666927066e-32 9409128
56.9645 7.873071973431803e-36 1.271177689888473e-32 9392816
57.0107 7.846174691314954e-36 1.270267942529498e-32 9367812
57.0569 7.829771846440799e-36 1.268065973955393e-32 9335648
57.1031 7.822629813877904e-36 1.271508405972131e-32 9334140
57.1493 7.779251239061944e-36 1.267867921298009e-32 9287804
57.1955 7.782086254847778e-36 1.270167421587709e-32 9280268
57.2417 7.72027265738336e-36 1.267251870593944e-32 9232656
57.2879 7.729897614513406e-36 1.272082103173164e-32 9235316
57.3341 7.693494813893561e-36 1.270785704980959e-32 9201576
57.3803 7.668591018647269e-36 1.270520873368824e-32 9175664
57.4265 7.648104625725576e-36 1.271102349431097e-32 9151536
57.4727 7.614334078115805e-36 1.269636964239718e-32 9128240
57.5189 7.604550197791429e-36 1.272713355135239e-32 9109832
57.5651 7.569005848606898e-36 1.269779477207094e-32 9072324
57.6113 7.556783068515005e-36 1.271283169727592e-32 9060392
57.6575 7.536422244221822e-36 1.26947908167058e-32 9034272
57.7037 7.526146548630153e-36 1.26818115023691e-32 9008744
57.7499 7.513046867398118e-36 1.268300727461188e-32 8989764
57.7961 7.490571735537026e-36 1.265521206099091e-32 8956412
57.8423 7.481411667104304e-36 1.266904612064031e-32 8941880
57.8885 7.463752163308031e-36 1.263393914314268e-32 8914968
57.9347 7.446147319895768e-36 1.26052139506124e-32 8881592
57.9809 7.435301422111043e-36 1.261863199485728e-32 8866164
58.0271 7.406904264602619e-36 1.2579364599341e-32 8832464
58.0733 7.408800195186825e-36 1.258966064450881e-32 8819384
58.1195 7.378939532290508e-36 1.254697636932327e-32 8784948
58.1657 7.376979634062943e-36 1.254011693789996e-32 8766056
58.2119 7.360418466942247e-36 1.253042225033493e-32 8741592
58.2581 7.343390046256424e-36 1.249950617594978e-32 8715404
58.3043 7.331242128746438e-36 1.24982534032934e-32 8693160
58.3505 7.307917296992391e-36 1.246193975105839e-32 8660528
58.3967 7.298842013568448e-36 1.245401029760336e-32 8638364
58.4429 7.28171054985105e-36 1.243549360525503e-32 8622660
58.4891 7.264138114577084e-36 1.24057719210982e-32 8587712
58.5353 7.251295974131874e-36 1.241026674389078e-32 8569368
58.5815 7.223623362063933e-36 1.234669698282158e-32 8529836
58.6277 7.243165890774736e-36 1.238067761431122e-32 8529840
58.6739 7.196134282217642e-36 1.233322377138401e-32 8486240
58.7201 7.190858296422995e-36 1.230894233105323e-32 8464964
58.7663 7.17467244030464e-36 1.229935182661831e-32 8441376
58.8125 7.140482835688345e-36 1.225537281518595e-32 8401016
58.8587 7.171979908289798e-36 1.228679346261642e-32 8409180
58.9049 7.117447784825597e-36 1.221642532817102e-32 8351564
58.9511 7.126617243175115e-36 1.219492515373019e-32 8339304
58.9973 7.108294399758757e-36 1.216377439263446e-32 8310416
59.0435 7.094499668402254e-36 1.214016535485947e-32 8286104
59.0897 7.096777537355149e-36 1.211018525109942e-32 8262372
59.1359 7.06369431762372e-36 1.20570617010583e-32 8225852
59.1821 7.083464560439745e-36 1.207675455752385e-32 8224104
59.2283 7.061072594140023e-36 1.200832453401276e-32 8180564
59.2745 7.041661612626638e-36 1.198295066265665e-32 8150744
59.3207 7.043333549319552e-36 1.197517467259791e-32 8137680
59.3669 7.015428082771573e-36 1.19448910729966e-32 8111156
59.4131 7.005316717300417e-36 1.190410223172257e-32 8078748
59.4593 6.979157527456107e-36 1.18716055352764e-32 8045600
59.5055 6.971875451303834e-36 1.188194271752215e-32 8035524
59.5517 6.955682524884704e-36 1.184617261102815e-32 8002928
59.5979 6.932458849650926e-36 1.182565161823843e-32 7975760
59.6441 6.920925971864759e-36 1.179979628809199e-32 7946448
59.6903 6.896016089339641e-36 1.17767627253964e-32 7924280
59.7365 6.892182541665281e-36 1.176929307618352e-32 7899672
59.7827 6.852090070195857e-36 1.174005736575336e-32 7869572
59.8289 6.821625639441899e-36 1.171305024298025e-32 7830276
59.8751 6.828188595530365e-36 1.171635174567965e-32 7826636
59.9213 6.792546009034242e-36 1.168532491146543e-32 7792388
59.9675 6.785288935512016e-36 1.168158289783811e-32 7765296
60.0137 6.745435510571105e-36 1.164779966637457e-32 7733948
60.0599 6.72633940651754e-36 1.163429694789839e-32 7710948
60.1061 6.713370341194909e-36 1.16245375283111e-32 7689260
60.1523 6.665774878495065e-36 1.159897105710233e-32 7649916
60.1985 6.66973621483029e-36 1.159852039001757e-32 7638020
60.2447 6.628224898981141e-36 1.155657308382642e-32 7597136
60.2909 6.628450657189132e-36 1.157300146080529e-32 7586532
60.3371 6.583545849398685e-36 1.151352047033095e-32 7540628
60.3833 6.560348505588316e-36 1.151915536490001e-32 7519344
60.4295 6.547774204735621e-36 1.152218857941502e-32 7501880
60.4757 6.520121384978028e-36 1.147170390906494e-32 7466540
60.5219 6.499856587595956e-36 1.146024599485555e-32 7440012
60.5681 6.485640514646017e-36 1.14392556082143e-32 7414112
60.6143 6.46541074456663e-36 1.141654164482046e-32 7382808
60.6605 6.447723358653018e-36 1.141499937442837e-32 7365056
60.7067 6.41269856891237e-36 1.134484388711385e-32 7324200
60.7529 6.41534806776053e-36 1.135214109820039e-32 7308356
60.7991 6.382981859345875e-36 1.130756774727176e-32 7275944
60.8453 6.361507259146098e-36 1.125889817241093e-32 7238628
60.8915 6.359886642316297e-36 1.127814855772649e-32 7231832
60.9377 6.320743185978053e-36 1.123146947469539e-32 7189104
60.9839 6.312990988263814e-36 1.122623957789815e-32 7168592
61.0301 6.275474156989623e-36 1.118035354826921e-32 7136184
61.0763 6.26552433660657e-36 1.118830742983106e-32 7116188
61.1225 6.240622446956979e-36 1.11282606401705e-32 7077644
61.1687 6.220908697785894e-36 1.111738319848585e-32 7053780
61.2149 6.190482589917977e-36 1.11192644764904e-32 7031900
61.2611 6.165245272747891e-36 1.105111850225768e-32 6993612
61.3073 6.148784759061875e-36 1.107171099820903e-32 6976868
61.3535 6.112797669039318e-36 1.101242411935287e-32 6934520
61.3997 6.106754994967121e-36 1.101526550221798e-32 6920268
61.4459 6.075742965776815e-36 1.099799241985511e-32 6889172
61.4921 6.032519392888418e-36 1.093570040314455e-32 6844680
61.5383 6.019054687436323e-36 1.097088159863281e-32 6834860
61.5845 5.994216267515273e-36 1.092168846379289e-32 6802656
61.6307 5.974945560127711e-36 1.091555845231017e-32 6777188
61.6769 5.93563088939978e-36 1.087592309728874e-32 6737144
61.7231 5.910068699324528e-36 1.085198743185722e-32 6712620
61.7693 5.903866329807039e-36 1.08634897365389e-32 6695444
61.8155 5.860274290317159e-36 1.081010523660384e-32 6653604
61.8617 5.837178358066889e-36 1.081122994180637e-32 6626744
61.9079 5.813699349307766e-36 1.078447642351794e-32 6602196
61.9541 5.784042006718635e-36 1.077411252279177e-32 6571892
62.0003 5.759453337813038e-36 1.075113846512925e-32 6541832
62.0465 5.721622214493574e-36 1.070228900484236e-32 6504960
62.0927 5.709102111890431e-36 1.071761390421062e-32 6496244
62.1389 5.674848928985706e-36 1.066861843889343e-32 6453468
62.1851 5.661119486216777e-36 1.064827838571916e-32 6432680
62.2313 5.632203575605675e-36 1.061695588926538e-32 6396960
62.2775 5.603433495995542e-36 1.057670479769894e-32 6364784
62.3237 5.61019260653159e-36 1.05770584127401e-32 6352916
62.3699 5.558988139689171e-36 1.050850561070234e-32 6304836
62.4161 5.553740972442001e-36 1.048655245395463e-32 6282080
62.4623 5.523901827323533e-36 1.044827709008108e-32 6251508
62.5085 5.513760073236025e-36 1.040525976205959e-32 6225728
62.5547 5.495687287289006e-36 1.035024766888452e-32 6187640
62.6009 5.462748042933925e-36 1.031833176198013e-32 6159276
62.6471 5.464170587635671e-36 1.029890325238113e-32 6141404
62.6933 5.438238080048935e-36 1.022659999563917e-32 6104412
62.7395 5.418546054566487e-36 1.019843158557499e-32 6071612
62.7857 5.405587735435768e-36 1.015866272093753e-32 6046032
62.8319 5.379341646866296e-36 1.008961357998516e-32 6013244
62.8781 5.378626137551804e-36 1.007887451485725e-32 5990204
62.9243 5.341284625693395e-36 1.00159926229147e-32 5950020
62.9705 5.350901723766013e-36 1.000726763908122e-32 5938520
63.0167 5.309663637887548e-36 9.92381286231079e-33 5890944
63.0629 5.292248761560838e-36 9.880666397399085e-33 5864480
63.1091 5.282282607099273e-36 9.838770057770574e-33 5834628
63.1553 5.258394473681361e-36 9.780188712403965e-33 5806868
63.2015 5.250705725474953e-36 9.753099416995949e-33 5779796
63.2477 5.226581429168345e-36 9.701572961615771e-33 5744076
63.2939 5.21663968654741e-36 9.645322292314417e-33 5716436
63.3401 5.194149439542523e-36 9.595860845551199e-33 5686140
63.3863 5.167182872869852e-36 9.545398766678393e-33 5648924
63.4325 5.176803915287648e-36 9.51890480444975e-33 5631720
63.4787 5.134811321565823e-36 9.446856970665954e-33 5592584
63.5249 5.120287158678622e-36 9.422674507546673e-33 5565032
63.5711 5.098063321707867e-36 9.362532376027997e-33 5527812
63.6173 5.076964270825483e-36 9.328563694216904e-33 5502944
63.6635 5.075016340471366e-36 9.298187062471699e-33 5479728
63.7097 5.026088802261975e-36 9.232492861108695e-33 5435888
63.7559 5.027887890544363e-36 9.211052963944399e-33 5413076
63.8021 4.986137691386771e-36 9.156384297243135e-33 5379972
63.8483 4.967488128477354e-36 9.126151685087838e-33 5348924
63.8945 4.948385095612753e-36 9.068044723884404e-33 5317392
63.9407 4.903906267030438e-36 9.037161985454751e-33 5279504
63.9869 4.922091062002554e-36 9.022429201997302e-33 5268480
64.0331 4.866682929157115e-36 8.953038887623041e-33 5223572
64.0793 4.860002422609308e-36 8.901698232407857e-33 5190452
64.1255 4.837641237508777e-36 8.868615440007054e-33 5162808
64.1716 4.794428758347987e-36 8.825045470188561e-33 5130032
64.2178 4.801588884848493e-36 8.780093541775948e-33 5102844
64.264 4.744861546644571e-36 8.730957777371661e-33 5064404
64.3102 4.746314781306709e-36 8.706680453705493e-33 5041788
64.3564 4.713595326037764e-36 8.646863694730407e-33 5006048
64.4026 4.683349044832907e-36 8.601988703371648e-33 4974476
64.4488 4.679766850448104e-36 8.559040235336968e-33 4944876
64.495 4.615156827594806e-36 8.504428854732097e-33 4906532
64.5412 4.634577730415417e-36 8.491748770971391e-33 4887960
64.5874 4.578955039741848e-36 8.414335909955069e-33 4844576
64.6336 4.568219219748672e-36 8.383959885652441e-33 4814876
64.6798 4.547443698349501e-36 8.341753373835757e-33 4789392
64.726 4.491557367722705e-36 8.287232998608949e-33 4742684
64.7722 4.522409851237812e-36 8.277233374564218e-33 4734516
64.8184 4.452540878988405e-36 8.202725432436355e-33 4682588
64.8646 4.448287609815399e-36 8.177975248253544e-33 4661736
64.9108 4.414754347319842e-36 8.140221759603739e-33 4628360
64.957 4.374059886790735e-36 8.094610896573295e-33 4589408
65.0032 4.365528384842664e-36 8.047231858759769e-33 4560588
65.0494 4.31137125079863e-36 8.015543983349072e-33 4531724
65.0956 4.30506614012537e-36 7.981091225732949e-33 4499988
65.1418 4.260107731027385e-36 7.925403411163304e-33 4461728
65.188 4.232628646689511e-36 7.888773621351151e-33 4433484
65.2342 4.222304229982259e-36 7.858322228798816e-33 4405280
65.2804 4.148282672721001e-36 7.789244723068912e-33 4360472
65.3266 4.172605832814331e-36 7.771346225508829e-33 4339080
65.3728 4.108856371240088e-36 7.718072075154855e-33 4301396
65.419 4.088527547133942e-36 7.674270957210958e-33 4271340
65.4652 4.064610739645878e-36 7.62999784770771e-33 4239968
65.5114 4.003098605473656e-36 7.5867263561357e-33 4201116
65.5576 4.01890562599358e-36 7.539091590300507e-33 4177748
65.6038 3.939058343178015e-36 7.500675493691054e-33 4136636
65.65 3.947856350596836e-36 7.451843482240696e-33 4110516
65.6962 3.894094729758138e-36 7.419510255635178e-33 4075076
65.7424 3.864391281799971e-36 7.359795511255586e-33 4037220
65.7886 3.845194957555932e-36 7.33254723087937e-33 4008632
65.8348 3.775972297271762e-36 7.2854032911766e-33 3972800
65.881 3.796015967586143e-36 7.239454968311271e-33 3946224
65.9272 3.718495357102247e-36 7.190121139058361e-33 3908516
65.9734 3.715516886393207e-36 7.144920543954069e-33 3876912
66.0196 3.659356351015721e-36 7.087012418640926e-33 3839720
66.0658 3.623595021475391e-36 7.064343223129263e-33 3813012
66.112 3.616399256399223e-36 7.017069343088118e-33 3777968
66.1582 3.544992313701304e-36 6.955694858384069e-33 3737048
66.2044 3.549581010842215e-36 6.92421887686107e-33 3713520
66.2506 3.487305286230313e-36 6.87661037929444e-33 3677996
66.2968 3.46289999077318e-36 6.804428709760893e-33 3640800
66.343 3.427086375182239e-36 6.768533303259869e-33 3607976
66.3892 3.376798489425897e-36 6.711677531075325e-33 3570924
66.4354 3.376478622310968e-36 6.679201024907802e-33 3545936
66.4816 3.314808645190909e-36 6.608971860568534e-33 3506408
66.5278 3.302207582256072e-36 6.552464173675235e-33 3471600
66.574 3.260457546374349e-36 6.511242903567087e-33 3442172
66.6202 3.220904218406522e-36 6.447318751218926e-33 3407676
66.6664 3.193160419141437e-36 6.392584599433338e-33 3373964
66.7126 3.149141706765612e-36 6.327334056865833e-33 3336468
66.7588 3.127282251792814e-36 6.280368121474323e-33 3307520
66.805 3.084470861130399e-36 6.221187828214794e-33 3272000
66.8512 3.050732360322278e-36 6.167128813847103e-33 3237408
66.8974 3.010048652945834e-36 6.101508978850548e-33 3196721
66.9436 2.991681644999166e-36 6.082603832858255e-33 3179382
66.9898 2.950142567594147e-36 6.004159902134482e-33 3135572
67.036 2.922994912031719e-36 5.94563551352776e-33 3103196
67.0822 2.900789877948999e-36 5.910432155506324e-33 3079200
67.1284 2.872990966610982e-36 5.874704173392894e-33 3053732
67.1746 2.847349164316264e-36 5.815947079439052e-33 3018894
67.2208 2.819635783045852e-36 5.77119044141827e-33 2988590
67.267 2.801263905572206e-36 5.752038009890537e-33 2970498
67.3132 2.770821471937608e-36 5.699239301490793e-33 2938226
67.3594 2.744093270728563e-36 5.659167378108958e-33 2910458
67.4056 2.71818953157133e-36 5.619149072591534e-33 2883180
67.4518 2.696357246753249e-36 5.590584421120007e-33 2860964
67.498 2.676020972825979e-36 5.550864526328553e-33 2833284
67.5442 2.652608746147488e-36 5.502261940561212e-33 2808758
67.5904 2.622329587842521e-36 5.469682476266711e-33 2780862
67.6366 2.605691687352348e-36 5.435526016219815e-33 2758742
67.6828 2.588521948823064e-36 5.393168231305356e-33 2734520
67.729 2.557101517411018e-36 5.353621332263675e-33 2707878
67.7752 2.538389417254488e-36 5.320526042236644e-33 2685368
67.8214 2.51853292962446e-36 5.275243267045088e-33 2660304
67.8676 2.501992453930868e-36 5.247572427281498e-33 2642216
67.9138 2.47113956141916e-36 5.191831433310984e-33 2610312
67.96 2.46246280190738e-36 5.17019897491056e-33 2593256
68.0062 2.43627013172304e-36 5.130561423537032e-33 2569946
68.0524 2.417625980466881e-36 5.082589491653752e-33 2542752
68.0986 2.401243746072014e-36 5.05282285066209e-33 2526218
68.1448 2.384836611918398e-36 5.015262723080144e-33 2501610
68.191 2.36537594111791e-36 4.984160907240472e-33 2479202
68.2372 2.340055439721962e-36 4.953189015869529e-33 2457824
68.2834 2.325092214577482e-36 4.914689055124781e-33 2436522
68.3296 2.302077980207552e-36 4.868679396727254e-33 2413964
68.3758 2.288881875058254e-36 4.84681847269991e-33 2396034
68.422 2.260886902306842e-36 4.808670886379875e-33 2369162
68.4682 2.245269534555992e-36 4.775920274200872e-33 2354394
68.5144 2.230032942933646e-36 4.740562601866839e-33 2332340
68.5606 2.208761093668249e-36 4.708526432303966e-33 2309150
68.6068 2.187490012846627e-36 4.667564548195738e-33 2288172
68.653 2.17433320062189e-36 4.639789484171638e-33 2269922
68.6992 2.159474159965539e-36 4.608562458181399e-33 2250780
68.7454 2.137539105447001e-36 4.567640663099596e-33 2229338
68.7916 2.122687005981319e-36 4.540311213957391e-33 2210772
68.8378 2.102853687299099e-36 4.513148914878441e-33 2192108
68.884 2.086273105740369e-36 4.468534184455891e-33 2170988
68.9302 2.070615181003429e-36 4.438536677193509e-33 2152722
68.9764 2.051700869984639e-36 4.404364426508252e-33 2132996
69.0226 2.041713253791389e-36 4.370370302271043e-33 2117244
69.0688 2.019602175131503e-36 4.331839595421492e-33 2092700
69.115 2.003062619134084e-36 4.290396030918375e-33 2074508
69.1612 1.996753184587972e-36 4.275322510131029e-33 2061852
69.2074 1.977235471347153e-36 4.233284159754776e-33 2041724
69.2536 1.957888096722527e-36 4.192867139957136e-33 2018460
69.2998 1.951877697219104e-36 4.154417078214361e-33 2003006
69.346 1.93836989211546e-36 4.128135633096472e-33 1989396
69.3922 1.917036584551596e-36 4.084374401433111e-33 1968260
69.4384 1.901838310596577e-36 4.052609914954993e-33 1946780
69.4846 1.885019014308367e-36 4.030858532748697e-33 1934142
69.5308 1.875329326856539e-36 4.000468984445062e-33 1918124
69.577 1.856768773987798e-36 3.96140692463438e-33 1896468
69.6232 1.840476075042559e-36 3.929468213072657e-33 1879406
69.6694 1.827776791628553e-36 3.907325467905914e-33 1864284
69.7156 1.813804273220787e-36 3.888373767537099e-33 1850846
69.7618 1.795645978816844e-36 3.837548316027916e-33 1826084
69.808 1.777991235712288e-36 3.815927867838865e-33 1814094
69.8542 1.766423268703916e-36 3.805708098301758e-33 1799300
69.9004 1.747529949108728e-36 3.772196274017525e-33 1780710
69.9466 1.732776324005793e-36 3.745859078097779e-33 1764884
69.9928 1.710301410092582e-36 3.705432989191097e-33 1744434
70.039 1.704062478540968e-36 3.698682350446496e-33 1734356
70.0852 1.684985064174068e-36 3.672508079244601e-33 1717670
70.1314 1.661919355866293e-36 3.639491097452629e-33 1697718
70.1776 1.649328652344223e-36 3.615265958213218e-33 1682948
70.2238 1.640200777601098e-36 3.59840212998026e-33 1670502
70.27 1.621904325834011e-36 3.569595788821806e-33 1654382
70.3162 1.60406927354734e-36 3.547975454776424e-33 1635902
70.3624 1.592728790919822e-36 3.51849679712713e-33 1623948
70.4086 1.578385196215138e-36 3.495425826011178e-33 1607870
70.4548 1.563618313224638e-36 3.464208777690542e-33 1591710
70.501 1.550047609882295e-36 3.432490372287425e-33 1575254
70.5472 1.539401631125408e-36 3.420533272851186e-33 1565550
70.5934 1.518022477187384e-36 3.3788095972693e-33 1546364
70.6396 1.506660128644175e-36 3.352506930307672e-33 1531526
70.6858 1.493253733168034e-36 3.321643619086908e-33 1516926
70.732 1.490122377457163e-36 3.31252197616383e-33 1508390
70.7782 1.4657314983285e-36 3.259411915251292e-33 1486182
70.8244 1.459199214020665e-36 3.243011394625056e-33 1475414
70.8706 1.444629167369382e-36 3.20825653545725e-33 1459662
70.9168 1.43764513044574e-36 3.185191956956147e-33 1447358
70.963 1.425287188359196e-36 3.153510885254402e-33 1433654
71.0092 1.413545313230739e-36 3.12934268475788e-33 1417218
71.0554 1.400410222174612e-36 3.096716788695051e-33 1405838
71.1016 1.390120586022672e-36 3.068688227112732e-33 1392414
71.1478 1.37566528314096e-36 3.03723550508324e-33 1376246
71.194 1.365404926114135e-36 3.012315410126304e-33 1363542
71.2402 1.356081490114759e-36 2.98867418918607e-33 1352918
71.2864 1.342694749603369e-36 2.956738151021377e-33 1338134
71.3326 1.329714191047298e-36 2.93232860996091e-33 1323840
71.3788 1.316783873394062e-36 2.897801259266738e-33 1308782
71.425 1.310468063791075e-36 2.887604143818601e-33 1301238
71.4712 1.2978184989397e-36 2.856255345721217e-33 1284854
71.5174 1.28065868450563e-36 2.823771784596064e-33 1268942
71.5636 1.273980608131555e-36 2.814289742428782e-33 1261590
71.6098 1.262822734574499e-36 2.780277928824423e-33 1247528
71.656 1.249636751554513e-36 2.753234993979589e-33 1233438
71.7022 1.237018066099602e-36 2.726503105727181e-33 1217750
71.7484 1.228329272499335e-36 2.722090585256275e-33 1213134
71.7946 1.213460751158318e-36 2.69432776443154e-33 1197782
71.8408 1.198768738209695e-36 2.65995331954261e-33 1180700
71.887 1.188654608249959e-36 2.643418844410226e-33 1171854
71.9332 1.178830238485535e-36 2.627505897097503e-33 1163174
71.9794 1.161825627293792e-36 2.594442411414659e-33 1146192
72.0256 1.154209975553973e-36 2.58005037508632e-33 1135046
72.0718 1.142767138753758e-36 2.550548660110234e-33 1124070
72.118 1.131743697385491e-36 2.540091456529207e-33 1113638
72.1642 1.11742451251565e-36 2.511140549512664e-33 1100408
72.2104 1.108572350928927e-36 2.480199212976519e-33 1087734
72.2566 1.097669264913937e-36 2.470377478934708e-33 1078334
72.3028 1.087634296318736e-36 2.435416606326889e-33 1066848
72.349 1.079228856435275e-36 2.419912189572719e-33 1055558
72.3952 1.063444883691229e-36 2.385519180547547e-33 1039512
72.4414 1.056821729787892e-36 2.378261077033223e-33 1034006
72.4876 1.048921280573202e-36 2.352964365199722e-33 1023206
72.5338 1.032603685724334e-36 2.32569627489481e-33 1008276
72.58 1.024053427018731e-36 2.296595527361949e-33 996998
72.6262 1.018785118216458e-36 2.287791739500946e-33 990336
72.6724 1.009143943384378e-36 2.249576916446502e-33 977246
72.7186 9.950683009110942e-37 2.223147377628129e-33 964328
72.7648 9.896005456308243e-37 2.201197262317785e-33 955686
72.811 9.793790876397115e-37 2.196489704648013e-33 947630
72.8572 9.681315634439874e-37 2.158739472684884e-33 932496
72.9034 9.604441785903267e-37 2.137438309929568e-33 923126
72.9496 9.54928817453218e-37 2.115613624946095e-33 915264
72.9958 9.421340638720869e-37 2.087899939749127e-33 902150
73.042 9.342231832151826e-37 2.068877286001229e-33 893672
73.0882 9.206599710219071e-37 2.041431566774483e-33 880782
73.1344 9.172468246971195e-37 2.035022405282569e-33 875360
73.1806 9.053294695118637e-37 2.00226160130348e-33 862326
73.2268 8.987083897198785e-37 1.979997391749439e-33 852140
73.273 8.854887547611464e-37 1.958230050529654e-33 842544
73.3192 8.768943287222995e-37 1.94279518722797e-33 832910
73.3654 8.721027916158196e-37 1.923381210651803e-33 824288
73.4116 8.594120543537865e-37 1.895127358553379e-33 812262
73.4578 8.51859483070991e-37 1.88496794602204e-33 804728
73.504 8.398438825816448e-37 1.861496499210962e-33 795486
73.5502 8.291686314648638e-37 1.839706106134229e-33 784520
73.5964 8.197717854720628e-37 1.826130385776392e-33 773576
73.6426 8.117734891643018e-37 1.815701151243802e-33 767574
73.6888 8.032616834405164e-37 1.790352653064899e-33 757976
73.735 7.908094566286429e-37 1.774052224028607e-33 747246
73.7812 7.781223596041815e-37 1.749676342351684e-33 736088
73.8274 7.733788418890732e-37 1.756423232321407e-33 733116
73.8736 7.596316726559449e-37 1.726592942435401e-33 720086
73.9198 7.481198378736733e-37 1.710848788395923e-33 710432
73.966 7.400567742991433e-37 1.700790997626098e-33 702960
74.0122 7.324022937852928e-37 1.685041490243081e-33 695102
74.0584 7.23607410402899e-37 1.667337873254926e-33 685680
74.1046 7.10948290087105e-37 1.641935471968486e-33 674000
74.1508 7.017395783316309e-37 1.635019567071161e-33 669294
74.197 6.934986089634618e-37 1.625648023660755e-33 661064
74.2432 6.819463693565023e-37 1.59695227188758e-33 649664
74.2894 6.723982576657808e-37 1.582070982592784e-33 641262
74.3356 6.687100681489013e-37 1.575256687463385e-33 636632
74.3818 6.580951150775946e-37 1.555090352323463e-33 627324
74.428 6.466896128689582e-37 1.532963241664978e-33 615680
74.4742 6.362123758244836e-37 1.515034679638884e-33 607974
74.5204 6.337441699054173e-37 1.509765987436275e-33 604784
74.5666 6.205368188810712e-37 1.487677800349069e-33 593216
74.6128 6.131709512567483e-37 1.46806384067906e-33 583830
74.659 6.070620998412074e-37 1.456033078724367e-33 578624
74.7052 5.992834517002174e-37 1.438022345054582e-33 571152
74.7514 5.920710599940033e-37 1.421058110428795e-33 562616
74.7976 5.784957453331812e-37 1.393688493054829e-33 551246
74.8438 5.783115258047227e-37 1.393537688551863e-33 549072
74.89 5.713229345050028e-37 1.371226768115364e-33 540848
74.9362 5.555470013932316e-37 1.343975144284044e-33 529620
74.9824 5.537237635608325e-37 1.331737072995564e-33 523232
75.0286 5.504759987400118e-37 1.315508611041795e-33 518286
75.0748 5.434978784569181e-37 1.300365875686227e-33 511160
75.121 5.34311787600148e-37 1.269513072207785e-33 500648
75.1672 5.28235079920586e-37 1.250204132729229e-33 493848
75.2134 5.249987611246852e-37 1.244462049557735e-33 489776
75.2596 5.180636857873775e-37 1.213652231110853e-33 480798
75.3058 5.106264967704396e-37 1.192347025391304e-33 472664
75.352 5.056279022328855e-37 1.178296022171729e-33 467208
75.3982 5.02870147866503e-37 1.161809853591819e-33 461456
75.4444 4.929878493755027e-37 1.135786113814566e-33 451988
75.4906 4.863692662865818e-37 1.109845874316196e-33 443496
75.5368 4.84883768674372e-37 1.105565612430683e-33 441638
75.583 4.818738019365668e-37 1.081512402515957e-33 433968
75.6292 4.771389573038192e-37 1.065417364067066e-33 425888
75.6754 4.669820583954244e-37 1.040328749168743e-33 417600
75.7216 4.641407530417147e-37 1.026741708414327e-33 414632
75.7678 4.608581293544496e-37 1.008016876579087e-33 407024
75.814 4.539555100426311e-37 9.843712943460365e-34 399048
75.8602 4.482920148774342e-37 9.740645963356734e-34 393878
75.9064 4.428451977216585e-37 9.596138140221601e-34 389196
75.9526 4.369376170869245e-37 9.390246028730148e-34 380816
75.9988 4.294704466012212e-37 9.148346130372911e-34 373160
76.045 4.272523130016062e-37 9.038758669206474e-34 370176
76.0912 4.227132008037671e-37 8.933104760210003e-34 364856
76.1374 4.140237259217601e-37 8.697361615973501e-34 356088
76.1836 4.070745458248595e-37 8.515138615151405e-34 348848
76.2298 4.077541686962467e-37 8.450097753464855e-34 347208
76.276 3.993695678154065e-37 8.275724411386137e-34 339944
76.3222 3.921874003438398e-37 8.082473494712019e-34 331856
76.3684 3.878884005995546e-37 7.961094692574996e-34 327150
76.4146 3.850091886504479e-37 7.907495798070602e-34 324092
76.4608 3.761191199067237e-37 7.676590855851428e-34 316944
76.507 3.700488085922806e-37 7.526035340953199e-34 309512
76.5532 3.675457034770263e-37 7.396303762092905e-34 305496
76.5994 3.623733429599217e-37 7.299247685521433e-34 301904
76.6456 3.539103949994505e-37 7.103446189237125e-34 293552
76.6918 3.46885814374578e-37 6.954145482442819e-34 287328
76.738 3.463736343321979e-37 6.947347339729898e-34 285656
76.7842 3.400575769194067e-37 6.821524715153912e-34 279936
76.8304 3.32795651007427e-37 6.661855059252483e-34 273404
76.8766 3.239554961155066e-37 6.444227832357647e-34 264384
76.9228 3.244533371795001e-37 6.468405148348575e-34 266672
76.969 3.170220428699165e-37 6.327772529905052e-34 259208
77.0152 3.088937058798528e-37 6.163658618605223e-34 252216
77.0614 2.999504161257441e-37 6.030273674001785e-34 247088
77.1076 3.004382008719628e-37 6.040159017893851e-34 245664
77.1538 2.919512457834236e-37 5.903160181790542e-34 239288
77.2 2.860090107130689e-37 5.739434346121804e-34 231968
77.2462 2.815532798586077e-37 5.70943332219178e-34 229608
77.2924 2.767633773737764e-37 5.649820450411952e-34 226340
77.3386 2.678063960726754e-37 5.529418779581706e-34 219360
77.3848 2.604519098519973e-37 5.406214567953405e-34 213104
77.431 2.598818506516285e-37 5.42679738455172e-34 213024
77.4772 2.52999369490792e-37 5.346258660734393e-34 208088
77.5234 2.438978468439019e-37 5.157406248841145e-34 200336
77.5696 2.365680323155295e-37 5.027323139906586e-34 195552
77.6158 2.347514231645836e-37 5.141578920034038e-34 196328
77.662 2.273465559321037e-37 5.006228498482237e-34 189792
77.7082 2.211816813625317e-37 4.88787141196733e-34 183908
77.7544 2.135975787832713e-37 4.797334629556464e-34 179424
77.8006 2.103780258080364e-37 4.814228366688973e-34 178760
77.8468 2.049628128077997e-37 4.726459824586393e-34 172928
77.893 1.972525562022748e-37 4.591959204059413e-34 167352
77.9392 1.920815501740552e-37 4.573887524557018e-34 164984
77.9854 1.877627717498631e-37 4.530200497486547e-34 161736
78.0316 1.819957067973123e-37 4.443906308897426e-34 157112
78.0778 1.744070028329888e-37 4.292707090087177e-34 150848
78.124 1.725883990783364e-37 4.388770304748687e-34 151332
78.1702 1.687593564866601e-37 4.268452325744259e-34 146720
78.2164 1.602982633062716e-37 4.106402599047533e-34 140874
78.2626 1.554672608942336e-37 4.050623776773977e-34 136832
78.3088 1.548689829435895e-37 4.129002560254642e-34 137904
78.355 1.469522273457757e-37 3.941724349037943e-34 131384
78.4012 1.413355006897964e-37 3.804772343067282e-34 126248
78.4474 1.377759384907674e-37 3.78052989372463e-34 124152
78.4936 1.371706984026404e-37 3.820837497457087e-34 123896
78.5398 1.285978466366804e-37 3.662493688200344e-34 117588
78.586 1.231629718533848e-37 3.502772045901925e-34 112160
78.6322 1.233241070087273e-37 3.534819795571593e-34 112488
78.6784 1.198393219952311e-37 3.470797626845834e-34 110072
78.7246 1.130627728063221e-37 3.369299967779951e-34 104906
78.7708 1.067032329999379e-37 3.163404860208055e-34 98880
78.817 1.079576456525733e-37 3.28687167124708e-34 101408
78.8632 1.041584160251283e-37 3.161756014682575e-34 97128
78.9094 1.000305921174907e-37 3.038137830907519e-34 92504
78.9556 9.429320259911423e-38 2.940592876102946e-34 88308
79.0018 9.593566106389696e-38 2.964982311478119e-34 89504
79.048 9.158842407444351e-38 2.830324493202775e-34 85064
79.0942 8.640222091660412e-38 2.705725031510739e-34 80856
79.1404 8.465458179960348e-38 2.635602759114883e-34 78914
79.1866 8.338870487160464e-38 2.631504984744582e-34 77928
79.2328 7.872787182471712e-38 2.517648896104429e-34 73760
79.279 7.448197314417135e-38 2.359846634051176e-34 69752
79.3252 7.629343653579191e-38 2.444527181074931e-34 70788
79.3714 7.256242046933685e-38 2.290732291081392e-34 66920
79.4176 6.847133727052137e-38 2.141666294476908e-34 63192
79.4638 6.516891704228308e-38 2.073126182074857e-34 59594
79.51 6.831008638463433e-38 2.19399853123265e-34 62760
79.5562 6.231211519238388e-38 1.981015111286267e-34 56720
79.6024 5.865493618708649e-38 1.866745584067971e-34 53384
79.6486 5.77923962247225e-38 1.827695929796e-34 52272
79.6948 5.918364700402073e-38 1.858835734473189e-34 53456
79.741 5.233055505885178e-38 1.65887236296548e-34 47676
79.7872 4.912394182905265e-38 1.559617269980426e-34 44234
79.8334 5.056441901649618e-38 1.59952815583429e-34 45288
79.8796 4.988704174939066e-38 1.585422940813009e-34 44960
79.9258 4.429738551721164e-38 1.402803199581329e-34 39344
79.972 4.047245020968133e-38 1.263830197001953e-34 35664
80.0182 4.552723619587302e-38 1.403796041835067e-34 39440
80.0644 4.315713578481829e-38 1.30921099654851e-34 37194
80.1106 3.640554873457847e-38 1.104317626237171e-34 31484
80.1568 3.377490049394821e-38 1.014387711103077e-34 28848
80.203 3.865657473600421e-38 1.174420061921947e-34 33200
80.2492 3.508135732664832e-38 1.062570655940639e-34 30056
80.2954 2.887081067452214e-38 8.786940068947198e-35 24570
80.3416 2.91899155612485e-38 8.476924010534452e-35 23936
80.3878 3.204128745079803e-38 9.355426772854009e-35 26640
80.434 2.810191446998156e-38 8.379163862829936e-35 23624
80.4802 2.150846215891308e-38 6.495238308029796e-35 18020
80.5264 2.409894407829794e-38 7.104859669681791e-35 19986
80.5726 2.543130395959268e-38 7.375097825693083e-35 20744
80.6188 2.259064972595403e-38 6.459689307117764e-35 18000
80.665 1.518174339465501e-38 4.289590839043098e-35 12152
80.7112 2.093107007996209e-38 6.033865674133242e-35 16488
80.7574 1.946450636589076e-38 5.644305583283762e-35 15698
80.8036 1.647758423252073e-38 4.655997416564461e-35 13136
80.8498 1.055366994180413e-38 2.919123308153985e-35 8196
80.896 1.609243097551538e-38 4.40666933602938e-35 12488
80.9422 1.450832490151218e-38 4.000495987701695e-35 11250
80.9884 1.168041139577939e-38 3.22649041753905e-35 8984
81.0346 7.370047511090597e-39 2.05060025705586e-35 5736
81.0808 1.134760861376587e-38 3.05327548555462e-35 8456
81.127 9.703622620661204e-39 2.607494656857285e-35 7448
81.1732 7.61307301453748e-39 2.045956652163124e-35 5538
81.2194 5.083167862467017e-39 1.411690991147324e-35 3884
81.2656 6.92039016342992e-39 1.87190707700934e-35 5208
81.3118 5.711991659815135e-39 1.633319006491025e-35 4424
81.358 2.907804748767317e-39 8.050598259701162e-36 2186
81.4042 4.147253011696782e-39 1.144662037398669e-35 3120
81.4504 3.946161556464651e-39 9.707205237088976e-36 2744
81.4966 2.942701085691849e-39 7.931424120382918e-36 2184
81.5428 1.262027383753759e-39 3.470329734548984e-36 902
81.589 2.119477221321404e-39 5.015320281024096e-36 1464
81.6352 1.392180482588339e-39 4.249906726285872e-36 1064
81.6814 9.651295661252731e-40 2.673396596467256e-36 728
81.7276 3.070783386090499e-40 9.416664213790361e-37 258
81.7738 4.659720640024643e-40 1.323542420122993e-36 344
81.82 2.45659883743609e-40 6.129863483100668e-37 168
81.8662 6.20386613627729e-41 1.7130878569958e-37 56
81.9124 2.210346415978901e-41 1.971452709268793e-38 7


0.0461999 6.145570253753625e-08 1.262253752401411e-08 18
0.0923998 2.484022328147905e-07 4.936322569078975e-08 62
0.1386 2.969167189751285e-07 5.600487642258501e-08 98
0.1848 5.721520169250402e-07 1.011307227730749e-07 210
0.230999 7.44960931933516e-07 1.173060817896215e-07 350
0.277199 7.202449817151805e-07 9.630213407312186e-08 450
0.323399 6.56381768390108e-07 7.234468474849966e-08 602
0.369599 6.512434379745526e-07 5.558026448881705e-08 762
0.415799 6.472630903742995e-07 4.012990276496573e-08 1142
0.461999 4.484689334820915e-07 1.927049178732742e-08 1250
0.508199 3.921741928342854e-07 1.314093651321788e-08 1458
0.554399 3.849897715843453e-07 1.694285224738242e-08 1814
0.600599 3.627749802400636e-07 2.680242169043697e-08 2178
0.646798 3.448201645624353e-07 3.890107440736853e-08 2498
0.692998 3.363671316474587e-07 5.132421488645863e-08 2622
0.739198 4.194484040929255e-07 7.961268457289219e-08 3338
0.785398 4.185843589772333e-07 1.070601012560686e-07 3722
0.831598 4.174167587831542e-07 1.534963785140199e-07 4170
0.877798 4.191135669238393e-07 1.84061945571376e-07 4358
0.923998 4.639453442049974e-07 2.481420481802889e-07 5034
0.970198 5.185571256996439e-07 3.03402210054357e-07 5714
1.0164 5.481736270074662e-07 3.624012181935322e-07 5982
1.0626 5.597396099555002e-07 4.4040055230335e-07 6602
1.1088 6.166130500811465e-07 5.329585637553846e-07 7130
1.155 6.737429057019375e-07 6.828905191849071e-07 8034
1.2012 7.133022273631392e-07 8.208452425718328e-07 8606
1.2474 7.391735025107553e-07 9.035464331415887e-07 9066
1.2936 8.217824038630305e-07 1.049167347539515e-06 9962
1.3398 8.864697008801241e-07 1.210556342773061e-06 10550
1.386 9.196232925835106e-07 1.418311104488599e-06 11226
1.4322 9.648036674715048e-07 1.675882907225631e-06 12146
1.4784 9.644388077657103e-07 1.878314676999608e-06 12606
1.5246 1.092640346548116e-06 2.184823120789335e-06 13802
1.5708 1.169934512121773e-06 2.438050083386731e-06 14754
1.617 1.20851483057704e-06 2.601388912672868e-06 15194
1.6632 1.29320600083737e-06 3.083065137756588e-06 16454
1.7094 1.31446313358364e-06 3.482415822625042e-06 17154
1.7556 1.384976854722636e-06 3.979882840517448e-06 18266
1.8018 1.427549751842876e-06 4.204626598299261e-06 18750
1.848 1.551922445589002e-06 4.761844887008676e-06 20234
1.8942 1.627700546803724e-06 5.339558132160018e-06 21450
1.9404 1.704359608231183e-06 5.633377195488226e-06 21962
1.9866 1.836790682412759e-06 6.311743738535145e-06 23462
2.0328 1.822318212169151e-06 7.006294679107122e-06 24042
2.079 1.920409292962175e-06 7.867846636139491e-06 25946
2.1252 1.950224931735704e-06 8.377276314824819e-06 26118
2.17139 2.075064863057239e-06 9.045175668339869e-06 27506
2.21759 2.226546522633408e-06 9.964645292746183e-06 29066
2.26379 2.351773587821243e-06 1.088097330280376e-05 30450
2.30999 2.402956751719238e-06 1.192450751691508e-05 31742
2.35619 2.402690265232265e-06 1.254930953553979e-05 32250
2.40239 2.525824246183011e-06 1.429524788879522e-05 34250
2.44859 2.604492105332799e-06 1.532405112933178e-05 35454
2.49479 2.714449741468159e-06 1.601747664646723e-05 36434
2.54099 2.849763043322583e-06 1.702280026867715e-05 37682
2.58719 2.974446093142698e-06 1.834419583989123e-05 39294
2.63339 3.118568091442653e-06 2.028729560809791e-05 41426
2.67959 3.114057127240047e-06 2.181872917556286e-05 42066
2.72579 3.210803030776908e-06 2.350092614229147e-05 43490
2.77199 3.345436107591123e-06 2.504172041770518e-05 45702
2.81819 3.511105563296576e-06 2.662068881637376e-05 46634
2.86439 3.694155289924588e-06 2.821622128187805e-05 48554
2.91059 3.689583077972028e-06 2.911342563474855e-05 48870
2.95679 3.811095708219827e-06 3.25057577949892e-05 51554
3.00299 1.689499847167566e-06 1.497114515146981e-05 54090
3.04919 1.798182932165192e-12 1.552082808386185e-11 54314
3.09539 1.590528119150882e-12 1.411549537400101e-11 56910
3.14159 1.354356409774855e-12 1.25791273896211e-11 57482
3.18779 1.24375341353357e-12 1.193978352225586e-11 60626
3.23399 1.096658459439615e-12 1.106371325775647e-11 61206
3.28019 1.017840125934634e-12 1.060196316589651e-11 62570
3.32639 9.727159973677556e-13 1.040324568748528e-11 65730
3.37259 9.139298996103818e-13 1.003499727442962e-11 66686
3.41879 8.731353261324927e-13 1.013826997575709e-11 69698
3.46499 8.194714397323603e-13 9.828493790244315e-12 70026
3.51119 7.991724240784013e-13 9.749804938277808e-12 72746
3.55739 7.704946262508866e-13 9.721587384669146e-12 74910
3.60359 7.339487222196079e-13 9.542648033705224e-12 75722
3.64979 7.13143004442246e-13 9.453038788909571e-12 78378
3.69599 6.90805679910881e-13 9.459819646421429e-12 80030
3.74219 6.747610997571239e-13 9.46715580137627e-12 83186
3.78839 6.457113729323768e-13 9.410125107730026e-12 84666
3.83459 6.228251516485623e-13 9.359691471396198e-12 86546
3.88079 6.03213902804934e-13 9.144103270064656e-12 88134
3.92699 5.875069912038706e-13 9.282104892204082e-12 91538
3.97319 5.665455120145288e-13 9.018496413232458e-12 93138
4.01939 5.493649910979089e-13 8.930901866748325e-12 94478
4.06559 5.311634635538105e-13 8.787253542074232e-12 97274
4.11179 5.140948552568603e-13 8.800516853947429e-12 99690
4.15799 4.979214594975266e-13 8.850665150786513e-12 102590
4.20419 4.79076756867702e-13 8.54791331171283e-12 103770
4.25039 4.653195763368675e-13 8.532164157165246e-12 106346
4.29659 4.476242513179854e-13 8.314300982788518e-12 108546
4.34279 4.277048853204124e-13 8.203667232476691e-12 110726
4.38899 4.059590909000239e-13 8.04094046709715e-12 112322
4.43519 3.985253948838023e-13 8.003950045873896e-12 115890
4.48139 3.835149103368167e-13 7.865487825424072e-12 118766
4.52759 3.706611542038766e-13 7.746996933510997e-12 122298
4.57379 3.472769473642833e-13 7.378295757751454e-12 122090
4.61999 3.389014758722205e-13 7.2639304660899e-12 125810
4.66619 3.206734134689064e-13 7.126097589919998e-12 128190
4.71239 3.081450161459118e-13 6.914624372509306e-12 130994
4.75859 2.907996046334185e-13 6.753992071426895e-12 133722
4.80479 2.733263608613678e-13 6.351554679335004e-12 133886
4.85099 2.644547514962663e-13 6.390058827096724e-12 140538
4.89719 2.485800581373261e-13 6.048013399893713e-12 140594
4.94339 2.344343530969511e-13 5.767922940741764e-12 143594
4.98959 2.192671873281479e-13 5.560248078261302e-12 146310
5.03579 2.083367120253335e-13 5.368461926485926e-12 150650
5.08199 1.919747423990763e-13 5.055558064268515e-12 151914
5.12819 1.771952201264414e-13 4.726938307254813e-12 153398
5.17439 1.67054259990858e-13 4.460692666508284e-12 157866
5.22059 1.534524284604184e-13 4.204680417182261e-12 160658
5.26679 1.398828530910882e-13 3.918774604392225e-12 164102
5.31299 1.265983813016992e-13 3.601703609999042e-12 164994
5.35919 1.156303537269584e-13 3.301966879375587e-12 169850
5.40539 1.022972865311716e-13 3.026427322959739e-12 172986
5.45159 8.888070155581235e-14 2.674349116449434e-12 173894
5.49779 7.724152985695662e-14 2.358556809200492e-12 176778
5.54399 6.707416429068322e-14 2.04482337348787e-12 181802
5.59019 5.535622516652485e-14 1.719609721032217e-12 184430
5.63639 4.47299298090573e-14 1.403434588596786e-12 187242
5.68259 3.506476958870356e-14 1.118547322491557e-12 190250
5.72879 2.616418020968627e-14 8.471258888086219e-13 192570
5.77499 1.856346150221369e-14 6.044322921415662e-13 198254
5.82119 1.166313639839494e-14 3.839616714725934e-13 198074
5.86739 6.594861470731477e-15 2.194866629692781e-13 202050
5.91359 2.851077596824095e-15 9.647041681775306e-14 205502
5.95979 6.693297982065511e-16 2.270196729296821e-14 210666
6.00599 1.248344958337844e-17 4.213246849420048e-16 212426
6.05219 5.503648321026529e-20 2.115523955397154e-18 213918
6.09839 5.262529808317543e-20 2.042295750152376e-18 220994
6.14459 4.881122463328533e-20 1.922904772799081e-18 221522
6.19079 4.573790609488979e-20 1.847459813211532e-18 226314
6.23699 4.268924202554548e-20 1.74617400792541e-18 227294
6.28319 4.054798009769454e-20 1.688949904568165e-18 232962
6.32939 3.858018376818052e-20 1.618616546943695e-18 237818
6.37559 3.588464429627766e-20 1.529055490365037e-18 238398
6.42178 3.366298675739971e-20 1.461625445358414e-18 241418
6.46798 3.205823849777343e-20 1.397725271543177e-18 246818
6.51418 2.996084349316113e-20 1.328791296472792e-18 249906
6.56038 2.845219392223015e-20 1.275831006461282e-18 254702
6.60658 2.618471360656262e-20 1.206870453307524e-18 254418
6.65278 2.473952832928441e-20 1.160962431814734e-18 260354
6.69898 2.33649143632132e-20 1.111916003891481e-18 264974
6.74518 2.20050184082533e-20 1.046232481034104e-18 268722
6.79138 2.061137682256838e-20 9.817613120619231e-19 271562
6.83758 1.931506554587123e-20 9.393570379290969e-19 275586
6.88378 1.805283920588896e-20 8.918811148039563e-19 280190
6.92998 1.66690923498497e-20 8.471540300411159e-19 282834
6.97618 1.54102969264073e-20 7.945679570720884e-19 285170
7.02238 1.44433647297329e-20 7.497329801120322e-19 289886
7.06858 1.348071199357923e-20 7.097290270348325e-19 294474
7.11478 1.264538443696694e-20 6.659538053809599e-19 299498
7.16098 1.162702446208073e-20 6.178734022680817e-19 299958
7.20718 1.074524641645334e-20 5.859472577856285e-19 305858
7.25338 9.914836946145059e-21 5.503222302969456e-19 310794
7.29958 9.095250676664448e-21 5.141500999570517e-19 313082
7.34578 8.367791951956445e-21 4.743844244577665e-19 316046
7.39198 7.765150366529199e-21 4.418760023381771e-19 322218
7.43818 7.186449249580788e-21 4.092880250090718e-19 328562
7.48438 6.459258579685165e-21 3.730164611409408e-19 327990
7.53058 5.922342312084882e-21 3.499696162298438e-19 335282
7.57678 5.276770394937401e-21 3.209964052556778e-19 335970
7.62298 4.84395310635751e-21 2.966216819823114e-19 344066
7.66918 4.331442107494568e-21 2.657304474557021e-19 343718
7.71538 3.954065098844053e-21 2.434147676281338e-19 351498
7.76158 3.549435574612862e-21 2.186563663982396e-19 354458
7.80778 3.139451284023468e-21 1.972288087796886e-19 358566
7.85398 2.801778801727684e-21 1.794826103245926e-19 366122
7.90018 2.426932110199192e-21 1.588406400800945e-19 365810
7.94638 2.132908038863798e-21 1.420876049130816e-19 371622
7.99258 1.881010924730679e-21 1.24601983115542e-19 375986
8.03878 1.652601004494757e-21 1.092383760328136e-19 382170
8.08498 1.412398516898606e-21 9.354445220324958e-20 381818
8.13118 1.226027315375911e-21 8.16333268639576e-20 389574
8.17738 1.030427262377747e-21 7.093599477193285e-20 393698
8.22358 8.621828650385277e-22 6.091167284091235e-20 399458
8.26978 7.133700686189722e-22 5.11143488758407e-20 402222
8.31598 5.912186131393448e-22 4.219569363132006e-20 406922
8.36218 4.832030068202454e-22 3.40898396792518e-20 412842
8.40838 3.802465071694693e-22 2.707795866701756e-20 415346
8.45458 2.948584691810353e-22 2.11180269035602e-20 421182
8.50078 2.195494635077489e-22 1.607243957108924e-20 425018
8.54698 1.582229927374329e-22 1.183061304064804e-20 431138
8.59318 1.086345602038543e-22 8.322356588341065e-21 434382
8.63938 7.158242655032333e-23 5.512737756415282e-21 439514
8.68558 4.432650273700685e-23 3.373492750996487e-21 444738
8.73178 2.503205902633179e-23 1.890178410070954e-21 448910
8.77798 1.238052801757947e-23 9.382350725792343e-22 450618
8.82418 5.186184056825862e-24 3.984779462289603e-22 459554
8.87038 1.618595943493045e-24 1.278741433854289e-22 463106
8.91658 3.091313630894646e-25 2.483672045787722e-23 467094
8.96278 2.259601235161798e-26 1.850137392103284e-24 474938
9.00898 3.328926198326198e-27 2.83931909412664e-25 477186
9.05518 3.06113763287212e-27 2.64997413910746e-25 484670
9.10138 2.811700172136331e-27 2.448907283171259e-25 487010
9.14758 2.600848489681872e-27 2.282971321619648e-25 493314
9.19378 2.396370430258247e-27 2.122280988562407e-25 496322
9.23998 2.207845644103766e-27 1.966924498150271e-25 501702
9.28618 2.030348684533383e-27 1.842058756613313e-25 508562
9.33238 1.87337226319811e-27 1.705259541570529e-25 514242
9.37858 1.707506712966264e-27 1.56887903768937e-25 516158
9.42478 1.567253432116103e-27 1.459635913641022e-25 522602
9.47098 1.448888312095144e-27 1.354746845240289e-25 530658
9.51718 1.303418724136594e-27 1.234058921561276e-25 530042
9.56338 1.197462413394284e-27 1.146334692885566e-25 538878
9.60958 1.093322160815817e-27 1.054344968936221e-25 544130
9.65578 1.005219476645027e-27 9.750193301244877e-26 551106
9.70198 9.07261098949756e-28 8.901257278788247e-26 553982
9.74818 8.233320774928962e-28 8.089636631032325e-26 558242
9.79438 7.418144379327891e-28 7.432982223393836e-26 564546
9.84058 6.726643493425999e-28 6.797963917321024e-26 570494
9.88678 6.097492182630062e-28 6.190485759311107e-26 576762
9.93298 5.450682695260018e-28 5.576818193733745e-26 578234
9.97918 4.91117363651541e-28 5.074636498005603e-26 585666
10.0254 4.423325297925168e-28 4.598508364644564e-26 594446
10.0716 3.928411152330102e-28 4.137520295894197e-26 595250
10.1178 3.516503751226711e-28 3.721544112612547e-26 603402
10.164 3.111745566259376e-28 3.334880428877978e-26 607382
10.2102 2.79414480831037e-28 2.99348708159927e-26 617010
10.2564 2.436577057486662e-28 2.635805971332322e-26 616778
10.3026 2.150003576358666e-28 2.354899867979966e-26 624746
10.3488 1.887449705766005e-28 2.079992408138987e-26 628062
10.395 1.664774668956465e-28 1.853306899307563e-26 639410
10.4412 1.444112146618832e-28 1.615581868484432e-26 642954
10.4874 1.248118886135459e-28 1.40658957473895e-26 645974
10.5336 1.078029212607675e-28 1.227480545525721e-26 653490
10.5798 9.304321415419976e-29 1.066210098728316e-26 660746
10.626 7.927374260715235e-29 9.158544927116964e-27 664646
10.6722 6.704209791652378e-29 7.796350360984886e-27 667290
10.7184 5.717850008034177e-29 6.693163279447582e-27 679034
10.7646 4.775358723463232e-29 5.650958326572714e-27 682722
10.8108 3.981925629128558e-29 4.74010978597226e-27 691238
10.857 3.256993210366463e-29 3.913974012733278e-27 688602
10.9032 2.6966912099716e-29 3.260668428449308e-27 700826
10.9494 2.182893348565757e-29 2.659658077506445e-27 705662
10.9956 1.746354146114497e-29 2.139934339783527e-27 710082
11.0418 1.391728582968e-29 1.715835532966426e-27 719162
11.088 1.085094444388315e-29 1.34608511879207e-27 722250
11.1342 8.381686682609302e-30 1.049558726592631e-27 731510
11.1804 6.336119263696183e-30 8.00310490972829e-28 736442
11.2266 4.704847194846703e-30 5.965897859907256e-28 740898
11.2728 3.440255915388884e-30 4.389297519732686e-28 750158
11.319 2.428897678222826e-30 3.117769674588579e-28 754866
11.3652 1.665174259136328e-30 2.166374344209257e-28 760826
11.4114 1.107426005220167e-30 1.443386012666595e-28 764034
11.4576 7.148336836605243e-31 9.398439627739831e-29 773846
11.5038 4.400532948378463e-31 5.77939264622755e-29 779714
11.55 2.537568797875696e-31 3.376088958273366e-29 784314
11.5962 1.385075401094664e-31 1.853316160697497e-29 791342
11.6424 6.961699125437785e-32 9.34608137062468e-30 799458
11.6886 3.147688899093272e-32 4.24737982056957e-30 804962
11.7348 1.253676662206438e-32 1.705624374020025e-30 809550
11.781 4.202727857726972e-33 5.709977544385894e-31 813458
11.8272 1.120710101660932e-33 1.546147586703546e-31 827402
11.8734 2.321997090466226e-34 3.259538632459098e-32 828618
11.9196 6.321176720311581e-35 9.396170806840867e-33 836918
11.9658 4.461525384490478e-35 6.808564320887008e-33 842874
12.012 3.992951958256293e-35 6.128438302436319e-33 849338
12.0582 3.592479523420438e-35 5.551891058458055e-33 858942
12.1044 3.209570686685592e-35 5.008330081914851e-33 860978
12.1506 2.882246319413214e-35 4.539098557542553e-33 868346
12.1968 2.588608525994992e-35 4.083120735155418e-33 875154
12.243 2.336345995213223e-35 3.6833870486022e-33 886214
12.2892 2.072594169546973e-35 3.289178291566317e-33 887346
12.3354 1.847651136602074e-35 2.953741327365209e-33 894986
12.3816 1.648200043773555e-35 2.659517611741133e-33 902774
12.4278 1.464631279987338e-35 2.393775826791603e-33 912114
12.474 1.294881396378698e-35 2.130768823818849e-33 915026
12.5202 1.149517271993588e-35 1.893366094465639e-33 920142
12.5664 1.017718328450866e-35 1.694135969614464e-33 929762
12.6126 9.047358622672818e-36 1.504832554352738e-33 937698
12.6588 7.989228879720588e-36 1.335954176497548e-33 944762
12.705 7.00789260639778e-36 1.186189517902684e-33 948254
12.7512 6.162609445771362e-36 1.051780928182742e-33 956802
12.7974 5.438852750216998e-36 9.355787409245011e-34 967658
12.8436 4.785136697695523e-36 8.177426184791665e-34 969702
12.8898 4.238726985269616e-36 7.137097349226392e-34 974090
12.936 3.801157784804723e-36 6.257613486465467e-34 988482
12.9822 3.327783854527344e-36 5.450237793037736e-34 991994
13.0284 2.929304024947411e-36 4.848667331437061e-34 1001030
13.0746 2.504525328155838e-36 4.30744598462744e-34 1005450
13.1208 2.169109492579876e-36 3.857154578805912e-34 1013738
13.167 1.886662124865631e-36 3.450323415201638e-34 1021710
13.2132 1.659505025198146e-36 3.024404151736898e-34 1023626
13.2594 1.508024063378829e-36 2.637291744769829e-34 1035834
13.3056 1.356569851326561e-36 2.299605109891042e-34 1040786
13.3518 1.227958180990121e-36 2.048017198579034e-34 1053206
13.398 1.08114443284195e-36 1.852608593104705e-34 1057002
13.4442 9.555524147530049e-37 1.719019420817706e-34 1063898
13.4904 8.611490573745857e-37 1.580919077378711e-34 1072782
13.5366 8.109072050520178e-37 1.406508566636634e-34 1078826
13.5828 7.877770725511331e-37 1.22646072001224e-34 1087922
13.629 7.860919166561838e-37 1.06868469408969e-34 1090494
13.6752 7.55555694967731e-37 9.756033726472927e-35 1101362
13.7214 6.92329270118161e-37 9.567955742840279e-35 1109802
13.7676 6.14726172250451e-37 9.983960121970552e-35 1114514
13.8138 5.469767179595688e-37 1.044510644613464e-34 1123926
13.86 5.035026183639692e-37 1.038022434309912e-34 1125986
13.9062 5.101027962454918e-37 1.003760956935973e-34 1143554
13.9524 5.245145392728812e-37 9.301642474324961e-35 1144710
13.9986 5.477727708189923e-37 8.762298751803166e-35 1154018
14.0448 5.452822913590881e-37 8.563851210960074e-35 1159962
14.091 5.322835445889047e-37 8.915108715771917e-35 1170986
14.1372 5.046785250543852e-37 9.496601681599036e-35 1178142
14.1834 4.896827279485344e-37 9.707541201901964e-35 1182674
14.2296 5.090433718085768e-37 9.483944843679462e-35 1191002
14.2758 5.520292334811013e-37 8.836458845089006e-35 1200438
14.322 5.950223567681759e-37 8.142082943054955e-35 1208162
14.3682 6.109932649428086e-37 7.83261274161854e-35 1215258
14.4144 5.916637305674984e-37 8.167363934178334e-35 1224134
14.4606 5.467206965331364e-37 8.929319560773383e-35 1228722
14.5068 5.115087317696992e-37 9.890195587855493e-35 1243154
14.553 4.860016043455826e-37 1.059357149928487e-34 1245434
14.5992 4.951615824949047e-37 1.054105451140159e-34 1255158
14.6454 5.228839900803504e-37 1.006373200666337e-34 1255610
14.6916 5.701007092875363e-37 9.646560754639419e-35 1277562
14.7378 5.758271365997958e-37 9.316209179899952e-35 1274414
14.784 5.421353390727577e-37 9.41633456710818e-35 1285994
14.8302 5.569555955089508e-37 9.976335662575327e-35 1299570
14.8764 5.341071959601544e-37 1.038226482774051e-34 1302122
14.9226 5.343522948621658e-37 1.066631638835201e-34 1311366
14.9688 5.486807627375852e-37 1.031871023850678e-34 1319186
15.015 5.830788484418611e-37 9.720598373755354e-35 1327434
15.0612 6.124832224952635e-37 9.242133366720022e-35 1337294
15.1074 6.133580614114955e-37 9.340324163966896e-35 1342730
15.1536 5.813353807189276e-37 1.002569239323069e-34 1350570
15.1998 5.424921572224322e-37 1.108755387116723e-34 1362590
15.246 5.148109611694412e-37 1.187881704611956e-34 1369698
15.2922 5.067695704813503e-37 1.228052238497356e-34 1374914
15.3384 5.287114767336381e-37 1.189328523243842e-34 1383570
15.3846 5.649843015686327e-37 1.138666651441755e-34 1395374
15.4308 5.921792917044729e-37 1.089496478729226e-34 1396994
15.477 6.016103714633525e-37 1.108090731646833e-34 1411530
15.5232 5.7604568005201e-37 1.169844620194066e-34 1417574
15.5694 5.528737501205939e-37 1.240126957692645e-34 1428834
15.6156 5.44847569469772e-37 1.289692961605241e-34 1439018
15.6618 5.61940918026485e-37 1.260651208370475e-34 1440698
15.708 6.027739291549443e-37 1.192080134584091e-34 1453638
15.7542 6.510944137201167e-37 1.115970962083949e-34 1463426
15.8004 6.67598652932953e-37 1.088579210906365e-34 1471050
15.8466 6.561462025262076e-37 1.137039714313337e-34 1476638
15.8928 6.116254899169611e-37 1.242171646171125e-34 1484466
15.939 5.772588592153185e-37 1.36338610959528e-34 1501154
15.9852 5.487920740741367e-37 1.425766045947121e-34 1501706
16.0314 5.583005472114379e-37 1.423673194480551e-34 1511502
16.0776 5.910218157307248e-37 1.369072826489895e-34 1520234
16.1238 6.278733654093495e-37 1.315262030526435e-34 1535010
16.17 6.489670771248506e-37 1.291355042721979e-34 1543358
16.2162 6.371977214233896e-37 1.323803484629812e-34 1535754
16.2624 6.141268963991095e-37 1.411327259518795e-34 1564802
16.3086 5.95170551721459e-37 1.483414943633597e-34 1563038
16.3548 5.953081951014904e-37 1.517578298742777e-34 1578426
16.401 6.241188406963103e-37 1.46748275383751e-34 1581482
16.4472 6.727596399111772e-37 1.369342467583612e-34 1592250
16.4934 7.013633534980875e-37 1.296557930770352e-34 1602230
16.5396 7.096225407424789e-37 1.28565901629783e-34 1604754
16.5858 6.956037997794839e-37 1.368161596373935e-34 1623458
16.632 6.498892371757681e-37 1.483890828739964e-34 1624910
16.6782 6.169077192341659e-37 1.605718561458623e-34 1645122
16.7244 6.021958515569722e-37 1.6610234917076e-34 1645130
16.7706 6.193063762912755e-37 1.654464887611768e-34 1655706
16.8168 6.476059943626046e-37 1.591924795816751e-34 1663502
16.863 6.854732448869797e-37 1.535816683293744e-34 1675514
16.9092 6.981957184016646e-37 1.544331804909206e-34 1685298
16.9554 6.834313160485791e-37 1.601681157737497e-34 1689566
17.0016 6.502986346157905e-37 1.698725138854627e-34 1697850
17.0478 6.398138325988394e-37 1.772069556358914e-34 1718546
17.094 6.473149110201165e-37 1.764921884672698e-34 1719822
17.1402 6.793485629643874e-37 1.702928591064108e-34 1726586
17.1864 7.249813816135936e-37 1.602960698609486e-34 1739186
17.2326 7.673698801362425e-37 1.533302324081465e-34 1751538
17.2788 7.85802294810018e-37 1.526759182264852e-34 1758062
17.325 7.568595016914195e-37 1.597664321516621e-34 1763010
17.3712 7.218920076249407e-37 1.729740395487527e-34 1778642
17.4174 6.890611696392743e-37 1.848978039374459e-34 1788582
17.4636 6.779035031402766e-37 1.927667056826188e-34 1794746
17.5098 6.999129059367809e-37 1.93802707541203e-34 1803290
17.556 7.30057089209819e-37 1.897813388799931e-34 1811058
17.6022 7.803331050915978e-37 1.847239551849893e-34 1828358
17.6484 8.275011354270175e-37 1.838202418903497e-34 1831362
17.6946 8.203722586132028e-37 1.871635102563984e-34 1842458
17.7408 7.265164548702641e-37 1.930973257441577e-34 1846998
17.787 7.752405943462096e-37 2.007062925891959e-34 1869122
17.8332 8.087085799860153e-37 2.03772881517477e-34 1876346
17.8794 7.928114725507302e-37 2.000846885357042e-34 1879506
17.9256 8.191797324800879e-37 1.923098107983377e-34 1893326
17.9718 8.642778065162083e-37 1.829355322998561e-34 1901826
18.018 8.884956736810409e-37 1.780055616623115e-34 1911962
18.0642 8.655100767930446e-37 1.826201878650597e-34 1919198
18.1104 8.155599259007816e-37 1.949234748950048e-34 1930242
18.1566 7.675056349868062e-37 2.099231133138638e-34 1942442
18.2028 7.332898372722438e-37 2.22527570138079e-34 1951734
18.249 7.243013711792462e-37 2.270853277895378e-34 1955402
18.2952 7.427394656794761e-37 2.253564411289421e-34 1971858
18.3414 7.720077991370537e-37 2.199132078344504e-34 1984898
18.3876 7.939402662696282e-37 2.152239628369663e-34 1986422
18.4338 8.066318452195947e-37 2.166016008607059e-34 1996146
18.48 7.903296468625938e-37 2.246766414391878e-34 2017106
18.5262 7.713895478228147e-37 2.329429415940265e-34 2020638
18.5724 7.621604724011548e-37 2.426226536452426e-34 2029346
18.6186 7.765565435337927e-37 2.433089559748956e-34 2041002
18.6648 8.217172845900985e-37 2.340525778143465e-34 2051450
18.711 8.786798348494631e-37 2.200221174157015e-34 2065886
18.7572 9.212682840295106e-37 2.075660872294897e-34 2064546
18.8034 9.375569557469119e-37 2.064116345100318e-34 2082650
18.8496 8.96594654825704e-37 2.169377586002234e-34 2095182
18.8958 8.498790115169311e-37 2.338064041773687e-34 2101346
18.942 8.061936820548636e-37 2.55864848941791e-34 2115554
18.9882 7.730388412710267e-37 2.674996912572191e-34 2115654
19.0344 7.773954679574626e-37 2.724825067780125e-34 2141066
19.0806 8.091961312966211e-37 2.642668761200845e-34 2139786
19.1268 8.438401402099602e-37 2.536505345033266e-34 2152202
19.173 8.750824840519713e-37 2.477396317014142e-34 2161086
19.2192 8.604919497128811e-37 2.501158573699269e-34 2176058
19.2654 8.46999398429262e-37 2.593346532677843e-34 2190818
19.3116 8.157048579408772e-37 2.676972626036638e-34 2191158
19.3578 8.047415294804306e-37 2.734165042875911e-34 2205314
19.404 8.218206044008597e-37 2.723284607115586e-34 2215554
19.4502 8.699929626019902e-37 2.628260945392515e-34 2230562
19.4964 9.298876930932997e-37 2.490164327382647e-34 2239614
19.5426 9.610934603944754e-37 2.37857811216641e-34 2245706
19.5888 9.627645200257845e-37 2.394121659235466e-34 2259674
19.635 9.350439956028109e-37 2.527329625677261e-34 2273214
19.6812 8.84550362355313e-37 2.718243098373482e-34 2278802
19.7274 8.361758326241612e-37 2.928977748152969e-34 2294034
19.7736 8.117766838287303e-37 3.023931906992989e-34 2294942
19.8198 8.252626655834595e-37 3.048973394655545e-34 2317050
19.866 8.624532148559121e-37 2.975411948460214e-34 2322842
19.9122 8.981201814793571e-37 2.879469474198758e-34 2330810
19.9584 9.088904750570703e-37 2.836350854244105e-34 2345958
20.0046 9.088083268558111e-37 2.873251170149189e-34 2353586
20.0508 8.912170422151173e-37 2.976740543633294e-34 2376210
20.097 8.676853305198215e-37 3.060860771365692e-34 2374502
20.1432 8.607782275187707e-37 3.132501477957907e-34 2386346
20.1894 8.88444773770041e-37 3.12837183330353e-34 2401314
20.2356 9.258622628606858e-37 3.015431609568775e-34 2411450
20.2818 9.842342887073707e-37 2.868465073458073e-34 2420718
20.328 1.005557832679914e-36 2.764204001562509e-34 2425754
20.3742 1.018841405671982e-36 2.805846041326424e-34 2455218
20.4204 9.967152755256669e-37 2.915836582659845e-34 2450942
20.4666 9.588480603264313e-37 3.115212224426186e-34 2467130
20.5128 9.281064919126039e-37 3.301979114415545e-34 2474874
20.559 9.243370772531716e-37 3.471062868050447e-34 2490362
20.6052 9.138209707352405e-37 3.466515522301077e-34 2498142
20.6514 9.728764020599663e-37 3.403680873928905e-34 2507090
20.6976 9.430539316392055e-37 3.296884086932322e-34 2525562
20.7438 1.007823245643847e-36 3.259950259324353e-34 2534726
20.79 1.001632421128006e-36 3.294342582229617e-34 2549906
20.8362 9.857494873037123e-37 3.372169264489775e-34 2551074
20.8824 9.633795052952592e-37 3.486102355187334e-34 2570702
20.9286 9.518386157495663e-37 3.563939306774856e-34 2574642
20.9748 9.56896432437585e-37 3.631088193158227e-34 2594066
21.021 9.830496064885979e-37 3.522360105233506e-34 2594802
21.0672 1.028388767441984e-36 3.407800429406115e-34 2612030
21.1134 1.067117182952339e-36 3.30677443200283e-34 2627954
21.1596 1.103360580645999e-36 3.273690326296335e-34 2640402
21.2058 1.087093542890218e-36 3.318903520972489e-34 2641454
21.252 1.068122617532826e-36 3.505469324043306e-34 2661834
21.2982 1.010008084510225e-36 3.700295264202966e-34 2669138
21.3444 9.813533155907996e-37 3.935121477736636e-34 2684858
21.3905 9.626018863280689e-37 4.023563087535589e-34 2693910
21.4367 9.639415091219016e-37 3.991445098573578e-34 2701682
21.4829 9.945131174357156e-37 3.9462261277565e-34 2722698
21.5291 1.026400686417699e-36 3.863209866939309e-34 2725262
21.5753 1.070623409912843e-36 3.849427150231173e-34 2742450
21.6215 1.081662728033233e-36 3.862075097318186e-34 2749850
21.6677 1.078316195576086e-36 3.947603227835423e-34 2763902
21.7139 1.05384236969317e-36 4.118240544561948e-34 2778498
21.7601 1.036294084100813e-36 4.22933036698161e-34 2784530
21.8063 1.043587559097362e-36 4.236579447498104e-34 2804106
21.8525 1.071628068200033e-36 4.154172299995005e-34 2809790
21.8987 1.127111707642132e-36 4.026428000888268e-34 2825058
21.9449 1.20018348681923e-36 3.88127980751757e-34 2834330
21.9911 1.23561927449252e-36 3.781766851221425e-34 2842022
22.0373 1.232160223764742e-36 3.867487695288764e-34 2864754
22.0835 1.19244431884884e-36 4.056780837595444e-34 2864186
22.1297 1.13802512241391e-36 4.352402803925338e-34 2879538
22.1759 1.074211335969267e-36 4.602060641050126e-34 2899454
22.2221 1.060813724507963e-36 4.748698672799307e-34 2904258
22.2683 1.067269255721278e-36 4.791781465865454e-34 2930234
22.3145 1.099248599943269e-36 4.678331188155521e-34 2929526
22.3607 1.151680022222984e-36 4.553072387497034e-34 2942442
22.4069 1.197101831096032e-36 4.456846753980139e-34 2960810
22.4531 1.210811658747629e-36 4.460926268937328e-34 2964954
22.4993 1.191973093960733e-36 4.590964167416112e-34 2980910
22.5455 1.157629950064671e-36 4.768382144959351e-34 2990978
22.5917 1.126717736597946e-36 4.920951000037399e-34 3007626
22.6379 1.128475467348719e-36 4.995004832223983e-34 3019166
22.6841 1.161483891181866e-36 4.921333806022014e-34 3021090
22.7303 1.225506846956912e-36 4.758675151199222e-34 3047834
22.7765 1.285748994678054e-36 4.53390129285785e-34 3055590
22.8227 1.343603507884706e-36 4.405704900456155e-34 3068546
22.8689 1.34122687273242e-36 4.408879393355766e-34 3067274
22.9151 1.29837030537281e-36 4.617193363097376e-34 3098058
22.9613 1.269676377284499e-36 4.910307771072773e-34 3109214
23.0075 1.206683543476276e-36 5.201926706173569e-34 3110466
23.0537 1.179169497290886e-36 5.432101694162993e-34 3124370
23.0999 1.170835816548049e-36 5.520524878975162e-34 3144174
23.1461 1.202734434343137e-36 5.495035539376168e-34 3161738
23.1923 1.241305475672592e-36 5.32455847108606e-34 3159890
23.2385 1.298469386853469e-36 5.261304520642197e-34 3174138
23.2847 1.330957810485545e-36 5.224668700914116e-34 3195926
23.3309 1.353043422117153e-36 5.332209325608929e-34 3211386
23.3771 1.333126519033974e-36 5.507915388324563e-34 3219314
23.4233 1.346051659109543e-36 5.663565700692929e-34 3225494
23.4695 1.349925781117938e-36 5.836873138749264e-34 3242562
23.5157 1.366989558058804e-36 5.827202364501133e-34 3257450
23.5619 1.467782439379801e-36 5.695371784010314e-34 3269118
23.6081 1.568731862960013e-36 5.468593308886619e-34 3278930
23.6543 1.554715156128579e-36 5.193938134052049e-34 3286650
23.7005 1.688857641137156e-36 5.147857452157698e-34 3316610
23.7467 1.65063240051825e-36 5.162485700120553e-34 3321542
23.7929 1.592897751669086e-36 5.315196107932573e-34 3328578
23.8391 1.508713735300944e-36 5.642531812773398e-34 3345074
23.8853 1.419486740864994e-36 6.103644917631287e-34 3361686
23.9315 1.351582504250892e-36 6.371818131580735e-34 3369722
23.9777 1.314044646527614e-36 6.542740592738057e-34 3385290
24.0239 1.323291275462062e-36 6.533639837993618e-34 3391370
24.0701 1.36779682082511e-36 6.34481553654255e-34 3422966
24.1163 1.412894825514194e-36 6.21697366279762e-34 3419538
24.1625 1.443240136747323e-36 6.095170965624222e-34 3441890
24.2087 1.433815690692632e-36 6.073880030262934e-34 3447582
24.2549 1.416786226528601e-36 6.253444426089141e-34 3466298
24.3011 1.378824521526597e-36 6.403699198190942e-34 3466194
24.3473 1.350017430169981e-36 6.60242067609458e-34 3492062
24.3935 1.340487119476832e-36 6.638376064611486e-34 3503114
24.4397 1.369187661767206e-36 6.591567006370402e-34 3517146
24.4859 1.430231628635711e-36 6.442160994615551e-34 3535706
24.5321 1.504487687384522e-36 6.164193207859071e-34 3539742
24.5783 1.578407189371112e-36 5.9517960311292e-34 3558698
24.6245 1.606641954699524e-36 5.867682859970689e-34 3570122
24.6707 1.584999550906885e-36 6.029336842925939e-34 3585174
24.7169 1.524980226463148e-36 6.352337292650277e-34 3594314
24.7631 1.455443573524965e-36 6.761550941190774e-34 3612258
24.8093 1.385350648703488e-36 7.080612814241555e-34 3620282
24.8555 1.359341925620179e-36 7.355153034633165e-34 3639078
24.9017 1.35943371377511e-36 7.356865990277416e-34 3650450
24.9479 1.398296432170295e-36 7.322046408230316e-34 3661418
24.9941 1.455778020450348e-36 7.137964837945154e-34 3677694
25.0403 1.507578493924963e-36 6.996900342998419e-34 3695978
25.0865 1.534507573652418e-36 6.9584301001638e-34 3702810
25.1327 1.520664824602881e-36 7.027695004188467e-34 3716162
25.1789 1.510028299221658e-36 7.23033549679207e-34 3740094
25.2251 1.476949717092233e-36 7.437641738567183e-34 3740954
25.2713 1.473339590807143e-36 7.708551031895292e-34 3760946
25.3175 1.476373506581324e-36 7.878336059966985e-34 3778278
25.3637 1.506146263044005e-36 7.675719754705474e-34 3784922
25.4099 1.544248975780274e-36 7.386063450114479e-34 3805266
25.4561 1.637589954389356e-36 7.18259734016796e-34 3807686
25.5023 1.733499307617008e-36 6.956556636739541e-34 3833130
25.5485 1.716604541189911e-36 6.86763465370156e-34 3841898
25.5947 1.708464475012013e-36 7.007112014236625e-34 3858074
25.6409 1.67415601630054e-36 7.345945458815992e-34 3868974
25.6871 1.597466754172118e-36 7.750503859915243e-34 3885362
25.7333 1.524833224555887e-36 8.129030438038461e-34 3898290
25.7795 1.477353761009708e-36 8.433132078671317e-34 3907334
25.8257 1.463431299085446e-36 8.60400108620322e-34 3928730
25.8719 1.477081748624891e-36 8.515988988336152e-34 3936666
25.9181 1.500253534935951e-36 8.24458106396435e-34 3961346
25.9643 1.568641351190562e-36 8.297572506441066e-34 3975774
26.0105 1.623325989047483e-36 8.101237684515159e-34 3970106
26.0567 1.634744820651767e-36 7.970085372653146e-34 4003170
26.1029 1.60913349628889e-36 7.970427962391519e-34 4019558
26.1491 1.599599882846019e-36 8.166111260248388e-34 4025642
26.1953 1.567846626268443e-36 8.384503034473969e-34 4028514
26.2415 1.538189786837612e-36 8.560377400191173e-34 4059398
26.2877 1.542482698752073e-36 8.629198830409572e-34 4069674
26.3339 1.571666715444102e-36 8.599183130066008e-34 4083698
26.3801 1.630440779257004e-36 8.363986187753021e-34 4095210
26.4263 1.669636361084703e-36 8.096672280310082e-34 4110518
26.4725 1.729938882698262e-36 7.955225043050853e-34 4126850
26.5187 1.739180967359684e-36 7.914856166855485e-34 4140114
26.5649 1.75573855963367e-36 7.999573775276668e-34 4144070
26.6111 1.658759586748881e-36 8.281158125993772e-34 4175802
26.6573 1.662244034321637e-36 8.528000781353586e-34 4187882
26.7035 1.624481999321345e-36 8.812359295034139e-34 4199250
26.7497 1.570200580285393e-36 9.061272494000067e-34 4209326
26.7959 1.564994216960849e-36 9.175214440271978e-34 4222130
26.8421 1.585086492756638e-36 9.194093674852382e-34 4254258
26.8883 1.605976824107325e-36 9.063581358777638e-34 4252478
26.9345 1.659743040284633e-36 9.049644528546145e-34 4270698
26.9807 1.671264829588693e-36 8.904495368266137e-34 4278122
27.0269 1.705649059657208e-36 9.002592514852918e-34 4309898
27.0731 1.698962560638988e-36 9.130091214473798e-34 4317150
27.1193 1.669328178656326e-36 9.298604417393613e-34 4329698
27.1655 1.645455639788137e-36 9.545773464517757e-34 4340826
27.2117 1.638799415518978e-36 9.684913368525975e-34 4359590
27.2579 1.64433097113554e-36 9.740003321162145e-34 4376850
27.3041 1.676084329450926e-36 9.72057215523872e-34 4386674
27.3503 1.701613884085253e-36 9.525253443008784e-34 4401782
27.3965 1.75209287188826e-36 9.407709455095502e-34 4419210
27.4427 1.814858498085452e-36 9.304182466205492e-34 4446482
27.4889 1.847894555623959e-36 9.142043922304454e-34 4435554
27.5351 1.856021709940781e-36 9.190148645592159e-34 4468934
27.5813 1.853115543805789e-36 9.335095381577941e-34 4477650
27.6275 1.823262261063066e-36 9.609825709087165e-34 4491218
27.6737 1.788408398258493e-36 9.981724411894558e-34 4510358
27.7199 1.735816336699873e-36 1.034659179864231e-33 4518594
27.7661 1.699587364952734e-36 1.065433747149419e-33 4544474
27.8123 1.690508021465152e-36 1.079076355257509e-33 4552098
27.8585 1.705939618839392e-36 1.086737094859022e-33 4574990
27.9047 1.746125529736964e-36 1.071658300352987e-33 4577210
27.9509 1.792536385334783e-36 1.062415513813645e-33 4608186
27.9971 1.839959398548598e-36 1.046272301190656e-33 4610198
28.0433 1.866379766673857e-36 1.040000419362884e-33 4628898
28.0895 1.84663852144309e-36 1.047273113925286e-33 4641170
28.1357 1.826162203809494e-36 1.062315851653671e-33 4662462
28.1819 1.803888295306082e-36 1.090987514071404e-33 4681442
28.2281 1.783939145184429e-36 1.112552494254098e-33 4687850
28.2743 1.78413382631488e-36 1.128254837365673e-33 4708818
28.3205 1.808571099261174e-36 1.132542550757603e-33 4721534
28.3667 1.841920863052511e-36 1.113370285933911e-33 4732770
28.4129 1.904063067934425e-36 1.092790727545611e-33 4753346
28.4591 1.957722462643758e-36 1.066524717820154e-33 4772886
28.5053 1.999227503584408e-36 1.048655917267011e-33 4785098
28.5515 2.023297495577129e-36 1.047333641649343e-33 4795394
28.5977 2.028468595252866e-36 1.06140353090275e-33 4813986
28.6439 2.00154361624676e-36 1.094112526288172e-33 4832654
28.6901 1.955359712233489e-36 1.132799550078845e-33 4849362
28.7363 1.923255990827049e-36 1.178882974190286e-33 4858322
28.7825 1.888703525468899e-36 1.214965918228798e-33 4871286
28.8287 1.852998712426841e-36 1.239081542875137e-33 4894370
28.8749 1.856297101291019e-36 1.244101840176356e-33 4914650
28.9211 1.870813972576992e-36 1.249177153622498e-33 4919658
28.9673 1.903685227969895e-36 1.238126253836252e-33 4941638
29.0135 1.948983481195023e-36 1.224523743571952e-33 4965954
29.0597 1.975506721628112e-36 1.215656341468417e-33 4971770
29.1059 2.004955521705703e-36 1.212332104860222e-33 4985702
29.1521 2.043225078711082e-36 1.220344720806763e-33 4996314
29.1983 2.033646468169528e-36 1.233734215390439e-33 5021258
29.2445 2.023708057134289e-36 1.254609061786462e-33 5038470
29.2907 2.029888408097797e-36 1.274942810804295e-33 5048570
29.3369 2.025185588068109e-36 1.296964501595852e-33 5067786
29.3831 2.106966211413459e-36 1.309723002779215e-33 5084402
29.4293 2.109663724348661e-36 1.310860451464819e-33 5104238
29.4755 2.18566313837576e-36 1.288474852073287e-33 5101890
29.5217 2.294553662270575e-36 1.272700628829554e-33 5129594
29.5679 2.169688942110554e-36 1.233852910512157e-33 5149086
29.6141 2.284216865431725e-36 1.228631831713706e-33 5168834
29.6603 2.284882311022633e-36 1.227882576005844e-33 5172306
29.7065 2.231660504066172e-36 1.241923808566753e-33 5199218
29.7527 2.21494458348325e-36 1.275760684080664e-33 5215430
29.7989 2.16087739923527e-36 1.317669225876755e-33 5229066
29.8451 2.09003016052593e-36 1.361618059446136e-33 5244530
29.8913 2.051287055483798e-36 1.405249156303891e-33 5262870
29.9375 2.00993969761725e-36 1.418910233568258e-33 5272562
29.9837 2.01856409852097e-36 1.428064116557393e-33 5290098
30.0299 2.035462617132575e-36 1.433717806462571e-33 5314358
30.0761 2.07050382732497e-36 1.421570682146467e-33 5322098
30.1223 2.113517386266441e-36 1.398881920295829e-33 5341026
30.1685 2.143290724020292e-36 1.39310507639283e-33 5366858
30.2147 2.17227750869358e-36 1.386548609085136e-33 5374422
30.2609 2.181523317706599e-36 1.394918029009083e-33 5377730
30.3071 2.168316031876471e-36 1.414481093121679e-33 5409410
30.3533 2.164059624191563e-36 1.432392236602026e-33 5434014
30.3995 2.149419149808106e-36 1.466981420182782e-33 5438882
30.4457 2.130103913129197e-36 1.491136378837203e-33 5456178
30.4919 2.109805986249797e-36 1.499016600006385e-33 5469242
30.5381 2.129453634086765e-36 1.501882299767633e-33 5496174
30.5843 2.149823751074202e-36 1.496352911264347e-33 5505530
30.6305 2.19418592767217e-36 1.486446110037193e-33 5521202
30.6767 2.242289758158881e-36 1.461004498249166e-33 5544126
30.7229 2.29476118543256e-36 1.441909839698572e-33 5560106
30.7691 2.34759186214999e-36 1.429036918077467e-33 5579754
30.8153 2.366570108564272e-36 1.417645628177929e-33 5576270
30.8615 2.36921109215463e-36 1.430422212468169e-33 5607138
30.9077 2.352692318367865e-36 1.45217115542804e-33 5625026
30.9539 2.350481671765913e-36 1.492198660100321e-33 5646698
31.0001 2.286283690956924e-36 1.532013978889667e-33 5649126
31.0463 2.218792730219391e-36 1.576119061500026e-33 5676434
31.0925 2.202392960555744e-36 1.603741664195296e-33 5687418
31.1387 2.180936495537188e-36 1.647237791707027e-33 5715830
31.1849 2.191081602504282e-36 1.672580878721161e-33 5729210
31.2311 2.211280809772789e-36 1.662631309261236e-33 5744802
31.2773 2.24183859799142e-36 1.643618987671368e-33 5752154
31.3235 2.292818488541004e-36 1.628820135970793e-33 5786382
31.3697 2.318470948564502e-36 1.611641795541045e-33 5784146
31.4159 2.340112962657192e-36 1.611342900231334e-33 5812146
31.4621 2.350829798700458e-36 1.618268324730733e-33 5830166
31.5083 2.35158049199178e-36 1.636136668117173e-33 5845850
31.5545 2.345764589376157e-36 1.665566697003311e-33 5862834
31.6007 2.320217554482486e-36 1.685675367325432e-33 5876066
31.6469 2.323841525828687e-36 1.710018205945163e-33 5905854
31.6931 2.323110547194569e-36 1.722691972430073e-33 5902274
31.7393 2.341348489189489e-36 1.733301453607963e-33 5931258
31.7855 2.364318626265462e-36 1.725273019306403e-33 5954966
31.8317 2.375087089071351e-36 1.704246919729865e-33 5965346
31.8779 2.415577118616796e-36 1.701021576352802e-33 5977818
31.9241 2.451521326261052e-36 1.686426509668464e-33 6004718
31.9703 2.477000089790282e-36 1.674522665918647e-33 6011706
32.0165 2.528442648297064e-36 1.675221435700175e-33 6045770
32.0627 2.548744646219078e-36 1.669481418910452e-33 6041586
32.1089 2.568950420608249e-36 1.687720129275852e-33 6073166
32.1551 2.520819457281951e-36 1.708551941999953e-33 6078962
32.2013 2.532398572439564e-36 1.748969164712338e-33 6114258
32.2475 2.486612183762727e-36 1.78735701729398e-33 6123086
32.2937 2.442358578565553e-36 1.833708471627976e-33 6136770
32.3399 2.407311048248448e-36 1.861118575500571e-33 6154898
32.3861 2.448038239675565e-36 1.888113890590686e-33 6178610
32.4323 2.472330035890587e-36 1.905428426650127e-33 6197982
32.4785 2.475069701860234e-36 1.892349953365578e-33 6205322
32.5247 2.443598587826312e-36 1.854889870684006e-33 6218850
32.5709 2.542644082379878e-36 1.855557960512564e-33 6249542
32.6171 2.587046175988167e-36 1.873269807428614e-33 6274146
32.6633 2.609837649728194e-36 1.869060337141425e-33 6270242
32.7095 2.629388822471568e-36 1.875676655673335e-33 6305222
32.7557 2.638651279572501e-36 1.89693231364709e-33 6325026
32.8019 2.577616739243079e-36 1.909724940452517e-33 6331922
32.8481 2.587147039702881e-36 1.935834871713553e-33 6343698
32.8943 2.561164058056839e-36 1.969254954087188e-33 6375158
32.9405 2.541277963609953e-36 1.983994557966089e-33 6392178
32.9867 2.545275364112887e-36 2.007822155342334e-33 6412826
33.0329 2.540199828032656e-36 2.021793125773909e-33 6407078
33.0791 2.55773123075348e-36 2.028721669253268e-33 6447954
33.1253 2.572934853191958e-36 2.017040604653008e-33 6456026
33.1715 2.615831116053844e-36 2.013803818115964e-33 6482034
33.2177 2.663327887078441e-36 1.998212548596348e-33 6492878
33.2639 2.688759605073906e-36 1.968231042479235e-33 6502074
33.3101 2.741557089127835e-36 1.963141030962673e-33 6542930
33.3563 2.800164700809794e-36 1.951936408203023e-33 6556598
33.4025 2.842194450419525e-36 1.948262117908232e-33 6570330
33.4487 2.826396943812667e-36 1.958369610814911e-33 6581882
33.4949 2.836485111385961e-36 1.990532670361113e-33 6612546
33.5411 2.816036088680123e-36 2.032698620394446e-33 6628622
33.5873 2.758056002937114e-36 2.078419289304967e-33 6629498
33.6335 2.71341788985831e-36 2.137612336539465e-33 6659250
33.6797 2.689777467832811e-36 2.192255534485156e-33 6686006
33.7259 2.654448997178807e-36 2.230393159201764e-33 6693786
33.7721 2.646634797384211e-36 2.267677899808792e-33 6711554
33.8183 2.65609247037743e-36 2.27234535524678e-33 6735678
33.8645 2.694009590362527e-36 2.278865770426842e-33 6754754
33.9107 2.736778944998063e-36 2.269652292067618e-33 6776570
33.9569 2.768652737551534e-36 2.251614200039629e-33 6767394
34.0031 2.800346640027395e-36 2.22659121778699e-33 6818246
34.0493 2.819602585444851e-36 2.219854494343132e-33 6830562
34.0955 2.855564112867234e-36 2.23264095384012e-33 6839186
34.1417 2.884341442009666e-36 2.241592052087467e-33 6861462
34.1879 2.880161828163238e-36 2.251162652926693e-33 6880394
34.2341 2.895421342207641e-36 2.265418687704923e-33 6907178
34.2803 2.875537817812333e-36 2.292620797947227e-33 6917034
34.3265 2.865388085021045e-36 2.315760719886849e-33 6937934
34.3727 2.840733893345947e-36 2.328300789187722e-33 6947250
34.4189 2.840242035868658e-36 2.349703796583863e-33 6982106
34.4651 2.850886314235351e-36 2.380684581958813e-33 6995718
34.5113 2.861243168901699e-36 2.394784366492339e-33 7006682
34.5575 2.892445875480141e-36 2.407181515399272e-33 7035866
34.6037 2.92361286398037e-36 2.392166157568873e-33 7054110
34.6499 2.97432284618028e-36 2.37912137689566e-33 7059194
34.6961 3.036857455882852e-36 2.355174082919044e-33 7091802
34.7423 3.050262914815609e-36 2.324397450223255e-33 7100666
34.7885 3.102784325632492e-36 2.320456356214623e-33 7129070
34.8347 3.131679473130271e-36 2.316651927829067e-33 7143282
34.8809 3.152138351711565e-36 2.327541603727986e-33 7161482
34.9271 3.165161817286113e-36 2.354212324088421e-33 7184694
34.9733 3.162779105278896e-36 2.388394997967766e-33 7203914
35.0195 3.132526770273787e-36 2.437269162556928e-33 7219746
35.0657 3.089649046497845e-36 2.477632584152065e-33 7228634
35.1119 3.057719056879095e-36 2.525550250623538e-33 7271990
35.1581 3.044743629567313e-36 2.550884019674326e-33 7266786
35.2043 3.025495417308685e-36 2.585590943381838e-33 7293650
35.2505 3.057598995313709e-36 2.636142631053794e-33 7324086
35.2967 3.086966494331939e-36 2.653268805917555e-33 7338650
35.3429 3.124154811615111e-36 2.672691476244594e-33 7351962
35.3891 3.181242413464536e-36 2.66345210907417e-33 7357190
35.4353 3.208629485025818e-36 2.678000999641607e-33 7406042
35.4815 3.219535344448612e-36 2.63287346869619e-33 7408626
35.5277 3.229793833207203e-36 2.656243020093489e-33 7435610
35.5739 3.27257572207888e-36 2.669181478963002e-33 7453542
35.6201 3.307107405020149e-36 2.666111842632598e-33 7464002
35.6663 3.362441228086098e-36 2.67305905838088e-33 7493546
35.7125 3.314086694639045e-36 2.682858646957174e-33 7510806
35.7587 3.301450270694527e-36 2.703128889990149e-33 7532114
35.8049 3.267632545930958e-36 2.716268901702673e-33 7536234
35.8511 3.235694838111591e-36 2.753647279004087e-33 7565834
35.8973 3.220519509003446e-36 2.793300664178059e-33 7603062
35.9435 3.195757246747103e-36 2.806429829029617e-33 7593890
35.9897 3.197084780343668e-36 2.85012394846665e-33 7622906
36.0359 3.199066545367549e-36 2.877110098543193e-33 7646622
36.0821 3.218971741132207e-36 2.867880123529835e-33 7672058
36.1283 3.241391284273133e-36 2.847789740185213e-33 7679346
36.1745 3.27845200976098e-36 2.832138445038895e-33 7693058
36.2207 3.315816030015656e-36 2.814567502793529e-33 7732158
36.2669 3.333433577322936e-36 2.798113944032869e-33 7746962
36.3131 3.384977963887368e-36 2.79992750748392e-33 7770986
36.3593 3.429295913645388e-36 2.791353720996731e-33 7772094
36.4055 3.458401490851542e-36 2.786359180032047e-33 7803818
36.4517 3.487845305818042e-36 2.792091039954764e-33 7834338
36.4979 3.498307803238425e-36 2.788360417571087e-33 7833710
36.5441 3.516869900802343e-36 2.806794273955547e-33 7858794
36.5903 3.509469855614443e-36 2.829587569169199e-33 7884290
36.6365 3.485619940092791e-36 2.856401860718783e-33 7901522
36.6827 3.481660797261206e-36 2.894796886377399e-33 7930662
36.7289 3.463850420230489e-36 2.929455394749052e-33 7934426
36.7751 3.438474021525848e-36 2.991005744045388e-33 7967322
36.8213 3.39563743106066e-36 3.040231005647095e-33 7981934
36.8675 3.374222873065998e-36 3.086732259151923e-33 8003282
36.9137 3.35762035612403e-36 3.117035772841352e-33 8019666
36.9599 3.320417750786674e-36 3.120708281255674e-33 8034482
37.0061 3.349035876098537e-36 3.162557842574575e-33 8068542
37.0523 3.347052422944852e-36 3.20421471721173e-33 8088290
37.0985 3.377120878501648e-36 3.214000876024196e-33 8096322
37.1447 3.409773950646809e-36 3.210639854852306e-33 8122646
37.1909 3.457948967138466e-36 3.215614475504463e-33 8150138
37.2371 3.484943166392278e-36 3.206641639566503e-33 8165322
37.2833 3.529174390186298e-36 3.209918100677149e-33 8182574
37.3295 3.557409766332626e-36 3.179629856797246e-33 8203698
37.3757 3.560041194105019e-36 3.191037297077379e-33 8226914
37.4219 3.586247882576731e-36 3.193319627211222e-33 8246898
37.4681 3.600013080446346e-36 3.202573284269275e-33 8261774
37.5143 3.605427587682376e-36 3.210198949772233e-33 8279426
37.5605 3.611441563195534e-36 3.24148387403614e-33 8308722
37.6067 3.622245813273002e-36 3.26333927970975e-33 8326214
37.6529 3.600975111595826e-36 3.288533680681096e-33 8342682
37.6991 3.55721726410963e-36 3.289183522316894e-33 8360834
37.7453 3.565497187230948e-36 3.324608148011042e-33 8393226
37.7915 3.568487285021969e-36 3.381239525061603e-33 8420150
37.8377 3.569788782973993e-36 3.407087898752415e-33 8421986
37.8839 3.554115182073563e-36 3.423136426727334e-33 8445714
37.9301 3.566960907338868e-36 3.42626308363129e-33 8472590
37.9763 3.596285982419529e-36 3.447743661091588e-33 8495370
38.0225 3.621250539556143e-36 3.438083763280999e-33 8512802
38.0687 3.656471654442561e-36 3.413449509578572e-33 8523290
38.1149 3.690767466621403e-36 3.400349416283507e-33 8570982
38.1611 3.731980645267133e-36 3.397568109323443e-33 8568458
38.2073 3.775622476912969e-36 3.39184391713636e-33 8586498
38.2535 3.809287151218588e-36 3.378330132578255e-33 8608838
38.2997 3.845193527500001e-36 3.388735297289418e-33 8645610
38.3459 3.929353248889126e-36 3.399062435961281e-33 8658386
38.3921 3.96276050008025e-36 3.399774716949529e-33 8668598
38.4383 3.843320041331705e-36 3.405081954023142e-33 8697426
38.4845 3.947459545572214e-36 3.426729445845627e-33 8722562
38.5307 3.955094431886026e-36 3.433817250928279e-33 8737962
38.5769 3.962130921823268e-36 3.473224554385253e-33 8771366
38.6231 3.915519578593075e-36 3.489032402055497e-33 8771010
38.6693 3.919363912358717e-36 3.535049055153326e-33 8822618
38.7155 3.865564133425829e-36 3.563352822813057e-33 8807726
38.7617 3.863914086287967e-36 3.61996271581783e-33 8844618
38.8079 3.824389307662138e-36 3.657573551686411e-33 8868722
38.8541 3.812021418160212e-36 3.702082013117522e-33 8891394
38.9003 3.795908592455752e-36 3.744305115517221e-33 8911934
38.9465 3.793344250999336e-36 3.788588332236943e-33 8923938
38.9927 3.786906431598326e-36 3.819061158095457e-33 8953682
39.0389 3.798418068631573e-36 3.847830587665152e-33 8981966
39.0851 3.796846990302012e-36 3.853873006048559e-33 8990442
39.1313 3.830872459158701e-36 3.870128871568933e-33 9007874
39.1775 3.836882544932679e-36 3.858684546430175e-33 9038982
39.2237 3.861851525150336e-36 3.866161602053551e-33 9068570
39.2699 3.871722848904408e-36 3.88689219027547e-33 9085250
39.3161 3.89723010915864e-36 3.893103247446424e-33 9084690
39.3623 3.932370347257642e-36 3.899906458315005e-33 9128654
39.4085 3.955535544748127e-36 3.906049402164405e-33 9133170
39.4547 3.988601510253579e-36 3.921389812245033e-33 9185882
39.5009 4.006148947507273e-36 3.90173177661473e-33 9163254
39.5471 4.037692889284003e-36 3.920259805082115e-33 9220130
39.5933 4.060323586739758e-36 3.925223732902834e-33 9233138
39.6395 4.088801474397627e-36 3.930414277898745e-33 9249378
39.6857 4.109377809446925e-36 3.953524992836147e-33 9271550
39.7319 4.114948565103644e-36 3.968336388806285e-33 9286266
39.7781 4.122986200093719e-36 4.004383510806013e-33 9320762
39.8243 4.116831951603923e-36 4.0240169268039e-33 9326718
39.8705 4.131684067110146e-36 4.05557926836676e-33 9354602
39.9167 4.091064259608811e-36 4.074436324092721e-33 9384122
39.9629 4.105019752662572e-36 4.100484666248178e-33 9400482
40.0091 4.132694960973189e-36 4.152621621099779e-33 9432638
40.0553 4.140732897464909e-36 4.199058240764634e-33 9445314
40.1015 4.147787833998177e-36 4.224943689824597e-33 9477290
40.1477 4.152808821040596e-36 4.246431394068279e-33 9489182
40.1939 4.149600944398974e-36 4.26751257562119e-33 9506706
40.2401 4.183867384165818e-36 4.283533923875186e-33 9533978
40.2863 4.180123143832114e-36 4.28446624598671e-33 9553662
40.3325 4.20287521493768e-36 4.307518055063539e-33 9579506
40.3787 4.237173073755999e-36 4.32608758744771e-33 9607866
40.4249 4.252298743486678e-36 4.332894671822911e-33 9608354
40.4711 4.29158866363521e-36 4.346418443631826e-33 9643862
40.5173 4.333302697482092e-36 4.351487731032836e-33 9670578
40.5635 4.388440219168215e-36 4.339311440242438e-33 9687890
40.6097 4.429568674723986e-36 4.311058431673011e-33 9693294
40.6559 4.412084164746671e-36 4.286253349628294e-33 9736034
40.7021 4.454647771445677e-36 4.298792865636731e-33 9758946
40.7483 4.481267763197603e-36 4.302424021486866e-33 9778994
40.7945 4.514630307450969e-36 4.307625320680996e-33 9796814
40.8407 4.526601899891113e-36 4.312609938934691e-33 9816882
40.8869 4.543483272169614e-36 4.335743892232064e-33 9850514
40.9331 4.565901230583735e-36 4.343082884078491e-33 9856062
40.9793 4.581369833120497e-36 4.367041299312525e-33 9886706
41.0255 4.589216214987744e-36 4.391424557204691e-33 9916194
41.0717 4.596198690710867e-36 4.401590247030317e-33 9924854
41.1179 4.655069183817412e-36 4.429202597174885e-33 9961490
41.1641 4.695074219264993e-36 4.462584535881434e-33 9979098
41.2103 4.672729200231023e-36 4.485695233394374e-33 9990266
41.2565 4.683221096344912e-36 4.514153621563175e-33 10012398
41.3027 4.751558154651558e-36 4.562072828272128e-33 10038818
41.3489 4.777311882742275e-36 4.609866995987265e-33 10072082
41.3951 4.570965431586012e-36 4.632937978306105e-33 10082670
41.4413 4.933587195663597e-36 4.675435657289376e-33 10123226
41.4875 4.821043071533817e-36 4.742511509575082e-33 10134834
41.5337 4.749176821918152e-36 4.812057963721538e-33 10151450
41.5799 4.672383473518326e-36 4.863972384453083e-33 10184118
41.6261 4.706166195141944e-36 4.909434813596612e-33 10199810
41.6723 4.656302979106661e-36 4.940688450426656e-33 10230386
41.7185 4.629880455384241e-36 4.972925461514253e-33 10238334
41.7647 4.603506022772072e-36 4.97631173494412e-33 10271594
41.8109 4.605301694632763e-36 4.991089936227582e-33 10298418
41.8571 4.597852298088957e-36 5.018213150928315e-33 10306814
41.9033 4.62270686156659e-36 5.055992880706752e-33 10341306
41.9495 4.618670837803509e-36 5.055279169369241e-33 10362842
41.9957 4.646406559859667e-36 5.0833612677808e-33 10388834
42.0419 4.657444528881188e-36 5.095197469523775e-33 10395630
42.0881 4.707162712091465e-36 5.101669571873331e-33 10425362
42.1343 4.71128184781129e-36 5.106970261324087e-33 10454274
42.1805 4.743570068476784e-36 5.106279073227113e-33 10478294
42.2267 4.767453091365987e-36 5.135466007189224e-33 10501818
42.2729 4.801032237082985e-36 5.134481582849749e-33 10514810
42.3191 4.840251290652616e-36 5.133348770755611e-33 10548842
42.3653 4.869871803575114e-36 5.136037892996283e-33 10566462
42.4115 4.890591738002136e-36 5.144499674177751e-33 10586810
42.4577 4.901780702740408e-36 5.162204536141411e-33 10614954
42.5039 4.901977693697607e-36 5.161986889013709e-33 10631054
42.5501 4.931925532624696e-36 5.18941246884078e-33 10662362
42.5963 4.945572859697823e-36 5.215916325807196e-33 10683354
42.6425 4.985723330206376e-36 5.23594788230357e-33 10699298
42.6887 4.993567097385851e-36 5.260451982765954e-33 10738782
42.7349 4.989680247124968e-36 5.272291547697736e-33 10744202
42.7811 5.022943023349877e-36 5.297178761223011e-33 10782186
42.8273 5.026946721107703e-36 5.309714507058821e-33 10784966
42.8735 5.00527119497214e-36 5.319698894786613e-33 10833938
42.9197 5.039380399569054e-36 5.331355550484283e-33 10848138
42.9659 5.096208448809285e-36 5.385117869055251e-33 10873766
43.0121 5.096368617984473e-36 5.420281959976555e-33 10886970
43.0583 5.095341204073587e-36 5.458868255453011e-33 10912442
43.1045 5.083435181543358e-36 5.477341435646614e-33 10936698
43.1507 5.097651563655262e-36 5.526663435204754e-33 10966142
43.1969 5.078418879661558e-36 5.532626101679167e-33 10968746
43.2431 5.069191485188356e-36 5.572228777906861e-33 11014602
43.2893 5.091021362480132e-36 5.604536816442069e-33 11042774
43.3355 5.090258371967069e-36 5.62345363860354e-33 11061474
43.3817 5.098967470461269e-36 5.650695157733035e-33 11072450
43.4279 5.099951148429618e-36 5.675174283051071e-33 11096922
43.4741 5.127255394919876e-36 5.70013423237813e-33 11146526
43.5203 5.119439346010737e-36 5.701148799094586e-33 11145602
43.5665 5.1442116589898e-36 5.718959763579432e-33 11168442
43.6127 5.110680488574329e-36 5.701216860287213e-33 11181086
43.6589 5.148174858430784e-36 5.753413484893908e-33 11250114
43.7051 5.134410341354841e-36 5.782578582508036e-33 11242106
43.7513 5.159518608555057e-36 5.813146908215004e-33 11265446
43.7975 5.166336092111228e-36 5.839500726722856e-33 11285490
43.8437 5.200879992494979e-36 5.871713275675413e-33 11335922
43.8899 5.206590489028693e-36 5.869631524406026e-33 11330130
43.9361 5.212434209730286e-36 5.895594232067469e-33 11357270
43.9823 5.242167072516072e-36 5.893016163211305e-33 11389098
44.0285 5.26526945615723e-36 5.91254584167312e-33 11426642
44.0747 5.307553473582824e-36 5.936779766224361e-33 11431358
44.1209 5.368539694988091e-36 5.998719748272009e-33 11462298
44.1671 5.38546518377171e-36 5.971910532537257e-33 11479202
44.2133 5.438948718565464e-36 5.975140228653545e-33 11509746
44.2595 5.467885653880856e-36 5.991699322623052e-33 11523062
44.3057 5.457134544565727e-36 5.992417124069311e-33 11556210
44.3519 5.382214238483395e-36 5.981328287635946e-33 11588282
44.3981 5.463018601519302e-36 6.007539192680077e-33 11599646
44.4443 5.530505988031956e-36 6.0752616678962e-33 11645274
44.4905 5.557804758978472e-36 6.079777757469858e-33 11649338
44.5367 5.567501983748426e-36 6.099810887399789e-33 11665386
44.5829 5.672643941350526e-36 6.136434001880293e-33 11719286
44.6291 5.660508914235251e-36 6.156180381370577e-33 11720738
44.6753 5.675592896430038e-36 6.142003452913439e-33 11755074
44.7215 5.672073658695629e-36 6.132848324018698e-33 11767166
44.7677 5.738771955303028e-36 6.178542212520133e-33 11813346
44.8139 5.738986745178357e-36 6.181393411995158e-33 11825450
44.8601 5.81777912330917e-36 6.216288283537047e-33 11828814
44.9063 5.934710656275103e-36 6.261221942635938e-33 11884418
44.9525 5.87492054971633e-36 6.25878589741235e-33 11900378
44.9987 5.87971863625176e-36 6.269703152734378e-33 11908002
45.0449 5.869443183944091e-36 6.295639753702336e-33 11937470
45.0911 5.954967160170628e-36 6.328137810795411e-33 11981346
45.1373 6.038485998198666e-36 6.367363302326747e-33 11998154
45.1835 6.019145351889676e-36 6.360760421600208e-33 12015798
45.2297 6.073799322544127e-36 6.401616631695007e-33 12046586
45.2759 6.149822459462395e-36 6.408737226889851e-33 12073226
45.3221 6.054761028547185e-36 6.41599122273314e-33 12089370
45.3683 6.10727226092587e-36 6.439966562407565e-33 12123662
45.4145 6.141968414074072e-36 6.464666899493559e-33 12129018
45.4607 6.264763075277188e-36 6.492336752955384e-33 12168698
45.5069 6.221824297219448e-36 6.514606848755981e-33 12191070
45.5531 6.248400908722806e-36 6.558726852941125e-33 12237290
45.5993 6.325275377062107e-36 6.574362731316012e-33 12237434
45.6455 6.248238763995267e-36 6.598949427138979e-33 12269430
45.6917 6.308148958128634e-36 6.644447110158697e-33 12288314
45.7379 6.458837631306692e-36 6.667495851131836e-33 12312018
45.7841 6.444889861070517e-36 6.693661029541388e-33 12333770
45.8303 6.338721088884149e-36 6.703637070151218e-33 12362654
45.8765 6.445393190301473e-36 6.747258899544208e-33 12405282
45.9227 6.377091700278841e-36 6.744824570726192e-33 12414842
45.9689 6.416715093771752e-36 6.770857009186349e-33 12433278
46.0151 6.447786025977863e-36 6.810881647893873e-33 12469442
46.0613 6.439849107265085e-36 6.838011262723189e-33 12497106
46.1075 6.554666680603858e-36 6.85893793183254e-33 12513074
46.1537 6.62017439720731e-36 6.920911917337159e-33 12531902
46.1999 6.508627417667754e-36 6.947178692659517e-33 12567690
46.2461 6.47838726086266e-36 6.983218294564602e-33 12603338
46.2923 6.508435597875003e-36 7.002110431200563e-33 12612726
46.3385 6.551639667674436e-36 7.033375690021439e-33 12634802
46.3847 6.582529742519499e-36 7.086542546327985e-33 12662730
46.4309 6.814288269543585e-36 7.131128397531043e-33 12699086
46.4771 6.719363553241088e-36 7.200589529682793e-33 12711074
46.5233 6.788750221374726e-36 7.21367093832831e-33 12739098
46.5695 6.710269729588237e-36 7.247105536371797e-33 12769490
46.6157 6.684668873072792e-36 7.262003695624765e-33 12799686
46.6619 6.779083109301881e-36 7.274597292325375e-33 12828626
46.7081 6.756666117367579e-36 7.308029176214429e-33 12832794
46.7543 6.922443084055278e-36 7.348779723191743e-33 12875942
46.8005 6.994224297943775e-36 7.420398131113619e-33 12906314
46.8467 6.915624513682677e-36 7.462498670993953e-33 12913122
46.8929 6.981737184080646e-36 7.470034140308624e-33 12937346
46.9391 6.98334799694457e-36 7.513514705552845e-33 12973374
46.9853 7.094241671430879e-36 7.563085355674902e-33 13008170
47.0315 7.066958261787765e-36 7.581048793017368e-33 13025810
47.0777 7.31401573379105e-36 7.60412129978596e-33 13033590
47.1239 7.395277597137254e-36 7.64648044215231e-33 13083698
47.1701 7.603743101266244e-36 7.683449134311458e-33 13094706
47.2163 7.823900910690743e-36 7.704583113669838e-33 13119002
47.2625 7.873863791585918e-36 7.719551706989304e-33 13146318
47.3087 6.986902087403069e-36 7.709452552237582e-33 13167383
47.3549 6.400029795269175e-36 7.62359735296921e-33 13180844
47.4011 6.251295950227343e-36 7.542498072056386e-33 13147596
47.4473 6.228599723980831e-36 7.53943383275191e-33 13144028
47.4935 6.208924411402197e-36 7.545838705525517e-33 13122684
47.5397 6.190070082466585e-36 7.546789913352136e-33 13103336
47.5859 6.186110031672118e-36 7.573638430429135e-33 13108416
47.6321 6.155518472698159e-36 7.565768571393126e-33 13073744
47.6783 6.143719530779096e-36 7.592695014587844e-33 13076900
47.7245 6.126505348425993e-36 7.599295826544063e-33 13051992
47.7707 6.120562889772527e-36 7.622576168566656e-33 13056752
47.8169 6.112342003596958e-36 7.630572795076216e-33 13036344
47.8631 6.096453474614613e-36 7.632850643261718e-33 13009832
47.9093 6.094451406921768e-36 7.636449036617817e-33 12996668
47.9555 6.099443306421226e-36 7.657766837048895e-33 13003248
48.0017 6.078508474583873e-36 7.645597069223672e-33 12967172
48.0479 6.090462828184418e-36 7.652626095345731e-33 12963480
48.0941 6.07508788826937e-36 7.666103739683351e-33 12954260
48.1403 6.076562031367801e-36 7.684372414629579e-33 12942432
48.1865 6.057260301995223e-36 7.683688675070344e-33 12924296
48.2327 6.049533213639323e-36 7.691762565141092e-33 12903392
48.2789 6.057623845291853e-36 7.710653715025143e-33 12906168
48.3251 6.039243541995493e-36 7.709475921488018e-33 12873656
48.3713 6.041330023545057e-36 7.736410889883052e-33 12870720
48.4175 6.032755719042298e-36 7.73548739581677e-33 12855428
48.4637 6.027526549312942e-36 7.74222905933541e-33 12842256
48.5099 6.021649216668266e-36 7.74061841174632e-33 12820304
48.5561 6.024307297495858e-36 7.755640866021039e-33 12820328
48.6023 6.01534947235993e-36 7.757946451242595e-33 12794856
48.6485 6.011668884206106e-36 7.757617187526971e-33 12787940
48.6947 6.004343003985428e-36 7.740716480596254e-33 12748392
48.7409 6.016075959632305e-36 7.756014552612859e-33 12752756
48.7871 6.004420286195709e-36 7.752632992883097e-33 12732036
48.8333 6.015004330174397e-36 7.770625131041425e-33 12737132
48.8795 5.999695983832287e-36 7.775602326822017e-33 12712976
48.9257 6.002113553617688e-36 7.776944712535373e-33 12696348
48.9719 5.98784955555863e-36 7.789201491157879e-33 12673892
49.0181 5.977815339846446e-36 7.820838432308992e-33 12677316
49.0643 5.959612153200924e-36 7.825246040450172e-33 12650384
49.1105 5.935789698771309e-36 7.833985595944245e-33 12621344
49.1567 5.944032029966574e-36 7.86571273465822e-33 12624204
49.2029 5.940085120208797e-36 7.868482153986566e-33 12615632
49.2491 5.935809968666923e-36 7.881855186860104e-33 12600420
49.2953 5.92333843774731e-36 7.88106276467154e-33 12570224
49.3415 5.921606500323253e-36 7.898988943471047e-33 12566868
49.3877 5.911469712537553e-36 7.896816917624717e-33 12545828
49.4339 5.915567932330011e-36 7.901087039545692e-33 12538232
49.4801 5.895700691877103e-36 7.895994632723404e-33 12496452
49.5263 5.900964888709256e-36 7.912105423519099e-33 12502688
49.5725 5.90025723950542e-36 7.929958880830746e-33 12498708
49.6187 5.891880660121313e-36 7.928222575723693e-33 12469640
49.6649 5.876834987850808e-36 7.918005695943335e-33 12440136
49.7111 5.895448231960068e-36 7.94280586486213e-33 12442412
49.7573 5.885041406315043e-36 7.948290520876849e-33 12433712
49.8035 5.880730309666238e-36 7.951553472437866e-33 12410544
49.8497 5.859575700914604e-36 7.949150892233349e-33 12381512
49.8959 5.861719010964702e-36 7.970075765941839e-33 12378960
49.9421 5.856263887941283e-36 7.981445579163594e-33 12366872
49.9883 5.840512281012447e-36 7.983687343699988e-33 12345588
50.0345 5.84775781887243e-36 7.992710977164585e-33 12327008
50.0807 5.839894577371107e-36 8.001670278005298e-33 12313388
50.1269 5.842369517306223e-36 8.007116384505741e-33 12306768
50.1731 5.835806026011867e-36 7.982260835235559e-33 12275504
50.2193 5.838784275908616e-36 7.994472902309922e-33 12265620
50.2655 5.835846379731919e-36 7.978717190048413e-33 12236324
50.3117 5.847191822824579e-36 8.003400902755645e-33 12253880
50.3579 5.838181464499585e-36 7.994042566346487e-33 12219756
50.4041 5.834081095944159e-36 8.004853950169137e-33 12195524
50.4503 5.829402012929464e-36 8.007491786900544e-33 12189000
50.4965 5.823261544746388e-36 8.018002129362682e-33 12170168
50.5427 5.801693686588004e-36 8.031564740520498e-33 12147588
50.5889 5.799133414147973e-36 8.045805901471989e-33 12134360
50.6351 5.786051773504254e-36 8.061765235407035e-33 12122816
50.6813 5.783296977208028e-36 8.071612124161649e-33 12107580
50.7275 5.780512990290598e-36 8.088545266886063e-33 12098972
50.7737 5.758620561104761e-36 8.071071454419691e-33 12054744
50.8199 5.75861379978506e-36 8.09590633919742e-33 12056912
50.8661 5.746961895927026e-36 8.100010210627492e-33 12039108
50.9123 5.741517082405703e-36 8.108683851558585e-33 12019400
50.9585 5.726723092455847e-36 8.113398512009866e-33 11996936
51.0047 5.727665900162702e-36 8.112101826217477e-33 11979744
51.0509 5.730878079004469e-36 8.12356800460876e-33 11975504
51.0971 5.730667271305919e-36 8.134600453709181e-33 11963472
51.1433 5.716193020809797e-36 8.129086048215241e-33 11928692
51.1895 5.714227871944379e-36 8.132749494098017e-33 11920356
51.2357 5.708763699536107e-36 8.128505544376722e-33 11900072
51.2819 5.721171302314877e-36 8.143170991596379e-33 11897312
51.3281 5.700236769979588e-36 8.137078393639292e-33 11857164
51.3743 5.697910868057953e-36 8.142231691245298e-33 11842556
51.4205 5.694776159183229e-36 8.161514758194255e-33 11841552
51.4667 5.68367559491148e-36 8.159044151644283e-33 11811860
51.5129 5.680711255702257e-36 8.169546499241256e-33 11798888
51.5591 5.664086991562678e-36 8.167952212477286e-33 11768748
51.6053 5.670452942497874e-36 8.190174005708446e-33 11777096
51.6515 5.649160462287877e-36 8.180641124910141e-33 11733936
51.6977 5.64006469811433e-36 8.194036683204729e-33 11714324
51.7439 5.654696486156564e-36 8.200344849330274e-33 11725020
51.7901 5.643026516428416e-36 8.193399775830331e-33 11696816
51.8363 5.633762528315449e-36 8.180846307643073e-33 11666048
51.8825 5.646982403227719e-36 8.183755143713919e-33 11661996
51.9287 5.647630483723971e-36 8.186678676915643e-33 11645228
51.9749 5.641035922372253e-36 8.174589855075333e-33 11620884
52.0211 5.63031292519574e-36 8.167082544947369e-33 11590808
52.0673 5.642522245305327e-36 8.177439348591636e-33 11587908
52.1135 5.63133698074111e-36 8.176931487433065e-33 11569028
52.1597 5.63406287219654e-36 8.177319923621103e-33 11558012
52.2059 5.614347836331687e-36 8.177380485519974e-33 11528724
52.2521 5.602012863860662e-36 8.190807505767149e-33 11506964
52.2983 5.597707422480164e-36 8.199393584121078e-33 11494536
52.3445 5.582808840768019e-36 8.209407720142894e-33 11477444
52.3907 5.579576350399872e-36 8.221176391987099e-33 11456804
52.4369 5.553441281688431e-36 8.2221980133781e-33 11428740
52.4831 5.569512892199027e-36 8.248665499253423e-33 11427272
52.5293 5.551276798666592e-36 8.243645265050454e-33 11407524
52.5755 5.530425809569938e-36 8.242608103534675e-33 11376992
52.6217 5.523730341344331e-36 8.250863846831058e-33 11363952
52.6679 5.5273731051696e-36 8.258124900379111e-33 11346680
52.7141 5.513989005072297e-36 8.266192682916433e-33 11322272
52.7603 5.516756244579186e-36 8.262687117529844e-33 11313672
52.8065 5.494408300156518e-36 8.247187559107432e-33 11276120
52.8527 5.508992881196944e-36 8.272499181964861e-33 11283648
52.8989 5.495286569663796e-36 8.261388387212983e-33 11248088
52.9451 5.488304626389302e-36 8.265332948532767e-33 11240592
52.9913 5.479590024826303e-36 8.262577893408425e-33 11217380
53.0375 5.471016123677833e-36 8.253508333552473e-33 11185436
53.0837 5.4744654195807e-36 8.264160768214994e-33 11182920
53.1299 5.458552725179326e-36 8.245968146269487e-33 11148968
53.1761 5.456223120984514e-36 8.255802423815039e-33 11132988
53.2223 5.449993220136766e-36 8.260489367001412e-33 11121068
53.2685 5.427593133109836e-36 8.248003579174581e-33 11080992
53.3147 5.436162991650804e-36 8.280913965339145e-33 11101004
53.3609 5.420380579472261e-36 8.263964247004733e-33 11052488
53.4071 5.418634930913919e-36 8.272286903813034e-33 11042760
53.4533 5.411518879538456e-36 8.276081093039173e-33 11024240
53.4995 5.39928864940667e-36 8.275910563198963e-33 11000652
53.5457 5.391758220772944e-36 8.270451834319706e-33 10983116
53.5919 5.381737011529068e-36 8.268370583588798e-33 10951520
53.6381 5.388528776059692e-36 8.284029016173943e-33 10954992
53.6843 5.371733619835764e-36 8.277435728902118e-33 10922468
53.7305 5.374414811585364e-36 8.263059471659939e-33 10900932
53.7767 5.362685230264546e-36 8.265299160507754e-33 10876700
53.8229 5.37195590702976e-36 8.268230383687326e-33 10874520
53.8691 5.356198364107814e-36 8.251446540525424e-33 10837064
53.9153 5.351846894354725e-36 8.235171634666731e-33 10811504
53.9615 5.361330577965892e-36 8.247843925169834e-33 10817724
54.0077 5.352740958284286e-36 8.23854771238656e-33 10782764
54.0539 5.340803869735162e-36 8.23427129619693e-33 10759932
54.1001 5.333064222530116e-36 8.238249281460817e-33 10739204
54.1463 5.332632800698118e-36 8.232603962122044e-33 10720560
54.1925 5.328585200266125e-36 8.24282308013259e-33 10715144
54.2387 5.304802366901948e-36 8.223366881855441e-33 10664960
54.2849 5.307976066267992e-36 8.232932559322068e-33 10661076
54.3311 5.286381519096605e-36 8.238592701320461e-33 10634540
54.3773 5.286613852552317e-36 8.252743476474692e-33 10629012
54.4235 5.269098286220207e-36 8.247820025455475e-33 10600856
54.4697 5.253633103340169e-36 8.255270148380662e-33 10566600
54.5159 5.25528619585749e-36 8.275916573145992e-33 10567232
54.5621 5.229581101680409e-36 8.262368110726367e-33 10531880
54.6083 5.233114854409574e-36 8.28941403353874e-33 10530996
54.6545 5.206168455504387e-36 8.255128788277211e-33 10477004
54.7007 5.210011943819921e-36 8.268302695338944e-33 10471488
54.7469 5.210249935859393e-36 8.281225768002441e-33 10464068
54.7931 5.199515708564366e-36 8.25839475858331e-33 10430660
54.8393 5.203183320013438e-36 8.267362980086508e-33 10419756
54.8855 5.180698157889378e-36 8.251159932373799e-33 10384784
54.9317 5.184869750374827e-36 8.252618763646208e-33 10374072
54.9779 5.174640796998713e-36 8.244438885160638e-33 10348256
55.0241 5.16759894124694e-36 8.231049191940215e-33 10318008
55.0703 5.172520205797336e-36 8.240818020944986e-33 10309604
55.1165 5.161131492440275e-36 8.23430270385111e-33 10286924
55.1627 5.149682202858615e-36 8.224281488344129e-33 10261848
55.2089 5.137225530102492e-36 8.231066922508876e-33 10243016
55.2551 5.124859926145385e-36 8.222874062007755e-33 10211616
55.3013 5.129830413639583e-36 8.238552758198247e-33 10207340
55.3475 5.097859764629644e-36 8.218583773003001e-33 10164252
55.3937 5.105893322735497e-36 8.234477763794391e-33 10159472
55.4399 5.095182681042351e-36 8.222981644959609e-33 10129184
55.4861 5.086963429817342e-36 8.220143670872773e-33 10114464
55.5323 5.089437771773542e-36 8.232085734151357e-33 10103336
55.5785 5.060347538031997e-36 8.194019702476401e-33 10049364
55.6247 5.070751888011775e-36 8.225974669059651e-33 10056980
55.6709 5.055839228056146e-36 8.215132463415278e-33 10027464
55.7171 5.047271219404794e-36 8.204374923348408e-33 10001132
55.7633 5.040488181561436e-36 8.196637838809396e-33 9984704
55.8095 5.025398240590388e-36 8.182069526418052e-33 9946872
55.8557 5.032642333799951e-36 8.203184711867457e-33 9950204
55.9019 5.017571890750424e-36 8.175725377730572e-33 9907884
55.9481 5.009314125648715e-36 8.171526456346272e-33 9890480
55.9943 5.003394493592289e-36 8.160571076648842e-33 9864212
56.0405 5.003116604968784e-36 8.158734876804505e-33 9850680
56.0867 4.999763498432693e-36 8.147664240395045e-33 9831356
56.1329 4.970170585942242e-36 8.11824355375741e-33 9781176
56.1791 4.991848211660808e-36 8.143989745600914e-33 9789368
56.2253 4.975753533034313e-36 8.125506183827503e-33 9760404
56.2715 4.969530843709729e-36 8.123507888738887e-33 9735800
56.3177 4.963476261527184e-36 8.114782399567307e-33 9711092
56.3639 4.953478023827391e-36 8.100389686530561e-33 9689040
56.4101 4.947556990935024e-36 8.100944931632924e-33 9668192
56.4563 4.931876549659474e-36 8.091151151420662e-33 9643500
56.5025 4.931438374330186e-36 8.087349650261532e-33 9617840
56.5487 4.914770491016703e-36 8.080124656657215e-33 9596220
56.5949 4.911283499960531e-36 8.089049863688518e-33 9579572
56.6411 4.900477295077215e-36 8.0880833795554e-33 9553832
56.6873 4.879104030047913e-36 8.083743119011847e-33 9523872
56.7335 4.875706401797785e-36 8.080601792272002e-33 9502856
56.7797 4.867216985902379e-36 8.08272913267216e-33 9490980
56.8259 4.846484310782914e-36 8.078945156610185e-33 9456200
56.8721 4.841229057752788e-36 8.074752542515641e-33 9434060
56.9183 4.830469540626705e-36 8.060034129438437e-33 9409128
56.9645 4.827152418316135e-36 8.069052417324554e-33 9392816
57.0107 4.809132213760542e-36 8.059176160402744e-33 9367812
57.0569 4.796635403999735e-36 8.056535989154663e-33 9335648
57.1031 4.792040595032723e-36 8.079026215275655e-33 9334140
57.1493 4.770599681394244e-36 8.04714419939261e-33 9287804
57.1955 4.773183529586736e-36 8.061170843707667e-33 9280268
57.2417 4.745713014446892e-36 8.030749446690037e-33 9232656
57.2879 4.74983780839391e-36 8.054171584556425e-33 9235316
57.3341 4.738030940454857e-36 8.038451071410918e-33 9201576
57.3803 4.730600750460983e-36 8.015717747391634e-33 9175664
57.4265 4.726047576614342e-36 8.002224392446444e-33 9151536
57.4727 4.713720971513662e-36 7.991350033119627e-33 9128240
57.5189 4.713561216933182e-36 7.987488651898503e-33 9109832
57.5651 4.697754407743255e-36 7.964160345823843e-33 9072324
57.6113 4.693329419309865e-36 7.963288255088232e-33 9060392
57.6575 4.687611825128526e-36 7.945997620013481e-33 9034272
57.7037 4.675720393250291e-36 7.947189632489118e-33 9008744
57.7499 4.672536527915015e-36 7.938101822348428e-33 8989764
57.7961 4.653368535954245e-36 7.921014758380514e-33 8956412
57.8423 4.654473539120945e-36 7.93228342476943e-33 8941880
57.8885 4.644442689092386e-36 7.916156545189709e-33 8914968
57.9347 4.626640968858395e-36 7.902732445627293e-33 8881592
57.9809 4.623565800562586e-36 7.89855993977354e-33 8866164
58.0271 4.605592522948019e-36 7.882236043796321e-33 8832464
58.0733 4.603250017501801e-36 7.891009907522052e-33 8819384
58.1195 4.587475485431018e-36 7.858677691610474e-33 8784948
58.1657 4.583091564178031e-36 7.862755237736604e-33 8766056
58.2119 4.566551090259514e-36 7.856748543598916e-33 8741592
58.2581 4.557951147196058e-36 7.843204146741139e-33 8715404
58.3043 4.544758082030838e-36 7.845948017711465e-33 8693160
58.3505 4.52816674513121e-36 7.828147713193929e-33 8660528
58.3967 4.524307638005631e-36 7.825415320577512e-33 8638364
58.4429 4.508366730137776e-36 7.819640962392336e-33 8622660
58.4891 4.499315308054395e-36 7.811476198462056e-33 8587712
58.5353 4.488813667838192e-36 7.805019895337501e-33 8569368
58.5815 4.474510793879136e-36 7.771221760511377e-33 8529836
58.6277 4.483337577271096e-36 7.78612176430106e-33 8529840
58.6739 4.462818238460872e-36 7.753847267430156e-33 8486240
58.7201 4.458373038373554e-36 7.740041683568249e-33 8464964
58.7663 4.448111633212179e-36 7.719605881755038e-33 8441376
58.8125 4.437138272978581e-36 7.691812283140604e-33 8401016
58.8587 4.454520902418743e-36 7.708532735956732e-33 8409180
58.9049 4.418912349390559e-36 7.654437302816932e-33 8351564
58.9511 4.428178886801998e-36 7.653763852612467e-33 8339304
58.9973 4.412195077628178e-36 7.641325221446813e-33 8310416
59.0435 4.399851953345661e-36 7.623771428209241e-33 8286104
59.0897 4.396567359775793e-36 7.605924859815941e-33 8262372
59.1359 4.373468237622511e-36 7.591773597397355e-33 8225852
59.1821 4.386296802392409e-36 7.603103122237528e-33 8224104
59.2283 4.360889567879053e-36 7.567615022969869e-33 8180564
59.2745 4.347747122457535e-36 7.550888660508026e-33 8150744
59.3207 4.346278086672689e-36 7.550432542681142e-33 8137680
59.3669 4.327203412670352e-36 7.539029081400465e-33 8111156
59.4131 4.318026452376194e-36 7.521371537231934e-33 8078748
59.4593 4.295464641116083e-36 7.504854103972238e-33 8045600
59.5055 4.296392804324303e-36 7.507903069271341e-33 8035524
59.5517 4.282311459976974e-36 7.491451169218487e-33 8002928
59.5979 4.257948594598261e-36 7.485107691055265e-33 7975760
59.6441 4.24970618870667e-36 7.474675827372159e-33 7946448
59.6903 4.235119422819265e-36 7.468887699138477e-33 7924280
59.7365 4.222568146981831e-36 7.470742280754225e-33 7899672
59.7827 4.205193886058151e-36 7.447229827390124e-33 7869572
59.8289 4.176264942233336e-36 7.438661063667115e-33 7830276
59.8751 4.186438637044992e-36 7.453387954484132e-33 7826636
59.9213 4.160445749318953e-36 7.425447071059129e-33 7792388
59.9675 4.15007712984205e-36 7.439364256427311e-33 7765296
60.0137 4.129689863928687e-36 7.41072341923137e-33 7733948
60.0599 4.122452200719963e-36 7.398592920269928e-33 7710948
60.1061 4.108773356718525e-36 7.392448490209474e-33 7689260
60.1523 4.093645988415949e-36 7.36264683379885e-33 7649916
60.1985 4.089653043117928e-36 7.367179287282453e-33 7638020
60.2447 4.072057235517872e-36 7.335768192854672e-33 7597136
60.2909 4.073741635068589e-36 7.340110030172106e-33 7586532
60.3371 4.044283779560049e-36 7.301556494435627e-33 7540628
60.3833 4.039985062831004e-36 7.287617698878201e-33 7519344
60.4295 4.033871008169133e-36 7.288308336820397e-33 7501880
60.4757 4.019812872179648e-36 7.253369393171304e-33 7466540
60.5219 4.011320672578088e-36 7.240173010136899e-33 7440012
60.5681 3.995017713679419e-36 7.228877286760957e-33 7414112
60.6143 3.983231287237145e-36 7.213180298820761e-33 7382808
60.6605 3.978230829983215e-36 7.200432013253018e-33 7365056
60.7067 3.957096202876885e-36 7.164658319865106e-33 7324200
60.7529 3.95932627138847e-36 7.172538312313314e-33 7308356
60.7991 3.934198933822684e-36 7.144661771375668e-33 7275944
60.8453 3.92613183544782e-36 7.118115041644083e-33 7238628
60.8915 3.921772468935236e-36 7.118654831676488e-33 7231832
60.9377 3.900072481182147e-36 7.081218200474912e-33 7189104
60.9839 3.899147241538206e-36 7.073267942302891e-33 7168592
61.0301 3.881541322683154e-36 7.041866463126811e-33 7136184
61.0763 3.87786190509287e-36 7.035455336673157e-33 7116188
61.1225 3.858167442145736e-36 7.011323823944126e-33 7077644
61.1687 3.85053446105621e-36 6.993700789345563e-33 7053780
61.2149 3.838929112803499e-36 6.979218312614473e-33 7031900
61.2611 3.819048994630993e-36 6.950848451718432e-33 6993612
61.3073 3.811785614760373e-36 6.952479302203691e-33 6976868
61.3535 3.790195102028761e-36 6.922028499654996e-33 6934520
61.3997 3.785089368929613e-36 6.924840814568816e-33 6920268
61.4459 3.768847437023919e-36 6.902724194790649e-33 6889172
61.4921 3.744959623121646e-36 6.863288624415556e-33 6844680
61.5383 3.743256801286567e-36 6.879868971464912e-33 6834860
61.5845 3.719622260760026e-36 6.858394242289693e-33 6802656
61.6307 3.707526891564832e-36 6.854891182305884e-33 6777188
61.6769 3.685437378761833e-36 6.82295449896715e-33 6737144
61.7231 3.67366352207986e-36 6.810830960264574e-33 6712620
61.7693 3.672639241624346e-36 6.812597405487721e-33 6695444
61.8155 3.640427848163918e-36 6.779541450469252e-33 6653604
61.8617 3.631312284599207e-36 6.773709133053152e-33 6626744
61.9079 3.621289208231736e-36 6.74769428048232e-33 6602196
61.9541 3.601127884508944e-36 6.728715360553168e-33 6571892
62.0003 3.589382778141499e-36 6.712957416727294e-33 6541832
62.0465 3.570211643084565e-36 6.67721519808654e-33 6504960
62.0927 3.572806037113987e-36 6.682304571260209e-33 6496244
62.1389 3.549220108954279e-36 6.641632212910314e-33 6453468
62.1851 3.542202317315062e-36 6.635779332352653e-33 6432680
62.2313 3.526262567964183e-36 6.610110487526487e-33 6396960
62.2775 3.512787923920753e-36 6.580785056284595e-33 6364784
62.3237 3.516370759205302e-36 6.579799172388519e-33 6352916
62.3699 3.483382153135064e-36 6.536825541130485e-33 6304836
62.4161 3.484039583219832e-36 6.523835117276809e-33 6282080
62.4623 3.463567187043298e-36 6.495722073899216e-33 6251508
62.5085 3.458314832794631e-36 6.471101473586891e-33 6225728
62.5547 3.436554710885323e-36 6.442508779682491e-33 6187640
62.6009 3.425847831310673e-36 6.416195368504337e-33 6159276
62.6471 3.420339460318678e-36 6.413235371751361e-33 6141404
62.6933 3.402342247524632e-36 6.377451201748889e-33 6104412
62.7395 3.388642125448595e-36 6.360292242360783e-33 6071612
62.7857 3.376229009966732e-36 6.341304779555929e-33 6046032
62.8319 3.356518977792014e-36 6.308082983715372e-33 6013244
62.8781 3.354102367928102e-36 6.298450008385034e-33 5990204
62.9243 3.326296193052945e-36 6.264569582527433e-33 5950020
62.9705 3.330939003857121e-36 6.265216337249222e-33 5938520
63.0167 3.301219881158151e-36 6.219097465625629e-33 5890944
63.0629 3.29371340109469e-36 6.190395319234459e-33 5864480
63.1091 3.281685619252372e-36 6.175680440169827e-33 5834628
63.1553 3.265126779882011e-36 6.147678899939174e-33 5806868
63.2015 3.26062552851856e-36 6.127674198354271e-33 5779796
63.2477 3.238561157869501e-36 6.092795686357911e-33 5744076
63.2939 3.229788305752374e-36 6.074024635428905e-33 5716436
63.3401 3.215279485075479e-36 6.041287427427008e-33 5686140
63.3863 3.19564964444167e-36 6.00674959807941e-33 5648924
63.4325 3.202078411618544e-36 6.001866485198136e-33 5631720
63.4787 3.17589104345401e-36 5.962057738262165e-33 5592584
63.5249 3.171046830327615e-36 5.935324122269148e-33 5565032
63.5711 3.149261499449919e-36 5.902544356926379e-33 5527812
63.6173 3.136225702247082e-36 5.879104702334698e-33 5502944
63.6635 3.138497280936984e-36 5.868150440722479e-33 5479728
63.7097 3.106826346212487e-36 5.818971882096755e-33 5435888
63.7559 3.106439121971552e-36 5.807812324958563e-33 5413076
63.8021 3.084377406029337e-36 5.772741954519658e-33 5379972
63.8483 3.068103635409766e-36 5.748275822408951e-33 5348924
63.8945 3.058418484076436e-36 5.720354676579262e-33 5317392
63.9407 3.032337912391907e-36 5.691289792148344e-33 5279504
63.9869 3.042309479725879e-36 5.682559997681162e-33 5268480
64.0331 3.009497050404607e-36 5.642521787694675e-33 5223572
64.0793 2.997744022941283e-36 5.61641476133764e-33 5190452
64.1255 2.990296139914545e-36 5.582999258218561e-33 5162808
64.1716 2.963425068669566e-36 5.564981670769151e-33 5130032
64.2178 2.962622005084289e-36 5.538072636401086e-33 5102844
64.264 2.928488059161827e-36 5.508356815418394e-33 5064404
64.3102 2.924288245678903e-36 5.496389554246726e-33 5041788
64.3564 2.907187358683552e-36 5.467586827648338e-33 5006048
64.4026 2.8868393386897e-36 5.439234753482533e-33 4974476
64.4488 2.879725045673004e-36 5.415567097228576e-33 4944876
64.495 2.844363636958439e-36 5.384767475329134e-33 4906532
64.5412 2.851190034665099e-36 5.370647189797531e-33 4887960
64.5874 2.814895713726648e-36 5.33176926759991e-33 4844576
64.6336 2.808605912940829e-36 5.317420901030121e-33 4814876
64.6798 2.787274831377028e-36 5.297990850461777e-33 4789392
64.726 2.754897077258967e-36 5.259487905971901e-33 4742684
64.7722 2.76635854332794e-36 5.259483207353817e-33 4734516
64.8184 2.721566954351733e-36 5.219664636406259e-33 4682588
64.8646 2.721604490356581e-36 5.210340346200162e-33 4661736
64.9108 2.694189357770137e-36 5.182478038763124e-33 4628360
64.957 2.675557324331181e-36 5.147000716403447e-33 4589408
65.0032 2.662327478084295e-36 5.129395255760865e-33 4560588
65.0494 2.63575004155951e-36 5.104929473156221e-33 4531724
65.0956 2.622188672293293e-36 5.085096867869032e-33 4499988
65.1418 2.600078458021783e-36 5.052959937853089e-33 4461728
65.188 2.579454836951452e-36 5.032269886835741e-33 4433484
65.2342 2.573293084633594e-36 5.007227152541609e-33 4405280
65.2804 2.533503689717337e-36 4.968590735459571e-33 4360472
65.3266 2.535258823570511e-36 4.964009355462515e-33 4339080
65.3728 2.50739504300631e-36 4.921415609849965e-33 4301396
65.419 2.488543544434836e-36 4.901055990919515e-33 4271340
65.4652 2.477283132985467e-36 4.871282137477366e-33 4239968
65.5114 2.443485856559961e-36 4.838391281253281e-33 4201116
65.5576 2.449831428023681e-36 4.809780345131353e-33 4177748
65.6038 2.406503399544638e-36 4.775905914314129e-33 4136636
65.65 2.405393556992635e-36 4.760668475791345e-33 4110516
65.6962 2.377957455845529e-36 4.733395224327189e-33 4075076
65.7424 2.354453271664779e-36 4.696780663524274e-33 4037220
65.7886 2.34661177225876e-36 4.670704173907842e-33 4008632
65.8348 2.31020324020837e-36 4.626835496895016e-33 3972800
65.881 2.312268491284219e-36 4.618573593360408e-33 3946224
65.9272 2.274059776922414e-36 4.576921589897176e-33 3908516
65.9734 2.270200638592927e-36 4.552504325261693e-33 3876912
66.0196 2.237158918903863e-36 4.513750587899083e-33 3839720
66.0658 2.217852193825501e-36 4.488960331407716e-33 3813012
66.112 2.216459965183712e-36 4.460310728451127e-33 3777968
66.1582 2.175834560709629e-36 4.414268868587101e-33 3737048
66.2044 2.179821751689357e-36 4.396196861716637e-33 3713520
66.2506 2.145863412283101e-36 4.353011028790566e-33 3677996
66.2968 2.132411475527885e-36 4.316841151381112e-33 3640800
66.343 2.110020979378324e-36 4.285638564703905e-33 3607976
66.3892 2.083836991234568e-36 4.241720828322789e-33 3570924
66.4354 2.081380745510321e-36 4.227781876240246e-33 3545936
66.4816 2.052014714710752e-36 4.181219069140905e-33 3506408
66.5278 2.040328321796394e-36 4.144577262852703e-33 3471600
66.574 2.014970492648706e-36 4.112954171751891e-33 3442172
66.6202 1.992197835950745e-36 4.074604618947499e-33 3407676
66.6664 1.97962618751609e-36 4.042327916456989e-33 3373964
66.7126 1.952282871641857e-36 4.0001660517645e-33 3336468
66.7588 1.936956791077111e-36 3.971402547813446e-33 3307520
66.805 1.912913606399568e-36 3.927848096150511e-33 3272000
66.8512 1.894312087425556e-36 3.898621923381338e-33 3237408
66.8974 1.864347284957925e-36 3.85961402330117e-33 3196721
66.9436 1.856020392098385e-36 3.837544945833162e-33 3179382
66.9898 1.828284248929257e-36 3.789917707270755e-33 3135572
67.036 1.807045912211575e-36 3.76614826070753e-33 3103196
67.0822 1.794408306351135e-36 3.737965587183787e-33 3079200
67.1284 1.777226008070078e-36 3.724413231637311e-33 3053732
67.1746 1.760782037037513e-36 3.685102289403943e-33 3018894
67.2208 1.741694051314509e-36 3.657152792960193e-33 2988590
67.267 1.733760337118161e-36 3.64003770748602e-33 2970498
67.3132 1.71418365705391e-36 3.608299097678075e-33 2938226
67.3594 1.700126272375189e-36 3.572174250845934e-33 2910458
67.4056 1.68591604578064e-36 3.551664049412807e-33 2883180
67.4518 1.672323709742175e-36 3.528287040454638e-33 2860964
67.498 1.662461363859478e-36 3.501631903284287e-33 2833284
67.5442 1.643695985079549e-36 3.474860333564788e-33 2808758
67.5904 1.628940709441045e-36 3.448732875796872e-33 2780862
67.6366 1.618457558256121e-36 3.42898982478119e-33 2758742
67.6828 1.603691186807696e-36 3.398030857290741e-33 2734520
67.729 1.591734063032278e-36 3.368386971851158e-33 2707878
67.7752 1.578152977414365e-36 3.348195650390512e-33 2685368
67.8214 1.563275179550922e-36 3.326347894391067e-33 2660304
67.8676 1.55601124575262e-36 3.305062098925409e-33 2642216
67.9138 1.536004970716871e-36 3.272629980571918e-33 2610312
67.96 1.527713144259572e-36 3.258241758715726e-33 2593256
68.0062 1.513921056471111e-36 3.23409545665363e-33 2569946
68.0524 1.502223926929654e-36 3.19958835444758e-33 2542752
68.0986 1.490243691868534e-36 3.186761392295685e-33 2526218
68.1448 1.478917248627017e-36 3.161324331711661e-33 2501610
68.191 1.464222449684949e-36 3.140398104490175e-33 2479202
68.2372 1.452333543960064e-36 3.117469279713517e-33 2457824
68.2834 1.4438187250392e-36 3.093895619727943e-33 2436522
68.3296 1.427599896127706e-36 3.073188175143606e-33 2413964
68.3758 1.419196187605884e-36 3.054565139452251e-33 2396034
68.422 1.405015826825581e-36 3.026195386132132e-33 2369162
68.4682 1.396532678887081e-36 3.01026381224517e-33 2354394
68.5144 1.382819405735903e-36 2.994574388841006e-33 2332340
68.5606 1.370189707380637e-36 2.960128773922045e-33 2309150
68.6068 1.358453566613043e-36 2.937036833008426e-33 2288172
68.653 1.34980982665403e-36 2.916399830057034e-33 2269922
68.6992 1.341741726477061e-36 2.896556615939711e-33 2250780
68.7454 1.32765791335557e-36 2.868669561392307e-33 2229338
68.7916 1.320111361626198e-36 2.85426070160171e-33 2210772
68.8378 1.309868199407507e-36 2.836616994341203e-33 2192108
68.884 1.297573735230721e-36 2.807685770671423e-33 2170988
68.9302 1.288085923143823e-36 2.791005446470907e-33 2152722
68.9764 1.277058983998028e-36 2.762376486809333e-33 2132996
69.0226 1.267149732737264e-36 2.751945502010179e-33 2117244
69.0688 1.255066268592737e-36 2.730599815787038e-33 2092700
69.115 1.243604924694024e-36 2.698702480028999e-33 2074508
69.1612 1.239124168406962e-36 2.689810729940995e-33 2061852
69.2074 1.227924353420083e-36 2.668289869271557e-33 2041724
69.2536 1.213915440016634e-36 2.642092764223205e-33 2018460
69.2998 1.204914180995327e-36 2.631465602043238e-33 2003006
69.346 1.197051838610244e-36 2.611324473678906e-33 1989396
69.3922 1.184325968881465e-36 2.590822697091152e-33 1968260
69.4384 1.17390645068268e-36 2.565246445987246e-33 1946780
69.4846 1.165866133397353e-36 2.554385533347105e-33 1934142
69.5308 1.155522812100935e-36 2.5360246449579e-33 1918124
69.577 1.144681479663141e-36 2.512893821260001e-33 1896468
69.6232 1.132150545650456e-36 2.49743856372726e-33 1879406
69.6694 1.12825634859384e-36 2.480980277762278e-33 1864284
69.7156 1.119461735058408e-36 2.46284024458521e-33 1850846
69.7618 1.106235081008003e-36 2.440471999752771e-33 1826084
69.808 1.096518185212448e-36 2.421575849466041e-33 1814094
69.8542 1.089507040227739e-36 2.412249473743762e-33 1799300
69.9004 1.078316623579905e-36 2.393468756212498e-33 1780710
69.9466 1.067340462363773e-36 2.37033859753721e-33 1764884
69.9928 1.058688340944858e-36 2.341143778526908e-33 1744434
70.039 1.051103201615328e-36 2.338818000718937e-33 1734356
70.0852 1.041419793481486e-36 2.320530342924712e-33 1717670
70.1314 1.030287276092319e-36 2.287906470148734e-33 1697718
70.1776 1.024142309608587e-36 2.27134245132024e-33 1682948
70.2238 1.018001696385111e-36 2.260715349857552e-33 1670502
70.27 1.009335992304687e-36 2.241370042247624e-33 1654382
70.3162 9.975440640907809e-37 2.222655565896501e-33 1635902
70.3624 9.907957862090093e-37 2.204724826523455e-33 1623948
70.4086 9.818143454105021e-37 2.191025658251379e-33 1607870
70.4548 9.736275480397825e-37 2.168581274436183e-33 1591710
70.501 9.648576819790052e-37 2.153672039120865e-33 1575254
70.5472 9.591302255516126e-37 2.138185843715132e-33 1565550
70.5934 9.476398219079648e-37 2.112407598234918e-33 1546364
70.6396 9.38875929879094e-37 2.0974057810317e-33 1531526
70.6858 9.304330833580794e-37 2.083622234428999e-33 1516926
70.732 9.250965745475676e-37 2.075317386908441e-33 1508390
70.7782 9.129869038348034e-37 2.041562436997893e-33 1486182
70.8244 9.086686643829647e-37 2.035481903108852e-33 1475414
70.8706 8.966147032917997e-37 2.011889985696151e-33 1459662
70.9168 8.938061338879666e-37 2.000261897784281e-33 1447358
70.963 8.855604872039062e-37 1.987188057097904e-33 1433654
71.0092 8.759414861449374e-37 1.968694596074733e-33 1417218
71.0554 8.679960946998017e-37 1.947337004563107e-33 1405838
71.1016 8.6215381611033e-37 1.931647079464839e-33 1392414
71.1478 8.552162348321342e-37 1.906698614785947e-33 1376246
71.194 8.451275275032292e-37 1.891569439277205e-33 1363542
71.2402 8.398000231810565e-37 1.880120658502444e-33 1352918
71.2864 8.304917985811857e-37 1.86128864589228e-33 1338134
71.3326 8.224767172037605e-37 1.846229448001557e-33 1323840
71.3788 8.144440495647271e-37 1.824020883657564e-33 1308782
71.425 8.110151666486027e-37 1.821229865714738e-33 1301238
71.4712 8.021928921110572e-37 1.804593409656122e-33 1284854
71.5174 7.93178763967421e-37 1.777552511552529e-33 1268942
71.5636 7.870150162929411e-37 1.776455587300519e-33 1261590
71.6098 7.798141673299508e-37 1.755318979612864e-33 1247528
71.656 7.698740330268121e-37 1.741785554673828e-33 1233438
71.7022 7.63228136434585e-37 1.724259442984924e-33 1217750
71.7484 7.581700581625545e-37 1.719327404553049e-33 1213134
71.7946 7.49851411010064e-37 1.699511360114329e-33 1197782
71.8408 7.388871160231972e-37 1.679076197974626e-33 1180700
71.887 7.343407364425058e-37 1.666954393407791e-33 1171854
71.9332 7.290197447513447e-37 1.659376587373856e-33 1163174
71.9794 7.1921063205623e-37 1.637184991408915e-33 1146192
72.0256 7.165233211384629e-37 1.622360824896858e-33 1135046
72.0718 7.065618300413768e-37 1.61067080866442e-33 1124070
72.118 7.01719482170696e-37 1.599307706316374e-33 1113638
72.1642 6.936937578578775e-37 1.58049716261648e-33 1100408
72.2104 6.851101517679026e-37 1.560966952749228e-33 1087734
72.2566 6.805819069647566e-37 1.549412418032405e-33 1078334
72.3028 6.728695032606478e-37 1.532426387644692e-33 1066848
72.349 6.664240857173557e-37 1.524751695449731e-33 1055558
72.3952 6.582040144898577e-37 1.500707376790166e-33 1039512
72.4414 6.529981060933519e-37 1.490624971142684e-33 1034006
72.4876 6.493256386473686e-37 1.480086461583484e-33 1023206
72.5338 6.408949137287732e-37 1.461394707176133e-33 1008276
72.58 6.319448072739548e-37 1.449876986508124e-33 996998
72.6262 6.295283746904634e-37 1.438774379937315e-33 990336
72.6724 6.217289049365864e-37 1.423432136725045e-33 977246
72.7186 6.148060708880468e-37 1.403717434647275e-33 964328
72.7648 6.09105124642878e-37 1.394410773242697e-33 955686
72.811 6.054351951934845e-37 1.38238768263604e-33 947630
72.8572 5.959887155639388e-37 1.362852492489007e-33 932496
72.9034 5.901809892078078e-37 1.349084207575201e-33 923126
72.9496 5.866214109315405e-37 1.342248120656961e-33 915264
72.9958 5.8000062722251e-37 1.32316798045834e-33 902150
73.042 5.735678566019026e-37 1.313348920114541e-33 893672
73.0882 5.668738762903388e-37 1.292499809715288e-33 880782
73.1344 5.637531785914094e-37 1.287506574236527e-33 875360
73.1806 5.571380685065089e-37 1.267783912667144e-33 862326
73.2268 5.490459625988894e-37 1.254672818350733e-33 852140
73.273 5.463037811928304e-37 1.239790868387709e-33 842544
73.3192 5.382703310864006e-37 1.226300673021865e-33 832910
73.3654 5.357479150208558e-37 1.219917660904221e-33 824288
73.4116 5.272884318489876e-37 1.203773541945287e-33 812262
73.4578 5.21717029001874e-37 1.19660264080229e-33 804728
73.504 5.15014999803509e-37 1.183689525230954e-33 795486
73.5502 5.09149951619363e-37 1.172944778052376e-33 784520
73.5964 5.026895657140483e-37 1.160409688652425e-33 773576
73.6426 4.977063246895305e-37 1.153061406281093e-33 767574
73.6888 4.90551483559849e-37 1.138968423982152e-33 757976
73.735 4.837660868346004e-37 1.126329294355785e-33 747246
73.7812 4.764804205116312e-37 1.110925319633389e-33 736088
73.8274 4.734998311899053e-37 1.111337297689417e-33 733116
73.8736 4.662101852570691e-37 1.095026164386092e-33 720086
73.9198 4.601030547228834e-37 1.082070392294487e-33 710432
73.966 4.55514897454916e-37 1.068755775064901e-33 702960
74.0122 4.499977036293865e-37 1.058393203899129e-33 695102
74.0584 4.450225833330039e-37 1.048302088434639e-33 685680
74.1046 4.375530722731973e-37 1.028579734908762e-33 674000
74.1508 4.344849172808969e-37 1.023021260164318e-33 669294
74.197 4.30544953007847e-37 1.013998472966544e-33 661064
74.2432 4.232856578773858e-37 9.97153780846754e-34 649664
74.2894 4.188153516712065e-37 9.834058005710863e-34 641262
74.3356 4.170659959359255e-37 9.796584080751096e-34 636632
74.3818 4.105745467580507e-37 9.652335611182442e-34 627324
74.428 4.04492860156715e-37 9.467496158422729e-34 615680
74.4742 4.000145291783291e-37 9.346542784801124e-34 607974
74.5204 3.970510877691722e-37 9.295908749417991e-34 604784
74.5666 3.922255354321933e-37 9.13751833373646e-34 593216
74.6128 3.87346889863466e-37 8.980972509254955e-34 583830
74.659 3.822579661946195e-37 8.902170922596699e-34 578624
74.7052 3.780146654780558e-37 8.841440526082012e-34 571152
74.7514 3.729108997917534e-37 8.702424570480346e-34 562616
74.7976 3.662006914446741e-37 8.512605250575465e-34 551246
74.8438 3.666085066905139e-37 8.489344812195223e-34 549072
74.89 3.609626339748487e-37 8.361571278473213e-34 540848
74.9362 3.530643618714245e-37 8.201403059669764e-34 529620
74.9824 3.50851628872806e-37 8.103003008299126e-34 523232
75.0286 3.491583990196193e-37 8.027349851007944e-34 518286
75.0748 3.4395979768217e-37 7.931698210966378e-34 511160
75.121 3.368473496633144e-37 7.764458540337951e-34 500648
75.1672 3.32961592881596e-37 7.649180320638286e-34 493848
75.2134 3.309261960003739e-37 7.582331606246922e-34 489776
75.2596 3.271946496231021e-37 7.431263208548335e-34 480798
75.3058 3.214105594118674e-37 7.332510335691011e-34 472664
75.352 3.178384950289265e-37 7.220593250021447e-34 467208
75.3982 3.151070908102475e-37 7.13003141316435e-34 461456
75.4444 3.088984007246334e-37 6.999177319957833e-34 451988
75.4906 3.054959122835033e-37 6.852300827403874e-34 443496
75.5368 3.027378411264684e-37 6.810898078116268e-34 441638
75.583 3.002608972546196e-37 6.719023516090633e-34 433968
75.6292 2.949777354805025e-37 6.595576650166265e-34 425888
75.6754 2.892161516788139e-37 6.451840436853972e-34 417600
75.7216 2.870076320777536e-37 6.383067830980234e-34 414632
75.7678 2.836512544008595e-37 6.316623241095497e-34 407024
75.814 2.795571502944753e-37 6.160008614443635e-34 399048
75.8602 2.75104377645681e-37 6.111585065001663e-34 393878
75.9064 2.717347287895833e-37 6.062646413278024e-34 389196
75.9526 2.667420175291617e-37 5.904891292110919e-34 380816
75.9988 2.616948628723752e-37 5.815844929156801e-34 373160
76.045 2.58622551968621e-37 5.800375183582898e-34 370176
76.0912 2.550058475496557e-37 5.691119289688972e-34 364856
76.1374 2.497702619223763e-37 5.573617775743482e-34 356088
76.1836 2.456373760474131e-37 5.465412980437083e-34 348848
76.2298 2.425207589912901e-37 5.480271623078455e-34 347208
76.276 2.375247167924246e-37 5.385630908202949e-34 339944
76.3222 2.343410157831577e-37 5.253702000205333e-34 331856
76.3684 2.295092126870362e-37 5.208692072670078e-34 327150
76.4146 2.26550387286626e-37 5.182630818383524e-34 324092
76.4608 2.212817812962621e-37 5.076127277170495e-34 316944
76.507 2.161664879476867e-37 5.000977633080116e-34 309512
76.5532 2.137749943484824e-37 4.948755813186395e-34 305496
76.5994 2.100391734835981e-37 4.897552689703601e-34 301904
76.6456 2.045194968396832e-37 4.775950877584519e-34 293552
76.6918 1.99197614342561e-37 4.723786668234551e-34 287328
76.738 1.980769857492684e-37 4.702547661502172e-34 285656
76.7842 1.947176434007507e-37 4.626399182946281e-34 279936
76.8304 1.895089502983631e-37 4.5630580647683e-34 273404
76.8766 1.823902757076155e-37 4.427693202656595e-34 264384
76.9228 1.831064646504688e-37 4.477735918697211e-34 266672
76.969 1.780971775032015e-37 4.362336717997826e-34 259208
77.0152 1.733633931350451e-37 4.270857339595351e-34 252216
77.0614 1.688213893630444e-37 4.19031706854551e-34 247088
77.1076 1.683654904365297e-37 4.169156252251308e-34 245664
77.1538 1.641969350902126e-37 4.063436856493786e-34 239288
77.2 1.589783959955741e-37 4.005351124541832e-34 231968
77.2462 1.586174530930989e-37 3.936539191113186e-34 229608
77.2924 1.551011377647383e-37 3.898790031406235e-34 226340
77.3386 1.512090096707668e-37 3.807440765567231e-34 219360
77.3848 1.473126409519673e-37 3.674527143065093e-34 213104
77.431 1.464508721180974e-37 3.688895298677224e-34 213024
77.4772 1.438565650743234e-37 3.618728014679393e-34 208088
77.5234 1.380779675523448e-37 3.497138417759887e-34 200336
77.5696 1.350893152106086e-37 3.406813102935817e-34 195552
77.6158 1.365155460726201e-37 3.401446675030611e-34 196328
77.662 1.318951033223739e-37 3.301919546301961e-34 189792
77.7082 1.283737975113949e-37 3.198664470712962e-34 183908
77.7544 1.251923879017689e-37 3.150395942470979e-34 179424
77.8006 1.252461424683989e-37 3.104034225447501e-34 178760
77.8468 1.213121129364249e-37 3.021050996453401e-34 172928
77.893 1.175978654034298e-37 2.927605557053137e-34 167352
77.9392 1.168316311542827e-37 2.868505689826301e-34 164984
77.9854 1.155290002158102e-37 2.830083338550772e-34 161736
78.0316 1.125237430526386e-37 2.744487879508778e-34 157112
78.0778 1.08608242246184e-37 2.642443899203673e-34 150848
78.124 1.088819692885642e-37 2.614756932236815e-34 151332
78.1702 1.06414200667239e-37 2.56656331608752e-34 146720
78.2164 1.018994413617062e-37 2.453446435973353e-34 140874
78.2626 9.962493502079578e-38 2.393682312193205e-34 136832
78.3088 1.014700127402577e-37 2.398372939863698e-34 137904
78.355 9.646452474580884e-38 2.283241539484999e-34 131384
78.4012 9.331824404966193e-38 2.179733609471567e-34 126248
78.4474 9.221671893833792e-38 2.146230785763335e-34 124152
78.4936 9.251484326965538e-38 2.142214797547932e-34 123896
78.5398 8.792383131699068e-38 2.03013848946187e-34 117588
78.586 8.422716247830587e-38 1.931391044797396e-34 112160
78.6322 8.498943455760406e-38 1.939498745563829e-34 112488
78.6784 8.317961438807095e-38 1.892808337547199e-34 110072
78.7246 8.031886646452294e-38 1.796301844442873e-34 104906
78.7708 7.509715706018998e-38 1.701901543967946e-34 98880
78.817 7.737253514986683e-38 1.753177471984431e-34 101408
78.8632 7.455706829567152e-38 1.680426869485889e-34 97128
78.9094 7.14542592084825e-38 1.621079096130486e-34 92504
78.9556 6.819998181154623e-38 1.533511560748658e-34 88308
79.0018 6.90231701420665e-38 1.557937973175055e-34 89504
79.048 6.585947069818296e-38 1.497499291839774e-34 85064
79.0942 6.278486719154758e-38 1.420890540858744e-34 80856
79.1404 6.090035497353867e-38 1.398915850785696e-34 78914
79.1866 6.017969298656967e-38 1.386399247930287e-34 77928
79.2328 5.715538139140435e-38 1.321780582633659e-34 73760
79.279 5.34993127103941e-38 1.244354425603649e-34 69752
79.3252 5.456728812885254e-38 1.284693791795293e-34 70788
79.3714 5.144261989136039e-38 1.214001006141914e-34 66920
79.4176 4.877488671034095e-38 1.141811646093903e-34 63192
79.4638 4.674982769333532e-38 1.09374792829632e-34 59594
79.51 4.848083857751636e-38 1.15581327233532e-34 62760
79.5562 4.390573659388387e-38 1.062834769823266e-34 56720
79.6024 4.150685163353244e-38 1.002310860729916e-34 53384
79.6486 4.045986412439904e-38 9.836664893191987e-35 52272
79.6948 4.125916041990938e-38 1.005704699577378e-34 53456
79.741 3.707429966491287e-38 9.014763018584154e-35 47676
79.7872 3.425060070583827e-38 8.480553050918205e-35 44234
79.8334 3.537538843654953e-38 8.617559262217479e-35 45288
79.8796 3.504292075687757e-38 8.610324272532478e-35 44960
79.9258 3.086563150295643e-38 7.561554318278294e-35 39344
79.972 2.798613389377741e-38 6.962517996720588e-35 35664
80.0182 3.072496767251975e-38 7.826225372659897e-35 39440
80.0644 2.92569495698272e-38 7.317445379841355e-35 37194
80.1106 2.471312965858875e-38 6.167028358216193e-35 31484
80.1568 2.247825563311814e-38 5.721690430989435e-35 28848
80.203 2.604666808382202e-38 6.58838833455055e-35 33200
80.2492 2.34010488220836e-38 5.966469977463637e-35 30056
80.2954 1.963642973379472e-38 4.84863080209394e-35 24570
80.3416 1.925292763638844e-38 4.819279599125069e-35 23936
80.3878 2.11421906231843e-38 5.355927166886142e-35 26640
80.434 1.876339409498301e-38 4.708608076084781e-35 23624
80.4802 1.439391448251489e-38 3.681033340830656e-35 18020
80.5264 1.63369546138167e-38 3.98499077900336e-35 19986
80.5726 1.674750938246019e-38 4.159715750889267e-35 20744
80.6188 1.479439115902793e-38 3.747974887970893e-35 18000
80.665 1.029493036719675e-38 2.457269546458947e-35 12152
80.7112 1.363085578097393e-38 3.393541070267763e-35 16488
80.7574 1.293626985752957e-38 3.212190018003167e-35 15698
80.8036 1.096269573710744e-38 2.719187504761947e-35 13136
80.8498 6.717994070913095e-39 1.660677458201923e-35 8196
80.896 1.069340624631756e-38 2.502101950259671e-35 12488
80.9422 9.55536179975822e-39 2.267404547349916e-35 11250
80.9884 7.380911215039173e-39 1.815737888083283e-35 8984
81.0346 4.962921252235258e-39 1.164248021268608e-35 5736
81.0808 7.528841796803731e-39 1.744260402264316e-35 8456
81.127 6.590653226549708e-39 1.54788296608526e-35 7448
81.1732 4.898707477267111e-39 1.18188505586747e-35 5538
81.2194 3.37578655898992e-39 7.974255834715624e-36 3884
81.2656 4.533081044102449e-39 1.050575408153708e-35 5208
81.3118 3.879056322761114e-39 9.22893508426231e-36 4424
81.358 1.943318520655623e-39 4.633456869313562e-36 2186
81.4042 2.883325679550948e-39 6.440998522223589e-36 3120
81.4504 2.729117022813377e-39 5.789216069554661e-36 2744
81.4966 2.050079698635728e-39 4.711002222397163e-36 2184
81.5428 8.836856423648228e-40 2.04032287415954e-36 902
81.589 1.438078646068073e-39 2.822573438267452e-36 1464
81.6352 1.03822774202939e-39 2.195693759180158e-36 1064
81.6814 6.87904295506176e-40 1.534261522087849e-36 728
81.7276 2.799209395497056e-40 5.660514658333816e-37 258
81.7738 3.204040917014599e-40 6.839301058300988e-37 344
81.82 1.340067307908576e-40 3.565899349348125e-37 168
81.8662 5.713517835881794e-41 1.278577479380965e-37 56
81.9124 1.162509947634761e-41 1.281348795575559e-38 7


0.0461999 2.982074398952623e-05 1.794393502809723e-05 18
0.0923998 0.0001152860483584157 6.94692703892047e-05 62
0.1386 0.0001252803020927392 7.341941195206673e-05 98
0.1848 0.0002182238276854319 0.0001258922771111623 210
0.230999 0.0002411963028882665 0.0001357163684146309 350
0.277199 0.0001851600032566811 9.897989826387663e-05 450
0.323399 0.0001321694102897801 6.757707334334512e-05 602
0.369599 9.721243941357516e-05 4.702074155080538e-05 762
0.415799 6.62652080022013e-05 2.968563384167203e-05 1142
0.461999 2.844395741370557e-05 1.154574923673607e-05 1250
0.508199 1.476781516162414e-05 5.437136926102048e-06 1458
0.554399 8.773676493194368e-06 2.823787289095526e-06 1814
0.600599 4.731801631651254e-06 1.263908615637374e-06 2178
0.646798 2.594721332476036e-06 5.467771525948473e-07 2498
0.692998 1.439161981526256e-06 2.243378751444528e-07 2622
0.739198 1.044208490409637e-06 1.168420409027008e-07 3338
0.785398 7.044820623439032e-07 5.915318046333941e-08 3722
0.831598 5.910372566030874e-07 4.370485454429464e-08 4170
0.877798 4.596164298054649e-07 4.56809986155372e-08 4358
0.923998 4.161934438751362e-07 6.532910500023902e-08 5034
0.970198 4.086878056847843e-07 8.856948802373439e-08 5714
1.0164 3.970029086599415e-07 1.128176937822512e-07 5982
1.0626 3.737130264745442e-07 1.478585011265287e-07 6602
1.1088 3.839491293458917e-07 1.909420912377499e-07 7130
1.155 4.23895539480936e-07 2.41966347018123e-07 8034
1.2012 4.473513061137385e-07 2.933767762342177e-07 8606
1.2474 4.278058309046947e-07 3.508599229397833e-07 9066
1.2936 4.508737545483973e-07 4.272620135231847e-07 9962
1.3398 4.889354625312226e-07 4.860281244659127e-07 10550
1.386 5.104657833942939e-07 5.685545453749367e-07 11226
1.4322 5.279864678246647e-07 6.836363654851125e-07 12146
1.4784 5.171458024767495e-07 7.805869087758437e-07 12606
1.5246 5.86708355924319e-07 9.092452564363186e-07 13802
1.5708 6.271404031243413e-07 1.016369233858624e-06 14754
1.617 6.108765661732001e-07 1.151906638852302e-06 15194
1.6632 6.604948220768066e-07 1.344922516316526e-06 16454
1.7094 6.899356440992346e-07 1.476228491561929e-06 17154
1.7556 7.47315715900473e-07 1.640959795600797e-06 18266
1.8018 7.331472012297823e-07 1.830237947870994e-06 18750
1.848 7.752616341888661e-07 2.131163311008852e-06 20234
1.8942 8.16152164466509e-07 2.378956020022866e-06 21450
1.9404 8.53028865292039e-07 2.508841329428496e-06 21962
1.9866 9.236083604243187e-07 2.80000032016262e-06 23462
2.0328 9.120230714587868e-07 3.121675631524181e-06 24042
2.079 9.571728180615155e-07 3.519950388508519e-06 25946
2.1252 9.871728995070408e-07 3.692908343379839e-06 26118
2.17139 1.046091920760016e-06 4.005452386580544e-06 27506
2.21759 1.092834287638172e-06 4.540228342976719e-06 29066
2.26379 1.130912836679798e-06 5.055270878518895e-06 30450
2.30999 1.173868168901796e-06 5.441143876114948e-06 31742
2.35619 1.189215139517552e-06 5.657263569726246e-06 32250
2.40239 1.281370752025559e-06 6.303200754818182e-06 34250
2.44859 1.292867733981212e-06 6.912662948618374e-06 35454
2.49479 1.313368099248293e-06 7.393987628745036e-06 36434
2.54099 1.384833026722548e-06 7.816429524265974e-06 37682
2.58719 1.454472482595464e-06 8.371759467636827e-06 39294
2.63339 1.521084469455718e-06 9.284427139864475e-06 41426
2.67959 1.508714276001438e-06 1.004077724906534e-05 42066
2.72579 1.570871585831855e-06 1.071831631498037e-05 43490
2.77199 1.65337283060043e-06 1.131396776009372e-05 45702
2.81819 1.718845491026335e-06 1.214843676326139e-05 46634
2.86439 1.759310767238243e-06 1.324689093209865e-05 48554
2.91059 1.738019237017373e-06 1.378734271572026e-05 48870
2.95679 1.885099843944063e-06 1.464613096836285e-05 51554
3.00299 8.515208348215986e-07 6.619822522644655e-06 54090
3.04919 1.86069410647239e-10 1.535134813349344e-09 54314
3.09539 1.166127095548901e-10 9.574599972364366e-10 56910
3.14159 6.694243371779556e-11 5.583568562140081e-10 57482
3.18779 3.908318800874705e-11 3.264966433090398e-10 60626
3.23399 2.103785153238587e-11 1.770125927063468e-10 61206
3.28019 1.16324831711707e-11 9.864020710265572e-11 62570
3.32639 6.755496784299738e-12 5.839718664910383e-11 65730
3.37259 4.078538559391869e-12 3.717727944261772e-11 66686
3.41879 2.85344143485865e-12 2.760253769362307e-11 69698
3.46499 2.23532766750686e-12 2.31484587321107e-11 70026
3.51119 1.942977749657221e-12 2.133411412662443e-11 72746
3.55739 1.788718172329152e-12 2.059031521988038e-11 74910
3.60359 1.646020112557167e-12 1.970098964857283e-11 75722
3.64979 1.569733464670197e-12 1.943260700286661e-11 78378
3.69599 1.494308471448736e-12 1.92010517413968e-11 80030
3.74219 1.447752411664223e-12 1.931997832968113e-11 83186
3.78839 1.395329336439854e-12 1.888220565636269e-11 84666
3.83459 1.343914494794116e-12 1.877595902944567e-11 86546
3.88079 1.289416641023218e-12 1.82756909792195e-11 88134
3.92699 1.254081512144049e-12 1.837620706785875e-11 91538
3.97319 1.205532340056275e-12 1.806173897480334e-11 93138
4.01939 1.15430901957433e-12 1.791286855693459e-11 94478
4.06559 1.104866478475389e-12 1.771305673696011e-11 97274
4.11179 1.074223742784622e-12 1.744426024513697e-11 99690
4.15799 1.044260018112338e-12 1.731477587471947e-11 102590
4.20419 9.962252436607675e-13 1.690759210643663e-11 103770
4.25039 9.582489057627733e-13 1.686703769975155e-11 106346
4.29659 9.251557799045116e-13 1.6453821284568e-11 108546
4.34279 8.874653419574603e-13 1.602391195443638e-11 110726
4.38899 8.449039002486541e-13 1.577464144772704e-11 112322
4.43519 8.188892295260394e-13 1.561473293665411e-11 115890
4.48139 7.874584364617647e-13 1.533729902683637e-11 118766
4.52759 7.598742095356576e-13 1.512283043145494e-11 122298
4.57379 7.091164077251409e-13 1.439575473073848e-11 122090
4.61999 6.853672772559129e-13 1.427634983889996e-11 125810
4.66619 6.527006248042979e-13 1.376466245642963e-11 128190
4.71239 6.264503326815918e-13 1.352998746012049e-11 130994
4.75859 5.971380942172999e-13 1.302603894981999e-11 133722
4.80479 5.525699880840952e-13 1.245102037746682e-11 133886
4.85099 5.413358309185318e-13 1.229065452249206e-11 140538
4.89719 5.039984516424888e-13 1.176058488793293e-11 140594
4.94339 4.733171237030905e-13 1.130091160101891e-11 143594
4.98959 4.431458969271365e-13 1.079974231276412e-11 146310
5.03579 4.234357952737039e-13 1.045758278240327e-11 150650
5.08199 3.905868989824475e-13 9.837257801322362e-12 151914
5.12819 3.618272580789596e-13 9.254665012219991e-12 153398
5.17439 3.393372938615181e-13 8.801209409330463e-12 157866
5.22059 3.115816477197623e-13 8.312675834242865e-12 160658
5.26679 2.868654492417222e-13 7.729687598023694e-12 164102
5.31299 2.587052899687435e-13 7.126256579087225e-12 164994
5.35919 2.347988996558536e-13 6.639409501470688e-12 169850
5.40539 2.130230503904377e-13 6.003271200900355e-12 172986
5.45159 1.864745820887835e-13 5.359471772599192e-12 173894
5.49779 1.6303796783835e-13 4.755991227652314e-12 176778
5.54399 1.40651473231225e-13 4.232247738254601e-12 181802
5.59019 1.177228058753114e-13 3.570571693694631e-12 184430
5.63639 9.573270261016086e-14 2.947761852736493e-12 187242
5.68259 7.608013735397443e-14 2.360771497103766e-12 190250
5.72879 5.707886773184009e-14 1.801068779375442e-12 192570
5.77499 4.059910132396922e-14 1.288478923286996e-12 198254
5.82119 2.547937027611479e-14 8.192087429462782e-13 198074
5.86739 1.427208103812155e-14 4.663561982569999e-13 202050
5.91359 6.10644674386737e-15 2.036669646412039e-13 205502
5.95979 1.408770829966469e-15 4.765044600368753e-14 210666
6.00599 2.615192040473004e-17 9.001581303193433e-16 212426
6.05219 4.690888799473367e-19 1.62522634382035e-17 213918
6.09839 3.478721353470635e-19 1.240010307749406e-17 220994
6.14459 2.678590592660387e-19 9.858430212266123e-18 221522
6.19079 2.219856977382633e-19 8.441202723013131e-18 226314
6.23699 1.917906622395115e-19 7.430107600656426e-18 227294
6.28319 1.73992664526016e-19 6.892474234640656e-18 232962
6.32939 1.604830633826518e-19 6.496318256551154e-18 237818
6.37559 1.461117809350324e-19 5.997030992774248e-18 238398
6.42178 1.359184002953867e-19 5.645232985601563e-18 241418
6.46798 1.265204668295457e-19 5.38105512862095e-18 246818
6.51418 1.181071903340252e-19 5.025283752846445e-18 249906
6.56038 1.098648045841351e-19 4.790139558199335e-18 254702
6.60658 1.005173924969015e-19 4.454969617913696e-18 254418
6.65278 9.477184050545967e-20 4.270560227167979e-18 260354
6.69898 8.79245438684386e-20 4.019070649142939e-18 264974
6.74518 8.190688661197238e-20 3.797876666548162e-18 268722
6.79138 7.588720250937196e-20 3.537481983080679e-18 271562
6.83758 7.06719589791312e-20 3.340909001216071e-18 275586
6.88378 6.513949616385449e-20 3.160811965599907e-18 280190
6.92998 6.031890785993556e-20 2.94160305445631e-18 282834
6.97618 5.527089811802047e-20 2.735606831156853e-18 285170
7.02238 5.118009218665466e-20 2.568960185209334e-18 289886
7.06858 4.735394829120695e-20 2.407673167647697e-18 294474
7.11478 4.40368253881264e-20 2.250291990679392e-18 299498
7.16098 3.956146575151367e-20 2.075457971972086e-18 299958
7.20718 3.673528941528311e-20 1.94168976543417e-18 305858
7.25338 3.370559801998908e-20 1.807013807866874e-18 310794
7.29958 3.07259160852385e-20 1.666912303507958e-18 313082
7.34578 2.779468634398098e-20 1.530388035143444e-18 316046
7.39198 2.541817897471307e-20 1.422128455890852e-18 322218
7.43818 2.335774569378046e-20 1.307792398058901e-18 328562
7.48438 2.079225426896735e-20 1.178033200602058e-18 327990
7.53058 1.900415263749096e-20 1.091743417527511e-18 335282
7.57678 1.68313254352327e-20 9.870549078893969e-19 335970
7.62298 1.524560221787952e-20 9.070368504557966e-19 344066
7.66918 1.352855463852341e-20 8.04556960349898e-19 343718
7.71538 1.214850129401605e-20 7.313487468468009e-19 351498
7.76158 1.070831846707274e-20 6.546355182824015e-19 354458
7.80778 9.431548904370555e-21 5.819163038390084e-19 358566
7.85398 8.360452727418825e-21 5.229612213460441e-19 366122
7.90018 7.197547077023483e-21 4.535529089725107e-19 365810
7.94638 6.258188944063082e-21 4.000442074604268e-19 371622
7.99258 5.394875974609731e-21 3.480265826782338e-19 375986
8.03878 4.62924380912935e-21 3.024865942695629e-19 382170
8.08498 3.883527862333692e-21 2.552491599394408e-19 381818
8.13118 3.288139583716891e-21 2.175412820644828e-19 389574
8.17738 2.717817343319881e-21 1.83434273241207e-19 393698
8.22358 2.244201424771694e-21 1.523584291025301e-19 399458
8.26978 1.806560762255083e-21 1.239197598231538e-19 402222
8.31598 1.447626572268002e-21 9.961518584637853e-20 406922
8.36218 1.137453988509682e-21 7.953808239432524e-20 412842
8.40838 8.707910195040177e-22 6.147700647658784e-20 415346
8.45458 6.560291231727806e-22 4.717514940299512e-20 421182
8.50078 4.837106120834697e-22 3.490332279427836e-20 425018
8.54698 3.444160596693464e-22 2.512054503889141e-20 431138
8.59318 2.351450199915415e-22 1.735245819570639e-20 434382
8.63938 1.537473675338611e-22 1.147161685065518e-20 439514
8.68558 9.378154298953663e-23 7.075739643954972e-21 444738
8.73178 5.269025315851302e-23 3.986734084851101e-21 448910
8.77798 2.613672911857294e-23 1.978640829764144e-21 450618
8.82418 1.10255682003522e-23 8.397480104620556e-22 459554
8.87038 3.471215698972669e-24 2.694449348684924e-22 463106
8.91658 6.802814360132767e-25 5.332382954320123e-23 467094
8.96278 6.514210683826928e-26 5.204378165159227e-24 474938
9.00898 2.180050609678092e-26 1.800533526011007e-24 477186
9.05518 1.964334733128455e-26 1.651789359596067e-24 484670
9.10138 1.780776437195725e-26 1.502112762712544e-24 487010
9.14758 1.624584234378226e-26 1.391455641876832e-24 493314
9.19378 1.489439534770778e-26 1.283466499684055e-24 496322
9.23998 1.355033443749081e-26 1.18254146080525e-24 501702
9.28618 1.239748902025916e-26 1.094121221491882e-24 508562
9.33238 1.13558164411391e-26 1.010524411559118e-24 514242
9.37858 1.027915496460114e-26 9.279395501525374e-25 516158
9.42478 9.413322791739907e-27 8.537811891043116e-25 522602
9.47098 8.608111428477481e-27 7.892946112453902e-25 530658
9.51718 7.73307122892163e-27 7.158472540392608e-25 530042
9.56338 7.10350544802664e-27 6.614249549884396e-25 538878
9.60958 6.407785991765704e-27 6.04845791002134e-25 544130
9.65578 5.858655829731619e-27 5.564664329100226e-25 551106
9.70198 5.253357954116111e-27 5.05392956760643e-25 553982
9.74818 4.750406590471819e-27 4.595730341015838e-25 558242
9.79438 4.277384107450454e-27 4.16099476597942e-25 564546
9.84058 3.847016733792272e-27 3.811890370868752e-25 570494
9.88678 3.453651115893705e-27 3.438892382044442e-25 576762
9.93298 3.077404052837561e-27 3.097552588192151e-25 578234
9.97918 2.756410856843092e-27 2.799986197536313e-25 585666
10.0254 2.473497436635657e-27 2.532475466390488e-25 594446
10.0716 2.189039616373356e-27 2.254552948100379e-25 595250
10.1178 1.954644938213948e-27 2.020330809985592e-25 603402
10.164 1.721736441924265e-27 1.799912058414956e-25 607382
10.2102 1.522707738746219e-27 1.623255921713225e-25 617010
10.2564 1.325526317003041e-27 1.417271737559571e-25 616778
10.3026 1.17282294636706e-27 1.25905150853974e-25 624746
10.3488 1.017551153926498e-27 1.104851607076999e-25 628062
10.395 8.9448466609105e-28 9.800828688802083e-26 639410
10.4412 7.742972211771063e-28 8.520629654570208e-26 642954
10.4874 6.650850112290783e-28 7.3862702620102e-26 645974
10.5336 5.724194653878417e-28 6.416439937965744e-26 653490
10.5798 4.916256654652474e-28 5.540951392659299e-26 660746
10.626 4.16961128010359e-28 4.740321784724335e-26 664646
10.6722 3.510603300068201e-28 4.040092250912753e-26 667290
10.7184 2.973401509148243e-28 3.432616559125621e-26 679034
10.7646 2.473148720930621e-28 2.878907962609979e-26 682722
10.8108 2.052697889783046e-28 2.408375841809618e-26 691238
10.857 1.674861521943951e-28 1.971641972373871e-26 688602
10.9032 1.371512314062898e-28 1.635522274442146e-26 700826
10.9494 1.109944245954393e-28 1.328046266551818e-26 705662
10.9956 8.818378857966958e-29 1.06598379793653e-26 710082
11.0418 7.005635722060492e-29 8.538008132899679e-27 719162
11.088 5.46563117463531e-29 6.695252314644938e-27 722250
11.1342 4.215073027740901e-29 5.214336289414527e-27 731510
11.1804 3.18518197601617e-29 3.971774416310194e-27 736442
11.2266 2.363610104985211e-29 2.972242450990532e-27 740898
11.2728 1.734766035191339e-29 2.18573708725826e-27 750158
11.319 1.234154999633566e-29 1.56141174138487e-27 754866
11.3652 8.517807786948121e-30 1.095193566715187e-27 760826
11.4114 5.707937656509128e-30 7.38034386425901e-28 764034
11.4576 3.729732253589967e-30 4.837532737745833e-28 773846
11.5038 2.310816211370607e-30 3.017099007420486e-28 779714
11.55 1.350046695551643e-30 1.773546196618965e-28 784314
11.5962 7.472373946030504e-31 9.844458826815359e-29 791342
11.6424 3.786161700578988e-31 5.040116057031533e-29 799458
11.6886 1.731637237230641e-31 2.319684553566094e-29 804962
11.7348 7.020033671008398e-32 9.436107818879232e-30 809550
11.781 2.412869559604362e-32 3.273052632354558e-30 813458
11.8272 7.037774032578263e-33 9.638122384513602e-31 827402
11.8734 2.05673468208246e-33 2.805551231853781e-31 828618
11.9196 1.023509768901456e-33 1.433079762478385e-31 836918
11.9658 8.409323744763216e-34 1.192582644253783e-31 842874
12.012 7.51919237705774e-34 1.071729846235448e-31 849338
12.0582 6.609612616260095e-34 9.686532418370282e-32 858942
12.1044 5.884266560751623e-34 8.686613315935759e-32 860978
12.1506 5.238567750188725e-34 7.84879953554553e-32 868346
12.1968 4.6805321742843e-34 7.041946943791093e-32 875154
12.243 4.187932733674463e-34 6.342103995663651e-32 886214
12.2892 3.703634803409197e-34 5.639374101038011e-32 887346
12.3354 3.288903248621948e-34 5.052993266254291e-32 894986
12.3816 2.923051082870778e-34 4.516037648037806e-32 902774
12.4278 2.597563899801913e-34 4.044193024969324e-32 912114
12.474 2.295770916440891e-34 3.58634984153816e-32 915026
12.5202 2.027908326174862e-34 3.186854769568111e-32 920142
12.5664 1.796640379485818e-34 2.824405007731263e-32 929762
12.6126 1.592232280382222e-34 2.50295951332173e-32 937698
12.6588 1.396146757866784e-34 2.206592307472735e-32 944762
12.705 1.219457095092404e-34 1.936258819815134e-32 948254
12.7512 1.065686459878104e-34 1.708591785482281e-32 956802
12.7974 9.403326590521108e-35 1.505296490249537e-32 967658
12.8436 8.173412262325722e-35 1.315532470370766e-32 969702
12.8898 7.189529117729823e-35 1.147026200115108e-32 974090
12.936 6.318331420970383e-35 1.008666626146914e-32 988482
12.9822 5.518045230835525e-35 8.751095033703078e-33 991994
13.0284 4.816585045123206e-35 7.635617034956161e-33 1001030
13.0746 4.151015876154948e-35 6.599425741581992e-33 1005450
13.1208 3.702100157499708e-35 5.741906556087263e-33 1013738
13.167 3.311822328001785e-35 4.950248087689331e-33 1021710
13.2132 2.908675156143668e-35 4.259950341178416e-33 1023626
13.2594 2.708685730833243e-35 3.701742835472656e-33 1035834
13.3056 2.359595085108214e-35 3.19755826189425e-33 1040786
13.3518 2.273590368800793e-35 2.784804535354274e-33 1053206
13.398 1.912999461363799e-35 2.399598993831268e-33 1057002
13.4442 1.628961625398265e-35 2.083376891890432e-33 1063898
13.4904 1.436843981507961e-35 1.821126801008217e-33 1072782
13.5366 1.287712045125811e-35 1.599854218466104e-33 1078826
13.5828 1.139585704204649e-35 1.41018376687028e-33 1087922
13.629 1.055004203762419e-35 1.245301812110784e-33 1090494
13.6752 1.041659712162231e-35 1.117014602651392e-33 1101362
13.7214 9.579600599489856e-36 1.017784946380303e-33 1109802
13.7676 8.650222524230811e-36 9.415309766919157e-34 1114514
13.8138 8.397116428329347e-36 8.806936550086087e-34 1123926
13.86 7.694244642149087e-36 8.214617348732803e-34 1125986
13.9062 8.839393156775637e-36 7.903496056513858e-34 1143554
13.9524 8.046666428993068e-36 7.585156125162986e-34 1144710
13.9986 8.295585894021465e-36 7.423876308873118e-34 1154018
14.0448 7.616164351376543e-36 7.255318777908835e-34 1159962
14.091 9.03362282711382e-36 7.14625772182539e-34 1170986
14.1372 8.436319613335003e-36 7.067164246853496e-34 1178142
14.1834 7.588229900365552e-36 7.093330322370559e-34 1182674
14.2296 7.436789932201e-36 7.142068725721112e-34 1191002
14.2758 7.284550498602129e-36 7.139037294928593e-34 1200438
14.322 7.16995953713895e-36 7.122115307758208e-34 1208162
14.3682 7.690035105836964e-36 7.132617083984911e-34 1215258
14.4144 7.672205306402771e-36 7.247444479359765e-34 1224134
14.4606 7.837716010988221e-36 7.373188255226379e-34 1228722
14.5068 8.320567880645836e-36 7.558164882576723e-34 1243154
14.553 9.910441201056666e-36 7.588460397886417e-34 1245434
14.5992 1.121348039500151e-35 7.66137558864958e-34 1255158
14.6454 1.333854934277067e-35 7.735333547928816e-34 1255610
14.6916 1.874178189008099e-35 7.973338042768858e-34 1277562
14.7378 1.925222049749583e-35 8.049823510360108e-34 1274414
14.784 1.339867851753842e-35 7.99993709833143e-34 1285994
14.8302 2.485113764842419e-35 8.247122871110093e-34 1299570
14.8764 1.943104955969587e-35 8.18929182236125e-34 1302122
14.9226 1.63296068437138e-35 8.303599201250405e-34 1311366
14.9688 1.291456791370045e-35 8.358648508889059e-34 1319186
15.015 1.058651992442298e-35 8.387603007664072e-34 1327434
15.0612 9.203268777373189e-36 8.461919182708345e-34 1337294
15.1074 9.416057638967652e-36 8.528506094115571e-34 1342730
15.1536 8.358363166267849e-36 8.673955836677409e-34 1350570
15.1998 8.507638169463648e-36 8.873218192283059e-34 1362590
15.246 8.080648037286858e-36 8.954570187666556e-34 1369698
15.2922 8.468797434081694e-36 9.012500183458038e-34 1374914
15.3384 8.202531547577145e-36 9.070326862887039e-34 1383570
15.3846 8.760324443141396e-36 9.233772694830251e-34 1395374
15.4308 8.661336572750019e-36 9.307031701730773e-34 1396994
15.477 9.338510283789883e-36 9.440853984918757e-34 1411530
15.5232 9.273913642653422e-36 9.478852235894116e-34 1417574
15.5694 8.842729206947385e-36 9.610611562493538e-34 1428834
15.6156 9.182723138182686e-36 9.743607193048082e-34 1439018
15.6618 8.943490517785324e-36 9.828724670592577e-34 1440698
15.708 8.677299274980792e-36 9.92978039951559e-34 1453638
15.7542 8.772791293372427e-36 9.965374621739747e-34 1463426
15.8004 8.606203065479193e-36 1.004450607774132e-33 1471050
15.8466 8.9472863849532e-36 1.015767316873376e-33 1476638
15.8928 8.755018496625373e-36 1.031789611182639e-33 1484466
15.939 9.387188073579645e-36 1.053261407659212e-33 1501154
15.9852 8.466891729606634e-36 1.058282515578296e-33 1501706
16.0314 9.020192789649379e-36 1.066058479269785e-33 1511502
16.0776 9.922471717834885e-36 1.077213119116516e-33 1520234
16.1238 1.0277597411446e-35 1.096779898298548e-33 1535010
16.17 1.116131268302499e-35 1.112660697520992e-33 1543358
16.2162 1.252059978437202e-35 1.110126447280182e-33 1535754
16.2624 1.163318146915884e-35 1.134566951228219e-33 1564802
16.3086 1.180173202632923e-35 1.135980778594036e-33 1563038
16.3548 1.168177978696751e-35 1.155029953909682e-33 1578426
16.401 1.007174639478669e-35 1.162399735470432e-33 1581482
16.4472 1.049804331944576e-35 1.170228822699738e-33 1592250
16.4934 9.590339692689299e-36 1.175112244302509e-33 1602230
16.5396 9.257520544161582e-36 1.180836101163136e-33 1604754
16.5858 9.525563321972315e-36 1.205304726368462e-33 1623458
16.632 9.100509886434311e-36 1.220124425095002e-33 1624910
16.6782 9.992337032493661e-36 1.24140301312441e-33 1645122
16.7244 9.167498174773024e-36 1.246109749088494e-33 1645130
16.7706 9.503909352707435e-36 1.253215785950105e-33 1655706
16.8168 9.272828850318947e-36 1.266250418098256e-33 1663502
16.863 9.548300459951585e-36 1.286970119675729e-33 1675514
16.9092 1.067428918833173e-35 1.306448106731066e-33 1685298
16.9554 1.12796672341892e-35 1.308700669369335e-33 1689566
17.0016 1.111632296836892e-35 1.32000572018667e-33 1697850
17.0478 1.130261550631027e-35 1.343871744163921e-33 1718546
17.094 1.086576035917948e-35 1.356942156456194e-33 1719822
17.1402 1.013879829105778e-35 1.366126542360704e-33 1726586
17.1864 9.982450017207793e-36 1.377868980354172e-33 1739186
17.2326 1.019897726919753e-35 1.383182820393336e-33 1751538
17.2788 9.574635621415972e-36 1.392887631932159e-33 1758062
17.325 1.061921307276446e-35 1.408906613227618e-33 1763010
17.3712 1.051243499347528e-35 1.440258787252787e-33 1778642
17.4174 1.139069176907315e-35 1.458402707195306e-33 1788582
17.4636 1.207323681791132e-35 1.466133444753651e-33 1794746
17.5098 1.514090477096585e-35 1.475665326381543e-33 1803290
17.556 2.000114413185935e-35 1.497255951932153e-33 1811058
17.6022 2.174794701566635e-35 1.529643761099363e-33 1828358
17.6484 3.034684814975037e-35 1.556205672311979e-33 1831362
17.6946 3.380409523835156e-35 1.577918175453487e-33 1842458
17.7408 2.175519137500183e-35 1.568725267689617e-33 1846998
17.787 4.39945545458154e-35 1.597362044488171e-33 1869122
17.8332 4.414705677267407e-35 1.606292445680331e-33 1876346
17.8794 2.679674355017188e-35 1.609844008451919e-33 1879506
17.9256 2.083402012998742e-35 1.617476962604873e-33 1893326
17.9718 2.063507937573307e-35 1.622173444285903e-33 1901826
18.018 1.447311738084624e-35 1.624863269780982e-33 1911962
18.0642 1.318921048323398e-35 1.642651651384101e-33 1919198
18.1104 1.214701036555383e-35 1.672707413925118e-33 1930242
18.1566 1.189920126221086e-35 1.695748004870264e-33 1942442
18.2028 1.173186665435102e-35 1.709288708836146e-33 1951734
18.249 1.18897982691976e-35 1.716677059965969e-33 1955402
18.2952 1.16264416081981e-35 1.735936461469735e-33 1971858
18.3414 1.199674029862035e-35 1.761412521979069e-33 1984898
18.3876 1.226235237868877e-35 1.776312546659471e-33 1986422
18.4338 1.282919941456606e-35 1.793041224281994e-33 1996146
18.48 1.228588178031943e-35 1.811284873930263e-33 2017106
18.5262 1.315941336127597e-35 1.823498635027693e-33 2020638
18.5724 1.249529192371303e-35 1.839887757452662e-33 2029346
18.6186 1.208050277792711e-35 1.862165123040551e-33 2041002
18.6648 1.184121358232815e-35 1.879718434587175e-33 2051450
18.711 1.17430172635e-35 1.884258811736156e-33 2065886
18.7572 1.128088043959159e-35 1.887606765351395e-33 2064546
18.8034 1.181229634528246e-35 1.907704153209421e-33 2082650
18.8496 1.21364890593779e-35 1.939823690546524e-33 2095182
18.8958 1.211325493290873e-35 1.962206754329547e-33 2101346
18.942 1.172916002622665e-35 1.991644194013445e-33 2115554
18.9882 1.214895717415769e-35 1.995303851576075e-33 2115654
19.0344 1.268068826965116e-35 2.022348576158102e-33 2141066
19.0806 1.372846521433544e-35 2.026169919569404e-33 2139786
19.1268 1.451215022139807e-35 2.054548500230454e-33 2152202
19.173 1.690322077803221e-35 2.082407464818179e-33 2161086
19.2192 1.53664307377315e-35 2.095056223370141e-33 2176058
19.2654 1.619016776233842e-35 2.122064359011792e-33 2190818
19.3116 1.509437496094793e-35 2.123398987488844e-33 2191158
19.3578 1.372867418618561e-35 2.148605841793678e-33 2205314
19.404 1.317868343729064e-35 2.16930238468243e-33 2215554
19.4502 1.291160536090257e-35 2.189758199237221e-33 2230562
19.4964 1.274082702892218e-35 2.196167755580454e-33 2239614
19.5426 1.368649930303958e-35 2.197294663858156e-33 2245706
19.5888 1.291056052164662e-35 2.222058649986267e-33 2259674
19.635 1.324771253717189e-35 2.259187599345112e-33 2273214
19.6812 1.242321774286888e-35 2.284792811648379e-33 2278802
19.7274 1.290668233130567e-35 2.318299406871711e-33 2294034
19.7736 1.299921739608461e-35 2.319597534068588e-33 2294942
19.8198 1.327237073802052e-35 2.346144679730281e-33 2317050
19.866 1.388350736270114e-35 2.368244463920105e-33 2322842
19.9122 1.401023672516726e-35 2.39121905582637e-33 2330810
19.9584 1.400651863363568e-35 2.413079249105407e-33 2345958
20.0046 1.546651073244172e-35 2.43496313260068e-33 2353586
20.0508 1.419420061070636e-35 2.455057443175372e-33 2376210
20.097 1.359777028250996e-35 2.464434049842697e-33 2374502
20.1432 1.31544600873985e-35 2.488707737138092e-33 2386346
20.1894 1.345552993499793e-35 2.516843145072764e-33 2401314
20.2356 1.388304760765892e-35 2.532693024624315e-33 2411450
20.2818 1.350661993781409e-35 2.544247366219189e-33 2420718
20.328 1.370414464666645e-35 2.547523446327035e-33 2425754
20.3742 1.558174321938579e-35 2.592614046438347e-33 2455218
20.4204 1.471948698370718e-35 2.606403597539435e-33 2450942
20.4666 1.540048546080602e-35 2.647474342011195e-33 2467130
20.5128 2.095703766431297e-35 2.678584436491663e-33 2474874
20.559 2.555118257203834e-35 2.707102558848808e-33 2490362
20.6052 2.701854177484687e-35 2.725239772712295e-33 2498142
20.6514 3.413692182754818e-35 2.749795185909887e-33 2507090
20.6976 2.003587107591649e-35 2.770519668028188e-33 2525562
20.7438 3.830593153641434e-35 2.819635952192617e-33 2534726
20.79 3.120593514832017e-35 2.84420190569319e-33 2549906
20.8362 2.242640515591973e-35 2.840367469025368e-33 2551074
20.8824 2.184527165877065e-35 2.863193388251242e-33 2570702
20.9286 1.810094148508376e-35 2.875787955626878e-33 2574642
20.9748 1.579396098350232e-35 2.916070369512267e-33 2594066
21.021 1.563335739106614e-35 2.928685522394739e-33 2594802
21.0672 1.490698043400547e-35 2.95220824618597e-33 2612030
21.1134 1.510460115614723e-35 2.969768062278313e-33 2627954
21.1596 1.513925360645329e-35 2.982757046619193e-33 2640402
21.2058 1.500680888127429e-35 3.008211685722522e-33 2641454
21.252 1.583124220927794e-35 3.054997212757278e-33 2661834
21.2982 1.514551006618552e-35 3.089833081555684e-33 2669138
21.3444 1.637013692083824e-35 3.130384580773141e-33 2684858
21.3905 1.745781295122873e-35 3.135707393820265e-33 2693910
21.4367 1.739281022706179e-35 3.150291210778125e-33 2701682
21.4829 1.704681186109461e-35 3.194005375978816e-33 2722698
21.5291 1.620720382140469e-35 3.20945139155276e-33 2725262
21.5753 1.609159477562946e-35 3.253831363564508e-33 2742450
21.6215 1.557714272940302e-35 3.276028073477042e-33 2749850
21.6677 1.55427156285215e-35 3.29316604821825e-33 2763902
21.7139 1.568318489875733e-35 3.318186924237723e-33 2778498
21.7601 1.542512863368465e-35 3.347442550473142e-33 2784530
21.8063 1.601214667593682e-35 3.392462156074178e-33 2804106
21.8525 1.567432965111909e-35 3.41024732272316e-33 2809790
21.8987 1.593776360035385e-35 3.429227333042159e-33 2825058
21.9449 1.692230055576378e-35 3.439422640572086e-33 2834330
21.9911 1.74125644613977e-35 3.455305067108147e-33 2842022
22.0373 1.824669998908418e-35 3.507832319809414e-33 2864754
22.0835 1.885208980161267e-35 3.539681435669887e-33 2864186
22.1297 1.870978804164678e-35 3.589191919917213e-33 2879538
22.1759 1.894212782395783e-35 3.624721151154439e-33 2899454
22.2221 1.984051749920175e-35 3.641061392186932e-33 2904258
22.2683 1.949812677304198e-35 3.673932263984963e-33 2930234
22.3145 1.779151681417819e-35 3.690271357391307e-33 2929526
22.3607 1.745440953245175e-35 3.724839235435348e-33 2942442
22.4069 1.655599222588239e-35 3.770936896655838e-33 2960810
22.4531 1.645117903233559e-35 3.799392089006155e-33 2964954
22.4993 1.704078718997678e-35 3.811611639780847e-33 2980910
22.5455 1.675081064156141e-35 3.838190970023569e-33 2990978
22.5917 1.679138727580521e-35 3.867914958893024e-33 3007626
22.6379 1.674820324575347e-35 3.908676283481842e-33 3019166
22.6841 1.642602440249517e-35 3.925524077396974e-33 3021090
22.7303 1.704548189049393e-35 3.968554547852094e-33 3047834
22.7765 1.754625270747405e-35 3.973378289781501e-33 3055590
22.8227 1.816128065954531e-35 3.995226239056026e-33 3068546
22.8689 1.941415194553791e-35 4.009042014120305e-33 3067274
22.9151 1.857897538542753e-35 4.079726665643254e-33 3098058
22.9613 1.895473793216061e-35 4.138993667058961e-33 3109214
23.0075 1.870771051762384e-35 4.170645592691335e-33 3110466
23.0537 1.795159437730714e-35 4.197886056134911e-33 3124370
23.0999 1.713525319986905e-35 4.224641731806401e-33 3144174
23.1461 1.769419902834841e-35 4.263240535583145e-33 3161738
23.1923 1.725411742667123e-35 4.284512660597599e-33 3159890
23.2385 1.775714750450118e-35 4.333753430492301e-33 3174138
23.2847 1.896075450166619e-35 4.388411359529701e-33 3195926
23.3309 2.179813879959127e-35 4.42707511967957e-33 3211386
23.3771 2.488903059479041e-35 4.446068702144607e-33 3219314
23.4233 2.969579748326772e-35 4.480701673991874e-33 3225494
23.4695 4.264784880248488e-35 4.529545579813344e-33 3242562
23.5157 4.880221540735622e-35 4.580040408709139e-33 3257450
23.5619 1.003179060754165e-34 4.642263009477928e-33 3269118
23.6081 8.464587023397881e-35 4.650085323900445e-33 3278930
23.6543 8.61592513377491e-35 4.643199767812863e-33 3286650
23.7005 9.660830510129615e-35 4.699316878097734e-33 3316610
23.7467 9.256027913643184e-35 4.713634800984136e-33 3321542
23.7929 6.23625605968945e-35 4.732399908836258e-33 3328578
23.8391 4.347607013415159e-35 4.801329221195793e-33 3345074
23.8853 3.294352759254715e-35 4.860593102632155e-33 3361686
23.9315 2.741002163654225e-35 4.874526666994621e-33 3369722
23.9777 2.527016387601745e-35 4.908939030413152e-33 3385290
24.0239 2.320908253738956e-35 4.921937157393003e-33 3391370
24.0701 2.291041457091685e-35 4.984476105782109e-33 3422966
24.1163 2.136005059341653e-35 5.00715944358737e-33 3419538
24.1625 2.159323046019513e-35 5.068092014259374e-33 3441890
24.2087 2.102209456634308e-35 5.089315717243789e-33 3447582
24.2549 2.192861336394011e-35 5.117104253654675e-33 3466298
24.3011 2.305177242838811e-35 5.134738459957954e-33 3466194
24.3473 2.269306428897157e-35 5.186157942005189e-33 3492062
24.3935 2.213910630142697e-35 5.232626399008511e-33 3503114
24.4397 2.299552684038327e-35 5.271284014859351e-33 3517146
24.4859 2.349562257233512e-35 5.313557985960942e-33 3535706
24.5321 2.224757161598991e-35 5.313978681375728e-33 3539742
24.5783 2.087772553169051e-35 5.345417206989192e-33 3558698
24.6245 2.141818913207737e-35 5.372086210098997e-33 3570122
24.6707 2.172077918917245e-35 5.43828648337017e-33 3585174
24.7169 2.174361217585717e-35 5.493060509369696e-33 3594314
24.7631 2.128368475548853e-35 5.561203395193786e-33 3612258
24.8093 2.154090702106214e-35 5.593925118421538e-33 3620282
24.8555 2.221249523615801e-35 5.636123201659687e-33 3639078
24.9017 2.145512399224605e-35 5.656289833239635e-33 3650450
24.9479 2.255391083694625e-35 5.700259196879551e-33 3661418
24.9941 2.31140108469113e-35 5.753265085906283e-33 3677694
25.0403 2.589554783924622e-35 5.829031019235583e-33 3695978
25.0865 2.788483796096068e-35 5.8627139833488e-33 3702810
25.1327 2.53986626141629e-35 5.892486461934342e-33 3716162
25.1789 2.808847583577418e-35 5.942292427447422e-33 3740094
25.2251 2.677381084552483e-35 5.946208613890678e-33 3740954
25.2713 2.519843174734522e-35 6.008674238451758e-33 3760946
25.3175 2.360369909375727e-35 6.068817127087247e-33 3778278
25.3637 2.328169125713561e-35 6.09626997695269e-33 3784922
25.4099 2.252304232750359e-35 6.125511870516305e-33 3805266
25.4561 2.351718911745471e-35 6.134985276097549e-33 3807686
25.5023 2.2896276688686e-35 6.184553897774689e-33 3833130
25.5485 2.279502707198482e-35 6.207067088676952e-33 3841898
25.5947 2.246336730025177e-35 6.274076027436414e-33 3858074
25.6409 2.22640860765962e-35 6.349462534611886e-33 3868974
25.6871 2.254514135350706e-35 6.431728745058438e-33 3885362
25.7333 2.345844078234811e-35 6.475258513193643e-33 3898290
25.7795 2.391483879859094e-35 6.509180985910437e-33 3907334
25.8257 2.412571644552716e-35 6.542131985784796e-33 3928730
25.8719 2.378423150958267e-35 6.565282825843152e-33 3936666
25.9181 2.502588804295939e-35 6.62746523128317e-33 3961346
25.9643 2.364513115470764e-35 6.688299666302889e-33 3975774
26.0105 2.342834895482396e-35 6.713242432491079e-33 3970106
26.0567 2.33455183310886e-35 6.787072154860018e-33 4003170
26.1029 2.279228660540837e-35 6.81946012322109e-33 4019558
26.1491 2.331498450254322e-35 6.842117041847461e-33 4025642
26.1953 2.366261087282961e-35 6.86208829896877e-33 4028514
26.2415 2.402872106968421e-35 6.955496740789495e-33 4059398
26.2877 2.482984832462196e-35 7.004712787825359e-33 4069674
26.3339 2.499701606586517e-35 7.044854095153124e-33 4083698
26.3801 2.625445152157729e-35 7.091927450854275e-33 4095210
26.4263 2.891028302465152e-35 7.108418031328622e-33 4110518
26.4725 3.438734736636203e-35 7.145143572892497e-33 4126850
26.5187 3.750329699137855e-35 7.194989429953375e-33 4140114
26.5649 5.118237548291042e-35 7.257651663519116e-33 4144070
26.6111 3.343482099030057e-35 7.343896237270397e-33 4175802
26.6573 5.633580921547366e-35 7.407070632949321e-33 4187882
26.7035 4.729388829833106e-35 7.473119727722814e-33 4199250
26.7497 3.390193550437481e-35 7.495538720570358e-33 4209326
26.7959 2.945390820604829e-35 7.533843516988279e-33 4222130
26.8421 2.933370708163051e-35 7.606821195682047e-33 4254258
26.8883 2.805598664014449e-35 7.622211886249935e-33 4252478
26.9345 2.652547262834528e-35 7.692579323871068e-33 4270698
26.9807 2.585486466714402e-35 7.737639508318103e-33 4278122
27.0269 2.600019071446182e-35 7.836140338375193e-33 4309898
27.0731 2.480730111744636e-35 7.865491979271829e-33 4317150
27.1193 2.503871948510909e-35 7.897939469508894e-33 4329698
27.1655 2.596193574587187e-35 7.942013543419962e-33 4340826
27.2117 2.72233306436024e-35 7.998963633352274e-33 4359590
27.2579 2.677066342762398e-35 8.065595623726509e-33 4376850
27.3041 2.899268893632736e-35 8.114869770827104e-33 4386674
27.3503 2.812390603519487e-35 8.155163036913486e-33 4401782
27.3965 2.837080479502795e-35 8.201099117248431e-33 4419210
27.4427 2.749437719360026e-35 8.263547646665168e-33 4446482
27.4889 2.682557966484601e-35 8.27063099822189e-33 4435554
27.5351 2.585453101862255e-35 8.357158332075424e-33 4468934
27.5813 2.605760286737497e-35 8.420873376902038e-33 4477650
27.6275 2.566373772175154e-35 8.496794496529496e-33 4491218
27.6737 2.669565576294679e-35 8.577925644598417e-33 4510358
27.7199 2.617153278959932e-35 8.619695317353435e-33 4518594
27.7661 2.657496846056117e-35 8.698961635266589e-33 4544474
27.8123 2.658382501487105e-35 8.718599027892943e-33 4552098
27.8585 2.712139840443233e-35 8.786435265705602e-33 4574990
27.9047 2.768469395460286e-35 8.825540427218943e-33 4577210
27.9509 2.822270424712866e-35 8.917371499504855e-33 4608186
27.9971 3.004028405296139e-35 8.981334463121924e-33 4610198
28.0433 3.352332201117872e-35 9.053599556137909e-33 4628898
28.0895 3.227088594839159e-35 9.089759459684939e-33 4641170
28.1357 3.332288987853464e-35 9.141360519389963e-33 4662462
28.1819 3.076542357196518e-35 9.212289193618523e-33 4681442
28.2281 3.021226358129048e-35 9.247274134186349e-33 4687850
28.2743 2.808008357242058e-35 9.337390459548591e-33 4708818
28.3205 2.865470536971987e-35 9.390083361358208e-33 4721534
28.3667 2.898781027133142e-35 9.439333182306217e-33 4732770
28.4129 2.858369163829838e-35 9.48232830277788e-33 4753346
28.4591 2.772355368203927e-35 9.536019602605682e-33 4772886
28.5053 2.805583911040328e-35 9.564509778228351e-33 4785098
28.5515 2.773059401534167e-35 9.617505950899462e-33 4795394
28.5977 2.841138195774386e-35 9.700017698675633e-33 4813986
28.6439 2.838304670193215e-35 9.784551154150351e-33 4832654
28.6901 2.899463892479593e-35 9.880100500458501e-33 4849362
28.7363 3.05929124684242e-35 9.956681743104286e-33 4858322
28.7825 3.050894863163118e-35 1.002014786768502e-32 4871286
28.8287 3.041127644900763e-35 1.008739391652113e-32 4894370
28.8749 3.02098350648398e-35 1.014871836080796e-32 4914650
28.9211 3.026198175582396e-35 1.01796156812878e-32 4919658
28.9673 2.908001468011587e-35 1.026904644022017e-32 4941638
29.0135 2.828294307868333e-35 1.034898032893233e-32 4965954
29.0597 2.880253318107037e-35 1.04111095511671e-32 4971770
29.1059 2.948114041866772e-35 1.048576771718476e-32 4985702
29.1521 3.046503723748708e-35 1.054950034992856e-32 4996314
29.1983 3.039502336684827e-35 1.060833798759543e-32 5021258
29.2445 3.229667806304962e-35 1.067742081030923e-32 5038470
29.2907 3.695105261007101e-35 1.073257348522497e-32 5048570
29.3369 4.137993155043233e-35 1.08220882202889e-32 5067786
29.3831 5.343021471537204e-35 1.091579225855918e-32 5084402
29.4293 6.500362816524381e-35 1.098055864800653e-32 5104238
29.4755 1.064733567965472e-34 1.100150877672857e-32 5101890
29.5217 1.025362426051363e-34 1.111310596000744e-32 5129594
29.5679 5.122275346188419e-35 1.109930932455637e-32 5149086
29.6141 7.895967796377009e-35 1.119425714399282e-32 5168834
29.6603 8.450052780261184e-35 1.123655522830419e-32 5172306
29.7065 4.928919323798737e-35 1.131353426981405e-32 5199218
29.7527 4.835290356869363e-35 1.141311768130768e-32 5215430
29.7989 3.86270032040577e-35 1.150024619311837e-32 5229066
29.8451 3.600429004187518e-35 1.15859104111315e-32 5244530
29.8913 3.423940615079237e-35 1.166505370627002e-32 5262870
29.9375 3.296866334209567e-35 1.170152452300965e-32 5272562
29.9837 3.281053937324254e-35 1.177385031085068e-32 5290098
30.0299 3.205078267369287e-35 1.181556531245533e-32 5314358
30.0761 3.305023360355373e-35 1.188945302106388e-32 5322098
30.1223 3.230191954287061e-35 1.196153716697846e-32 5341026
30.1685 3.386935542593624e-35 1.207294210039136e-32 5366858
30.2147 3.36778303038253e-35 1.214701995520845e-32 5374422
30.2609 3.50102560766474e-35 1.219193962845525e-32 5377730
30.3071 3.392587025013956e-35 1.228770353820561e-32 5409410
30.3533 3.503061959693825e-35 1.237924412467125e-32 5434014
30.3995 3.430365898782128e-35 1.241339289680562e-32 5438882
30.4457 3.352501705453947e-35 1.247865155207528e-32 5456178
30.4919 3.27323562786295e-35 1.256476325980528e-32 5469242
30.5381 3.238545853381585e-35 1.267774614482031e-32 5496174
30.5843 3.256033697671629e-35 1.272908997138736e-32 5505530
30.6305 3.430373519273208e-35 1.278743701409784e-32 5521202
30.6767 3.340118824178843e-35 1.285632664185956e-32 5544126
30.7229 3.472952375068858e-35 1.290736431181779e-32 5560106
30.7691 3.387166103426429e-35 1.296572412155315e-32 5579754
30.8153 3.343306731292229e-35 1.302325834978535e-32 5576270
30.8615 3.487468605162342e-35 1.312028487853615e-32 5607138
30.9077 3.574647098094954e-35 1.323286709867212e-32 5625026
30.9539 3.752485796958383e-35 1.334937384403415e-32 5646698
31.0001 4.241914156677201e-35 1.340233266603323e-32 5649126
31.0463 3.797908121172296e-35 1.353101315975324e-32 5676434
31.0925 4.348217744023692e-35 1.359877743206644e-32 5687418
31.1387 3.965222226579387e-35 1.368647434691252e-32 5715830
31.1849 3.869195436338581e-35 1.37461062368715e-32 5729210
31.2311 3.566867380504848e-35 1.383010735846847e-32 5744802
31.2773 3.538832236128859e-35 1.389960532147846e-32 5752154
31.3235 3.440193056811295e-35 1.401086580220512e-32 5786382
31.3697 3.583354015540725e-35 1.404973011366108e-32 5784146
31.4159 3.463927887776356e-35 1.41727719488351e-32 5812146
31.4621 3.492848532657919e-35 1.425723370472534e-32 5830166
31.5083 3.448273723315905e-35 1.432236722812035e-32 5845850
31.5545 3.542855376269717e-35 1.441590645809215e-32 5862834
31.6007 3.495879620714223e-35 1.446661768281098e-32 5876066
31.6469 3.506027040554154e-35 1.456617939942396e-32 5905854
31.6931 3.728676017864517e-35 1.461067107164132e-32 5902274
31.7393 3.812595743478317e-35 1.472694837291738e-32 5931258
31.7855 3.752252004806123e-35 1.484075871264408e-32 5954966
31.8317 3.948830388081172e-35 1.489865448081016e-32 5965346
31.8779 3.844412893300592e-35 1.496276721201142e-32 5977818
31.9241 3.756561623541228e-35 1.505502717576606e-32 6004718
31.9703 3.584761388271006e-35 1.509906628593452e-32 6011706
32.0165 3.597719669522093e-35 1.522832365440847e-32 6045770
32.0627 3.547498917207917e-35 1.524259650576596e-32 6041586
32.1089 3.738398516823256e-35 1.539148424802968e-32 6073166
32.1551 3.74469892661558e-35 1.547453206401936e-32 6078962
32.2013 3.824071518804712e-35 1.561987858985423e-32 6114258
32.2475 4.042923335350153e-35 1.571561485542117e-32 6123086
32.2937 3.932781226143685e-35 1.580733429424414e-32 6136770
32.3399 4.580112708555556e-35 1.589181115320565e-32 6154898
32.3861 5.492671695558197e-35 1.599228149495444e-32 6178610
32.4323 6.730837667473849e-35 1.60796930115998e-32 6197982
32.4785 6.330710741710497e-35 1.615428390547046e-32 6205322
32.5247 4.852311539339933e-35 1.618759557969289e-32 6218850
32.5709 5.956805932956968e-35 1.63517327328839e-32 6249542
32.6171 6.527218524609531e-35 1.648521134585172e-32 6274146
32.6633 5.049645334337726e-35 1.653696719881734e-32 6270242
32.7095 5.051915815552669e-35 1.667018155259114e-32 6305222
32.7557 4.506631185917841e-35 1.675898206077227e-32 6325026
32.8019 4.056842621424337e-35 1.679784716002729e-32 6331922
32.8481 4.18355770987965e-35 1.687756210441207e-32 6343698
32.8943 3.936065138781792e-35 1.699000621808459e-32 6375158
32.9405 4.004781313779508e-35 1.707126420998205e-32 6392178
32.9867 3.93100276265264e-35 1.717449582679842e-32 6412826
33.0329 3.911271730003383e-35 1.721472850866104e-32 6407078
33.0791 3.962504897352419e-35 1.738794739652078e-32 6447954
33.1253 3.978653162424421e-35 1.743657052863009e-32 6456026
33.1715 4.206220369910083e-35 1.756153896197682e-32 6482034
33.2177 4.308883425591654e-35 1.762469358046189e-32 6492878
33.2639 4.030470161610889e-35 1.767048267060392e-32 6502074
33.3101 4.271192375107524e-35 1.782154782367009e-32 6542930
33.3563 4.137967306247967e-35 1.788471557431249e-32 6556598
33.4025 4.120086920188509e-35 1.795347603133822e-32 6570330
33.4487 3.971066129128524e-35 1.806866586062187e-32 6581882
33.4949 3.967025650008935e-35 1.822736892379397e-32 6612546
33.5411 4.01707005269251e-35 1.835960710082557e-32 6628622
33.5873 4.039102222844099e-35 1.84182487698644e-32 6629498
33.6335 4.071109644446808e-35 1.856312080344111e-32 6659250
33.6797 4.139098638560145e-35 1.869931558101111e-32 6686006
33.7259 4.100933389740086e-35 1.87677100916984e-32 6693786
33.7721 4.259994712418137e-35 1.887344760665373e-32 6711554
33.8183 4.161458284917799e-35 1.897193299939498e-32 6735678
33.8645 4.352751042414341e-35 1.90668488993684e-32 6754754
33.9107 4.592646528272974e-35 1.919314114149962e-32 6776570
33.9569 4.786788041787234e-35 1.92381363164459e-32 6767394
34.0031 4.489481102998841e-35 1.943068555637203e-32 6818246
34.0493 4.620821123058069e-35 1.952746474600682e-32 6830562
34.0955 4.619729678398354e-35 1.961730684175312e-32 6839186
34.1417 4.348691679728448e-35 1.972875316365831e-32 6861462
34.1879 4.422698588821023e-35 1.980495664570945e-32 6880394
34.2341 4.313230333064659e-35 1.993502324768609e-32 6907178
34.2803 4.228140521563437e-35 1.998687388814524e-32 6917034
34.3265 4.325223125067351e-35 2.009477124682754e-32 6937934
34.3727 4.17825033339186e-35 2.018960173203113e-32 6947250
34.4189 4.217828781264584e-35 2.033471408350489e-32 6982106
34.4651 4.351183537554821e-35 2.044121196534464e-32 6995718
34.5113 4.284775548182969e-35 2.055234863176846e-32 7006682
34.5575 4.248361807676428e-35 2.069477788847905e-32 7035866
34.6037 4.418855423804772e-35 2.077737047730908e-32 7054110
34.6499 4.375525195551433e-35 2.083690505306119e-32 7059194
34.6961 4.785726541719833e-35 2.095466343746013e-32 7091802
34.7423 4.482319546019693e-35 2.102393996228335e-32 7100666
34.7885 4.771800169603055e-35 2.114191594673876e-32 7129070
34.8347 4.653211792713637e-35 2.124422464352733e-32 7143282
34.8809 4.489020216394334e-35 2.135911652937624e-32 7161482
34.9271 4.384003719651676e-35 2.148549006804018e-32 7184694
34.9733 4.459401725388507e-35 2.16259647095435e-32 7203914
35.0195 4.413703453936007e-35 2.17824194389309e-32 7219746
35.0657 4.439549466474287e-35 2.187489282500086e-32 7228634
35.1119 4.609720475798015e-35 2.207076893273487e-32 7271990
35.1581 4.863715575225875e-35 2.212368157112824e-32 7266786
35.2043 4.854967129332886e-35 2.224338531319877e-32 7293650
35.2505 5.493058076271462e-35 2.241051344037719e-32 7324086
35.2967 6.547199754058557e-35 2.25307785314437e-32 7338650
35.3429 7.116213878830999e-35 2.26693010778927e-32 7351962
35.3891 1.001669570405742e-34 2.275321716337563e-32 7357190
35.4353 1.161661893483264e-34 2.301582139029719e-32 7406042
35.4815 9.464995999777113e-35 2.301413000270934e-32 7408626
35.5277 1.217370712599034e-34 2.324353179459975e-32 7435610
35.5739 9.973607644788218e-35 2.333086269564791e-32 7453542
35.6201 8.145004205307778e-35 2.344483053781263e-32 7464002
35.6663 7.473921867690485e-35 2.354589763803921e-32 7493546
35.7125 5.890582425367463e-35 2.363849910709678e-32 7510806
35.7587 5.675932783805578e-35 2.375020972189308e-32 7532114
35.8049 5.103663816621119e-35 2.3807748921006e-32 7536234
35.8511 5.048531539919316e-35 2.390014488287102e-32 7565834
35.8973 5.05615226603743e-35 2.410825967093493e-32 7603062
35.9435 4.885836914932404e-35 2.409837765583686e-32 7593890
35.9897 5.032565722016562e-35 2.42888060128111e-32 7622906
36.0359 4.901844554146444e-35 2.441467086632815e-32 7646622
36.0821 5.040276320391492e-35 2.453685392246831e-32 7672058
36.1283 4.987918781983513e-35 2.460654591345763e-32 7679346
36.1745 5.298824864612959e-35 2.472592673016925e-32 7693058
36.2207 5.019650298139476e-35 2.489590982257135e-32 7732158
36.2669 5.115050280412807e-35 2.498213183165556e-32 7746962
36.3131 5.110881045798337e-35 2.510854747944242e-32 7770986
36.3593 5.056870989890374e-35 2.516920193714255e-32 7772094
36.4055 4.993264512239877e-35 2.53231290336394e-32 7803818
36.4517 5.000313994734188e-35 2.544862097923128e-32 7834338
36.4979 4.877878558468433e-35 2.55159503835321e-32 7833710
36.5441 4.962992835200598e-35 2.566823732630554e-32 7858794
36.5903 4.938754597583216e-35 2.585441851372107e-32 7884290
36.6365 4.949459725663877e-35 2.595637484444551e-32 7901522
36.6827 4.907754837138674e-35 2.616950224552208e-32 7930662
36.7289 5.13992082546916e-35 2.624386105852582e-32 7934426
36.7751 5.198576647178783e-35 2.646735057435109e-32 7967322
36.8213 5.339253036531703e-35 2.659337504701679e-32 7981934
36.8675 5.57792590643516e-35 2.670458717783532e-32 8003282
36.9137 5.634792769689593e-35 2.683591957776376e-32 8019666
36.9599 5.638575528318798e-35 2.694216665529849e-32 8034482
37.0061 5.993581355692532e-35 2.712947078392238e-32 8068542
37.0523 5.614795667857502e-35 2.722086200357562e-32 8088290
37.0985 5.548547408857177e-35 2.731720512959858e-32 8096322
37.1447 5.458978180818987e-35 2.748695241873451e-32 8122646
37.1909 5.364251250757095e-35 2.764170130161917e-32 8150138
37.2371 5.235174420786062e-35 2.776495357046204e-32 8165322
37.2833 5.256918271810925e-35 2.792889533328316e-32 8182574
37.3295 5.20202708570668e-35 2.804914757485522e-32 8203698
37.3757 5.287640218636224e-35 2.819257552396672e-32 8226914
37.4219 5.182893467153588e-35 2.834757389567744e-32 8246898
37.4681 5.145058439429428e-35 2.846372875499932e-32 8261774
37.5143 5.210874245191389e-35 2.857531349070768e-32 8279426
37.5605 5.409796417701181e-35 2.876611570628456e-32 8308722
37.6067 5.392991886026796e-35 2.888830912716309e-32 8326214
37.6529 5.621423131970682e-35 2.898693786370145e-32 8342682
37.6991 5.412320039234655e-35 2.908432366119791e-32 8360834
37.7453 5.681501667844966e-35 2.924742227288441e-32 8393226
37.7915 5.478453118315347e-35 2.941640415606085e-32 8420150
37.8377 5.502148461397001e-35 2.951317413059533e-32 8421986
37.8839 5.41688594487944e-35 2.965625902413299e-32 8445714
37.9301 5.275352493226267e-35 2.984077404758569e-32 8472590
37.9763 5.429689800676324e-35 2.997971362403214e-32 8495370
38.0225 5.547690948205677e-35 3.013339134953658e-32 8512802
38.0687 5.473037431547448e-35 3.01995803958371e-32 8523290
38.1149 5.615545218789431e-35 3.043096982364954e-32 8570982
38.1611 5.640557951636673e-35 3.049084577444501e-32 8568458
38.2073 6.08603851808939e-35 3.062072641249488e-32 8586498
38.2535 6.376089603688257e-35 3.074574916640619e-32 8608838
38.2997 7.086022179134288e-35 3.094301717473837e-32 8645610
38.3459 8.789056485022303e-35 3.10969391788011e-32 8658386
38.3921 9.294720783354149e-35 3.116525821010687e-32 8668598
38.4383 6.883948661083534e-35 3.133520855210071e-32 8697426
38.4845 1.052815812810024e-34 3.1504929296673e-32 8722562
38.5307 8.893430309565894e-35 3.162794655325026e-32 8737962
38.5769 7.597264317075039e-35 3.188083695938205e-32 8771366
38.6231 6.576210787743368e-35 3.198241005247779e-32 8771010
38.6693 6.466564224964083e-35 3.222901246967911e-32 8822618
38.7155 5.932755219296047e-35 3.22428376134234e-32 8807726
38.7617 6.028893575355737e-35 3.246831809146042e-32 8844618
38.8079 5.774966593520655e-35 3.265979262272461e-32 8868722
38.8541 5.948683127781446e-35 3.27846960881315e-32 8891394
38.9003 5.705380708077939e-35 3.297919684596576e-32 8911934
38.9465 5.783724013812257e-35 3.306994499437412e-32 8923938
38.9927 5.76672603084985e-35 3.32448920299636e-32 8953682
39.0389 5.860554814441658e-35 3.341573263842143e-32 8981966
39.0851 6.07466573151467e-35 3.351517581369896e-32 8990442
39.1313 6.196712085925115e-35 3.366341963389065e-32 9007874
39.1775 6.015464826105108e-35 3.385949687885482e-32 9038982
39.2237 6.20015731629131e-35 3.402217895059133e-32 9068570
39.2699 5.944478870689223e-35 3.415189209479008e-32 9085250
39.3161 5.844849972607866e-35 3.427943777745069e-32 9084690
39.3623 5.892053112149047e-35 3.448983675386173e-32 9128654
39.4085 5.93180120474424e-35 3.463280320916915e-32 9133170
39.4547 5.95160378176485e-35 3.491780447011884e-32 9185882
39.5009 5.967828382687865e-35 3.488267780405413e-32 9163254
39.5471 5.977521821022658e-35 3.52303628840719e-32 9220130
39.5933 5.925922528896573e-35 3.535964511515638e-32 9233138
39.6395 6.03226606606361e-35 3.553211641339716e-32 9249378
39.6857 5.970208047247388e-35 3.569694147187313e-32 9271550
39.7319 6.220698599038128e-35 3.576608222471498e-32 9286266
39.7781 6.269273233730231e-35 3.600410824944161e-32 9320762
39.8243 6.555067609045961e-35 3.610045842745354e-32 9326718
39.8705 6.907726820706012e-35 3.62307376731721e-32 9354602
39.9167 6.760579077635228e-35 3.642613399917917e-32 9384122
39.9629 6.968014208976908e-35 3.659328973364335e-32 9400482
40.0091 6.912828640606851e-35 3.682324835335507e-32 9432638
40.0553 6.434147955530427e-35 3.694827122101014e-32 9445314
40.1015 6.384598037824405e-35 3.71453030287488e-32 9477290
40.1477 6.163463100434343e-35 3.724675982366222e-32 9489182
40.1939 6.1782027334219e-35 3.734724452665067e-32 9506706
40.2401 6.291989088082909e-35 3.758996456991383e-32 9533978
40.2863 6.144879619531953e-35 3.774412162475665e-32 9553662
40.3325 6.303544785047974e-35 3.793488328414618e-32 9579506
40.3787 6.190793281116994e-35 3.814788311218286e-32 9607866
40.4249 6.175531305420657e-35 3.820839631815939e-32 9608354
40.4711 6.374667002022942e-35 3.845510424075534e-32 9643862
40.5173 6.356333956858025e-35 3.860799121620051e-32 9670578
40.5635 6.43020265214297e-35 3.878174773179502e-32 9687890
40.6097 6.568022218526035e-35 3.884271561264815e-32 9693294
40.6559 6.696619807207539e-35 3.907989604750002e-32 9736034
40.7021 6.808528528376677e-35 3.921941524277898e-32 9758946
40.7483 6.566164107085401e-35 3.937243175568433e-32 9778994
40.7945 6.45582381716679e-35 3.950044011123551e-32 9796814
40.8407 6.424254458905e-35 3.970761890353436e-32 9816882
40.8869 6.501438113399166e-35 3.994197967206555e-32 9850514
40.9331 6.472421874614208e-35 4.000744665326243e-32 9856062
40.9793 6.435841848118114e-35 4.022532823081007e-32 9886706
41.0255 6.487526657878698e-35 4.044986672937259e-32 9916194
41.0717 6.711321871098646e-35 4.057318869972662e-32 9924854
41.1179 7.165559299735499e-35 4.083114327037064e-32 9961490
41.1641 7.631986400019012e-35 4.101170665129886e-32 9979098
41.2103 8.603922293882628e-35 4.114860165196201e-32 9990266
41.2565 9.394244331670844e-35 4.136191244975725e-32 10012398
41.3027 1.217337042171412e-34 4.158651473156607e-32 10038818
41.3489 1.720835611535972e-34 4.18606339391101e-32 10072082
41.3951 9.950722503667992e-35 4.198271689061167e-32 10082670
41.4413 1.982017715320666e-34 4.22832602613747e-32 10123226
41.4875 1.507426134430677e-34 4.244969241146467e-32 10134834
41.5337 1.237637516854614e-34 4.257573512350024e-32 10151450
41.5799 1.049115998274471e-34 4.282719183820959e-32 10184118
41.6261 9.630478616037497e-35 4.293234911695027e-32 10199810
41.6723 8.041687601944822e-35 4.318044416424672e-32 10230386
41.7185 7.59545790834328e-35 4.325015034743229e-32 10238334
41.7647 7.362463091116818e-35 4.346728349659301e-32 10271594
41.8109 7.236740390636634e-35 4.36563004691242e-32 10298418
41.8571 7.056639589500842e-35 4.382272609813504e-32 10306814
41.9033 7.050597098605118e-35 4.401941799945297e-32 10341306
41.9495 7.059832216893187e-35 4.416301942137702e-32 10362842
41.9957 7.228458394368216e-35 4.438968434303405e-32 10388834
42.0419 7.167879989282865e-35 4.446915315277529e-32 10395630
42.0881 7.503561553504808e-35 4.476161424529637e-32 10425362
42.1343 7.253895693293994e-35 4.496495604977488e-32 10454274
42.1805 7.589958664794709e-35 4.51419358453622e-32 10478294
42.2267 7.469243684964826e-35 4.534305271350139e-32 10501818
42.2729 7.299373834827467e-35 4.54798912934423e-32 10514810
42.3191 7.112716867442638e-35 4.575805574810918e-32 10548842
42.3653 7.189917600550884e-35 4.590202005486171e-32 10566462
42.4115 7.068436673950161e-35 4.608067129688336e-32 10586810
42.4577 7.256411330756423e-35 4.633311440231223e-32 10614954
42.5039 7.019513631139874e-35 4.643857101070937e-32 10631054
42.5501 7.390172856926772e-35 4.66963336301374e-32 10662362
42.5963 7.164866026270471e-35 4.689970005176617e-32 10683354
42.6425 7.289081753695539e-35 4.706477320492852e-32 10699298
42.6887 7.515188154592517e-35 4.734679051800908e-32 10738782
42.7349 7.591006578113545e-35 4.746598405153116e-32 10744202
42.7811 8.268734012858759e-35 4.770276672762695e-32 10782186
42.8273 8.152421681257896e-35 4.783824091218736e-32 10784966
42.8735 8.064709448369571e-35 4.806236235960412e-32 10833938
42.9197 8.288975834211525e-35 4.831333379942924e-32 10848138
42.9659 8.111844546650892e-35 4.852018434240115e-32 10873766
43.0121 7.708609227132212e-35 4.86475175017841e-32 10886970
43.0583 7.58083312001237e-35 4.885784594021661e-32 10912442
43.1045 7.363615033312563e-35 4.9083410727082e-32 10936698
43.1507 7.484553573869208e-35 4.930076506239955e-32 10966142
43.1969 7.426050904218045e-35 4.940492584689088e-32 10968746
43.2431 7.469245352759226e-35 4.970026850241174e-32 11014602
43.2893 7.555365533631272e-35 4.992338844952801e-32 11042774
43.3355 7.493508371713172e-35 5.007325191585283e-32 11061474
43.3817 7.446900924898692e-35 5.024080090773688e-32 11072450
43.4279 7.478573095622507e-35 5.039071439249105e-32 11096922
43.4741 7.668727436696237e-35 5.076773785607846e-32 11146526
43.5203 7.722922981504981e-35 5.082764531674081e-32 11145602
43.5665 7.907073207692286e-35 5.101298344280461e-32 11168442
43.6127 7.694996690667875e-35 5.118506186170513e-32 11181086
43.6589 7.876120037901251e-35 5.160621970142234e-32 11250114
43.7051 7.745257915714843e-35 5.165967823559814e-32 11242106
43.7513 7.902244835315057e-35 5.185598594866615e-32 11265446
43.7975 7.663597355092249e-35 5.208499736616037e-32 11285490
43.8437 7.686510988901623e-35 5.235938722772494e-32 11335922
43.8899 7.623950450220844e-35 5.249786948434599e-32 11330130
43.9361 7.799192899722014e-35 5.270139722260657e-32 11357270
43.9823 7.762931520054158e-35 5.295222268974251e-32 11389098
44.0285 7.970181889563922e-35 5.325018243840122e-32 11426642
44.0747 8.062630465256576e-35 5.340495835613803e-32 11431358
44.1209 8.878343435767474e-35 5.365804242368806e-32 11462298
44.1671 8.737695831042197e-35 5.383017149591706e-32 11479202
44.2133 1.010425582571081e-34 5.40307492125111e-32 11509746
44.2595 1.146196259464768e-34 5.421065216065806e-32 11523062
44.3057 1.188833614201048e-34 5.448357712468371e-32 11556210
44.3519 9.619529944279604e-35 5.464815092530921e-32 11588282
44.3981 1.197843341180981e-34 5.492602114069129e-32 11599646
44.4443 1.134474650870645e-34 5.51789662615303e-32 11645274
44.4905 1.037859087761234e-34 5.530873439799398e-32 11649338
44.5367 9.286526120457683e-35 5.546103856855724e-32 11665386
44.5829 9.400168954570124e-35 5.588736069060288e-32 11719286
44.6291 8.647642561380481e-35 5.595896155069835e-32 11720738
44.6753 8.51999372422229e-35 5.61761363288527e-32 11755074
44.7215 8.351465411534272e-35 5.632015332509732e-32 11767166
44.7677 8.32162371998908e-35 5.665379183375263e-32 11813346
44.8139 8.23873015771343e-35 5.681498868309836e-32 11825450
44.8601 8.253017194159007e-35 5.697508665671732e-32 11828814
44.9063 8.340418625227144e-35 5.733207497666258e-32 11884418
44.9525 8.33600749389595e-35 5.747825139108543e-32 11900378
44.9987 8.581675109466698e-35 5.764286614529046e-32 11908002
45.0449 8.755057709494057e-35 5.786886011024123e-32 11937470
45.0911 8.644350208896033e-35 5.816311167075804e-32 11981346
45.1373 8.845455759355572e-35 5.838212189640947e-32 11998154
45.1835 8.574808565160476e-35 5.8558995701535e-32 12015798
45.2297 8.500780854178369e-35 5.884000980656131e-32 12046586
45.2759 8.38586286564107e-35 5.9082344666959e-32 12073226
45.3221 8.429799775335651e-35 5.923722711188501e-32 12089370
45.3683 8.414127619588836e-35 5.95363503677251e-32 12123662
45.4145 8.503242677373603e-35 5.967827183408038e-32 12129018
45.4607 8.448713730639521e-35 6.001681652122283e-32 12168698
45.5069 8.506975586477258e-35 6.026036748925968e-32 12191070
45.5531 8.495733573833076e-35 6.058662457569915e-32 12237290
45.5993 8.614932009814121e-35 6.07082300884998e-32 12237434
45.6455 8.861204242585693e-35 6.096497832170388e-32 12269430
45.6917 8.97976536015188e-35 6.118366615476743e-32 12288314
45.7379 9.208655998509462e-35 6.141292942892774e-32 12312018
45.7841 9.427014153000657e-35 6.162264547241978e-32 12333770
45.8303 9.275252073030027e-35 6.187486446597057e-32 12362654
45.8765 9.523490325266589e-35 6.219333415245469e-32 12405282
45.9227 9.400536018668471e-35 6.232709614265784e-32 12414842
45.9689 9.037989480931237e-35 6.256111321770746e-32 12433278
46.0151 9.055527319558697e-35 6.285644400748803e-32 12469442
46.0613 9.039925844277748e-35 6.310878369313118e-32 12497106
46.1075 8.812068084880356e-35 6.332109977263737e-32 12513074
46.1537 8.797044657076853e-35 6.357957684932382e-32 12531902
46.1999 8.856058978107795e-35 6.388975818144667e-32 12567690
46.2461 8.808467382862732e-35 6.417112737950989e-32 12603338
46.2923 8.798523119523556e-35 6.427852237631416e-32 12612726
46.3385 8.843702654408157e-35 6.453391511248607e-32 12634802
46.3847 9.006796858902596e-35 6.479516571669213e-32 12662730
46.4309 8.934976603418411e-35 6.516427315589856e-32 12699086
46.4771 9.094851805883576e-35 6.532356382501372e-32 12711074
46.5233 9.295475878088342e-35 6.554411386379202e-32 12739098
46.5695 9.087055835133314e-35 6.586016482216665e-32 12769490
46.6157 9.192463588136559e-35 6.607397132230805e-32 12799686
46.6619 9.290571997020708e-35 6.633593015155452e-32 12828626
46.7081 9.176179075656155e-35 6.648131808930101e-32 12832794
46.7543 9.063992620472071e-35 6.68825564684361e-32 12875942
46.8005 9.242359402032152e-35 6.717610814255462e-32 12906314
46.8467 9.206952179440373e-35 6.730919148977735e-32 12913122
46.8929 9.459004953825019e-35 6.751381677165153e-32 12937346
46.9391 9.749749621689607e-35 6.785078022993211e-32 12973374
46.9853 1.032095172929829e-34 6.813647501702318e-32 13008170
47.0315 1.166882608858774e-34 6.837878511395232e-32 13025810
47.0777 1.305127839097179e-34 6.854360794710937e-32 13033590
47.1239 1.901742020433126e-34 6.892373230283149e-32 13083698
47.1701 2.189957662575072e-34 6.914738981262285e-32 13094706
47.2163 2.815772347422437e-34 6.940473847800633e-32 13119002
47.2625 3.500392784266578e-34 6.97218757449421e-32 13146318
47.3087 1.832049572927373e-34 6.981324613849862e-32 13167383
47.3549 9.80951152929716e-35 6.991935086566108e-32 13180844
47.4011 9.582651819286107e-35 6.987870424350127e-32 13147596
47.4473 9.542452124408782e-35 7.005772825221462e-32 13144028
47.4935 9.389537793068722e-35 7.00790717639397e-32 13122684
47.5397 9.281650263002703e-35 7.015155396095853e-32 13103336
47.5859 9.302409732467965e-35 7.033883834152792e-32 13108416
47.6321 9.230409240574951e-35 7.024581240784729e-32 13073744
47.6783 9.20532907118853e-35 7.04900891808762e-32 13076900
47.7245 9.052677591326699e-35 7.053775134502661e-32 13051992
47.7707 9.106938361345978e-35 7.070802907686269e-32 13056752
47.8169 9.106391789318014e-35 7.075588231468959e-32 13036344
47.8631 8.933462070820865e-35 7.081585371722028e-32 13009832
47.9093 9.027357220407488e-35 7.084738479446664e-32 12996668
47.9555 8.981466374404504e-35 7.105224631340394e-32 13003248
48.0017 8.928938630265786e-35 7.100049745823868e-32 12967172
48.0479 8.984155253678133e-35 7.117828367890951e-32 12963480
48.0941 8.863632440509972e-35 7.132414629656554e-32 12954260
48.1403 8.901070440929221e-35 7.13923352266258e-32 12942432
48.1865 8.856528542374414e-35 7.144597659738239e-32 12924296
48.2327 8.872963627973719e-35 7.156145044184165e-32 12903392
48.2789 8.889067239089709e-35 7.165687410015279e-32 12906168
48.3251 8.79285918868507e-35 7.169163920965508e-32 12873656
48.3713 8.869770365066707e-35 7.179966962733568e-32 12870720
48.4175 8.796397053816619e-35 7.190654267666148e-32 12855428
48.4637 8.80800932192067e-35 7.202064078786223e-32 12842256
48.5099 8.808122557727202e-35 7.203027394319088e-32 12820304
48.5561 8.756865753827338e-35 7.224896265336543e-32 12820328
48.6023 8.760611491547499e-35 7.219367700344959e-32 12794856
48.6485 8.768777877114359e-35 7.238350784965939e-32 12787940
48.6947 8.715282431745899e-35 7.229634475219657e-32 12748392
48.7409 8.706633066699122e-35 7.252257977854992e-32 12752756
48.7871 8.630946000331974e-35 7.248213750364238e-32 12732036
48.8333 8.671572922298922e-35 7.266476058811509e-32 12737132
48.8795 8.595948924496863e-35 7.266991428692398e-32 12712976
48.9257 8.656730678464538e-35 7.285384463749348e-32 12696348
48.9719 8.673433308732244e-35 7.284388374388133e-32 12673892
49.0181 8.603985500364177e-35 7.3147437813431e-32 12677316
49.0643 8.588560677642883e-35 7.305787999803084e-32 12650384
49.1105 8.584631435580008e-35 7.305094409925445e-32 12621344
49.1567 8.623279655380925e-35 7.33221186217323e-32 12624204
49.2029 8.565361528092352e-35 7.336384552151352e-32 12615632
49.2491 8.536360175282188e-35 7.347609476892481e-32 12600420
49.2953 8.546230393491631e-35 7.33409452040244e-32 12570224
49.3415 8.574147469984612e-35 7.367999890421969e-32 12566868
49.3877 8.524353596696766e-35 7.36052108116507e-32 12545828
49.4339 8.519454322502832e-35 7.376826235358033e-32 12538232
49.4801 8.532693015635093e-35 7.368628790398327e-32 12496452
49.5263 8.487085852056971e-35 7.383634347883595e-32 12502688
49.5725 8.54583714556129e-35 7.404775393584738e-32 12498708
49.6187 8.412202651860989e-35 7.402197756627799e-32 12469640
49.6649 8.350065900688123e-35 7.399768190430629e-32 12440136
49.7111 8.550016552838723e-35 7.415329528740994e-32 12442412
49.7573 8.356715424247733e-35 7.429521905631006e-32 12433712
49.8035 8.480138851147811e-35 7.428530087478433e-32 12410544
49.8497 8.323501759468548e-35 7.431826008525781e-32 12381512
49.8959 8.421754340583531e-35 7.442741790357631e-32 12378960
49.9421 8.381482878240876e-35 7.457010294062884e-32 12366872
49.9883 8.334728443405351e-35 7.45242564595845e-32 12345588
50.0345 8.424558214065304e-35 7.464376234332222e-32 12327008
50.0807 8.415932813072698e-35 7.462073041019579e-32 12313388
50.1269 8.447335775195212e-35 7.475306810007542e-32 12306768
50.1731 8.340021138570493e-35 7.472099961131708e-32 12275504
50.2193 8.360158768130764e-35 7.48216009469471e-32 12265620
50.2655 8.388453178669104e-35 7.488686412128691e-32 12236324
50.3117 8.356981018247521e-35 7.507862331072241e-32 12253880
50.3579 8.363760964425752e-35 7.507504126274873e-32 12219756
50.4041 8.295106754797154e-35 7.508825341566389e-32 12195524
50.4503 8.350394552682733e-35 7.52241612549674e-32 12189000
50.4965 8.30695567341897e-35 7.524690862751598e-32 12170168
50.5427 8.264098290442726e-35 7.525340116448847e-32 12147588
50.5889 8.265662443283525e-35 7.532594388813474e-32 12134360
50.6351 8.294027093628652e-35 7.542729700394857e-32 12122816
50.6813 8.273836323126545e-35 7.549265089834234e-32 12107580
50.7275 8.20711074638093e-35 7.558107092123522e-32 12098972
50.7737 8.187718962766189e-35 7.54791840635301e-32 12054744
50.8199 8.236074005781696e-35 7.565453021353215e-32 12056912
50.8661 8.17070988415441e-35 7.573458504043487e-32 12039108
50.9123 8.198287072030056e-35 7.569040780205046e-32 12019400
50.9585 8.19230888428516e-35 7.569802921786535e-32 11996936
51.0047 8.136212702753041e-35 7.584025364493777e-32 11979744
51.0509 8.176282646744722e-35 7.597195191903235e-32 11975504
51.0971 8.152193690855879e-35 7.604341505738571e-32 11963472
51.1433 8.170434408567452e-35 7.595788215022861e-32 11928692
51.1895 8.127609862328803e-35 7.607593711709405e-32 11920356
51.2357 8.110292360255137e-35 7.612184653042413e-32 11900072
51.2819 8.168877194158811e-35 7.632402270712224e-32 11897312
51.3281 8.096245407368034e-35 7.617600008439245e-32 11857164
51.3743 8.132864133245222e-35 7.622174475875872e-32 11842556
51.4205 8.069597296196694e-35 7.635740897565549e-32 11841552
51.4667 8.09567453777511e-35 7.631559552540964e-32 11811860
51.5129 8.111756103305606e-35 7.637273536795152e-32 11798888
51.5591 8.051616768804257e-35 7.639896163273134e-32 11768748
51.6053 8.065501251777885e-35 7.660984908148219e-32 11777096
51.6515 8.024484956973342e-35 7.646504086170155e-32 11733936
51.6977 8.093771411606938e-35 7.649572788871159e-32 11714324
51.7439 8.028215527039869e-35 7.675255510327283e-32 11725020
51.7901 8.038363403737708e-35 7.672156482102271e-32 11696816
51.8363 7.987436074487312e-35 7.663267638273464e-32 11666048
51.8825 8.003382032441821e-35 7.670123448367349e-32 11661996
51.9287 8.037472793393142e-35 7.677575586496666e-32 11645228
51.9749 8.018614537690318e-35 7.675127534558572e-32 11620884
52.0211 7.985651177031977e-35 7.676559206641995e-32 11590808
52.0673 8.022529378220193e-35 7.687872690713768e-32 11587908
52.1135 7.901859592673683e-35 7.686594093530646e-32 11569028
52.1597 7.980841608106599e-35 7.693808291439202e-32 11558012
52.2059 7.936744543441152e-35 7.693830523223391e-32 11528724
52.2521 7.950262128316546e-35 7.705886984468237e-32 11506964
52.2983 7.897793522598267e-35 7.705787760184394e-32 11494536
52.3445 7.945178539831233e-35 7.709638050258494e-32 11477444
52.3907 7.884115588591058e-35 7.710440502748015e-32 11456804
52.4369 7.929746571851721e-35 7.710071695129214e-32 11428740
52.4831 8.009067871618165e-35 7.727346230564784e-32 11427272
52.5293 7.927229442252365e-35 7.724083168693133e-32 11407524
52.5755 7.833470336532435e-35 7.714965736741381e-32 11376992
52.6217 7.82446867264665e-35 7.727413497311059e-32 11363952
52.6679 7.98330595643082e-35 7.730128237156779e-32 11346680
52.7141 7.803359720958213e-35 7.725064552331914e-32 11322272
52.7603 7.836233891422901e-35 7.731831320423908e-32 11313672
52.8065 7.834054057597304e-35 7.722439532378853e-32 11276120
52.8527 7.884221470563347e-35 7.752480511286926e-32 11283648
52.8989 7.750380307732135e-35 7.738391475618317e-32 11248088
52.9451 7.742707091759248e-35 7.751683032964816e-32 11240592
52.9913 7.698249363600078e-35 7.75200841159187e-32 11217380
53.0375 7.655060275014058e-35 7.745644646860703e-32 11185436
53.0837 7.758172765265769e-35 7.752564706400191e-32 11182920
53.1299 7.635397538040544e-35 7.750696150896847e-32 11148968
53.1761 7.659755453438456e-35 7.751142439499721e-32 11132988
53.2223 7.683283376982815e-35 7.759171188659899e-32 11121068
53.2685 7.58634338481582e-35 7.743468682160052e-32 11080992
53.3147 7.695111194660401e-35 7.768919164242703e-32 11101004
53.3609 7.652233819975602e-35 7.754470278271596e-32 11052488
53.4071 7.595733952348533e-35 7.762604695258452e-32 11042760
53.4533 7.660310947572235e-35 7.759188791198418e-32 11024240
53.4995 7.57816380976341e-35 7.763330122255369e-32 11000652
53.5457 7.579129773206843e-35 7.760143314856521e-32 10983116
53.5919 7.597780555220386e-35 7.755496307060679e-32 10951520
53.6381 7.563965712348332e-35 7.765891046157324e-32 10954992
53.6843 7.560955523541415e-35 7.758129808853612e-32 10922468
53.7305 7.540984712813461e-35 7.75335087637428e-32 10900932
53.7767 7.565331054537425e-35 7.764700477792705e-32 10876700
53.8229 7.549994360127825e-35 7.776756666002281e-32 10874520
53.8691 7.497848089953765e-35 7.756942403642786e-32 10837064
53.9153 7.538387133043133e-35 7.755617908818018e-32 10811504
53.9615 7.488146485233348e-35 7.772048873598252e-32 10817724
54.0077 7.480458520515144e-35 7.765344626778402e-32 10782764
54.0539 7.505930211585709e-35 7.760461685069528e-32 10759932
54.1001 7.43279001268105e-35 7.763292156089497e-32 10739204
54.1463 7.492454741664585e-35 7.760258632704287e-32 10720560
54.1925 7.461659563885608e-35 7.765893968882297e-32 10715144
54.2387 7.419965430284351e-35 7.753854402307317e-32 10664960
54.2849 7.484703791595427e-35 7.757884180775325e-32 10661076
54.3311 7.410377008705175e-35 7.751017272381496e-32 10634540
54.3773 7.466908790242719e-35 7.766294739291995e-32 10629012
54.4235 7.427006804022517e-35 7.756934791491906e-32 10600856
54.4697 7.373003432292385e-35 7.749370832432309e-32 10566600
54.5159 7.353008112368212e-35 7.761429578093808e-32 10567232
54.5621 7.315958229864401e-35 7.75581274999309e-32 10531880
54.6083 7.375528461494499e-35 7.771321004116467e-32 10530996
54.6545 7.321697481292301e-35 7.745678814945682e-32 10477004
54.7007 7.349391013551369e-35 7.754126474699743e-32 10471488
54.7469 7.31509491121463e-35 7.769708197786796e-32 10464068
54.7931 7.27575335712614e-35 7.747565674404358e-32 10430660
54.8393 7.331350157541897e-35 7.758444615621638e-32 10419756
54.8855 7.267811890912337e-35 7.750101432117433e-32 10384784
54.9317 7.283985046788832e-35 7.751538163501732e-32 10374072
54.9779 7.302285924084305e-35 7.742806557968514e-32 10348256
55.0241 7.227690331215582e-35 7.737974231548919e-32 10318008
55.0703 7.301185371332251e-35 7.748488366469169e-32 10309604
55.1165 7.198051510064933e-35 7.743287183231146e-32 10286924
55.1627 7.239436914641344e-35 7.740707459360859e-32 10261848
55.2089 7.209648811865496e-35 7.746009187731159e-32 10243016
55.2551 7.162207049082101e-35 7.725331686755863e-32 10211616
55.3013 7.256635944989264e-35 7.741204251924711e-32 10207340
55.3475 7.156407960535742e-35 7.720323585334782e-32 10164252
55.3937 7.188642423929163e-35 7.734584425279288e-32 10159472
55.4399 7.164014667457758e-35 7.728330155294616e-32 10129184
55.4861 7.163986398246123e-35 7.726973363042991e-32 10114464
55.5323 7.158502602521981e-35 7.732238251231681e-32 10103336
55.5785 7.079463027908719e-35 7.701611024850755e-32 10049364
55.6247 7.164654281868101e-35 7.717654459146153e-32 10056980
55.6709 7.129770100434186e-35 7.711328289221006e-32 10027464
55.7171 7.120304905185244e-35 7.706756651352898e-32 10001132
55.7633 7.096529336157365e-35 7.705348085550604e-32 9984704
55.8095 7.038413521144964e-35 7.69234686391475e-32 9946872
55.8557 7.061569084078485e-35 7.702367170650405e-32 9950204
55.9019 7.009819195634851e-35 7.680166183680502e-32 9907884
55.9481 7.002923448860593e-35 7.684045702230395e-32 9890480
55.9943 6.956138561025818e-35 7.672199259148264e-32 9864212
56.0405 6.995902520125777e-35 7.686734583033442e-32 9850680
56.0867 6.978060488431013e-35 7.680895638021223e-32 9831356
56.1329 6.913726539588553e-35 7.64870467556608e-32 9781176
56.1791 6.962349410277739e-35 7.66547126392575e-32 9789368
56.2253 6.933384091365071e-35 7.65808601026242e-32 9760404
56.2715 6.900818909478537e-35 7.6576173774579e-32 9735800
56.3177 6.887937155082708e-35 7.6505027089844e-32 9711092
56.3639 6.88749981975154e-35 7.651038184270259e-32 9689040
56.4101 6.928744299252279e-35 7.641217316035823e-32 9668192
56.4563 6.823674574193987e-35 7.643742914389529e-32 9643500
56.5025 6.902101174095299e-35 7.630993440335995e-32 9617840
56.5487 6.826654089001267e-35 7.630741248012004e-32 9596220
56.5949 6.854053833224949e-35 7.626363622654208e-32 9579572
56.6411 6.860089567764159e-35 7.624072981662385e-32 9553832
56.6873 6.77628630499903e-35 7.615263003453585e-32 9523872
56.7335 6.860964049216051e-35 7.608552207391325e-32 9502856
56.7797 6.75834869747897e-35 7.609069665605032e-32 9490980
56.8259 6.800659235841391e-35 7.595569765434826e-32 9456200
56.8721 6.767724506840628e-35 7.588518832521903e-32 9434060
56.9183 6.738562316516871e-35 7.581284052905422e-32 9409128
56.9645 6.741269674617871e-35 7.573369073139454e-32 9392816
57.0107 6.714295298119357e-35 7.57174735013606e-32 9367812
57.0569 6.765465338526289e-35 7.561321277373379e-32 9335648
57.1031 6.725933795870844e-35 7.57334421997386e-32 9334140
57.1493 6.673824099427599e-35 7.549240281110216e-32 9287804
57.1955 6.722459742461069e-35 7.560013493715938e-32 9280268
57.2417 6.660953540397009e-35 7.535418113417826e-32 9232656
57.2879 6.729446580166952e-35 7.543441421433521e-32 9235316
57.3341 6.651561391063634e-35 7.525872470458243e-32 9201576
57.3803 6.653535141557511e-35 7.51961221836452e-32 9175664
57.4265 6.627569871506436e-35 7.517220589478738e-32 9151536
57.4727 6.583848519418229e-35 7.503050478830984e-32 9128240
57.5189 6.593249145527269e-35 7.502365494090433e-32 9109832
57.5651 6.556161669378366e-35 7.491775591186923e-32 9072324
57.6113 6.530788750726293e-35 7.495672756984869e-32 9060392
57.6575 6.548789924607486e-35 7.477873888198924e-32 9034272
57.7037 6.529499277439875e-35 7.472587156641613e-32 9008744
57.7499 6.565531712552592e-35 7.471481382981519e-32 8989764
57.7961 6.459626528650449e-35 7.446214457831222e-32 8956412
57.8423 6.583902281085235e-35 7.450596882903107e-32 8941880
57.8885 6.443920327454397e-35 7.441872208626625e-32 8914968
57.9347 6.481300986008861e-35 7.41847309510513e-32 8881592
57.9809 6.441881886381072e-35 7.419068003221232e-32 8866164
58.0271 6.422877092067226e-35 7.408555567088203e-32 8832464
58.0733 6.486199693888837e-35 7.403010281154198e-32 8819384
58.1195 6.385927907280729e-35 7.389276595725185e-32 8784948
58.1657 6.460908770407929e-35 7.391540637313579e-32 8766056
58.2119 6.380973863619232e-35 7.384453022800696e-32 8741592
58.2581 6.378644953276647e-35 7.365184621040712e-32 8715404
58.3043 6.365917339428614e-35 7.364409195859148e-32 8693160
58.3505 6.307201263307109e-35 7.344252244471052e-32 8660528
58.3967 6.399673607740877e-35 7.343918693860212e-32 8638364
58.4429 6.291671596075688e-35 7.344491147351157e-32 8622660
58.4891 6.376002256906814e-35 7.322277410090707e-32 8587712
58.5353 6.280375140099739e-35 7.320485202071211e-32 8569368
58.5815 6.261441953979834e-35 7.297170425371171e-32 8529836
58.6277 6.346487902306923e-35 7.318163174095791e-32 8529840
58.6739 6.231444098741964e-35 7.282825133122034e-32 8486240
58.7201 6.34377728714823e-35 7.273839231820657e-32 8464964
58.7663 6.212903426703884e-35 7.26291938079106e-32 8441376
58.8125 6.242332682633898e-35 7.235009964653986e-32 8401016
58.8587 6.276207846087599e-35 7.256810956296478e-32 8409180
58.9049 6.162663428987003e-35 7.219702679223438e-32 8351564
58.9511 6.22897766608666e-35 7.218472562479481e-32 8339304
58.9973 6.144412033218059e-35 7.205173717137252e-32 8310416
59.0435 6.162224504394654e-35 7.197794541643325e-32 8286104
59.0897 6.152562462791769e-35 7.190439256135851e-32 8262372
59.1359 6.059403061946828e-35 7.168169854382388e-32 8225852
59.1821 6.112192181938627e-35 7.176033999648676e-32 8224104
59.2283 6.007325429558262e-35 7.153204623321685e-32 8180564
59.2745 6.009599428171633e-35 7.136166659468427e-32 8150744
59.3207 6.042287705118955e-35 7.142483662745422e-32 8137680
59.3669 5.956696073942461e-35 7.122101683081904e-32 8111156
59.4131 6.013834537443701e-35 7.110384991906373e-32 8078748
59.4593 5.927631003895592e-35 7.094601525822703e-32 8045600
59.5055 5.964094338139724e-35 7.085928133918911e-32 8035524
59.5517 5.958765700710173e-35 7.077527891787428e-32 8002928
59.5979 5.87572977319515e-35 7.062226035074129e-32 7975760
59.6441 5.95403463452107e-35 7.048750227335452e-32 7946448
59.6903 5.839588974584164e-35 7.044067706355613e-32 7924280
59.7365 5.884779635925178e-35 7.027853852198428e-32 7899672
59.7827 5.857831329421336e-35 7.012472611180111e-32 7869572
59.8289 5.827415128790646e-35 7.003992747644312e-32 7830276
59.8751 5.887796474039929e-35 7.000352769735247e-32 7826636
59.9213 5.777931955461622e-35 6.983342457360884e-32 7792388
59.9675 5.809967048242441e-35 6.972696999423862e-32 7765296
60.0137 5.799486001642626e-35 6.946735640006843e-32 7733948
60.0599 5.76534986291221e-35 6.941135767285648e-32 7710948
60.1061 5.743099302816224e-35 6.930290991479092e-32 7689260
60.1523 5.72778556105969e-35 6.903225206274296e-32 7649916
60.1985 5.70858690688203e-35 6.904318671081717e-32 7638020
60.2447 5.698660051338342e-35 6.880555775477269e-32 7597136
60.2909 5.731893673643853e-35 6.886407528964455e-32 7586532
60.3371 5.621751094000586e-35 6.843828823034853e-32 7540628
60.3833 5.692312302793619e-35 6.845047316885668e-32 7519344
60.4295 5.63573464729257e-35 6.830058421165723e-32 7501880
60.4757 5.597686018143543e-35 6.811328331178037e-32 7466540
60.5219 5.626039524534391e-35 6.79747614470536e-32 7440012
60.5681 5.564725269912134e-35 6.78534376256179e-32 7414112
60.6143 5.629402512215978e-35 6.768257108192545e-32 7382808
60.6605 5.574874190571334e-35 6.758088035164365e-32 7365056
60.7067 5.537980556924334e-35 6.728119946618224e-32 7324200
60.7529 5.600940662336283e-35 6.725088572701443e-32 7308356
60.7991 5.468465706090669e-35 6.708168769764339e-32 7275944
60.8453 5.544192453716437e-35 6.677364671460748e-32 7238628
60.8915 5.495561701082802e-35 6.68291979063401e-32 7231832
60.9377 5.495973207856376e-35 6.65497179396678e-32 7189104
60.9839 5.435055263348029e-35 6.650873447460712e-32 7168592
61.0301 5.392259567566985e-35 6.62383671215346e-32 7136184
61.0763 5.398991466567161e-35 6.619977577328434e-32 7116188
61.1225 5.376798395610848e-35 6.595339069626481e-32 7077644
61.1687 5.364330496788272e-35 6.579809452342751e-32 7053780
61.2149 5.32668353108417e-35 6.567107898242467e-32 7031900
61.2611 5.3853198468314e-35 6.550430631712137e-32 6993612
61.3073 5.350105968090335e-35 6.537483709174694e-32 6976868
61.3535 5.287453183593125e-35 6.507351856448285e-32 6934520
61.3997 5.298039835256056e-35 6.509764848680069e-32 6920268
61.4459 5.262070280611163e-35 6.489171483937261e-32 6889172
61.4921 5.256372789612064e-35 6.459777531091885e-32 6844680
61.5383 5.247477436479547e-35 6.458481121371379e-32 6834860
61.5845 5.198823060562449e-35 6.431833718610109e-32 6802656
61.6307 5.224044176708449e-35 6.419728731734662e-32 6777188
61.6769 5.189215426570791e-35 6.392576928275663e-32 6737144
61.7231 5.16803975212537e-35 6.389195835555166e-32 6712620
61.7693 5.154883304974289e-35 6.368137194100849e-32 6695444
61.8155 5.111497477946449e-35 6.339188512244029e-32 6653604
61.8617 5.136843184692008e-35 6.323070896045115e-32 6626744
61.9079 5.063451305789385e-35 6.310078908515843e-32 6602196
61.9541 5.037138254462391e-35 6.295807146801317e-32 6571892
62.0003 5.092938974426431e-35 6.27143938487954e-32 6541832
62.0465 5.021278053437468e-35 6.252003977296092e-32 6504960
62.0927 5.070024677391972e-35 6.241552672963478e-32 6496244
62.1389 4.97650206876042e-35 6.216890964962814e-32 6453468
62.1851 5.037599572858822e-35 6.20554774329474e-32 6432680
62.2313 4.9834414587091e-35 6.187515940148101e-32 6396960
62.2775 4.94799275393219e-35 6.163063847385945e-32 6364784
62.3237 5.003886853727989e-35 6.161781019564666e-32 6352916
62.3699 4.861920617468116e-35 6.12117785797184e-32 6304836
62.4161 4.963905641674788e-35 6.109441348979344e-32 6282080
62.4623 4.844405705589474e-35 6.084403090321153e-32 6251508
62.5085 4.889150528152119e-35 6.06574362121455e-32 6225728
62.5547 4.804608081611034e-35 6.047384473039432e-32 6187640
62.6009 4.853162495273736e-35 6.022579276008244e-32 6159276
62.6471 4.822391945207895e-35 6.012806984390096e-32 6141404
62.6933 4.82620729545457e-35 5.98099338921315e-32 6104412
62.7395 4.815747460932595e-35 5.96430903627688e-32 6071612
62.7857 4.745024116841582e-35 5.951476119958618e-32 6046032
62.8319 4.742260349830702e-35 5.9219167599619e-32 6013244
62.8781 4.725803099023214e-35 5.910974963968583e-32 5990204
62.9243 4.618134216574354e-35 5.878151421061958e-32 5950020
62.9705 4.670003682902441e-35 5.874230644260182e-32 5938520
63.0167 4.578460028585498e-35 5.829024362936573e-32 5890944
63.0629 4.626514605114792e-35 5.813090395005873e-32 5864480
63.1091 4.562071809532897e-35 5.800784107803736e-32 5834628
63.1553 4.519846376953079e-35 5.774939790684361e-32 5806868
63.2015 4.540034915351613e-35 5.761903329649568e-32 5779796
63.2477 4.494376266191441e-35 5.733891749276405e-32 5744076
63.2939 4.521379934663919e-35 5.720466525746414e-32 5716436
63.3401 4.457821311016336e-35 5.696478926615285e-32 5686140
63.3863 4.437721335292449e-35 5.662064563748034e-32 5648924
63.4325 4.447588939137861e-35 5.658701938402481e-32 5631720
63.4787 4.404744726681123e-35 5.620134781909226e-32 5592584
63.5249 4.419624167086096e-35 5.608824528161101e-32 5565032
63.5711 4.350127275271749e-35 5.577713414353188e-32 5527812
63.6173 4.324420324023714e-35 5.557806217722941e-32 5502944
63.6635 4.360620539427843e-35 5.543437490821059e-32 5479728
63.7097 4.284056795457823e-35 5.506508674885911e-32 5435888
63.7559 4.356714573124463e-35 5.488845701508023e-32 5413076
63.8021 4.269421654893591e-35 5.467618256158417e-32 5379972
63.8483 4.267003479429835e-35 5.445784815897827e-32 5348924
63.8945 4.249926187083583e-35 5.417848834727173e-32 5317392
63.9407 4.165839157367861e-35 5.379982853020616e-32 5279504
63.9869 4.267610764579219e-35 5.383748279747329e-32 5268480
64.0331 4.161677702853133e-35 5.347318741510062e-32 5223572
64.0793 4.156771340250389e-35 5.329023369448263e-32 5190452
64.1255 4.136672709272777e-35 5.303306076541277e-32 5162808
64.1716 4.103835664762993e-35 5.289221371826686e-32 5130032
64.2178 4.061508612222176e-35 5.253195943927701e-32 5102844
64.264 4.100550357060341e-35 5.227750461690496e-32 5064404
64.3102 4.04353511230706e-35 5.209704713285133e-32 5041788
64.3564 4.081743573567056e-35 5.176917862590061e-32 5006048
64.4026 3.992588879327775e-35 5.156557153984301e-32 4974476
64.4488 4.046319488897413e-35 5.129366308816082e-32 4944876
64.495 3.93699891957643e-35 5.100010088568874e-32 4906532
64.5412 4.019034664264505e-35 5.090118017507388e-32 4887960
64.5874 3.921016644645965e-35 5.049466081155215e-32 4844576
64.6336 3.978920710876506e-35 5.025493780705678e-32 4814876
64.6798 3.856902002444673e-35 5.013734495921179e-32 4789392
64.726 3.881630982171112e-35 4.970215960578192e-32 4742684
64.7722 3.844777801959483e-35 4.971855115678312e-32 4734516
64.8184 3.754810622960994e-35 4.921962979034022e-32 4682588
64.8646 3.857759419575384e-35 4.909518526165278e-32 4661736
64.9108 3.71973068115188e-35 4.88283814631671e-32 4628360
64.957 3.798639024939192e-35 4.849994824773063e-32 4589408
65.0032 3.664524595969017e-35 4.824320249321528e-32 4560588
65.0494 3.721771596395731e-35 4.802780973391127e-32 4531724
65.0956 3.639123126948099e-35 4.784360696178587e-32 4499988
65.1418 3.671357089617641e-35 4.737983589449312e-32 4461728
65.188 3.588178028738646e-35 4.723823010328682e-32 4433484
65.2342 3.604937371410464e-35 4.700256970314067e-32 4405280
65.2804 3.559400394936546e-35 4.664266137080048e-32 4360472
65.3266 3.584989683326865e-35 4.64822190522499e-32 4339080
65.3728 3.54906596429309e-35 4.610041057542719e-32 4301396
65.419 3.528619945124722e-35 4.587811950864662e-32 4271340
65.4652 3.557928614681868e-35 4.560383500789228e-32 4239968
65.5114 3.418868641151631e-35 4.526542192469032e-32 4201116
65.5576 3.522674986752855e-35 4.512630506608162e-32 4177748
65.6038 3.364243038838803e-35 4.475030449262979e-32 4136636
65.65 3.427668282516549e-35 4.450854196960353e-32 4110516
65.6962 3.374299191109889e-35 4.425791317416063e-32 4075076
65.7424 3.319976401533289e-35 4.392189081477831e-32 4037220
65.7886 3.382935572734295e-35 4.367204959052515e-32 4008632
65.8348 3.255203087747537e-35 4.337772409287047e-32 3972800
65.881 3.346911692305191e-35 4.315402202960641e-32 3946224
65.9272 3.209353361537738e-35 4.277095941396839e-32 3908516
65.9734 3.320941897225475e-35 4.250161741045701e-32 3876912
66.0196 3.147365670214543e-35 4.214993312633801e-32 3839720
66.0658 3.161314455839449e-35 4.197462154014143e-32 3813012
66.112 3.251876352467339e-35 4.171987642810916e-32 3777968
66.1582 3.096926207202974e-35 4.125391283961993e-32 3737048
66.2044 3.199627845569929e-35 4.11049142711055e-32 3713520
66.2506 3.059762349489192e-35 4.081530047340644e-32 3677996
66.2968 3.157695288467208e-35 4.042364499389397e-32 3640800
66.343 3.028345500081265e-35 4.014194488632414e-32 3607976
66.3892 2.993701624964447e-35 3.981678233678044e-32 3570924
66.4354 3.080823007623802e-35 3.961285156060501e-32 3545936
66.4816 2.941321239362267e-35 3.919399613275498e-32 3506408
66.5278 3.044731133594202e-35 3.890941252591654e-32 3471600
66.574 2.915673125155255e-35 3.862354867898642e-32 3442172
66.6202 2.880623201192573e-35 3.828687015268074e-32 3407676
66.6664 2.9461084169402e-35 3.800764318310789e-32 3373964
66.7126 2.838991020160799e-35 3.766836629774418e-32 3336468
66.7588 2.921685948030176e-35 3.742387604300968e-32 3307520
66.805 2.755054464765892e-35 3.702801371116326e-32 3272000
66.8512 2.736250977468363e-35 3.673499259604219e-32 3237408
66.8974 2.624349065275681e-35 3.632732013687326e-32 3196721
66.9436 2.605208083456079e-35 3.617080634674208e-32 3179382
66.9898 2.563174449861369e-35 3.57283861179255e-32 3135572
67.036 2.534034009596604e-35 3.548876284375402e-32 3103196
67.0822 2.515176784631344e-35 3.524970569354833e-32 3079200
67.1284 2.49241356587999e-35 3.502873335509318e-32 3053732
67.1746 2.459298168703612e-35 3.473439253005382e-32 3018894
67.2208 2.4346271484258e-35 3.442056276461894e-32 2988590
67.267 2.420880241291601e-35 3.429312090692864e-32 2970498
67.3132 2.386302298090328e-35 3.398305334120312e-32 2938226
67.3594 2.374271254512104e-35 3.367343477165281e-32 2910458
67.4056 2.35164759140535e-35 3.339178669174958e-32 2883180
67.4518 2.330053157760241e-35 3.325371202096583e-32 2860964
67.498 2.307964358152924e-35 3.299862131342987e-32 2833284
67.5442 2.289611806188362e-35 3.270134232626153e-32 2808758
67.5904 2.270489548323881e-35 3.251452666707322e-32 2780862
67.6366 2.252881368816073e-35 3.227196830658871e-32 2758742
67.6828 2.229593706063188e-35 3.200456293237077e-32 2734520
67.729 2.216141833686703e-35 3.173384589852807e-32 2707878
67.7752 2.197732336717408e-35 3.158762764151601e-32 2685368
67.8214 2.175947995052185e-35 3.129713215874379e-32 2660304
67.8676 2.15914909159602e-35 3.114255150134987e-32 2642216
67.9138 2.14177705025764e-35 3.082613625756874e-32 2610312
67.96 2.125401933612946e-35 3.066615571187191e-32 2593256
68.0062 2.109698793549774e-35 3.045826150917557e-32 2569946
68.0524 2.088439388337376e-35 3.011623025434362e-32 2542752
68.0986 2.078334326935868e-35 3.001580942653719e-32 2526218
68.1448 2.053562243309425e-35 2.977395168871785e-32 2501610
68.191 2.037266041155878e-35 2.951669780275206e-32 2479202
68.2372 2.022854227845326e-35 2.933376713725648e-32 2457824
68.2834 2.005954437758423e-35 2.915388777020376e-32 2436522
68.3296 1.985949772342154e-35 2.890902672177764e-32 2413964
68.3758 1.980215307869273e-35 2.875024444609387e-32 2396034
68.422 1.954175397984315e-35 2.845049500120662e-32 2369162
68.4682 1.942443873592479e-35 2.835041211450412e-32 2354394
68.5144 1.923409705000577e-35 2.808210898311599e-32 2332340
68.5606 1.91229421382418e-35 2.789765716390319e-32 2309150
68.6068 1.895749217092515e-35 2.765143907594692e-32 2288172
68.653 1.880516028338593e-35 2.749168330114351e-32 2269922
68.6992 1.868399153732211e-35 2.732292954145659e-32 2250780
68.7454 1.85347218409486e-35 2.707076412613494e-32 2229338
68.7916 1.836912863114207e-35 2.69001634749766e-32 2210772
68.8378 1.817962412943887e-35 2.670285122471529e-32 2192108
68.884 1.800988722735065e-35 2.648005528704663e-32 2170988
68.9302 1.791754702467306e-35 2.630584981202126e-32 2152722
68.9764 1.777559715796195e-35 2.607979056916139e-32 2132996
69.0226 1.7676346836247e-35 2.589171989325646e-32 2117244
69.0688 1.745025884609516e-35 2.571296204771079e-32 2092700
69.115 1.726404410849607e-35 2.549497012085618e-32 2074508
69.1612 1.72058225358685e-35 2.537147966699283e-32 2061852
69.2074 1.702123814255254e-35 2.510127727498067e-32 2041724
69.2536 1.685571131591982e-35 2.491740937562753e-32 2018460
69.2998 1.671494582926263e-35 2.475426853180962e-32 2003006
69.346 1.665009110707463e-35 2.461359039021641e-32 1989396
69.3922 1.651730848288349e-35 2.440464694445508e-32 1968260
69.4384 1.636829601765313e-35 2.413860366045889e-32 1946780
69.4846 1.626008666155425e-35 2.401383694926486e-32 1934142
69.5308 1.613246767486906e-35 2.388853166008184e-32 1918124
69.577 1.59952375156795e-35 2.36064185611835e-32 1896468
69.6232 1.587125625003747e-35 2.343861979767628e-32 1879406
69.6694 1.574148838824064e-35 2.325806938839844e-32 1864284
69.7156 1.561815495901071e-35 2.309641606697139e-32 1850846
69.7618 1.542067079816718e-35 2.287330866029333e-32 1826084
69.808 1.53489765636399e-35 2.270186133634059e-32 1814094
69.8542 1.528612818696841e-35 2.263493950611447e-32 1799300
69.9004 1.511264588928806e-35 2.239074262169383e-32 1780710
69.9466 1.494785584621409e-35 2.223978637533155e-32 1764884
69.9928 1.485778050126989e-35 2.200051658178251e-32 1744434
70.039 1.47250282699522e-35 2.18748838716843e-32 1734356
70.0852 1.45804563301809e-35 2.172319505988904e-32 1717670
70.1314 1.442081582030788e-35 2.147011905264988e-32 1697718
70.1776 1.436053607742027e-35 2.131953266090418e-32 1682948
70.2238 1.425827959508285e-35 2.126140489136483e-32 1670502
70.27 1.404140618877442e-35 2.103988570075906e-32 1654382
70.3162 1.396730224288639e-35 2.083628165467359e-32 1635902
70.3624 1.393623851694432e-35 2.069752329706414e-32 1623948
70.4086 1.38122074406086e-35 2.052304401981018e-32 1607870
70.4548 1.361381827236369e-35 2.033643374262822e-32 1591710
70.501 1.351081823764676e-35 2.014304965592943e-32 1575254
70.5472 1.347444977167108e-35 2.008799627795551e-32 1565550
70.5934 1.330613849780636e-35 1.983540539692389e-32 1546364
70.6396 1.316860838175787e-35 1.966857399072151e-32 1531526
70.6858 1.306414963989877e-35 1.95113448887028e-32 1516926
70.732 1.30233219827622e-35 1.943931995482218e-32 1508390
70.7782 1.279628319343503e-35 1.914299712229323e-32 1486182
70.8244 1.280246181701045e-35 1.903260476553197e-32 1475414
70.8706 1.260193214939995e-35 1.888229047574779e-32 1459662
70.9168 1.255566611368197e-35 1.874961744576746e-32 1447358
70.963 1.241013104230093e-35 1.853569195735958e-32 1433654
71.0092 1.226706195901366e-35 1.841043274590515e-32 1417218
71.0554 1.222798117596014e-35 1.822524119341104e-32 1405838
71.1016 1.208895143106148e-35 1.812913617364405e-32 1392414
71.1478 1.19576489311988e-35 1.791698462554668e-32 1376246
71.194 1.189533604713953e-35 1.775261527105573e-32 1363542
71.2402 1.178918743533801e-35 1.762364916847121e-32 1352918
71.2864 1.170449067414137e-35 1.744920874201423e-32 1338134
71.3326 1.155895388894228e-35 1.730870245924984e-32 1323840
71.3788 1.143891302173292e-35 1.716114015177579e-32 1308782
71.425 1.141083149095324e-35 1.704067056275157e-32 1301238
71.4712 1.130083856931027e-35 1.684848902071907e-32 1284854
71.5174 1.117419051891781e-35 1.669000560004865e-32 1268942
71.5636 1.110437062391946e-35 1.653568057930502e-32 1261590
71.6098 1.101501704434928e-35 1.646920890360371e-32 1247528
71.656 1.095030655745343e-35 1.628140756006335e-32 1233438
71.7022 1.077188649860204e-35 1.60513467277504e-32 1217750
71.7484 1.072367253274656e-35 1.605614308360383e-32 1213134
71.7946 1.058560085878024e-35 1.587987695532322e-32 1197782
71.8408 1.046657980424098e-35 1.561961486524553e-32 1180700
71.887 1.042534454302465e-35 1.55747205281736e-32 1171854
71.9332 1.033944551892169e-35 1.544072383625952e-32 1163174
71.9794 1.024829779147548e-35 1.528289683630652e-32 1146192
72.0256 1.014034583354184e-35 1.51238732174634e-32 1135046
72.0718 1.007000230341624e-35 1.499667087928359e-32 1124070
72.118 9.991180050206984e-36 1.487103514239993e-32 1113638
72.1642 9.847002572036568e-36 1.4688917988675e-32 1100408
72.2104 9.72699998416817e-36 1.451846711681145e-32 1087734
72.2566 9.670843262376001e-36 1.443600219569623e-32 1078334
72.3028 9.627068945208282e-36 1.430337919287145e-32 1066848
72.349 9.510537424738589e-36 1.420698720156328e-32 1055558
72.3952 9.389873679654869e-36 1.39687105389536e-32 1039512
72.4414 9.336797200668684e-36 1.391523326686594e-32 1034006
72.4876 9.278631876763448e-36 1.37767369826885e-32 1023206
72.5338 9.151417808632881e-36 1.360972498198916e-32 1008276
72.58 9.045790755451599e-36 1.345885175441937e-32 996998
72.6262 8.996318387751748e-36 1.34127022747911e-32 990336
72.6724 8.882447955758221e-36 1.323229859817712e-32 977246
72.7186 8.799051455487909e-36 1.308174890232915e-32 964328
72.7648 8.707041483892878e-36 1.298457538807169e-32 955686
72.811 8.640415159768308e-36 1.284906202206864e-32 947630
72.8572 8.557374345798301e-36 1.267634167413911e-32 932496
72.9034 8.469682361355732e-36 1.256616039954299e-32 923126
72.9496 8.386169926636493e-36 1.246125131545364e-32 915264
72.9958 8.282613415531981e-36 1.228398517858845e-32 902150
73.042 8.230272710147942e-36 1.218967274146728e-32 893672
73.0882 8.100816384206511e-36 1.206481655151946e-32 880782
73.1344 8.065903484396356e-36 1.197788117930224e-32 875360
73.1806 7.996429177950964e-36 1.181033669516666e-32 862326
73.2268 7.895232166512575e-36 1.168442405147354e-32 852140
73.273 7.817242771641006e-36 1.158244347480371e-32 842544
73.3192 7.69662511713981e-36 1.143166738916553e-32 832910
73.3654 7.661370180419277e-36 1.135786045431564e-32 824288
73.4116 7.572146044805591e-36 1.11848810267007e-32 812262
73.4578 7.457711150766798e-36 1.108319548914596e-32 804728
73.504 7.431154002252579e-36 1.099763479600167e-32 795486
73.5502 7.359153075643554e-36 1.082984023060086e-32 784520
73.5964 7.262624201369992e-36 1.070819679502441e-32 773576
73.6426 7.201148408013091e-36 1.063480229740689e-32 767574
73.6888 7.126149866208611e-36 1.050144040108477e-32 757976
73.735 7.043251599112665e-36 1.041528210902325e-32 747246
73.7812 6.947265104837588e-36 1.028070402055592e-32 736088
73.8274 6.907532188333513e-36 1.020429675883906e-32 733116
73.8736 6.807995357488507e-36 1.003766320511104e-32 720086
73.9198 6.708549089772328e-36 9.919777898919176e-33 710432
73.966 6.690132764757164e-36 9.788582347051403e-33 702960
74.0122 6.592324824580756e-36 9.717242259035684e-33 695102
74.0584 6.535951140645444e-36 9.587581768773568e-33 685680
74.1046 6.435484298810254e-36 9.430123866086599e-33 674000
74.1508 6.375239260206303e-36 9.34319163714436e-33 669294
74.197 6.292486514819372e-36 9.294096870407849e-33 661064
74.2432 6.212472530249239e-36 9.152581440146252e-33 649664
74.2894 6.180219780385983e-36 9.01270510738394e-33 641262
74.3356 6.097235995965461e-36 8.938195895881519e-33 636632
74.3818 6.05307102376714e-36 8.813867771269776e-33 627324
74.428 5.956297754267576e-36 8.705483816923751e-33 615680
74.4742 5.895681816451679e-36 8.605908645130133e-33 607974
74.5204 5.848602352872005e-36 8.539643156130527e-33 604784
74.5666 5.777842557684355e-36 8.402493015075372e-33 593216
74.6128 5.657498383387279e-36 8.273991095170255e-33 583830
74.659 5.638969884372124e-36 8.213219155659848e-33 578624
74.7052 5.548681675101361e-36 8.10221096688292e-33 571152
74.7514 5.47786658583702e-36 8.012104168034532e-33 562616
74.7976 5.39036575153731e-36 7.835246489882518e-33 551246
74.8438 5.409771102327566e-36 7.84044931991814e-33 549072
74.89 5.33799376650028e-36 7.736176443534216e-33 540848
74.9362 5.210847393610719e-36 7.543178004519626e-33 529620
74.9824 5.163235406694881e-36 7.476891935658824e-33 523232
75.0286 5.11895493850658e-36 7.402196411253103e-33 518286
75.0748 5.107097955386013e-36 7.285790675954863e-33 511160
75.121 4.996857012867032e-36 7.168662194421939e-33 500648
75.1672 4.960674184699148e-36 7.056715126062891e-33 493848
75.2134 4.91976810012996e-36 7.002759207187253e-33 489776
75.2596 4.800938044126193e-36 6.891248079317887e-33 480798
75.3058 4.760473189642336e-36 6.783092563580125e-33 472664
75.352 4.69948413495201e-36 6.698537450196697e-33 467208
75.3982 4.660107291176985e-36 6.62979568720701e-33 461456
75.4444 4.529748925183763e-36 6.498753429750911e-33 451988
75.4906 4.494705103453626e-36 6.402677915675166e-33 443496
75.5368 4.484299889389223e-36 6.377221636013155e-33 441638
75.583 4.377501162218609e-36 6.259678617996401e-33 433968
75.6292 4.333610337347802e-36 6.143083908232184e-33 425888
75.6754 4.282049523223089e-36 6.024526888461405e-33 417600
75.7216 4.215070966522466e-36 6.010334947950512e-33 414632
75.7678 4.169959820877342e-36 5.877823737777196e-33 407024
75.814 4.09699785300365e-36 5.809880050211622e-33 399048
75.8602 4.049661635552928e-36 5.714181032104951e-33 393878
75.9064 4.020012516321786e-36 5.662615582242715e-33 389196
75.9526 3.937342923087941e-36 5.532138135494878e-33 380816
75.9988 3.819635504831705e-36 5.432409477706959e-33 373160
76.045 3.867968183787139e-36 5.412945433930595e-33 370176
76.0912 3.790302503045923e-36 5.317994145255683e-33 364856
76.1374 3.668527490680608e-36 5.185940145598037e-33 356088
76.1836 3.630795156557866e-36 5.079130847772054e-33 348848
76.2298 3.644731867007886e-36 5.076547661433787e-33 347208
76.276 3.562122328729122e-36 4.972085637374634e-33 339944
76.3222 3.514603645318835e-36 4.869865438508875e-33 331856
76.3684 3.491454297783711e-36 4.786558398337422e-33 327150
76.4146 3.457808410578995e-36 4.781803288387395e-33 324092
76.4608 3.342129859665736e-36 4.663117313476801e-33 316944
76.507 3.331093634337352e-36 4.544554112083926e-33 309512
76.5532 3.254771839383146e-36 4.504424599977502e-33 305496
76.5994 3.224452475080236e-36 4.453826886945468e-33 301904
76.6456 3.145392524042657e-36 4.337147755851613e-33 293552
76.6918 3.103094607087371e-36 4.251067216005882e-33 287328
76.738 3.100331344620513e-36 4.221128560076208e-33 285656
76.7842 3.061431417507993e-36 4.15820865349826e-33 279936
76.8304 2.953213093982922e-36 4.050910656083857e-33 273404
76.8766 2.875990146018431e-36 3.918391420875663e-33 264384
76.9228 2.923058303734384e-36 3.925619477282811e-33 266672
76.969 2.858928541903059e-36 3.854486259019107e-33 259208
77.0152 2.799134525738323e-36 3.72511456671528e-33 252216
77.0614 2.744251843974509e-36 3.672114387542176e-33 247088
77.1076 2.698079641617426e-36 3.665820141729839e-33 245664
77.1538 2.671762715445606e-36 3.583099291751612e-33 239288
77.2 2.586593441344068e-36 3.460776352729549e-33 231968
77.2462 2.551242347395677e-36 3.436864549033477e-33 229608
77.2924 2.545087869185655e-36 3.398606033436662e-33 226340
77.3386 2.482078292370618e-36 3.283216456016681e-33 219360
77.3848 2.414825038747522e-36 3.205915785452498e-33 213104
77.431 2.436660770259578e-36 3.19440340753412e-33 213024
77.4772 2.3874480168223e-36 3.118118816593961e-33 208088
77.5234 2.282236699963992e-36 3.00236995121495e-33 200336
77.5696 2.26947399755855e-36 2.9400240257259e-33 195552
77.6158 2.249365673741014e-36 2.953270886378279e-33 196328
77.662 2.202217366398247e-36 2.864640884201501e-33 189792
77.7082 2.135467549017165e-36 2.780098057404212e-33 183908
77.7544 2.066091368499819e-36 2.726444445559665e-33 179424
77.8006 2.08207628113935e-36 2.6899607206917e-33 178760
77.8468 2.027320637026668e-36 2.611266566844119e-33 172928
77.893 1.977103548078278e-36 2.547610057084077e-33 167352
77.9392 1.939579163295464e-36 2.501540726856846e-33 164984
77.9854 1.904545693429749e-36 2.46640312070247e-33 161736
78.0316 1.900946341746138e-36 2.388844935588667e-33 157112
78.0778 1.812640799082842e-36 2.303924404583288e-33 150848
78.124 1.816911212921819e-36 2.300891754065946e-33 151332
78.1702 1.773344685817043e-36 2.245787142759684e-33 146720
78.2164 1.694982301986738e-36 2.171190406560628e-33 140874
78.2626 1.689808103991445e-36 2.092556141110676e-33 136832
78.3088 1.688099346606482e-36 2.095938957990288e-33 137904
78.355 1.599580000281115e-36 1.997944874728027e-33 131384
78.4012 1.553018234974166e-36 1.937417275721791e-33 126248
78.4474 1.566412816126289e-36 1.893403573382989e-33 124152
78.4936 1.562046078678392e-36 1.885464078396843e-33 123896
78.5398 1.461224161023271e-36 1.799540009365508e-33 117588
78.586 1.409868525333302e-36 1.711438772326143e-33 112160
78.6322 1.438903964112262e-36 1.734744970835078e-33 112488
78.6784 1.383093077906102e-36 1.696330850252022e-33 110072
78.7246 1.328419768062201e-36 1.623395055450193e-33 104906
78.7708 1.277180891050975e-36 1.530475717326463e-33 98880
78.817 1.301039963085032e-36 1.561932843701414e-33 101408
78.8632 1.254926729232497e-36 1.492302270669051e-33 97128
78.9094 1.230523608242887e-36 1.412994896998517e-33 92504
78.9556 1.159968783899748e-36 1.358215157714949e-33 88308
79.0018 1.1833740944975e-36 1.39281087053605e-33 89504
79.048 1.130920732440131e-36 1.321853430536341e-33 85064
79.0942 1.102937380003916e-36 1.249733362721496e-33 80856
79.1404 1.063990823201904e-36 1.221548881587361e-33 78914
79.1866 1.044070644240125e-36 1.205038503877271e-33 77928
79.2328 1.034836788964638e-36 1.137117447986735e-33 73760
79.279 1.001605390544685e-36 1.071752296738763e-33 69752
79.3252 9.566338337509947e-37 1.099369500906903e-33 70788
79.3714 9.210297460969816e-37 1.042873226609404e-33 66920
79.4176 9.333488873382589e-37 9.842032238768984e-34 63192
79.4638 8.907539733398604e-37 9.279584621185096e-34 59594
79.51 8.772788237644666e-37 9.860373776573473e-34 62760
79.5562 8.120848985843669e-37 8.918402255938776e-34 56720
79.6024 8.118656897236635e-37 8.295288720386931e-34 53384
79.6486 7.818821024397446e-37 8.235123216498471e-34 52272
79.6948 7.717833477193997e-37 8.375746881304756e-34 53456
79.741 7.029798433390511e-37 7.498438363720823e-34 47676
79.7872 7.227318092725217e-37 6.924607102161733e-34 44234
79.8334 7.036590111219635e-37 7.030925937861576e-34 45288
79.8796 6.869168206777718e-37 7.071141477362872e-34 44960
79.9258 5.939269459209181e-37 6.095380074388829e-34 39344
79.972 6.179974424183953e-37 5.560036611459791e-34 35664
80.0182 6.270037106405976e-37 6.1110596239107e-34 39440
80.0644 5.984794969356149e-37 5.834699283170212e-34 37194
80.1106 4.986641861293467e-37 4.989721600538112e-34 31484
80.1568 5.322007865014714e-37 4.515282475935083e-34 28848
80.203 5.411468480954799e-37 5.125850701398675e-34 33200
80.2492 4.919387564319184e-37 4.714251059543258e-34 30056
80.2954 4.116199096117477e-37 3.893403034940016e-34 24570
80.3416 4.717405887436685e-37 3.727961792168681e-34 23936
80.3878 4.578777978260141e-37 4.214663946137746e-34 26640
80.434 4.036624968679234e-37 3.712958018379449e-34 23624
80.4802 3.27053743974053e-37 2.820184442667741e-34 18020
80.5264 4.097197656305571e-37 3.14200791799703e-34 19986
80.5726 3.828731552756997e-37 3.284114599305451e-34 20744
80.6188 3.424718940168582e-37 2.858310999290902e-34 18000
80.665 2.551341199057706e-37 1.962746806835986e-34 12152
80.7112 3.31241160579909e-37 2.613946429666668e-34 16488
80.7574 3.202735853064515e-37 2.519026564879069e-34 15698
80.8036 2.630776251139457e-37 2.148937395325086e-34 13136
80.8498 1.980302935769765e-37 1.291020206802047e-34 8196
80.896 2.950121252751691e-37 1.996764009630634e-34 12488
80.9422 2.610156094360714e-37 1.753676182598028e-34 11250
80.9884 1.938285436934426e-37 1.442786334473387e-34 8984
81.0346 1.618079157029608e-37 9.075831100804731e-35 5736
81.0808 2.089553958375932e-37 1.335556481487292e-34 8456
81.127 2.032763085281547e-37 1.224228438560953e-34 7448
81.1732 1.407096610715443e-37 8.669090546640564e-35 5538
81.2194 1.214810483111629e-37 6.052381975544297e-35 3884
81.2656 1.523325270500265e-37 8.294389122051103e-35 5208
81.3118 1.415032775660896e-37 6.964962015059275e-35 4424
81.358 7.087959994696882e-38 3.465303034352658e-35 2186
81.4042 1.133737081271764e-37 5.249696965803731e-35 3120
81.4504 1.072505871835328e-37 4.425106055608294e-35 2744
81.4966 8.606833055387111e-38 3.451886839836042e-35 2184
81.5428 3.888235150493982e-38 1.484461491941566e-35 902
81.589 6.955705271829212e-38 2.169986669835632e-35 1464
81.6352 5.144050946314603e-38 1.644185412275231e-35 1064
81.6814 4.357786842747e-38 1.131306256352281e-35 728
81.7276 1.768399353869012e-38 3.905873257548367e-36 258
81.7738 2.469153385296513e-38 5.308153947801822e-36 344
81.82 1.319594590267596e-38 2.510779048862812e-36 168
81.8662 3.794177281139111e-39 7.763143259821851e-37 56
81.9124 5.942856622126879e-40 1.119159663262289e-37 7


0.0461999 0.1515607232742442 0.009822805523889474 18
0.0923998 0.7692074502308466 0.06173456648019782 62
0.1386 0.7722233360757831 0.1526614366321066 98
0.1848 1.4657676634755 0.3086101729537303 210
0.230999 1.725561265830472 0.5944385080864398 350
0.277199 1.406051344911237 0.6168322548791402 450
0.323399 1.222808069318252 0.7897467719729849 602
0.369599 1.088589374728886 0.8903839596933232 762
0.415799 1.019863987009322 1.195678935164073 1142
0.461999 0.6939746149718234 1.079194084258396 1250
0.508199 0.581692670880115 1.038772941560564 1458
0.554399 0.5215424908513882 1.091650377234094 1814
0.600599 0.4687689551507272 1.139887874336253 2178
0.646798 0.3849093577962157 1.195960556194476 2498
0.692998 0.3218942263718622 0.9969959982695049 2622
0.739198 0.3124229661444701 1.103816277130557 3338
0.785398 0.2442133157049624 1.060532692755423 3722
0.831598 0.215829941876983 0.9752493867118573 4170
0.877798 0.1701734946059431 0.8567412871542137 4358
0.923998 0.1517580443817559 0.8087021046520461 5034
0.970198 0.126548335302464 0.7733409086636289 5714
1.0164 0.1069386363853647 0.7171001146688291 5982
1.0626 0.0959434612500342 0.6500731914666765 6602
1.1088 0.07959592277211321 0.6077866125103438 7130
1.155 0.07309443913716897 0.568926557408525 8034
1.2012 0.06086220496892604 0.5100751543451385 8606
1.2474 0.05067721676870889 0.4440275218553174 9066
1.2936 0.04473489175231057 0.43189034699781 9962
1.3398 0.03679228787561322 0.3757412469651012 10550
1.386 0.03178859518080029 0.3521519915085421 11226
1.4322 0.02775211174522028 0.3211109886287256 12146
1.4784 0.02365349840843054 0.2873977730426563 12606
1.5246 0.02124991357030624 0.2685206903454667 13802
1.5708 0.01845744910045255 0.2430924915403039 14754
1.617 0.01542938355163562 0.2139778031155552 15194
1.6632 0.01335995031185052 0.1930281504883287 16454
1.7094 0.01159572259987734 0.1753048048177107 17154
1.7556 0.01023314409260464 0.1599427985398867 18266
1.8018 0.008458568847345582 0.1382800012569833 18750
1.848 0.007611069354269231 0.1324381203073932 20234
1.8942 0.006770229106971894 0.1213376604492095 21450
1.9404 0.00569396264034929 0.1058639638096015 21962
1.9866 0.005069451309234076 0.09807063353670992 23462
2.0328 0.004313157158841379 0.08712932647827037 24042
2.079 0.003863428222912379 0.08030283439580586 25946
2.1252 0.003274076836445445 0.070793819009993 26118
2.17139 0.002847873802300897 0.06404647593470711 27506
2.21759 0.002553343749081067 0.05903974554865734 29066
2.26379 0.002228411656711285 0.05302928566067863 30450
2.30999 0.001938428853216666 0.04793743410273414 31742
2.35619 0.001683894374341122 0.04269393112168991 32250
2.40239 0.001467959101738731 0.03879285947844354 34250
2.44859 0.001313017967522441 0.03554217503690411 35454
2.49479 0.001099628957149475 0.03123258058767651 36434
2.54099 0.0009842748235267726 0.02833557157747872 37682
2.58719 0.0008773451290744905 0.02608816329658484 39294
2.63339 0.0007774078235130704 0.02383452205107979 41426
2.67959 0.0006662502595117444 0.02097684610630356 42066
2.72579 0.0005957168031360445 0.01918238875591224 43490
2.77199 0.0005302294859066221 0.01755216064376651 45702
2.81819 0.0004586969512077777 0.0155823611781384 46634
2.86439 0.0003992132601239925 0.01400169725340756 48554
2.91059 0.000344295210010242 0.01244986324525968 48870
2.95679 0.0003088055374874311 0.01151874001013826 51554
3.00299 0.0002797372806325244 0.01068387485198928 54090
3.04919 0.0002396332224919993 0.00942089511706886 54314
3.09539 0.0002182416031357821 0.008727718433797493 56910
3.14159 0.0001862798682781149 0.007579755359965822 57482
3.18779 0.0001685572885021439 0.00705064896284134 60626
3.23399 0.000145731236185001 0.006246619209922073 61206
3.28019 0.0001272305469817303 0.005621147526721291 62570
3.32639 0.0001156504164717736 0.005191190850325274 65730
3.37259 0.0001004221684017884 0.004611615559429091 66686
3.41879 8.928104731694014e-05 0.004206976046646882 69698
3.46499 7.786851973544296e-05 0.003753077410841815 70026
3.51119 6.961879728112558e-05 0.003454557973846559 72746
3.55739 6.221923367434665e-05 0.003159217779366539 74910
3.60359 5.412536305242603e-05 0.002798724539866441 75722
3.64979 4.868875779695821e-05 0.002571043116195762 78378
3.69599 4.271504725160272e-05 0.002298663415487163 80030
3.74219 3.787965195349588e-05 0.002078559278503318 83186
3.78839 3.354437725378954e-05 0.001881192405165296 84666
3.83459 2.965187876769181e-05 0.001690845324934873 86546
3.88079 2.609211785928562e-05 0.001522098009738985 88134
3.92699 2.359997664505652e-05 0.00140461582797749 91538
3.97319 2.063663786935971e-05 0.001260984561083109 93138
4.01939 1.832397186121791e-05 0.001141470144935673 94478
4.06559 1.622387758075454e-05 0.001030635195921046 97274
4.11179 1.447673256732967e-05 0.000936431232792453 99690
4.15799 1.292249566345225e-05 0.0008495888466995156 102590
4.20419 1.126934268531839e-05 0.0007552718533764015 103770
4.25039 1.014267374473902e-05 0.0006896892872101479 106346
4.29659 8.977126243582175e-06 0.000624133519437279 108546
4.34279 8.037647394324653e-06 0.0005687789380953147 110726
4.38899 7.045074535328462e-06 0.0005078615692252487 112322
4.43519 6.286025306758248e-06 0.0004619172173166572 115890
4.48139 5.619510987806666e-06 0.0004208905649079585 118766
4.52759 5.003868034247975e-06 0.0003810153782804897 122298
4.57379 4.368285435045603e-06 0.000339279804652714 122090
4.61999 3.936076767752264e-06 0.0003107092337814281 125810
4.66619 3.510333718694217e-06 0.0002809228322118886 128190
4.71239 3.137904501861052e-06 0.0002558338760104103 130994
4.75859 2.800847110195122e-06 0.0002310951103899737 133722
4.80479 2.444083222435906e-06 0.0002056529946218863 133886
4.85099 2.233922507402377e-06 0.0001921092012357422 140538
4.89719 1.94839092151028e-06 0.0001694617793970446 140594
4.94339 1.740444411216988e-06 0.0001539822588370511 143594
4.98959 1.538435011259775e-06 0.0001384116303976604 146310
5.03579 1.395217235262878e-06 0.0001275017478686237 150650
5.08199 1.233621034095023e-06 0.0001143860450294955 151914
5.12819 1.089163171567096e-06 0.0001028546038810016 153398
5.17439 9.879609422279625e-07 9.453757654944677e-05 157866
5.22059 8.741805216627136e-07 8.527824460595826e-05 160658
5.26679 7.877247580679185e-07 7.800901667603442e-05 164102
5.31299 6.881847050280362e-07 6.910465935565594e-05 164994
5.35919 6.244185851073234e-07 6.3475378803805e-05 169850
5.40539 5.540863193132586e-07 5.720916812925482e-05 172986
5.45159 4.901085593723918e-07 5.121159363444959e-05 173894
5.49779 4.387211245722747e-07 4.651941413856541e-05 176778
5.54399 3.9422255068535e-07 4.259802465980979e-05 181802
5.59019 3.513754079204709e-07 3.855232305026025e-05 184430
5.63639 3.134904012760476e-07 3.494182951707634e-05 187242
5.68259 2.796794847866687e-07 3.164867573094959e-05 190250
5.72879 2.482273454915385e-07 2.850227348420603e-05 192570
5.77499 2.250757411436588e-07 2.609086374202741e-05 198254
5.82119 1.984720774862042e-07 2.33479603499948e-05 198074
5.86739 1.774329024353745e-07 2.114128618060937e-05 202050
5.91359 1.59391836800938e-07 1.922005199398685e-05 205502
5.95979 1.434844474899839e-07 1.756653123635177e-05 210666
6.00599 1.266668567787568e-07 1.576661118826166e-05 212426
6.05219 1.123368562706435e-07 1.417730161333979e-05 213918
6.09839 1.020165224255022e-07 1.306236318139573e-05 220994
6.14459 8.989450816860674e-08 1.167421296783156e-05 221522
6.19079 8.110206729419312e-08 1.06447691042428e-05 226314
6.23699 7.171403621974283e-08 9.55594707936623e-06 227294
6.28319 6.540143923584544e-08 8.806680429197986e-06 232962
6.32939 5.841857311546682e-08 7.978035285486595e-06 237818
6.37559 5.20424596159435e-08 7.189607172892253e-06 238398
6.42178 4.602199773416419e-08 6.462467762129858e-06 241418
6.46798 4.151961195256649e-08 5.896890877707143e-06 246818
6.51418 3.710724654417444e-08 5.33062057317189e-06 249906
6.56038 3.318316445577195e-08 4.832806156996143e-06 254702
6.60658 2.94216353212731e-08 4.337779979953342e-06 254418
6.65278 2.653559813248398e-08 3.965140920494631e-06 260354
6.69898 2.391735824576043e-08 3.620781565395334e-06 264974
6.74518 2.142404185396681e-08 3.290459417587154e-06 268722
6.79138 1.909022880797782e-08 2.969016615218713e-06 271562
6.83758 1.715658578972612e-08 2.703226691626299e-06 275586
6.88378 1.531100205337091e-08 2.437684417766947e-06 280190
6.92998 1.371394036828175e-08 2.207126143493397e-06 282834
6.97618 1.215204250574153e-08 1.977229388878407e-06 285170
7.02238 1.095238207872933e-08 1.803609832013844e-06 289886
7.06858 9.845102680213616e-09 1.640862486809706e-06 294474
7.11478 8.872685834425265e-09 1.498205911302779e-06 299498
7.16098 7.839228146577294e-09 1.34479234948104e-06 299958
7.20718 7.059438031135447e-09 1.225538156139568e-06 305858
7.25338 6.361552977754309e-09 1.117036759924347e-06 310794
7.29958 5.673262979763077e-09 1.008140708403167e-06 313082
7.34578 5.040791703682569e-09 9.05160309892643e-07 316046
7.39198 4.585907206432013e-09 8.323143688073075e-07 322218
7.43818 4.116821906162068e-09 7.543756941273034e-07 328562
7.48438 3.648208155409712e-09 6.771498728957929e-07 327990
7.53058 3.302326766485956e-09 6.198726738949154e-07 335282
7.57678 2.923806255394724e-09 5.565829473058414e-07 335970
7.62298 2.655652398629045e-09 5.113495969670433e-07 344066
7.66918 2.345671174168089e-09 4.572801610940988e-07 343718
7.71538 2.121332726173633e-09 4.181867988266298e-07 351498
7.76158 1.896646543310565e-09 3.780297308186639e-07 354458
7.80778 1.702981842637515e-09 3.430461104684769e-07 358566
7.85398 1.547989337365239e-09 3.153420056468176e-07 366122
7.90018 1.361189919989083e-09 2.805129571672099e-07 365810
7.94638 1.235448257139599e-09 2.571772764517297e-07 371622
7.99258 1.102715848071418e-09 2.324030038343292e-07 375986
8.03878 9.96791650835404e-10 2.122786881244476e-07 382170
8.08498 8.778415282912981e-10 1.891559749807835e-07 381818
8.13118 7.980883365429471e-10 1.736081003996052e-07 389574
8.17738 7.136948527330365e-10 1.571662959270703e-07 393698
8.22358 6.416419553969724e-10 1.427885148378524e-07 399458
8.26978 5.764136437400663e-10 1.298152802692701e-07 402222
8.31598 5.156196390120403e-10 1.174355469235742e-07 406922
8.36218 4.651193692684114e-10 1.071791688883629e-07 412842
8.40838 4.151509818932432e-10 9.659084205040262e-08 415346
8.45458 3.73488496795997e-10 8.784349633597173e-08 421182
8.50078 3.346504631308363e-10 7.952067477561475e-08 425018
8.54698 3.013648162334499e-10 7.227475954713102e-08 431138
8.59318 2.699168382479171e-10 6.539355050326095e-08 434382
8.63938 2.42000475236996e-10 5.933372439441248e-08 439514
8.68558 2.177493247558772e-10 5.396260306743945e-08 444738
8.73178 1.951308134240542e-10 4.893416555295989e-08 448910
8.77798 1.740493781425568e-10 4.410911656140775e-08 450618
8.82418 1.576931606036664e-10 4.043172198248568e-08 459554
8.87038 1.414592693638145e-10 3.659828401707939e-08 463106
8.91658 1.265875354074839e-10 3.310284512231053e-08 467094
8.96278 1.146905768830206e-10 3.025314694932789e-08 474938
9.00898 1.01975664323206e-10 2.719008454012588e-08 477186
9.05518 9.244592093003541e-11 2.489463934529653e-08 484670
9.10138 8.223698015172652e-11 2.238668620945741e-08 487010
9.14758 7.433342276522923e-11 2.044111676305802e-08 493314
9.19378 6.633182685440769e-11 1.845900993813201e-08 496322
9.23998 5.944308871639981e-11 1.670877256660921e-08 501702
9.28618 5.402110400632098e-11 1.533473167824155e-08 508562
9.33238 4.814678037877155e-11 1.380863032198943e-08 514242
9.37858 4.318430114898009e-11 1.251092190115184e-08 516158
9.42478 3.891499897823021e-11 1.137682599455287e-08 522602
9.47098 3.517135953155739e-11 1.038737992201544e-08 530658
9.51718 3.119491065679358e-11 9.312543759919141e-09 530042
9.56338 2.824529231015686e-11 8.514541566859153e-09 538878
9.60958 2.549117538165647e-11 7.757733513448562e-09 544130
9.65578 2.280606658606677e-11 7.01916011902613e-09 551106
9.70198 2.043886653092924e-11 6.345868161374839e-09 553982
9.74818 1.830586400472868e-11 5.744251943495794e-09 558242
9.79438 1.651789115748482e-11 5.229805014093942e-09 564546
9.84058 1.484664513626776e-11 4.753014431268524e-09 570494
9.88678 1.338816293274632e-11 4.326807228253781e-09 576762
9.93298 1.192376000824546e-11 3.89303258068658e-09 578234
9.97918 1.078819015957297e-11 3.557194395040691e-09 585666
10.0254 9.740405223140959e-12 3.241679263941927e-09 594446
10.0716 8.671998779307332e-12 2.915143703700054e-09 595250
10.1178 7.794317391467523e-12 2.645899139999546e-09 603402
10.164 7.033770131032333e-12 2.406903935577301e-09 607382
10.2102 6.357743480971552e-12 2.198953987287156e-09 617010
10.2564 5.628176427121153e-12 1.966078681739163e-09 616778
10.3026 5.122463083455238e-12 1.806228787231104e-09 624746
10.3488 4.570341082191877e-12 1.628027787787569e-09 628062
10.395 4.148115529659552e-12 1.493116713871829e-09 639410
10.4412 3.702597429693125e-12 1.345124557327575e-09 642954
10.4874 3.334554090418172e-12 1.222196777670232e-09 645974
10.5336 2.991685172610746e-12 1.107317034316194e-09 653490
10.5798 2.69501712912805e-12 1.006347470184027e-09 660746
10.626 2.42565276256618e-12 9.140185922714015e-10 664646
10.6722 2.158752741769015e-12 8.219267632441957e-10 667290
10.7184 1.968467168980324e-12 7.562631296463476e-10 679034
10.7646 1.759822536350223e-12 6.829799455252052e-10 682722
10.8108 1.587174543854628e-12 6.219101388668611e-10 691238
10.857 1.408391312630562e-12 5.572003434538325e-10 688602
10.9032 1.279183792839911e-12 5.104856797718988e-10 700826
10.9494 1.151129356181369e-12 4.63685945054858e-10 705662
10.9956 1.026023722244424e-12 4.174093010294482e-10 710082
11.0418 9.350356613278832e-13 3.835517636006585e-10 719162
11.088 8.320463958724248e-13 3.447530742201308e-10 722250
11.1342 7.533025242870668e-13 3.149519267455083e-10 731510
11.1804 6.767811301296127e-13 2.855360421628536e-10 736442
11.2266 6.06522031552083e-13 2.584187637969545e-10 740898
11.2728 5.453733170212109e-13 2.345959953393816e-10 750158
11.319 4.919712882886473e-13 2.133849854856042e-10 754866
11.3652 4.407374564499076e-13 1.930489514632036e-10 760826
11.4114 3.96031766194823e-13 1.750337123888283e-10 764034
11.4576 3.571077352186024e-13 1.592760828656244e-10 773846
11.5038 3.220788784097074e-13 1.449903931948037e-10 779714
11.55 2.875687589040548e-13 1.307439842246189e-10 784314
11.5962 2.593248740187743e-13 1.189058492942757e-10 791342
11.6424 2.34016342888971e-13 1.083011926560753e-10 799458
11.6886 2.098064495255041e-13 9.792617549137599e-11 804962
11.7348 1.882312261886299e-13 8.87105718553596e-11 809550
11.781 1.691549246227944e-13 8.039225552716644e-11 813458
11.8272 1.535422864118956e-13 7.366309570500747e-11 827402
11.8734 1.369437947620883e-13 6.632462128254112e-11 828618
11.9196 1.235679684878123e-13 6.036341578305935e-11 836918
11.9658 1.111749492880534e-13 5.484286216940796e-11 842874
12.012 9.943448469237246e-14 4.949519545879093e-11 849338
12.0582 9.043580702506236e-14 4.538469554605889e-11 858942
12.1044 8.036270744836351e-14 4.072969264375912e-11 860978
12.1506 7.253120834445315e-14 3.706355994951723e-11 868346
12.1968 6.537020620997175e-14 3.370392738551886e-11 875154
12.243 5.911872689786041e-14 3.07401260240099e-11 886214
12.2892 5.251438520233808e-14 2.758554376035442e-11 887346
12.3354 4.754244927029225e-14 2.518021734974847e-11 894986
12.3816 4.276787961973308e-14 2.286258926440282e-11 902774
12.4278 3.846437819025454e-14 2.076318365991112e-11 912114
12.474 3.444764324458263e-14 1.874229152297384e-11 915026
12.5202 3.103452978951834e-14 1.703683933977681e-11 920142
12.5664 2.798597968268854e-14 1.550045686843527e-11 929762
12.6126 2.509530557476835e-14 1.402998682391714e-11 937698
12.6588 2.267744882805515e-14 1.278377145637815e-11 944762
12.705 2.02791542503947e-14 1.153528597124131e-11 948254
12.7512 1.826942833746014e-14 1.049039664082124e-11 956802
12.7974 1.648253561566884e-14 9.542697041019187e-12 967658
12.8436 1.476358010791736e-14 8.62588792323646e-12 969702
12.8898 1.321577990583705e-14 7.789850286346593e-12 974090
12.936 1.201603505806211e-14 7.141577914917371e-12 988482
12.9822 1.075989418163375e-14 6.456492910400275e-12 991994
13.0284 9.664099798429254e-15 5.848683386532859e-12 1001030
13.0746 8.724969643209015e-15 5.326137243617604e-12 1005450
13.1208 7.802902005499897e-15 4.805886498991183e-12 1013738
13.167 7.029039731558652e-15 4.370692269984795e-12 1021710
13.2132 6.31538554022574e-15 3.958201579769985e-12 1023626
13.2594 5.693177638434369e-15 3.599476402646376e-12 1035834
13.3056 5.104592005222559e-15 3.257303599218046e-12 1040786
13.3518 4.612956674708438e-15 2.967548306898996e-12 1053206
13.398 4.149275672570733e-15 2.693962850438993e-12 1057002
13.4442 3.703013151635797e-15 2.425053092531273e-12 1063898
13.4904 3.350673861840338e-15 2.214305751582713e-12 1072782
13.5366 3.009127663496933e-15 2.006362995749804e-12 1078826
13.5828 2.709549801569124e-15 1.82213330126029e-12 1087922
13.629 2.419958559486412e-15 1.641918671759703e-12 1090494
13.6752 2.18881168285939e-15 1.49721037646235e-12 1101362
13.7214 1.972314796199584e-15 1.361562953419375e-12 1109802
13.7676 1.759393455907888e-15 1.225366961474915e-12 1114514
13.8138 1.59642674911326e-15 1.12071113622717e-12 1123926
13.86 1.42113960824951e-15 1.007176489327262e-12 1125986
13.9062 1.287025022687758e-15 9.202108275888678e-13 1143554
13.9524 1.156575996944022e-15 8.33733165232697e-13 1144710
13.9986 1.039338016033913e-15 7.559513045807675e-13 1154018
14.0448 9.319438407691648e-16 6.83986740245295e-13 1159962
14.091 8.439596993792136e-16 6.246933518013649e-13 1170986
14.1372 7.544325822552702e-16 5.63269598615293e-13 1178142
14.1834 6.768388426627954e-16 5.098059988706313e-13 1182674
14.2296 6.096109963486661e-16 4.631312393046445e-13 1191002
14.2758 5.495441507741499e-16 4.210661811858731e-13 1200438
14.322 4.922802868679778e-16 3.807130580218335e-13 1208162
14.3682 4.430823765213947e-16 3.455312832740962e-13 1215258
14.4144 4.002201745743892e-16 3.148554384265116e-13 1224134
14.4606 3.561964200282518e-16 2.826961227751424e-13 1228722
14.5068 3.22804779967353e-16 2.58400977707036e-13 1243154
14.553 2.897581937822702e-16 2.339714438382346e-13 1245434
14.5992 2.600964009202921e-16 2.118498553520336e-13 1255158
14.6454 2.319952838136876e-16 1.907466769540908e-13 1255610
14.6916 2.117809675318775e-16 1.75429066635868e-13 1277562
14.7378 1.885763038887561e-16 1.577322832253685e-13 1274414
14.784 1.693153952020086e-16 1.428330308338717e-13 1285994
14.8302 1.53112930151686e-16 1.302504041412562e-13 1299570
14.8764 1.374758182453759e-16 1.179878536445058e-13 1302122
14.9226 1.228973179812065e-16 1.064249425701895e-13 1311366
14.9688 1.107960666655789e-16 9.67892771436134e-14 1319186
15.015 9.952637638599322e-17 8.765549312891261e-14 1327434
15.0612 8.953128309669418e-17 7.959546457399735e-14 1337294
15.1074 8.027768879729235e-17 7.197127735433183e-14 1342730
15.1536 7.224036594058472e-17 6.533600833634674e-14 1350570
15.1998 6.494343643487383e-17 5.929499891074933e-14 1362590
15.246 5.828933097055234e-17 5.363910398724311e-14 1369698
15.2922 5.236658055187801e-17 4.862320802877899e-14 1374914
15.3384 4.690695870191077e-17 4.395329367178709e-14 1383570
15.3846 4.22867995468572e-17 3.99445253885396e-14 1395374
15.4308 3.796038019009219e-17 3.618331084994939e-14 1396994
15.477 3.407202485678417e-17 3.276489207390249e-14 1411530
15.5232 3.071802399675874e-17 2.981389257446198e-14 1417574
15.5694 2.758342585803234e-17 2.698036657208568e-14 1428834
15.6156 2.479821436511116e-17 2.448900276644295e-14 1439018
15.6618 2.211055942462678e-17 2.203423769242492e-14 1440698
15.708 1.99750302343551e-17 2.006338833905896e-14 1453638
15.7542 1.794675040781034e-17 1.819976843802833e-14 1463426
15.8004 1.611072668187578e-17 1.647339724492219e-14 1471050
15.8466 1.444338487588048e-17 1.490346111846356e-14 1476638
15.8928 1.297741020557859e-17 1.350875281848431e-14 1484466
15.939 1.168128736334021e-17 1.22706900131874e-14 1501154
15.9852 1.045724968913917e-17 1.107824171861237e-14 1501706
16.0314 9.403708650160903e-18 1.005086325836449e-14 1511502
16.0776 8.410678550893907e-18 9.077126946478581e-15 1520234
16.1238 7.608164024863504e-18 8.27380213927712e-15 1535010
16.17 6.825048499086481e-18 7.492653542633661e-15 1543358
16.2162 6.057122327691309e-18 6.710386277948478e-15 1535754
16.2624 5.505316327829793e-18 6.15400155137501e-15 1564802
16.3086 4.926903013542084e-18 5.55254295293978e-15 1563038
16.3548 4.434513545160269e-18 5.04588407408758e-15 1578426
16.401 3.940418901935907e-18 4.525893653982795e-15 1581482
16.4472 3.576884794780081e-18 4.139938874576636e-15 1592250
16.4934 3.19630757582087e-18 3.735298281500124e-15 1602230
16.5396 2.85305960416858e-18 3.364882337646569e-15 1604754
16.5858 2.590209422805742e-18 3.080845633793532e-15 1623458
16.632 2.301691609300684e-18 2.763567644918268e-15 1624910
16.6782 2.078847435715011e-18 2.518902157736301e-15 1645122
16.7244 1.862806405151275e-18 2.276168111345872e-15 1645130
16.7706 1.671747605821405e-18 2.062483740271225e-15 1655706
16.8168 1.49213800772246e-18 1.857712233556478e-15 1663502
16.863 1.34548236500064e-18 1.68964378558345e-15 1675514
16.9092 1.207841688614145e-18 1.530639610730609e-15 1685298
16.9554 1.078623404830076e-18 1.380272475905476e-15 1689566
17.0016 9.68531995852872e-19 1.249868746505679e-15 1697850
17.0478 8.75542287836553e-19 1.139848764120487e-15 1718546
17.094 7.803264177047356e-19 1.026116084145509e-15 1719822
17.1402 6.968667605457065e-19 9.244836926535752e-16 1726586
17.1864 6.282138208036608e-19 8.412211829894994e-16 1739186
17.2326 5.649392998071527e-19 7.631345642104617e-16 1751538
17.2788 5.037054942943173e-19 6.867663626325379e-16 1758062
17.325 4.52697332228126e-19 6.230685194955875e-16 1763010
17.3712 4.067176602572725e-19 5.649215382834831e-16 1778642
17.4174 3.637665406339481e-19 5.102402253979921e-16 1788582
17.4636 3.264572371097914e-19 4.616390025002565e-16 1794746
17.5098 2.919566205998962e-19 4.170625842335976e-16 1803290
17.556 2.617953799643071e-19 3.774806567988661e-16 1811058
17.6022 2.353263832849101e-19 3.422237852011966e-16 1828358
17.6484 2.107797860457388e-19 3.095831761078309e-16 1831362
17.6946 1.883805021555379e-19 2.793246638502289e-16 1842458
17.7408 1.688936167351096e-19 2.527803517376312e-16 1846998
17.787 1.522147827237015e-19 2.298465001526379e-16 1869122
17.8332 1.358107326130239e-19 2.071231581731846e-16 1876346
17.8794 1.219084624405314e-19 1.876598422953826e-16 1879506
17.9256 1.089664481411788e-19 1.692485428148401e-16 1893326
17.9718 9.772629277467793e-20 1.53389028381116e-16 1901826
18.018 8.752657563439819e-20 1.385827722988124e-16 1911962
18.0642 7.8361434437384e-20 1.252808275159444e-16 1919198
18.1104 7.028264007743218e-20 1.134560614561065e-16 1930242
18.1566 6.288048667474907e-20 1.024758233489643e-16 1942442
18.2028 5.645358884545446e-20 9.288633003810437e-17 1951734
18.249 5.027440995950672e-20 8.349653349212307e-17 1955402
18.2952 4.502861500619908e-20 7.554468341678313e-17 1971858
18.3414 4.075150533924783e-20 6.89920902820277e-17 1984898
18.3876 3.603969626388276e-20 6.164768501292343e-17 1986422
18.4338 3.22930460431232e-20 5.578015097196654e-17 1996146
18.48 2.916366321743611e-20 5.081636794042366e-17 2017106
18.5262 2.597158005808539e-20 4.57351086299132e-17 2020638
18.5724 2.313919423879228e-20 4.11610183072283e-17 2029346
18.6186 2.085154964501528e-20 3.743255753548536e-17 2041002
18.6648 1.862613783977687e-20 3.375649696607442e-17 2051450
18.711 1.663883955334787e-20 3.048497472990851e-17 2065886
18.7572 1.486831015120642e-20 2.748490753178202e-17 2064546
18.8034 1.336118609980345e-20 2.494851629112626e-17 2082650
18.8496 1.192019976148798e-20 2.249329435922739e-17 2095182
18.8958 1.066948612426771e-20 2.032044457189481e-17 2101346
18.942 9.558547472500329e-21 1.839661026035958e-17 2115554
18.9882 8.501338187583612e-21 1.652391071159565e-17 2115654
19.0344 7.647904298447335e-21 1.500842608225184e-17 2141066
19.0806 6.81543103392637e-21 1.350557570004676e-17 2139786
19.1268 6.101450135753544e-21 1.223091816541144e-17 2152202
19.173 5.43377541643333e-21 1.100143299692793e-17 2161086
19.2192 4.900776175957348e-21 1.000653549164755e-17 2176058
19.2654 4.362452994412676e-21 9.008247612944036e-18 2190818
19.3116 3.881257600588901e-21 8.10311319512066e-18 2191158
19.3578 3.479955027686824e-21 7.327749748317299e-18 2205314
19.404 3.11268003345585e-21 6.623560858814411e-18 2215554
19.4502 2.784149924478976e-21 5.989502972032673e-18 2230562
19.4964 2.486881733437085e-21 5.404192482957856e-18 2239614
19.5426 2.217173069856896e-21 4.869489883132951e-18 2245706
19.5888 1.981249115588652e-21 4.395153196258525e-18 2259674
19.635 1.777677836924153e-21 3.982886640314285e-18 2273214
19.6812 1.582027800533719e-21 3.583637851935277e-18 2278802
19.7274 1.408852334621792e-21 3.223998639784109e-18 2294034
19.7736 1.26228964710146e-21 2.916367122783076e-18 2294942
19.8198 1.127702862853266e-21 2.63466769575923e-18 2317050
19.866 1.005582484025138e-21 2.376590431852013e-18 2322842
19.9122 8.966965545856799e-22 2.140042441551447e-18 2330810
19.9584 8.029620529849556e-22 1.935383127258502e-18 2345958
20.0046 7.146643772895928e-22 1.741651327077453e-18 2353586
20.0508 6.396183067021685e-22 1.575533059078422e-18 2376210
20.097 5.694564591116426e-22 1.416140842347286e-18 2374502
20.1432 5.082888605711864e-22 1.27852573458495e-18 2386346
20.1894 4.537456375061916e-22 1.153831468906892e-18 2401314
20.2356 4.057065383302457e-22 1.042293548222524e-18 2411450
20.2818 3.609700270505663e-22 9.372579913142146e-19 2420718
20.328 3.213774956519309e-22 8.440749348449933e-19 2425754
20.3742 2.891036812027329e-22 7.663159602928896e-19 2455218
20.4204 2.556243235408533e-22 6.849655495563382e-19 2450942
20.4666 2.285661620610779e-22 6.195614034422893e-19 2467130
20.5128 2.039042709288976e-22 5.586015285896916e-19 2474874
20.559 1.82342628201466e-22 5.045015328825669e-19 2490362
20.6052 1.613344164500946e-22 4.515528389442868e-19 2498142
20.6514 1.450692863475335e-22 4.099793043170452e-19 2507090
20.6976 1.29191186841279e-22 3.695430066798641e-19 2525562
20.7438 1.145247377660962e-22 3.309807629226783e-19 2534726
20.79 1.026306352545383e-22 2.994646950929706e-19 2549906
20.8362 9.119770443432867e-23 2.690680015865129e-19 2551074
20.8824 8.132023612258962e-23 2.425086679717792e-19 2570702
20.9286 7.231828104967584e-23 2.183254244133661e-19 2574642
20.9748 6.482761847687014e-23 1.973478320371733e-19 2594066
21.021 5.741557591986107e-23 1.767952681684734e-19 2594802
21.0672 5.11216053888765e-23 1.59279875838728e-19 2612030
21.1134 4.587424216433425e-23 1.44281975843e-19 2627954
21.1596 4.068756756664613e-23 1.293364691329567e-19 2640402
21.2058 3.617844192637893e-23 1.160987756300391e-19 2641454
21.252 3.236127694880581e-23 1.05018112666047e-19 2661834
21.2982 2.876526005551178e-23 9.441432463998268e-20 2669138
21.3444 2.564691810940275e-23 8.499527692574913e-20 2684858
21.3905 2.285187461560442e-23 7.645231496359644e-20 2693910
21.4367 2.032669438804523e-23 6.872858109016761e-20 2701682
21.4829 1.810101019695313e-23 6.194644202138556e-20 2722698
21.5291 1.612674167651563e-23 5.562671807457785e-20 2725262
21.5753 1.441682103522366e-23 5.017433104232746e-20 2742450
21.6215 1.275095488272631e-23 4.491346112485485e-20 2749850
21.6677 1.140933438118258e-23 4.061848015145745e-20 2763902
21.7139 1.017664920125877e-23 3.655560213535098e-20 2778498
21.7601 9.043715092727181e-24 3.274928629590914e-20 2784530
21.8063 8.060849762683371e-24 2.948182671148811e-20 2804106
21.8525 7.167629567655032e-24 2.648442796307445e-20 2809790
21.8987 6.398556475346691e-24 2.387365252864939e-20 2825058
21.9449 5.684143438326451e-24 2.135292902288157e-20 2834330
21.9911 5.088650887429992e-24 1.931180853918048e-20 2842022
22.0373 4.521991092873234e-24 1.733097102586297e-20 2864754
22.0835 4.01200880447038e-24 1.550330065166528e-20 2864186
22.1297 3.599195807618022e-24 1.399671539700525e-20 2879538
22.1759 3.20521441031384e-24 1.255671516130544e-20 2899454
22.2221 2.847393393475859e-24 1.129109241775749e-20 2904258
22.2683 2.553053199615831e-24 1.017456351519281e-20 2930234
22.3145 2.274873511275477e-24 9.122785837212239e-21 2929526
22.3607 2.016720816348201e-24 8.162657242061859e-21 2942442
22.4069 1.80894106850463e-24 7.368073323835134e-21 2960810
22.4531 1.609852611490174e-24 6.599472253474935e-21 2964954
22.4993 1.433824335754405e-24 5.918008380080721e-21 2980910
22.5455 1.28463292071651e-24 5.327776710223266e-21 2990978
22.5917 1.144173260335554e-24 4.780070203623293e-21 3007626
22.6379 1.022693804146081e-24 4.287131523846317e-21 3019166
22.6841 9.107737296499499e-25 3.844589240102949e-21 3021090
22.7303 8.187265185191322e-25 3.461422976898387e-21 3047834
22.7765 7.292194137394589e-25 3.100679511802303e-21 3055590
22.8227 6.51005528537405e-25 2.781904483038619e-21 3068546
22.8689 5.828703526923762e-25 2.495819110688394e-21 3067274
22.9151 5.222303504101632e-25 2.243054547113958e-21 3098058
22.9613 4.669055246055026e-25 2.006843595445246e-21 3109214
23.0075 4.199171246638352e-25 1.810855305294053e-21 3110466
23.0537 3.729674146535481e-25 1.6107571551778e-21 3124370
23.0999 3.357824769017213e-25 1.44980227195812e-21 3144174
23.1461 3.023270328405246e-25 1.305208963638331e-21 3161738
23.1923 2.696179729508236e-25 1.165292787100986e-21 3159890
23.2385 2.417524964757268e-25 1.043120361546349e-21 3174138
23.2847 2.176802591237792e-25 9.374293833674576e-22 3195926
23.3309 1.966296251342805e-25 8.436029661638905e-22 3211386
23.3771 1.755736661714226e-25 7.520317106744931e-22 3219314
23.4233 1.579340877507271e-25 6.754960380513779e-22 3225494
23.4695 1.421680676906667e-25 6.052689426940426e-22 3242562
23.5157 1.28106404332781e-25 5.417391663671602e-22 3257450
23.5619 1.158700612003601e-25 4.867632761614177e-22 3269118
23.6081 1.039252363598305e-25 4.349419044001152e-22 3278930
23.6543 9.345498742119233e-26 3.889714763349223e-22 3286650
23.7005 8.51777593049887e-26 3.50063950283272e-22 3316610
23.7467 7.67014176140572e-26 3.135317900215485e-22 3321542
23.7929 6.920684140430648e-26 2.802816533313445e-22 3328578
23.8391 6.236088404445177e-26 2.499482355922287e-22 3345074
23.8853 5.691054110673668e-26 2.257435847580132e-22 3361686
23.9315 5.14542295762572e-26 2.015640182836719e-22 3369722
23.9777 4.640995570439065e-26 1.798103452886996e-22 3385290
24.0239 4.216972127655286e-26 1.616264236837467e-22 3391370
24.0701 3.847328219794089e-26 1.450370248845879e-22 3422966
24.1163 3.479966221179102e-26 1.292250731555134e-22 3419538
24.1625 3.164791979086519e-26 1.157654521769643e-22 3441890
24.2087 2.870497552433026e-26 1.036791481912615e-22 3447582
24.2549 2.616510624978489e-26 9.280967291183795e-23 3466298
24.3011 2.385605219708241e-26 8.30649599345525e-23 3466194
24.3473 2.173922912365033e-26 7.443601969619142e-23 3492062
24.3935 1.975326586169242e-26 6.644745418932879e-23 3503114
24.4397 1.808957437932184e-26 5.966020932984827e-23 3517146
24.4859 1.657762178888768e-26 5.342764546379727e-23 3535706
24.5321 1.504826953177765e-26 4.763137111058969e-23 3539742
24.5783 1.377287325048024e-26 4.269629716056386e-23 3558698
24.6245 1.260560661054533e-26 3.825265891528694e-23 3570122
24.6707 1.156058299833701e-26 3.421194637292851e-23 3585174
24.7169 1.055317413407388e-26 3.055995868560565e-23 3594314
24.7631 9.690943055924648e-27 2.747253035781701e-23 3612258
24.8093 8.859134326316986e-27 2.448808855846009e-23 3620282
24.8555 8.132116717937262e-27 2.192392838130746e-23 3639078
24.9017 7.475136786831522e-27 1.968440231778431e-23 3650450
24.9479 6.8405823176333e-27 1.755602926234191e-23 3661418
24.9941 6.289376306801024e-27 1.571427785482045e-23 3677694
25.0403 5.785072799680481e-27 1.41228129725137e-23 3695978
25.0865 5.317071844367643e-27 1.262422039405906e-23 3702810
25.1327 4.874323958365531e-27 1.125408677028392e-23 3716162
25.1789 4.504791614050409e-27 1.015249020153262e-23 3740094
25.2251 4.128773970584307e-27 9.045780230296805e-24 3740954
25.2713 3.801118256975158e-27 8.094856817836471e-24 3760946
25.3175 3.507491121414844e-27 7.280357115743819e-24 3778278
25.3637 3.226896469216583e-27 6.512129509189837e-24 3784922
25.4099 2.972394338156514e-27 5.828460609776085e-24 3805266
25.4561 2.732749019806794e-27 5.218167291640459e-24 3807686
25.5023 2.52999730505883e-27 4.699329764504051e-24 3833130
25.5485 2.325857069865777e-27 4.198845623900633e-24 3841898
25.5947 2.141242132502001e-27 3.755187218409509e-24 3858074
25.6409 1.977563571768136e-27 3.382066206457688e-24 3868974
25.6871 1.82513231764943e-27 3.033585138921504e-24 3885362
25.7333 1.685580746873699e-27 2.715749559162824e-24 3898290
25.7795 1.549959562061119e-27 2.442126899911635e-24 3907334
25.8257 1.433882663872868e-27 2.187928937157401e-24 3928730
25.8719 1.321145151565685e-27 1.966207603346867e-24 3936666
25.9181 1.225110299197184e-27 1.776075070036105e-24 3961346
25.9643 1.127421253910889e-27 1.590579148724622e-24 3975774
26.0105 1.035603274793955e-27 1.419173617696555e-24 3970106
26.0567 9.628103177324878e-28 1.290051640190139e-24 4003170
26.1029 8.886912612478981e-28 1.160220312463321e-24 4019558
26.1491 8.190280281109905e-28 1.037685679629128e-24 4025642
26.1953 7.535041079134525e-28 9.333339789167929e-25 4028514
26.2415 7.006275796379243e-28 8.479305166304759e-25 4059398
26.2877 6.454216142508999e-28 7.609037965616799e-25 4069674
26.3339 5.953279014974696e-28 6.867546484480293e-25 4083698
26.3801 5.489363925044947e-28 6.174266936425805e-25 4095210
26.4263 5.08025479408966e-28 5.591933810812285e-25 4110518
26.4725 4.700562185509768e-28 5.048226927739207e-25 4126850
26.5187 4.330360486165405e-28 4.564588266978676e-25 4140114
26.5649 3.998504497861831e-28 4.11131497096139e-25 4144070
26.6111 3.700419422172492e-28 3.729711337270973e-25 4175802
26.6573 3.415207871811751e-28 3.390383235520221e-25 4187882
26.7035 3.153473525454516e-28 3.054079780519375e-25 4199250
26.7497 2.903399291367832e-28 2.760726058172859e-25 4209326
26.7959 2.691921770879456e-28 2.514969045262517e-25 4222130
26.8421 2.484465034542197e-28 2.287222820001122e-25 4254258
26.8883 2.292780298232071e-28 2.063239720185866e-25 4252478
26.9345 2.113454166421614e-28 1.878805531706212e-25 4270698
26.9807 1.945027667768112e-28 1.70601624193289e-25 4278122
27.0269 1.809060379370309e-28 1.557006316156726e-25 4309898
27.0731 1.662003026177092e-28 1.41445651346852e-25 4317150
27.1193 1.535743764634535e-28 1.287034373869951e-25 4329698
27.1655 1.413457076146792e-28 1.170851906380532e-25 4340826
27.2117 1.310334926128881e-28 1.071458877150618e-25 4359590
27.2579 1.20867245287423e-28 9.784106060339238e-26 4376850
27.3041 1.111204207521662e-28 8.892109501178823e-26 4386674
27.3503 1.028689498030287e-28 8.140806370856127e-26 4401782
27.3965 9.468031296524518e-29 7.437995951348469e-26 4419210
27.4427 8.783141070393386e-29 6.835778327625876e-26 4446482
27.4889 8.031113970241634e-29 6.203072142512392e-26 4435554
27.5351 7.457703361496087e-29 5.719164223499558e-26 4468934
27.5813 6.860749424396019e-29 5.221357816912395e-26 4477650
27.6275 6.333711973882305e-29 4.785954720153269e-26 4491218
27.6737 5.847488424766836e-29 4.409915048476418e-26 4510358
27.7199 5.376028395438482e-29 4.028306221847123e-26 4518594
27.7661 4.970811950607507e-29 3.705820651449379e-26 4544474
27.8123 4.572324717980871e-29 3.403851585304821e-26 4552098
27.8585 4.234139184582934e-29 3.135233504100329e-26 4574990
27.9047 3.885955533688366e-29 2.874234510796376e-26 4577210
27.9509 3.599960573863182e-29 2.653549383621177e-26 4608186
27.9971 3.307359041439484e-29 2.435294179901019e-26 4610198
28.0433 3.055107323804539e-29 2.246758247308714e-26 4628898
28.0895 2.812436942765631e-29 2.069553017483465e-26 4641170
28.1357 2.593887401908809e-29 1.905732482372159e-26 4662462
28.1819 2.395542138556903e-29 1.760878443384978e-26 4681442
28.2281 2.200919204814356e-29 1.622757342103858e-26 4687850
28.2743 2.031135634364787e-29 1.498316159770013e-26 4708818
28.3205 1.870726947567562e-29 1.379796896262111e-26 4721534
28.3667 1.723812816623486e-29 1.273937811447474e-26 4732770
28.4129 1.588170955569607e-29 1.181779847493309e-26 4753346
28.4591 1.465118858637561e-29 1.090609448947922e-26 4772886
28.5053 1.349524159643551e-29 1.006698046024072e-26 4785098
28.5515 1.241080285616532e-29 9.290921345693251e-27 4795394
28.5977 1.149328822404204e-29 8.642113036173494e-27 4813986
28.6439 1.055206899817069e-29 7.957345407564179e-27 4832654
28.6901 9.759385199759069e-30 7.385678764236039e-27 4849362
28.7363 8.98499864556815e-30 6.815339040770798e-27 4858322
28.7825 8.273555286755242e-30 6.311074468109344e-27 4871286
28.8287 7.649107196862782e-30 5.86496991929845e-27 4894370
28.8749 7.071708110774633e-30 5.424053134674527e-27 4914650
28.9211 6.510164351492306e-30 5.018213858576307e-27 4919658
28.9673 6.004715993181777e-30 4.661388296870797e-27 4941638
29.0135 5.538754290118151e-30 4.32407690594908e-27 4965954
29.0597 5.110551449001405e-30 4.002871244509126e-27 4971770
29.1059 4.7266094218813e-30 3.709891890431086e-27 4985702
29.1521 4.374742538360195e-30 3.443119482207107e-27 4996314
29.1983 4.039098418937239e-30 3.196616948884331e-27 5021258
29.2445 3.760328103776613e-30 2.969597317478573e-27 5038470
29.2907 3.489971541763775e-30 2.750405633417132e-27 5048570
29.3369 3.266741633325212e-30 2.559033256816819e-27 5067786
29.3831 3.120461328664739e-30 2.373703466127991e-27 5084402
29.4293 2.984115935882754e-30 2.212734290746987e-27 5104238
29.4755 2.913046523520665e-30 2.048586480485864e-27 5101890
29.5217 2.93997561915024e-30 1.901040138780701e-27 5129594
29.5679 2.277409545995812e-30 1.777475167641812e-27 5149086
29.6141 2.438034381802934e-30 1.649738614405612e-27 5168834
29.6603 2.112411542550422e-30 1.53273037249783e-27 5172306
29.7065 1.877615402478145e-30 1.429669602405352e-27 5199218
29.7527 1.767632228746927e-30 1.331641958604949e-27 5215430
29.7989 1.572519133763341e-30 1.239515702586258e-27 5229066
29.8451 1.45351420306497e-30 1.153954321219194e-27 5244530
29.8913 1.358669759840729e-30 1.080076329947268e-27 5262870
29.9375 1.238611254340828e-30 1.003215931231462e-27 5272562
29.9837 1.173765402073422e-30 9.387942167443581e-28 5290098
30.0299 1.085049159990487e-30 8.767505329530789e-28 5314358
30.0761 1.018585923157428e-30 8.194727409922893e-28 5322098
30.1223 9.557410176816698e-31 7.666381388390574e-28 5341026
30.1685 9.087414702587871e-31 7.183880697057518e-28 5366858
30.2147 8.612330272317866e-31 6.731175178856974e-28 5374422
30.2609 8.19394682538048e-31 6.284602690703159e-28 5377730
30.3071 7.591312457271038e-31 5.92444664328287e-28 5409410
30.3533 7.415246057642777e-31 5.566299664417909e-28 5434014
30.3995 6.871081967589313e-31 5.230209131431403e-28 5438882
30.4457 6.509495457897489e-31 4.915852677520655e-28 5456178
30.4919 6.207603696846608e-31 4.633156669906256e-28 5469242
30.5381 5.917137397723606e-31 4.380873367908591e-28 5496174
30.5843 5.614656160328148e-31 4.128463341331606e-28 5505530
30.6305 5.473670702509046e-31 3.908167175584557e-28 5521202
30.6767 5.138021301632082e-31 3.703022272727596e-28 5544126
30.7229 5.057187211689277e-31 3.511688498016728e-28 5560106
30.7691 4.829353540021595e-31 3.333539199496347e-28 5579754
30.8153 4.678808869240003e-31 3.162925702122095e-28 5576270
30.8615 4.563239472810064e-31 3.02101650294232e-28 5607138
30.9077 4.413799394810841e-31 2.881465273384673e-28 5625026
30.9539 4.467550514069101e-31 2.761527171332351e-28 5646698
31.0001 4.576573681753907e-31 2.634759032999908e-28 5649126
31.0463 4.212813990504594e-31 2.530316134300355e-28 5676434
31.0925 4.418497027450224e-31 2.427562185834345e-28 5687418
31.1387 4.094889245998319e-31 2.343329971131734e-28 5715830
31.1849 4.042653028753491e-31 2.256697755116018e-28 5729210
31.2311 3.752133511361652e-31 2.179785550179902e-28 5744802
31.2773 3.703103205389312e-31 2.1072866456815e-28 5752154
31.3235 3.630958283416924e-31 2.044159282989786e-28 5786382
31.3697 3.590940762224433e-31 1.977033047977634e-28 5784146
31.4159 3.458758766646633e-31 1.929415413557954e-28 5812146
31.4621 3.439629402035174e-31 1.883086079379811e-28 5830166
31.5083 3.41874881191129e-31 1.832059643255554e-28 5845850
31.5545 3.355179125232374e-31 1.790748178802128e-28 5862834
31.6007 3.348043115351457e-31 1.751936895502032e-28 5876066
31.6469 3.357805316549695e-31 1.721421925844324e-28 5905854
31.6931 3.401599370183297e-31 1.684045740228373e-28 5902274
31.7393 3.461001064748696e-31 1.659893222698505e-28 5931258
31.7855 3.376981568850754e-31 1.635505953269158e-28 5954966
31.8317 3.572789216006075e-31 1.610571465366616e-28 5965346
31.8779 3.353127443361901e-31 1.589172090809107e-28 5977818
31.9241 3.274974332121148e-31 1.575344759908266e-28 6004718
31.9703 3.215699229978892e-31 1.555661394888158e-28 6011706
32.0165 3.212311075816108e-31 1.543917037381156e-28 6045770
32.0627 3.17742834261615e-31 1.522752301336733e-28 6041586
32.1089 3.204606924056118e-31 1.517095765891025e-28 6073166
32.1551 3.274147135974828e-31 1.504543024357236e-28 6078962
32.2013 3.509787161895679e-31 1.5005259307023e-28 6114258
32.2475 3.440729607311362e-31 1.492684181322651e-28 6123086
32.2937 3.453737253244636e-31 1.484943687110099e-28 6136770
32.3399 4.040347896712302e-31 1.479401545682666e-28 6154898
32.3861 4.498686640236793e-31 1.477631722446977e-28 6178610
32.4323 5.464027031221742e-31 1.473838487238974e-28 6197982
32.4785 4.946299761202363e-31 1.469161084353009e-28 6205322
32.5247 4.060934943635535e-31 1.465231575332223e-28 6218850
32.5709 6.263847112349623e-31 1.468697290178228e-28 6249542
32.6171 5.293428892685704e-31 1.470078262252852e-28 6274146
32.6633 4.056689623678981e-31 1.466249628974397e-28 6270242
32.7095 4.105353382978146e-31 1.470734599969698e-28 6305222
32.7557 3.844207179079397e-31 1.473605170176512e-28 6325026
32.8019 3.426930156130494e-31 1.473968404059411e-28 6331922
32.8481 3.477297248676636e-31 1.474195518135321e-28 6343698
32.8943 3.387907018224631e-31 1.481188422407571e-28 6375158
32.9405 3.384786103850281e-31 1.481974178858445e-28 6392178
32.9867 3.324723660226318e-31 1.488115058234271e-28 6412826
33.0329 3.293311986199494e-31 1.48656829709319e-28 6407078
33.0791 3.287915579584945e-31 1.495278900106576e-28 6447954
33.1253 3.323242340562852e-31 1.497086247805113e-28 6456026
33.1715 3.558747910386881e-31 1.505551605185423e-28 6482034
33.2177 3.490123095943638e-31 1.50911956755122e-28 6492878
33.2639 3.389912882344325e-31 1.512063616745734e-28 6502074
33.3101 3.560024956045528e-31 1.524007297206872e-28 6542930
33.3563 3.511226838716122e-31 1.529244719157061e-28 6556598
33.4025 3.396548475212237e-31 1.534111015378655e-28 6570330
33.4487 3.311173798977766e-31 1.540159200079101e-28 6581882
33.4949 3.435656771007989e-31 1.54926301001303e-28 6612546
33.5411 3.367868174510473e-31 1.55569117881719e-28 6628622
33.5873 3.41087402265551e-31 1.559564940596203e-28 6629498
33.6335 3.368827259748681e-31 1.568027223351773e-28 6659250
33.6797 3.40217758574535e-31 1.579112086155732e-28 6686006
33.7259 3.380387585049912e-31 1.582538586049341e-28 6693786
33.7721 3.494982580177701e-31 1.589224425232885e-28 6711554
33.8183 3.443083910556146e-31 1.597583570613278e-28 6735678
33.8645 3.697349051471894e-31 1.607421271346619e-28 6754754
33.9107 3.802107052118324e-31 1.616756676516573e-28 6776570
33.9569 4.031172185435855e-31 1.61914007979463e-28 6767394
34.0031 3.749404168618409e-31 1.632902070418734e-28 6818246
34.0493 4.023161024562081e-31 1.638972013409456e-28 6830562
34.0955 3.818320947605612e-31 1.643399836495405e-28 6839186
34.1417 3.661395088342221e-31 1.654237002952674e-28 6861462
34.1879 3.589069772178419e-31 1.662627538031656e-28 6880394
34.2341 3.576620806474407e-31 1.670998342012483e-28 6907178
34.2803 3.501884378711957e-31 1.677695301363063e-28 6917034
34.3265 3.581499102117028e-31 1.688479402409288e-28 6937934
34.3727 3.488027358823512e-31 1.695433707800162e-28 6947250
34.4189 3.554608787149747e-31 1.70688055617614e-28 6982106
34.4651 3.559750561816129e-31 1.71359750953521e-28 6995718
34.5113 3.540315876977054e-31 1.722521449505221e-28 7006682
34.5575 3.558350105024694e-31 1.731989224552847e-28 7035866
34.6037 3.630772778862905e-31 1.74181956058619e-28 7054110
34.6499 3.597690417047317e-31 1.7475399353946e-28 7059194
34.6961 3.788920901372262e-31 1.761029580186916e-28 7091802
34.7423 3.642096524442965e-31 1.76731106721819e-28 7100666
34.7885 3.795750459153086e-31 1.778070115249012e-28 7129070
34.8347 3.76461341616808e-31 1.785766627422274e-28 7143282
34.8809 3.755440853227838e-31 1.794873711103845e-28 7161482
34.9271 3.646859441757285e-31 1.806411588029174e-28 7184694
34.9733 3.791965690769062e-31 1.815482279954282e-28 7203914
35.0195 3.768721120504251e-31 1.82284884012103e-28 7219746
35.0657 3.858543559625432e-31 1.832141963355804e-28 7228634
35.1119 4.001974503045923e-31 1.845395688120029e-28 7271990
35.1581 4.188630135046829e-31 1.851268932244499e-28 7266786
35.2043 4.355952875004624e-31 1.86134291692833e-28 7293650
35.2505 4.788400218898316e-31 1.873857332381229e-28 7324086
35.2967 5.533364404346894e-31 1.882678407647914e-28 7338650
35.3429 6.018706329178923e-31 1.89045801411014e-28 7351962
35.3891 7.596761711601986e-31 1.896080382369329e-28 7357190
35.4353 8.754964709643889e-31 1.913231210075513e-28 7406042
35.4815 7.025553925712415e-31 1.919275944652963e-28 7408626
35.5277 8.976407864154603e-31 1.93189507366293e-28 7435610
35.5739 7.418053735902982e-31 1.942353362825579e-28 7453542
35.6201 6.57920164508431e-31 1.947631019803274e-28 7464002
35.6663 6.545586781476493e-31 1.960605174280192e-28 7493546
35.7125 5.18126255352367e-31 1.967904455183031e-28 7510806
35.7587 4.780708454666883e-31 1.979642613366784e-28 7532114
35.8049 4.600079892727512e-31 1.98656302266121e-28 7536234
35.8511 4.289040858698923e-31 1.99929820508174e-28 7565834
35.8973 4.216486951879012e-31 2.010636230568444e-28 7603062
35.9435 4.191430720497369e-31 2.013803549200138e-28 7593890
35.9897 4.145318494858617e-31 2.028559221897761e-28 7622906
36.0359 4.092007872266125e-31 2.039121644278586e-28 7646622
36.0821 4.228946330407192e-31 2.051824084779939e-28 7672058
36.1283 4.208616202663065e-31 2.057205772155147e-28 7679346
36.1745 4.293668778652802e-31 2.067898072996286e-28 7693058
36.2207 4.161696574884383e-31 2.083064668578792e-28 7732158
36.2669 4.252467306050746e-31 2.092461217098836e-28 7746962
36.3131 4.233274347006776e-31 2.103291355230198e-28 7770986
36.3593 4.116174811243094e-31 2.109275216379031e-28 7772094
36.4055 4.111662618565771e-31 2.122840293200187e-28 7803818
36.4517 4.136948587299602e-31 2.135903330120926e-28 7834338
36.4979 4.093812945888466e-31 2.140811329476402e-28 7833710
36.5441 4.118345543544634e-31 2.153306351251283e-28 7858794
36.5903 4.121637823657544e-31 2.163970109436708e-28 7884290
36.6365 4.178702887109836e-31 2.173868390340603e-28 7901522
36.6827 4.192570368929632e-31 2.189002010449001e-28 7930662
36.7289 4.237504603415072e-31 2.193898566660265e-28 7934426
36.7751 4.264862702222194e-31 2.209321808557179e-28 7967322
36.8213 4.338673732428839e-31 2.219761819817388e-28 7981934
36.8675 4.735624330608243e-31 2.229749678185808e-28 8003282
36.9137 4.862378218058314e-31 2.238453288362795e-28 8019666
36.9599 4.48849516679542e-31 2.250354306504232e-28 8034482
37.0061 5.094274232963788e-31 2.263032741369949e-28 8068542
37.0523 4.579515230222362e-31 2.274250428397024e-28 8088290
37.0985 4.490742905684522e-31 2.283982194402476e-28 8096322
37.1447 4.410584901646621e-31 2.298547355714597e-28 8122646
37.1909 4.458141970373579e-31 2.30693362501149e-28 8150138
37.2371 4.281805349170753e-31 2.318218847776495e-28 8165322
37.2833 4.295547936477132e-31 2.329228600945394e-28 8182574
37.3295 4.245518584180686e-31 2.34053898318445e-28 8203698
37.3757 4.351923293517447e-31 2.353628747922906e-28 8226914
37.4219 4.333401658900638e-31 2.365378406818706e-28 8246898
37.4681 4.360659201154247e-31 2.373636309504955e-28 8261774
37.5143 4.390369700763044e-31 2.384630257549023e-28 8279426
37.5605 4.375935193868997e-31 2.398320537617312e-28 8308722
37.6067 4.438527471445075e-31 2.407101272765611e-28 8326214
37.6529 4.602811956906734e-31 2.41718560453087e-28 8342682
37.6991 4.412779724179047e-31 2.43316772209047e-28 8360834
37.7453 4.64806436051657e-31 2.44565000512334e-28 8393226
37.7915 4.579089212078719e-31 2.458343765671271e-28 8420150
37.8377 4.452145225422339e-31 2.465992673785823e-28 8421986
37.8839 4.477096907716923e-31 2.478641874345138e-28 8445714
37.9301 4.47448472917352e-31 2.492447469055145e-28 8472590
37.9763 4.535577294665894e-31 2.504769264729065e-28 8495370
38.0225 4.505980231090757e-31 2.513804416404453e-28 8512802
38.0687 4.561050321178363e-31 2.524196429719432e-28 8523290
38.1149 4.684902384888768e-31 2.545661176105556e-28 8570982
38.1611 4.691886957787861e-31 2.548836857816646e-28 8568458
38.2073 5.082481928787756e-31 2.561937430812725e-28 8586498
38.2535 5.49674774517782e-31 2.573525702517866e-28 8608838
38.2997 5.852794757302898e-31 2.590560653376471e-28 8645610
38.3459 6.937828827059849e-31 2.598770673054606e-28 8658386
38.3921 8.021539549708512e-31 2.610194447655422e-28 8668598
38.4383 5.475385380788806e-31 2.624349584238897e-28 8697426
38.4845 7.761403907786508e-31 2.638156757299058e-28 8722562
38.5307 7.023642091522651e-31 2.648611378043894e-28 8737962
38.5769 6.064633448815941e-31 2.666295093704713e-28 8771366
38.6231 5.930839626215987e-31 2.671954973670964e-28 8771010
38.6693 5.236291094720139e-31 2.693013815663512e-28 8822618
38.7155 5.086018805366565e-31 2.694209304502258e-28 8807726
38.7617 5.074142220712724e-31 2.712008384272792e-28 8844618
38.8079 4.920054393176922e-31 2.726144218607734e-28 8868722
38.8541 4.976958823085894e-31 2.738265469307368e-28 8891394
38.9003 4.800312620458262e-31 2.751173952000193e-28 8911934
38.9465 4.928127614177753e-31 2.760986312281002e-28 8923938
38.9927 4.825599560920506e-31 2.776208436688566e-28 8953682
39.0389 4.985606459835138e-31 2.789301774907293e-28 8981966
39.0851 5.038086272244026e-31 2.799709721952273e-28 8990442
39.1313 5.028562097257598e-31 2.809875707074597e-28 9007874
39.1775 4.985173679703997e-31 2.826208458532151e-28 9038982
39.2237 5.105925371029147e-31 2.842322674139584e-28 9068570
39.2699 5.145496602748314e-31 2.853422502255448e-28 9085250
39.3161 4.912919536723263e-31 2.859278172059159e-28 9084690
39.3623 4.873786722474797e-31 2.880494680778324e-28 9128654
39.4085 4.878908640832334e-31 2.888268252602854e-28 9133170
39.4547 4.886299470051035e-31 2.912847282231526e-28 9185882
39.5009 4.886457492351387e-31 2.909778320637675e-28 9163254
39.5471 4.93800109812317e-31 2.934206409637658e-28 9220130
39.5933 4.947023166232476e-31 2.944627638890255e-28 9233138
39.6395 5.009391142552937e-31 2.956928952345354e-28 9249378
39.6857 4.999255258549358e-31 2.973259934664694e-28 9271550
39.7319 5.215010231102312e-31 2.982515267551953e-28 9286266
39.7781 5.199325482006064e-31 3.000658279653619e-28 9320762
39.8243 5.38649053922976e-31 3.010958711486293e-28 9326718
39.8705 5.544964916818009e-31 3.024175993661073e-28 9354602
39.9167 5.219071585551218e-31 3.039853900653412e-28 9384122
39.9629 5.693394109675603e-31 3.051258211853096e-28 9400482
40.0091 5.461975240742977e-31 3.067743533799823e-28 9432638
40.0553 5.291826225553095e-31 3.080389483788953e-28 9445314
40.1015 5.202048985017834e-31 3.096018373088954e-28 9477290
40.1477 5.165451972263299e-31 3.108433144486674e-28 9489182
40.1939 5.114877058250282e-31 3.122200255024507e-28 9506706
40.2401 5.169320120837465e-31 3.134984999582711e-28 9533978
40.2863 5.039611022741704e-31 3.148124446850224e-28 9553662
40.3325 5.234134757296578e-31 3.164768332919953e-28 9579506
40.3787 5.121830774214784e-31 3.178636819154799e-28 9607866
40.4249 5.231580204084515e-31 3.187207764158468e-28 9608354
40.4711 5.140163999679545e-31 3.205050537203865e-28 9643862
40.5173 5.349116534151011e-31 3.223346004220884e-28 9670578
40.5635 5.417242894482525e-31 3.235214598579918e-28 9687890
40.6097 5.387416265811626e-31 3.243166701249858e-28 9693294
40.6559 5.334869255440555e-31 3.265678470019238e-28 9736034
40.7021 5.47143887217454e-31 3.279536351990327e-28 9758946
40.7483 5.402587437695518e-31 3.294538625147562e-28 9778994
40.7945 5.482999080259038e-31 3.305448654358599e-28 9796814
40.8407 5.30141888390643e-31 3.31682424766254e-28 9816882
40.8869 5.426437702511592e-31 3.334748703512785e-28 9850514
40.9331 5.485646226867917e-31 3.345361324430169e-28 9856062
40.9793 5.664684985488279e-31 3.364523835243037e-28 9886706
41.0255 5.682714402575629e-31 3.378749316396403e-28 9916194
41.0717 5.774375237317693e-31 3.387647604583023e-28 9924854
41.1179 6.125579479231391e-31 3.410326791560487e-28 9961490
41.1641 6.640320084153863e-31 3.421486251597116e-28 9979098
41.2103 7.293520186261004e-31 3.435029730402988e-28 9990266
41.2565 8.102806694422583e-31 3.44968028007673e-28 10012398
41.3027 9.727082617858611e-31 3.467972855910698e-28 10038818
41.3489 1.000511662058402e-30 3.486577730654173e-28 10072082
41.3951 7.041321185503325e-31 3.494215341793459e-28 10082670
41.4413 1.33101968854387e-30 3.518370201816409e-28 10123226
41.4875 1.148709147084545e-30 3.532748961756382e-28 10134834
41.5337 1.094918726185923e-30 3.544726475601854e-28 10151450
41.5799 9.056409149486035e-31 3.560379223255536e-28 10184118
41.6261 7.846696651139236e-31 3.572125125859728e-28 10199810
41.6723 7.041057120960357e-31 3.592292394938301e-28 10230386
41.7185 6.557304241062026e-31 3.603149884865909e-28 10238334
41.7647 6.353998939830677e-31 3.620162640814894e-28 10271594
41.8109 6.160129332636441e-31 3.637417301469585e-28 10298418
41.8571 6.078733167592717e-31 3.645992016249202e-28 10306814
41.9033 5.988383116962997e-31 3.670480669199969e-28 10341306
41.9495 5.932888841076429e-31 3.684926865690345e-28 10362842
41.9957 6.079681846730455e-31 3.699694230780902e-28 10388834
42.0419 6.102407899859619e-31 3.709546804648974e-28 10395630
42.0881 6.336757624083897e-31 3.725423388486305e-28 10425362
42.1343 5.96566111940037e-31 3.743738011076899e-28 10454274
42.1805 6.107292559025643e-31 3.762445605723473e-28 10478294
42.2267 6.079158001316592e-31 3.777221527085322e-28 10501818
42.2729 5.920302949697344e-31 3.789713210648987e-28 10514810
42.3191 5.927662645103405e-31 3.809065094304065e-28 10548842
42.3653 5.881083905741726e-31 3.826353119171032e-28 10566462
42.4115 5.893715753178545e-31 3.839459114690508e-28 10586810
42.4577 5.949079789219449e-31 3.857933226448088e-28 10614954
42.5039 5.881224152067906e-31 3.870069669994147e-28 10631054
42.5501 6.051435426488557e-31 3.889799301162925e-28 10662362
42.5963 5.97059769496092e-31 3.906415025398535e-28 10683354
42.6425 6.107120681676716e-31 3.917817191746368e-28 10699298
42.6887 6.23050505292449e-31 3.938782890437194e-28 10738782
42.7349 6.279234835504139e-31 3.954113670143457e-28 10744202
42.7811 6.532019304757683e-31 3.971280511835159e-28 10782186
42.8273 6.46163868248525e-31 3.979671901984134e-28 10784966
42.8735 6.363486065837736e-31 4.007090716153299e-28 10833938
42.9197 6.496025325432237e-31 4.022908824127931e-28 10848138
42.9659 6.520939691504408e-31 4.036317191516196e-28 10873766
43.0121 6.47573402014567e-31 4.047254368028718e-28 10886970
43.0583 6.273396563642952e-31 4.069927738952129e-28 10912442
43.1045 6.190772071900594e-31 4.084088859178595e-28 10936698
43.1507 6.140353152856992e-31 4.102288112011197e-28 10966142
43.1969 6.193975610253782e-31 4.112937170764433e-28 10968746
43.2431 6.14869250093971e-31 4.137748023686148e-28 11014602
43.2893 6.18888138779827e-31 4.153014079747876e-28 11042774
43.3355 6.199739661665348e-31 4.171517852447675e-28 11061474
43.3817 6.133768574765297e-31 4.184171790646724e-28 11072450
43.4279 6.183531037346334e-31 4.201067367752603e-28 11096922
43.4741 6.308879095696875e-31 4.224611501948266e-28 11146526
43.5203 6.37583990866946e-31 4.235055335464206e-28 11145602
43.5665 6.590276137580485e-31 4.252719507254461e-28 11168442
43.6127 6.327589004034608e-31 4.266924081708532e-28 11181086
43.6589 6.66411046531019e-31 4.297686314732875e-28 11250114
43.7051 6.426445217149139e-31 4.303208344109807e-28 11242106
43.7513 6.353474054819694e-31 4.323213347231418e-28 11265446
43.7975 6.357157922596698e-31 4.338777016921816e-28 11285490
43.8437 6.466680331339905e-31 4.365099291115956e-28 11335922
43.8899 6.406782448996843e-31 4.373605789576265e-28 11330130
43.9361 6.471577050305277e-31 4.389314193443837e-28 11357270
43.9823 6.511968183043448e-31 4.413831907435583e-28 11389098
44.0285 6.792064326618337e-31 4.432466214701177e-28 11426642
44.0747 6.908075387424059e-31 4.4467712031137e-28 11431358
44.1209 7.123141240940337e-31 4.463603232676459e-28 11462298
44.1671 7.362695254565344e-31 4.480450755754481e-28 11479202
44.2133 8.018161841344955e-31 4.505020453927033e-28 11509746
44.2595 8.932920456921879e-31 4.515268790237691e-28 11523062
44.3057 9.199086823212371e-31 4.536727540161258e-28 11556210
44.3519 7.659861200613369e-31 4.555860686606847e-28 11588282
44.3981 9.209226096247137e-31 4.56943398839719e-28 11599646
44.4443 9.427455525031383e-31 4.593123182846995e-28 11645274
44.4905 8.22319759422245e-31 4.609571115396562e-28 11649338
44.5367 7.607979072879345e-31 4.625614454199164e-28 11665386
44.5829 7.824197572352727e-31 4.652879472152665e-28 11719286
44.6291 7.1152750645842e-31 4.660912579696804e-28 11720738
44.6753 7.108934656897844e-31 4.683658099140855e-28 11755074
44.7215 6.859916440177827e-31 4.694304818617296e-28 11767166
44.7677 6.99668345416147e-31 4.724699187719026e-28 11813346
44.8139 6.9264466763105e-31 4.735693857786905e-28 11825450
44.8601 6.925686365138958e-31 4.747671123710616e-28 11828814
44.9063 6.879812358979e-31 4.779014293147254e-28 11884418
44.9525 6.962321534726058e-31 4.792895799198957e-28 11900378
44.9987 7.009635209847495e-31 4.803858798557132e-28 11908002
45.0449 7.088215188972147e-31 4.82511103832856e-28 11937470
45.0911 6.82788506674269e-31 4.849683798459309e-28 11981346
45.1373 7.217404608165927e-31 4.86345676588606e-28 11998154
45.1835 7.00227738579165e-31 4.884333746383953e-28 12015798
45.2297 6.920209336477137e-31 4.907514085337697e-28 12046586
45.2759 6.898914617273133e-31 4.925127122612635e-28 12073226
45.3221 6.932361873632248e-31 4.939683422238833e-28 12089370
45.3683 6.934686295503652e-31 4.96258363843338e-28 12123662
45.4145 7.004333281462475e-31 4.97419763875419e-28 12129018
45.4607 6.994465976038849e-31 5.000764316775545e-28 12168698
45.5069 7.032878346698049e-31 5.016861735134058e-28 12191070
45.5531 7.087655683534705e-31 5.047057425992979e-28 12237290
45.5993 7.135510841303301e-31 5.055358764126497e-28 12237434
45.6455 7.322825442708852e-31 5.07931218140718e-28 12269430
45.6917 7.431564659284325e-31 5.095012220320975e-28 12288314
45.7379 7.815625509386568e-31 5.11378556771924e-28 12312018
45.7841 7.755940365953804e-31 5.130459312573115e-28 12333770
45.8303 7.595632897171531e-31 5.154564132141206e-28 12362654
45.8765 7.912707488364508e-31 5.18391270572169e-28 12405282
45.9227 7.739545543545364e-31 5.19405050102408e-28 12414842
45.9689 7.507141443307209e-31 5.209129541360554e-28 12433278
46.0151 7.456281159012347e-31 5.237762020089284e-28 12469442
46.0613 7.381626499857364e-31 5.253724513160406e-28 12497106
46.1075 7.428401539145295e-31 5.271169681414928e-28 12513074
46.1537 7.212048781313895e-31 5.288681995613014e-28 12531902
46.1999 7.195502682843038e-31 5.316996999641392e-28 12567690
46.2461 7.38208020310257e-31 5.338392873106468e-28 12603338
46.2923 7.314716478767677e-31 5.349238963430674e-28 12612726
46.3385 7.326255858863054e-31 5.370196365246755e-28 12634802
46.3847 7.382303108065379e-31 5.390499351266382e-28 12662730
46.4309 7.508862217549334e-31 5.414762279954803e-28 12699086
46.4771 7.446356482064498e-31 5.429905574039797e-28 12711074
46.5233 7.842708703437089e-31 5.451839922252793e-28 12739098
46.5695 7.603653673652549e-31 5.475417299100564e-28 12769490
46.6157 7.896723548198162e-31 5.497635388984703e-28 12799686
46.6619 7.698317003343086e-31 5.52093375259173e-28 12828626
46.7081 7.682846730272079e-31 5.52902174571667e-28 12832794
46.7543 7.853075392145688e-31 5.562598182703585e-28 12875942
46.8005 8.059303593104248e-31 5.585413221072583e-28 12906314
46.8467 8.056899756505651e-31 5.596525931104622e-28 12913122
46.8929 8.471316064127941e-31 5.615682693311831e-28 12937346
46.9391 8.859768297649525e-31 5.642400857148882e-28 12973374
46.9853 9.661102905676544e-31 5.667378497507627e-28 13008170
47.0315 1.018533615081061e-30 5.684856979303224e-28 13025810
47.0777 1.238487665579104e-30 5.696951874103372e-28 13033590
47.1239 1.332964172615758e-30 5.73147992174816e-28 13083698
47.1701 1.684275480456154e-30 5.743060734546656e-28 13094706
47.2163 2.572924049754704e-30 5.766944825283252e-28 13119002
47.2625 2.399255166045583e-30 5.788584097329826e-28 13146318
47.3087 1.233185746555849e-30 5.801422514351474e-28 13167383
47.3549 8.164594765964464e-31 5.818992930064713e-28 13180844
47.4011 7.962625369253637e-31 5.819420309231177e-28 13147596
47.4473 7.827200935039913e-31 5.832586913741804e-28 13144028
47.4935 7.734109155779162e-31 5.834345937327625e-28 13122684
47.5397 7.655567073342888e-31 5.840328395932596e-28 13103336
47.5859 7.648434496428819e-31 5.855913507887519e-28 13108416
47.6321 7.572927957506485e-31 5.853520109764487e-28 13073744
47.6783 7.566312092603364e-31 5.868615977065465e-28 13076900
47.7245 7.439108679473005e-31 5.869676818625287e-28 13051992
47.7707 7.51212742195049e-31 5.891171785295775e-28 13056752
47.8169 7.488407725887374e-31 5.890757228158604e-28 13036344
47.8631 7.421450048467513e-31 5.893750673868419e-28 13009832
47.9093 7.418509169216383e-31 5.899676651487418e-28 12996668
47.9555 7.393148768588012e-31 5.920207861964094e-28 13003248
48.0017 7.343731633052665e-31 5.914390049478596e-28 12967172
48.0479 7.388893744708375e-31 5.932216233598958e-28 12963480
48.0941 7.333740623692997e-31 5.935354105537413e-28 12954260
48.1403 7.34813877619613e-31 5.946744518487028e-28 12942432
48.1865 7.325251799161637e-31 5.954451527225853e-28 12924296
48.2327 7.305743704755421e-31 5.955251358643759e-28 12903392
48.2789 7.319710868980285e-31 5.970926772706285e-28 12906168
48.3251 7.252247212990571e-31 5.97045269764989e-28 12873656
48.3713 7.275970401628819e-31 5.985109277449537e-28 12870720
48.4175 7.258528495174158e-31 5.986072287557465e-28 12855428
48.4637 7.264160774747842e-31 5.998998608781436e-28 12842256
48.5099 7.26466084688786e-31 5.997152151483299e-28 12820304
48.5561 7.23265303203312e-31 6.013065174604269e-28 12820328
48.6023 7.227340118544863e-31 6.014834820580885e-28 12794856
48.6485 7.215333876139878e-31 6.024788735288145e-28 12787940
48.6947 7.176301502746109e-31 6.024627000354252e-28 12748392
48.7409 7.171552116836596e-31 6.035008904128673e-28 12752756
48.7871 7.154833936337945e-31 6.04300155391502e-28 12732036
48.8333 7.150263287933346e-31 6.060661887463213e-28 12737132
48.8795 7.101983020826325e-31 6.061496446163551e-28 12712976
48.9257 7.130103032673623e-31 6.061352658334376e-28 12696348
48.9719 7.098512896958808e-31 6.06752479135055e-28 12673892
49.0181 7.076765416770902e-31 6.082259030712214e-28 12677316
49.0643 7.104984884141055e-31 6.083292680235783e-28 12650384
49.1105 7.074528558268904e-31 6.077605886709009e-28 12621344
49.1567 7.068787890755407e-31 6.094704855951706e-28 12624204
49.2029 7.024818024220105e-31 6.113402420029351e-28 12615632
49.2491 7.07350079977655e-31 6.114936176351587e-28 12600420
49.2953 7.044844323429405e-31 6.10968222317362e-28 12570224
49.3415 7.030822300325691e-31 6.126646593201311e-28 12566868
49.3877 7.02610570925421e-31 6.127879015981793e-28 12545828
49.4339 7.018497693164991e-31 6.140666317704923e-28 12538232
49.4801 7.026183388597317e-31 6.133655111672697e-28 12496452
49.5263 6.998500516488705e-31 6.149127062137931e-28 12502688
49.5725 7.009995573129013e-31 6.154574588402434e-28 12498708
49.6187 6.952708434152918e-31 6.156453859546206e-28 12469640
49.6649 6.919604017277875e-31 6.157864270840042e-28 12440136
49.7111 7.06864557907872e-31 6.171325067854324e-28 12442412
49.7573 6.925448899467949e-31 6.182627835726356e-28 12433712
49.8035 6.995168399597187e-31 6.185218956124553e-28 12410544
49.8497 6.902124167651523e-31 6.182857114137611e-28 12381512
49.8959 6.967721835182256e-31 6.193865444457662e-28 12378960
49.9421 6.953149510084499e-31 6.197168075564089e-28 12366872
49.9883 6.884714673452138e-31 6.205838053821829e-28 12345588
50.0345 6.945071794630685e-31 6.204856422919268e-28 12327008
50.0807 6.943143536444252e-31 6.216396390383474e-28 12313388
50.1269 6.975029113471659e-31 6.228373192417299e-28 12306768
50.1731 6.869905887437172e-31 6.221142180424054e-28 12275504
50.2193 6.89313379330656e-31 6.228557690796994e-28 12265620
50.2655 6.918204847136026e-31 6.232792152509343e-28 12236324
50.3117 6.877514940849152e-31 6.252825532882453e-28 12253880
50.3579 6.853589395843869e-31 6.247601435527228e-28 12219756
50.4041 6.820564659161963e-31 6.247521097457231e-28 12195524
50.4503 6.865441512549671e-31 6.260918225955781e-28 12189000
50.4965 6.824925723304619e-31 6.258182033675088e-28 12170168
50.5427 6.792152773049345e-31 6.262646575678226e-28 12147588
50.5889 6.83051817462741e-31 6.264224293833261e-28 12134360
50.6351 6.794908012627317e-31 6.268833988780301e-28 12122816
50.6813 6.782778843489244e-31 6.276105321197808e-28 12107580
50.7275 6.79006500305917e-31 6.288453767670229e-28 12098972
50.7737 6.751339710369446e-31 6.277018260997458e-28 12054744
50.8199 6.808353007513291e-31 6.296301898973074e-28 12056912
50.8661 6.73638863974311e-31 6.300781350702517e-28 12039108
50.9123 6.780506357641184e-31 6.303800636547998e-28 12019400
50.9585 6.765860956265268e-31 6.302789470569164e-28 11996936
51.0047 6.710115326693901e-31 6.310275248706208e-28 11979744
51.0509 6.758329558785699e-31 6.317003509170459e-28 11975504
51.0971 6.725204195848059e-31 6.327176741420416e-28 11963472
51.1433 6.728318731022639e-31 6.318554977265341e-28 11928692
51.1895 6.735815756747995e-31 6.324683672472386e-28 11920356
51.2357 6.708470732908457e-31 6.329364952653862e-28 11900072
51.2819 6.749625904770284e-31 6.34147134801101e-28 11897312
51.3281 6.682056620948818e-31 6.334266646409141e-28 11857164
51.3743 6.730586690100872e-31 6.338143885146184e-28 11842556
51.4205 6.686184359638207e-31 6.355524028644277e-28 11841552
51.4667 6.672541800854754e-31 6.345144621443628e-28 11811860
51.5129 6.69761539981482e-31 6.350911613218091e-28 11798888
51.5591 6.672482613137546e-31 6.352883441435282e-28 11768748
51.6053 6.654414561256789e-31 6.365377104107694e-28 11777096
51.6515 6.628610748450204e-31 6.359294628612499e-28 11733936
51.6977 6.650898619622952e-31 6.357953425419326e-28 11714324
51.7439 6.628582318294113e-31 6.374205087816703e-28 11725020
51.7901 6.639616468240506e-31 6.371270139313891e-28 11696816
51.8363 6.599441990021894e-31 6.370383350739801e-28 11666048
51.8825 6.637565294037705e-31 6.381973469384304e-28 11661996
51.9287 6.611986895996889e-31 6.383316858915893e-28 11645228
51.9749 6.569127644365362e-31 6.384333689527487e-28 11620884
52.0211 6.583383744370898e-31 6.376546556096467e-28 11590808
52.0673 6.601833529804369e-31 6.392773318525509e-28 11587908
52.1135 6.554401045990734e-31 6.393480628227378e-28 11569028
52.1597 6.585480029891606e-31 6.403978098511183e-28 11558012
52.2059 6.555271856126277e-31 6.401231790650283e-28 11528724
52.2521 6.575340389547151e-31 6.396385193342548e-28 11506964
52.2983 6.565610210314187e-31 6.40764106314433e-28 11494536
52.3445 6.539466986625286e-31 6.407754230554001e-28 11477444
52.3907 6.549302791923077e-31 6.408444059846927e-28 11456804
52.4369 6.498419759170642e-31 6.405592926749689e-28 11428740
52.4831 6.561738788105858e-31 6.419470959433279e-28 11427272
52.5293 6.495406540804876e-31 6.419269385493307e-28 11407524
52.5755 6.462948343567523e-31 6.412228541395439e-28 11376992
52.6217 6.483918081526638e-31 6.422958099721164e-28 11363952
52.6679 6.55652242111673e-31 6.426410215621116e-28 11346680
52.7141 6.465356919838482e-31 6.423932643536264e-28 11322272
52.7603 6.45526735612156e-31 6.434092990923684e-28 11313672
52.8065 6.433264119998981e-31 6.42125348248911e-28 11276120
52.8527 6.513714116352099e-31 6.434071715956804e-28 11283648
52.8989 6.394702239141822e-31 6.421928460178869e-28 11248088
52.9451 6.388840855325481e-31 6.43381962101674e-28 11240592
52.9913 6.348994738179377e-31 6.432970603251633e-28 11217380
53.0375 6.341641067801325e-31 6.427938998391035e-28 11185436
53.0837 6.388021956772311e-31 6.439623500369645e-28 11182920
53.1299 6.315324240186121e-31 6.431285699664305e-28 11148968
53.1761 6.330071461583534e-31 6.430025738529541e-28 11132988
53.2223 6.294044554033491e-31 6.441025472886519e-28 11121068
53.2685 6.265469522496663e-31 6.43665857291897e-28 11080992
53.3147 6.329930449491427e-31 6.456709050625112e-28 11101004
53.3609 6.31034507071576e-31 6.438101323299113e-28 11052488
53.4071 6.270174150881201e-31 6.446784779284296e-28 11042760
53.4533 6.305213000075486e-31 6.444872384628147e-28 11024240
53.4995 6.233638439609728e-31 6.439379323919611e-28 11000652
53.5457 6.224896812431207e-31 6.446276283978661e-28 10983116
53.5919 6.239888044192026e-31 6.43976507246878e-28 10951520
53.6381 6.239182592663257e-31 6.453090320163746e-28 10954992
53.6843 6.215570598900605e-31 6.44541848009561e-28 10922468
53.7305 6.215680816846459e-31 6.445606562067345e-28 10900932
53.7767 6.213399451397998e-31 6.447676759628767e-28 10876700
53.8229 6.206949380242499e-31 6.451473343816822e-28 10874520
53.8691 6.168207483069466e-31 6.445277710761464e-28 10837064
53.9153 6.211894628055649e-31 6.442251499545099e-28 10811504
53.9615 6.166629043223421e-31 6.458854359137709e-28 10817724
54.0077 6.162636491752102e-31 6.451670465183424e-28 10782764
54.0539 6.165927685635192e-31 6.445116601741224e-28 10759932
54.1001 6.142185185022632e-31 6.44625332689939e-28 10739204
54.1463 6.164549384068349e-31 6.449292499737115e-28 10720560
54.1925 6.148052770918958e-31 6.459078911451625e-28 10715144
54.2387 6.080047736779967e-31 6.438271433567215e-28 10664960
54.2849 6.147780560850408e-31 6.444501048037638e-28 10661076
54.3311 6.098800032522702e-31 6.440036098242e-28 10634540
54.3773 6.113831651372332e-31 6.449716516342984e-28 10629012
54.4235 6.07883484335216e-31 6.441044064395028e-28 10600856
54.4697 6.093771537790877e-31 6.436614058022848e-28 10566600
54.5159 6.059898203347719e-31 6.447847587687713e-28 10567232
54.5621 6.014040153140438e-31 6.440292258326059e-28 10531880
54.6083 6.082143024633626e-31 6.446848243396558e-28 10530996
54.6545 6.008839783850117e-31 6.42771886240512e-28 10477004
54.7007 6.052278417820263e-31 6.437194388151056e-28 10471488
54.7469 6.030065498791163e-31 6.444131748633848e-28 10464068
54.7931 5.999258834080874e-31 6.43931595377904e-28 10430660
54.8393 6.054347276678824e-31 6.439073846553894e-28 10419756
54.8855 5.96384523277879e-31 6.430674473857889e-28 10384784
54.9317 6.018761917826312e-31 6.432063121936179e-28 10374072
54.9779 5.983557555873023e-31 6.42971524744257e-28 10348256
55.0241 5.96434749926586e-31 6.422162907243856e-28 10318008
55.0703 5.996638728932102e-31 6.43196992428788e-28 10309604
55.1165 5.962131548285997e-31 6.427332262004033e-28 10286924
55.1627 5.957648762058808e-31 6.421146852944915e-28 10261848
55.2089 5.945548413784648e-31 6.425784609274018e-28 10243016
55.2551 5.935908836737503e-31 6.40645101882908e-28 10211616
55.3013 5.958819900262536e-31 6.425489976557129e-28 10207340
55.3475 5.899928207922548e-31 6.408009403228111e-28 10164252
55.3937 5.932635435010284e-31 6.413356222794108e-28 10159472
55.4399 5.906905743970993e-31 6.408125643142377e-28 10129184
55.4861 5.889652447603277e-31 6.411860521752178e-28 10114464
55.5323 5.902987111094999e-31 6.415078329946867e-28 10103336
55.5785 5.852801855857038e-31 6.395226363368684e-28 10049364
55.6247 5.885871422497697e-31 6.411551185916034e-28 10056980
55.6709 5.849131273507424e-31 6.397164573313993e-28 10027464
55.7171 5.843644111841788e-31 6.393826346275082e-28 10001132
55.7633 5.825313573834253e-31 6.39358521020713e-28 9984704
55.8095 5.798092053418007e-31 6.380845703793963e-28 9946872
55.8557 5.828803137472381e-31 6.390467122418466e-28 9950204
55.9019 5.78941473369563e-31 6.378189731984101e-28 9907884
55.9481 5.786307294483228e-31 6.380586498685242e-28 9890480
55.9943 5.74851597965363e-31 6.373208702475093e-28 9864212
56.0405 5.77161765391377e-31 6.374681333180677e-28 9850680
56.0867 5.760315072386943e-31 6.371196112683945e-28 9831356
56.1329 5.702498446147467e-31 6.349739165427018e-28 9781176
56.1791 5.733594218340537e-31 6.364600973630625e-28 9789368
56.2253 5.708009206961425e-31 6.352061390826425e-28 9760404
56.2715 5.690417989682032e-31 6.35353395422777e-28 9735800
56.3177 5.675288359432489e-31 6.346377590708127e-28 9711092
56.3639 5.680434906802851e-31 6.344767114142156e-28 9689040
56.4101 5.702993717841088e-31 6.344700750954006e-28 9668192
56.4563 5.622972034057424e-31 6.335380381539877e-28 9643500
56.5025 5.690838889776737e-31 6.3328435818725e-28 9617840
56.5487 5.616472240181549e-31 6.321032571088181e-28 9596220
56.5949 5.652506408280012e-31 6.332433894747478e-28 9579572
56.6411 5.651930468205501e-31 6.322453702092713e-28 9553832
56.6873 5.581519346174348e-31 6.306398384872506e-28 9523872
56.7335 5.64059529930942e-31 6.302507762114861e-28 9502856
56.7797 5.58458322743119e-31 6.308317691529903e-28 9490980
56.8259 5.587731292057108e-31 6.302477652592701e-28 9456200
56.8721 5.578076789117252e-31 6.292627321110506e-28 9434060
56.9183 5.556473563703461e-31 6.289944717485165e-28 9409128
56.9645 5.600869355852948e-31 6.290027241950769e-28 9392816
57.0107 5.534750926605484e-31 6.279741246928837e-28 9367812
57.0569 5.544782670726148e-31 6.272116416382036e-28 9335648
57.1031 5.559647426265834e-31 6.283723753751411e-28 9334140
57.1493 5.500037856103192e-31 6.259913991617778e-28 9287804
57.1955 5.538432931762888e-31 6.263729630677889e-28 9280268
57.2417 5.479699403259812e-31 6.244148007549974e-28 9232656
57.2879 5.528388355474572e-31 6.256935510985227e-28 9235316
57.3341 5.480582345062955e-31 6.244622844301713e-28 9201576
57.3803 5.495631938067451e-31 6.236735557188838e-28 9175664
57.4265 5.467847303749187e-31 6.231175015780414e-28 9151536
57.4727 5.451132972859172e-31 6.231415948244677e-28 9128240
57.5189 5.448320214830026e-31 6.219454559858151e-28 9109832
57.5651 5.411778485246271e-31 6.208237720271338e-28 9072324
57.6113 5.395272201861231e-31 6.210082493155938e-28 9060392
57.6575 5.387646854597523e-31 6.199454003010874e-28 9034272
57.7037 5.385494853725372e-31 6.194000182449538e-28 9008744
57.7499 5.403829581001209e-31 6.185105557423185e-28 8989764
57.7961 5.314825604357754e-31 6.175239103117704e-28 8956412
57.8423 5.386624447227603e-31 6.179123495341902e-28 8941880
57.8885 5.327921547701013e-31 6.168284602639299e-28 8914968
57.9347 5.348799186521321e-31 6.156234951975403e-28 8881592
57.9809 5.307147380003194e-31 6.153323483611707e-28 8866164
58.0271 5.298644162024008e-31 6.143299244652718e-28 8832464
58.0733 5.325425667973123e-31 6.140649470142112e-28 8819384
58.1195 5.249507329336854e-31 6.128206795687528e-28 8784948
58.1657 5.304501534422603e-31 6.124409270743324e-28 8766056
58.2119 5.274220281924737e-31 6.116249828574933e-28 8741592
58.2581 5.258446255710546e-31 6.113210760143701e-28 8715404
58.3043 5.238603312847208e-31 6.107877036007733e-28 8693160
58.3505 5.190081332705101e-31 6.09117759123744e-28 8660528
58.3967 5.244775426522189e-31 6.085061648026883e-28 8638364
58.4429 5.198691954479204e-31 6.092288241686722e-28 8622660
58.4891 5.233744823126718e-31 6.071274859711218e-28 8587712
58.5353 5.16686844662867e-31 6.063266849131889e-28 8569368
58.5815 5.153173961272878e-31 6.046374775235657e-28 8529836
58.6277 5.208031848996701e-31 6.059525592546327e-28 8529840
58.6739 5.146545360678555e-31 6.040809213686049e-28 8486240
58.7201 5.159306440196469e-31 6.031516151040601e-28 8464964
58.7663 5.115628651050072e-31 6.018113553404778e-28 8441376
58.8125 5.084491193482318e-31 6.005089789110361e-28 8401016
58.8587 5.166955392129477e-31 6.016291531272471e-28 8409180
58.9049 5.088294234254541e-31 5.98430863732759e-28 8351564
58.9511 5.132756800327112e-31 5.990564009823481e-28 8339304
58.9973 5.063534101848652e-31 5.979493039050412e-28 8310416
59.0435 5.082280995319404e-31 5.965291229652145e-28 8286104
59.0897 5.041486403513076e-31 5.961418153998113e-28 8262372
59.1359 5.006972838969102e-31 5.94704890366046e-28 8225852
59.1821 5.042918658490056e-31 5.946993341646374e-28 8224104
59.2283 4.97688441886016e-31 5.927077686080813e-28 8180564
59.2745 4.967195658309912e-31 5.920450387728205e-28 8150744
59.3207 4.942057487421436e-31 5.921541335214458e-28 8137680
59.3669 4.922312147666298e-31 5.911621587382822e-28 8111156
59.4131 4.952789065621019e-31 5.891712955546983e-28 8078748
59.4593 4.88493771515438e-31 5.880341426672565e-28 8045600
59.5055 4.927739244786327e-31 5.875512279518181e-28 8035524
59.5517 4.903238889546363e-31 5.866085363056461e-28 8002928
59.5979 4.847267214754847e-31 5.846305400616755e-28 7975760
59.6441 4.905763463234776e-31 5.833438637275217e-28 7946448
59.6903 4.815841729809694e-31 5.829765790488171e-28 7924280
59.7365 4.86186167963172e-31 5.820467468642512e-28 7899672
59.7827 4.853644860043936e-31 5.809775128549341e-28 7869572
59.8289 4.785212458483734e-31 5.787701601188704e-28 7830276
59.8751 4.843681134433421e-31 5.796721691442478e-28 7826636
59.9213 4.783369688179345e-31 5.778795356829044e-28 7792388
59.9675 4.789858296204419e-31 5.764171087147272e-28 7765296
60.0137 4.788789485030744e-31 5.752661092358801e-28 7733948
60.0599 4.72226782410492e-31 5.750381717108809e-28 7710948
60.1061 4.741309122835928e-31 5.73664655118699e-28 7689260
60.1523 4.711955607506173e-31 5.714543172054067e-28 7649916
60.1985 4.701275961211371e-31 5.717439653755753e-28 7638020
60.2447 4.718526899919982e-31 5.696027341845672e-28 7597136
60.2909 4.702272618942525e-31 5.697722521777327e-28 7586532
60.3371 4.652891896806839e-31 5.672441378453657e-28 7540628
60.3833 4.683487751598905e-31 5.664824525769227e-28 7519344
60.4295 4.644516938347674e-31 5.660723998050699e-28 7501880
60.4757 4.624031134746802e-31 5.649204932221673e-28 7466540
60.5219 4.653713306477048e-31 5.630580609152278e-28 7440012
60.5681 4.564774309106277e-31 5.619251478327232e-28 7414112
60.6143 4.604210289647458e-31 5.605027443916965e-28 7382808
60.6605 4.559080048607033e-31 5.593978353023303e-28 7365056
60.7067 4.573232050043268e-31 5.5764407507949e-28 7324200
60.7529 4.596959510059273e-31 5.569658084107074e-28 7308356
60.7991 4.527648444733909e-31 5.559034527085091e-28 7275944
60.8453 4.568357493665769e-31 5.537425588409892e-28 7238628
60.8915 4.515842694619414e-31 5.539683273380325e-28 7231832
60.9377 4.512050828830182e-31 5.516107228399134e-28 7189104
60.9839 4.46590672786631e-31 5.508469534176528e-28 7168592
61.0301 4.447406940301617e-31 5.486082932523736e-28 7136184
61.0763 4.47061230801983e-31 5.4825392431455e-28 7116188
61.1225 4.412048725773904e-31 5.45470244460972e-28 7077644
61.1687 4.43732864232627e-31 5.453681944404923e-28 7053780
61.2149 4.3962375091542e-31 5.443382753699311e-28 7031900
61.2611 4.380261026912062e-31 5.423513642349777e-28 6993612
61.3073 4.381024704643231e-31 5.417129603319253e-28 6976868
61.3535 4.340987890994739e-31 5.385241005988024e-28 6934520
61.3997 4.365511360345564e-31 5.390292263397804e-28 6920268
61.4459 4.317901895705023e-31 5.376337293513844e-28 6889172
61.4921 4.332442152735536e-31 5.344234895645142e-28 6844680
61.5383 4.330857736940639e-31 5.346695687096915e-28 6834860
61.5845 4.269613688483258e-31 5.330545630418244e-28 6802656
61.6307 4.295744621587869e-31 5.31341859410111e-28 6777188
61.6769 4.282783757081203e-31 5.292074031000131e-28 6737144
61.7231 4.235105922852822e-31 5.285466661214159e-28 6712620
61.7693 4.245570617374552e-31 5.277669783916517e-28 6695444
61.8155 4.228386559203629e-31 5.25173760043343e-28 6653604
61.8617 4.211488692376672e-31 5.233726212603098e-28 6626744
61.9079 4.198767973558443e-31 5.222446949201464e-28 6602196
61.9541 4.156626604458487e-31 5.204935533081726e-28 6571892
62.0003 4.189670446610207e-31 5.190089831341136e-28 6541832
62.0465 4.123595259540857e-31 5.172087465762571e-28 6504960
62.0927 4.188568213909803e-31 5.169546839826736e-28 6496244
62.1389 4.099031832620036e-31 5.147613218450911e-28 6453468
62.1851 4.14518189029249e-31 5.134647878939937e-28 6432680
62.2313 4.090386455214085e-31 5.109553507533003e-28 6396960
62.2775 4.100983320461662e-31 5.094121181445567e-28 6364784
62.3237 4.0924134884609e-31 5.09855742617317e-28 6352916
62.3699 4.042046052039512e-31 5.067409759684525e-28 6304836
62.4161 4.099839820663714e-31 5.051268014111899e-28 6282080
62.4623 4.005722269003953e-31 5.037140423496221e-28 6251508
62.5085 4.040201120006791e-31 5.021805054383993e-28 6225728
62.5547 3.982611011436465e-31 5.0005591623648e-28 6187640
62.6009 4.002135760315419e-31 4.982096612484164e-28 6159276
62.6471 3.980926991822586e-31 4.977138505477783e-28 6141404
62.6933 3.960197531120839e-31 4.956212283637804e-28 6104412
62.7395 3.967321949401447e-31 4.931990400105095e-28 6071612
62.7857 3.91709353176529e-31 4.915974395252678e-28 6046032
62.8319 3.919938810767048e-31 4.899209776754912e-28 6013244
62.8781 3.876634676296335e-31 4.890834922388273e-28 5990204
62.9243 3.825772817332036e-31 4.861493155070838e-28 5950020
62.9705 3.853667481378319e-31 4.858946794154175e-28 5938520
63.0167 3.798558614275819e-31 4.828824436117646e-28 5890944
63.0629 3.805955605099372e-31 4.816984521252889e-28 5864480
63.1091 3.757604359298966e-31 4.797108766137558e-28 5834628
63.1553 3.741185891554534e-31 4.780753939170392e-28 5806868
63.2015 3.755512106501756e-31 4.758540869424111e-28 5779796
63.2477 3.700826944333955e-31 4.741963930440026e-28 5744076
63.2939 3.718809087078475e-31 4.727845572647668e-28 5716436
63.3401 3.68572888133234e-31 4.713651977620573e-28 5686140
63.3863 3.651755435573413e-31 4.688301351245953e-28 5648924
63.4325 3.672194109581347e-31 4.673258385449231e-28 5631720
63.4787 3.621325874114826e-31 4.651250922212395e-28 5592584
63.5249 3.669359358837638e-31 4.635364524844243e-28 5565032
63.5711 3.584179025982914e-31 4.60937149544729e-28 5527812
63.6173 3.592680441566763e-31 4.595860303481044e-28 5502944
63.6635 3.59148538835503e-31 4.58626666231857e-28 5479728
63.7097 3.539708360832814e-31 4.551729601228986e-28 5435888
63.7559 3.576907235124249e-31 4.543933634191686e-28 5413076
63.8021 3.522104798750733e-31 4.522416008626484e-28 5379972
63.8483 3.499030985557927e-31 4.505638435041451e-28 5348924
63.8945 3.501360154184186e-31 4.485202815172546e-28 5317392
63.9407 3.450152622574527e-31 4.457028948343552e-28 5279504
63.9869 3.47639981214048e-31 4.45384736956811e-28 5268480
64.0331 3.413639017205175e-31 4.422950877862733e-28 5223572
64.0793 3.426169297379364e-31 4.406215939298911e-28 5190452
64.1255 3.394956745784279e-31 4.387679777257026e-28 5162808
64.1716 3.399047955332984e-31 4.367463963932155e-28 5130032
64.2178 3.376766567321696e-31 4.35092138986761e-28 5102844
64.264 3.392666167180641e-31 4.328884481217867e-28 5064404
64.3102 3.333288302104889e-31 4.312497026797837e-28 5041788
64.3564 3.375457415239143e-31 4.286850851644637e-28 5006048
64.4026 3.272762796515572e-31 4.267252232467277e-28 4974476
64.4488 3.314881530795266e-31 4.245065955127743e-28 4944876
64.495 3.23151819188663e-31 4.218406734482277e-28 4906532
64.5412 3.298096700240067e-31 4.208832767058946e-28 4887960
64.5874 3.192838849387845e-31 4.181469249994477e-28 4844576
64.6336 3.26520859258923e-31 4.162364065491561e-28 4814876
64.6798 3.187162114666344e-31 4.144347505530498e-28 4789392
64.726 3.203925274746756e-31 4.110335506466917e-28 4742684
64.7722 3.185504118521487e-31 4.109325094772044e-28 4734516
64.8184 3.122920320647978e-31 4.072723404207128e-28 4682588
64.8646 3.155893369128553e-31 4.059854786985504e-28 4661736
64.9108 3.066474230121557e-31 4.035312275414013e-28 4628360
64.957 3.085938564751701e-31 4.00332740165659e-28 4589408
65.0032 3.017571212974765e-31 3.985518870595195e-28 4560588
65.0494 3.059275409408826e-31 3.968393542088937e-28 4531724
65.0956 2.991006748507545e-31 3.950093796000886e-28 4499988
65.1418 3.048398347544759e-31 3.918899400380441e-28 4461728
65.188 2.941119755673335e-31 3.904277519552773e-28 4433484
65.2342 2.983973307921956e-31 3.884105229581361e-28 4405280
65.2804 2.928035063966102e-31 3.851556611390356e-28 4360472
65.3266 2.929633095126031e-31 3.83911426657855e-28 4339080
65.3728 2.913422763029045e-31 3.810793852040262e-28 4301396
65.419 2.871381021539404e-31 3.792227716097555e-28 4271340
65.4652 2.900885610574473e-31 3.770850912857585e-28 4239968
65.5114 2.811773857558578e-31 3.739933443851956e-28 4201116
65.5576 2.891955201534259e-31 3.728839446372166e-28 4177748
65.6038 2.767632757114228e-31 3.694901574498748e-28 4136636
65.65 2.836167941542009e-31 3.673322638041416e-28 4110516
65.6962 2.780485434380164e-31 3.659411970856414e-28 4075076
65.7424 2.733958521765604e-31 3.628001435832808e-28 4037220
65.7886 2.778867137412889e-31 3.609226175435912e-28 4008632
65.8348 2.688807167565245e-31 3.581535731967096e-28 3972800
65.881 2.778189074001444e-31 3.562184778456759e-28 3946224
65.9272 2.652107913481641e-31 3.527239790810876e-28 3908516
65.9734 2.719715864702823e-31 3.50856159525349e-28 3876912
66.0196 2.606107414335216e-31 3.482460064166856e-28 3839720
66.0658 2.604102096140444e-31 3.462116835777058e-28 3813012
66.112 2.672416616794445e-31 3.437112957326997e-28 3777968
66.1582 2.551508559430413e-31 3.409780604786103e-28 3737048
66.2044 2.625520816914609e-31 3.391889753871197e-28 3713520
66.2506 2.514788121044245e-31 3.362532656807167e-28 3677996
66.2968 2.577486489404625e-31 3.338425210529407e-28 3640800
66.343 2.480374656663952e-31 3.309884953623606e-28 3607976
66.3892 2.454049245282837e-31 3.287079710394322e-28 3570924
66.4354 2.52349782438051e-31 3.26687581274677e-28 3545936
66.4816 2.411647915686376e-31 3.239954783636455e-28 3506408
66.5278 2.490557894545276e-31 3.211674329506616e-28 3471600
66.574 2.397333772554164e-31 3.191457812667225e-28 3442172
66.6202 2.363427226101618e-31 3.165386252109932e-28 3407676
66.6664 2.415196359979697e-31 3.141527248938577e-28 3373964
66.7126 2.336810881065629e-31 3.114091209828127e-28 3336468
66.7588 2.37924910403374e-31 3.08690316359265e-28 3307520
66.805 2.269675516121725e-31 3.062076534914681e-28 3272000
66.8512 2.239264952429962e-31 3.031868903032145e-28 3237408
66.8974 2.150848298330335e-31 3.004316748390804e-28 3196721
66.9436 2.137073915813056e-31 2.992695531770234e-28 3179382
66.9898 2.102848744440839e-31 2.956877891962181e-28 3135572
67.036 2.078571354620633e-31 2.931725660687091e-28 3103196
67.0822 2.060466217635142e-31 2.919515847664581e-28 3079200
67.1284 2.042089746197594e-31 2.892961120717777e-28 3053732
67.1746 2.017410610607984e-31 2.867217759643462e-28 3018894
67.2208 1.99998158358019e-31 2.841354265942051e-28 2988590
67.267 1.987471368768866e-31 2.833166356435638e-28 2970498
67.3132 1.965624968133786e-31 2.801349237209396e-28 2938226
67.3594 1.947969439954103e-31 2.783073070506809e-28 2910458
67.4056 1.931762053016557e-31 2.763806457029604e-28 2883180
67.4518 1.917490483555318e-31 2.745525415613613e-28 2860964
67.498 1.899668158635302e-31 2.719588680375249e-28 2833284
67.5442 1.884614262462472e-31 2.705140126028935e-28 2808758
67.5904 1.862852259319054e-31 2.678427821737605e-28 2780862
67.6366 1.845544567850455e-31 2.663140837239513e-28 2758742
67.6828 1.834808161011396e-31 2.645908148692812e-28 2734520
67.729 1.817483187206821e-31 2.625002005290714e-28 2707878
67.7752 1.804890446267441e-31 2.607826564066195e-28 2685368
67.8214 1.786293290627977e-31 2.585558879766822e-28 2660304
67.8676 1.773887287820645e-31 2.573400182061355e-28 2642216
67.9138 1.759153251461525e-31 2.547304836108114e-28 2610312
67.96 1.745080373992977e-31 2.535476624545845e-28 2593256
68.0062 1.734589445390046e-31 2.513195927516792e-28 2569946
68.0524 1.710487093525263e-31 2.495589890917773e-28 2542752
68.0986 1.7021211642915e-31 2.478701470624752e-28 2526218
68.1448 1.684616255811496e-31 2.45643646856125e-28 2501610
68.191 1.676132459833826e-31 2.438631868966544e-28 2479202
68.2372 1.664916041532366e-31 2.421831877405477e-28 2457824
68.2834 1.646725239202585e-31 2.403748767609233e-28 2436522
68.3296 1.631966452126616e-31 2.3845677500922e-28 2413964
68.3758 1.622845586614349e-31 2.370278535502046e-28 2396034
68.422 1.604535379264606e-31 2.3533395085209e-28 2369162
68.4682 1.595794463559739e-31 2.341185419430289e-28 2354394
68.5144 1.584531334762654e-31 2.322174451031216e-28 2332340
68.5606 1.571092839223175e-31 2.297180436967778e-28 2309150
68.6068 1.555765650850836e-31 2.279862474204803e-28 2288172
68.653 1.545129947657608e-31 2.269110381879223e-28 2269922
68.6992 1.535195709437372e-31 2.251261388506844e-28 2250780
68.7454 1.521512772848293e-31 2.231508716277856e-28 2229338
68.7916 1.508543079476078e-31 2.218406123479073e-28 2210772
68.8378 1.495182495936229e-31 2.201838781594043e-28 2192108
68.884 1.485745480619465e-31 2.184475768922371e-28 2170988
68.9302 1.472424220867786e-31 2.171499948056603e-28 2152722
68.9764 1.459812002216272e-31 2.149871384639431e-28 2132996
69.0226 1.449968666895292e-31 2.138501671280681e-28 2117244
69.0688 1.433014334898591e-31 2.115621203574012e-28 2092700
69.115 1.420353464888868e-31 2.102611734009425e-28 2074508
69.1612 1.413488260069876e-31 2.091354447974668e-28 2061852
69.2074 1.402370094118789e-31 2.073187351343344e-28 2041724
69.2536 1.385084860324288e-31 2.054441370214384e-28 2018460
69.2998 1.378973544383198e-31 2.040508210692529e-28 2003006
69.346 1.370196017668031e-31 2.02732563451982e-28 1989396
69.3922 1.353393674280027e-31 2.010798771889359e-28 1968260
69.4384 1.341296342789157e-31 1.993061983048879e-28 1946780
69.4846 1.335158234174319e-31 1.979934821818833e-28 1934142
69.5308 1.32460852144102e-31 1.969295125068818e-28 1918124
69.577 1.308496112011293e-31 1.949525317933781e-28 1896468
69.6232 1.30001133557388e-31 1.931609271382404e-28 1879406
69.6694 1.294616869763982e-31 1.918918027881041e-28 1864284
69.7156 1.284054786647256e-31 1.908889049252915e-28 1850846
69.7618 1.266718154630625e-31 1.886205500847322e-28 1826084
69.808 1.26597743911118e-31 1.876651867277764e-28 1814094
69.8542 1.253037063164525e-31 1.867414657079373e-28 1799300
69.9004 1.236798244144809e-31 1.848070925930375e-28 1780710
69.9466 1.228097907524196e-31 1.832031016821494e-28 1764884
69.9928 1.215305113760964e-31 1.809519984671954e-28 1744434
70.039 1.208755267927631e-31 1.808466012065107e-28 1734356
70.0852 1.198056844857973e-31 1.790280872974972e-28 1717670
70.1314 1.187204334844057e-31 1.771981717968105e-28 1697718
70.1776 1.177469670663268e-31 1.761482340243431e-28 1682948
70.2238 1.167655318496784e-31 1.751909102916042e-28 1670502
70.27 1.161447659934854e-31 1.733162640931386e-28 1654382
70.3162 1.148142576302489e-31 1.715691477191309e-28 1635902
70.3624 1.142026601671003e-31 1.70222703192605e-28 1623948
70.4086 1.129760858568371e-31 1.693346916403467e-28 1607870
70.4548 1.120962281964789e-31 1.677728241559277e-28 1591710
70.501 1.111796837928166e-31 1.663889176547014e-28 1575254
70.5472 1.102922169462912e-31 1.654182811809097e-28 1565550
70.5934 1.09019464617037e-31 1.63303517090887e-28 1546364
70.6396 1.081272859456269e-31 1.62103577405594e-28 1531526
70.6858 1.073912918659957e-31 1.609361360689481e-28 1516926
70.732 1.066788305016004e-31 1.600829094660903e-28 1508390
70.7782 1.053526518719476e-31 1.57542378364857e-28 1486182
70.8244 1.048041521735921e-31 1.572505645829402e-28 1475414
70.8706 1.037359826891933e-31 1.553646385834083e-28 1459662
70.9168 1.034145414954896e-31 1.545629760754691e-28 1447358
70.963 1.017921876634619e-31 1.534480285734182e-28 1433654
71.0092 1.00713493437656e-31 1.517441680375081e-28 1417218
71.0554 1.001099581842849e-31 1.507829695419958e-28 1405838
71.1016 9.963328169743779e-32 1.491636753507601e-28 1392414
71.1478 9.846370248025765e-32 1.477827074185857e-28 1376246
71.194 9.736903351383861e-32 1.466464229021661e-28 1363542
71.2402 9.699473364198493e-32 1.455212921988066e-28 1352918
71.2864 9.619828922309415e-32 1.440733286531486e-28 1338134
71.3326 9.526216388940559e-32 1.426809088299437e-28 1323840
71.3788 9.453255034259337e-32 1.41446938927281e-28 1308782
71.425 9.324875294833536e-32 1.411175122888236e-28 1301238
71.4712 9.246915620318691e-32 1.390152882511398e-28 1284854
71.5174 9.159211967317976e-32 1.375647176437397e-28 1268942
71.5636 9.100302637973549e-32 1.371390174620594e-28 1261590
71.6098 9.007879022365652e-32 1.35712912331057e-28 1247528
71.656 8.956495179741364e-32 1.338148564193632e-28 1233438
71.7022 8.820861986187801e-32 1.329367541445568e-28 1217750
71.7484 8.81273535495698e-32 1.322375159353275e-28 1213134
71.7946 8.730649044347796e-32 1.305872581670482e-28 1197782
71.8408 8.614930271766546e-32 1.290984233544092e-28 1180700
71.887 8.556315787194648e-32 1.282948294474814e-28 1171854
71.9332 8.531110185174349e-32 1.274227386321691e-28 1163174
71.9794 8.380049920331281e-32 1.255458520945252e-28 1146192
72.0256 8.350318780844718e-32 1.245048073307286e-28 1135046
72.0718 8.23641424999221e-32 1.235168978100117e-28 1124070
72.118 8.204142519164385e-32 1.225723457117065e-28 1113638
72.1642 8.099996739621853e-32 1.212924746018731e-28 1100408
72.2104 8.037371238507605e-32 1.199832044111724e-28 1087734
72.2566 7.942875760152475e-32 1.191198106535182e-28 1078334
72.3028 7.906935072015014e-32 1.177894327749367e-28 1066848
72.349 7.851319243187395e-32 1.168750041159423e-28 1055558
72.3952 7.714168098826322e-32 1.152666781534226e-28 1039512
72.4414 7.671087979984676e-32 1.14654399530089e-28 1034006
72.4876 7.58321344122026e-32 1.135306390034092e-28 1023206
72.5338 7.490291824385306e-32 1.120818263613616e-28 1008276
72.58 7.436790910875512e-32 1.111763677997278e-28 996998
72.6262 7.390195033613123e-32 1.101056378074958e-28 990336
72.6724 7.31255600610755e-32 1.093114634552186e-28 977246
72.7186 7.202952318253767e-32 1.079848498655199e-28 964328
72.7648 7.148032073425078e-32 1.071792909315005e-28 955686
72.811 7.090516162110664e-32 1.059515637498031e-28 947630
72.8572 6.996000404712207e-32 1.042508474565749e-28 932496
72.9034 6.92125475039416e-32 1.036066581831345e-28 923126
72.9496 6.89564259070244e-32 1.029384986915872e-28 915264
72.9958 6.764178933649782e-32 1.015935040384986e-28 902150
73.042 6.753661391411647e-32 1.007021315570757e-28 893672
73.0882 6.634555306896528e-32 9.918405400899128e-29 880782
73.1344 6.619629340610972e-32 9.895572971736901e-29 875360
73.1806 6.556186155317283e-32 9.750892021242424e-29 862326
73.2268 6.476544318352596e-32 9.622532785978067e-29 852140
73.273 6.412427006108288e-32 9.554343094714059e-29 842544
73.3192 6.321814910153422e-32 9.448513133246583e-29 832910
73.3654 6.286452564311173e-32 9.357922211621206e-29 824288
73.4116 6.206687697950429e-32 9.229359634906016e-29 812262
73.4578 6.15238922763902e-32 9.168261070418996e-29 804728
73.504 6.112338053085029e-32 9.072890498970094e-29 795486
73.5502 6.031284022044871e-32 8.947728264442497e-29 784520
73.5964 5.947921918296453e-32 8.829681333405994e-29 773576
73.6426 5.904651371612508e-32 8.773525191782865e-29 767574
73.6888 5.877048355243639e-32 8.657542620832331e-29 757976
73.735 5.781368924058573e-32 8.561438298474015e-29 747246
73.7812 5.712665468799883e-32 8.432276473004329e-29 736088
73.8274 5.691504799022505e-32 8.414970490075153e-29 733116
73.8736 5.578881148151911e-32 8.252987820169867e-29 720086
73.9198 5.513488328019763e-32 8.178137611696983e-29 710432
73.966 5.488965379621255e-32 8.081397873985348e-29 702960
74.0122 5.406057374689601e-32 8.021380122266955e-29 695102
74.0584 5.36330192200342e-32 7.886785176822449e-29 685680
74.1046 5.278169254181043e-32 7.787340796932834e-29 674000
74.1508 5.239605806790651e-32 7.737027979170288e-29 669294
74.197 5.205464491195673e-32 7.636869311652704e-29 661064
74.2432 5.122670667457679e-32 7.513232274184494e-29 649664
74.2894 5.058279166112328e-32 7.436064947126788e-29 641262
74.3356 5.011206044117954e-32 7.372208621814255e-29 636632
74.3818 4.966249578841056e-32 7.282274555237953e-29 627324
74.428 4.865670681032067e-32 7.151019828406596e-29 615680
74.4742 4.824587946053987e-32 7.058272773471229e-29 607974
74.5204 4.795179005258282e-32 7.013402630377633e-29 604784
74.5666 4.743066072061109e-32 6.902769302179414e-29 593216
74.6128 4.662388366779583e-32 6.791061143241387e-29 583830
74.659 4.640437341579979e-32 6.752168971567373e-29 578624
74.7052 4.575016858118483e-32 6.672918238547904e-29 571152
74.7514 4.532719021926952e-32 6.581969732729572e-29 562616
74.7976 4.437654870674645e-32 6.436815682677989e-29 551246
74.8438 4.411232361402099e-32 6.426040170711613e-29 549072
74.89 4.359577789933199e-32 6.354497897767456e-29 540848
74.9362 4.270505737977368e-32 6.200145235963543e-29 529620
74.9824 4.209191583705336e-32 6.145064008134885e-29 523232
75.0286 4.209774169133895e-32 6.095098249726298e-29 518286
75.0748 4.133091169856635e-32 5.985424985881444e-29 511160
75.121 4.081553672985364e-32 5.892281722461692e-29 500648
75.1672 4.03267273970748e-32 5.819622970318101e-29 493848
75.2134 4.020869470642105e-32 5.786031509151917e-29 489776
75.2596 3.930826408210617e-32 5.689373006147665e-29 480798
75.3058 3.903422927012239e-32 5.560571468892376e-29 472664
75.352 3.847433550220912e-32 5.521007721766253e-29 467208
75.3982 3.794155890367855e-32 5.463216241005038e-29 461456
75.4444 3.720348713840995e-32 5.37534628892376e-29 451988
75.4906 3.668217600426655e-32 5.267825522995593e-29 443496
75.5368 3.666758037107647e-32 5.264951658955901e-29 441638
75.583 3.601930068930859e-32 5.170835339648553e-29 433968
75.6292 3.537318374424208e-32 5.070459081124397e-29 425888
75.6754 3.496119023420058e-32 4.964074523613377e-29 417600
75.7216 3.446232755353777e-32 4.934627486680394e-29 414632
75.7678 3.424884873528627e-32 4.832071756216044e-29 407024
75.814 3.357809619064033e-32 4.751266693696889e-29 399048
75.8602 3.334527155519027e-32 4.706262696266171e-29 393878
75.9064 3.270254676955526e-32 4.63955291217282e-29 389196
75.9526 3.212041439748934e-32 4.555457970198978e-29 380816
75.9988 3.154115308463707e-32 4.469749371381466e-29 373160
76.045 3.156060276054429e-32 4.44571246987824e-29 370176
76.0912 3.121731769201707e-32 4.377235927839698e-29 364856
76.1374 3.026476478615918e-32 4.263757019697095e-29 356088
76.1836 2.978526928398339e-32 4.19764172427249e-29 348848
76.2298 2.98166736205576e-32 4.14657187865301e-29 347208
76.276 2.915764506620627e-32 4.091588689510623e-29 339944
76.3222 2.873558411333106e-32 3.994101108872678e-29 331856
76.3684 2.828826925858854e-32 3.948941080984759e-29 327150
76.4146 2.78460614543749e-32 3.908691814322484e-29 324092
76.4608 2.762699201733181e-32 3.826219725274125e-29 316944
76.507 2.720991779101931e-32 3.744665212458167e-29 309512
76.5532 2.687405163552996e-32 3.691758606467942e-29 305496
76.5994 2.639929321539216e-32 3.670844203071809e-29 301904
76.6456 2.590952994315395e-32 3.555981704844658e-29 293552
76.6918 2.542273200669922e-32 3.505836550475174e-29 287328
76.738 2.546625567856091e-32 3.481131506313905e-29 285656
76.7842 2.480812154012289e-32 3.40635744037045e-29 279936
76.8304 2.42984735563692e-32 3.334785641136181e-29 273404
76.8766 2.363487970383866e-32 3.210423881425848e-29 264384
76.9228 2.384236734759834e-32 3.256900239142609e-29 266672
76.969 2.354167444819265e-32 3.173847214497899e-29 259208
77.0152 2.262688211273948e-32 3.066924434407427e-29 252216
77.0614 2.238465102257252e-32 3.020558864789889e-29 247088
77.1076 2.208143104567411e-32 3.013651716645337e-29 245664
77.1538 2.174479665041798e-32 2.927323844120302e-29 239288
77.2 2.128641299440493e-32 2.83946857913537e-29 231968
77.2462 2.1138153182736e-32 2.801872161867273e-29 229608
77.2924 2.074510255553181e-32 2.797182724093333e-29 226340
77.3386 2.024399104557315e-32 2.699866154016266e-29 219360
77.3848 1.989649956074978e-32 2.624018088464183e-29 213104
77.431 1.986026902550578e-32 2.624188313777971e-29 213024
77.4772 1.943479116474709e-32 2.55018508207706e-29 208088
77.5234 1.862485109884043e-32 2.456569635273641e-29 200336
77.5696 1.838804300855085e-32 2.408999569275544e-29 195552
77.6158 1.864225731813159e-32 2.417578505375981e-29 196328
77.662 1.814970827104186e-32 2.352185111553574e-29 189792
77.7082 1.755693530231187e-32 2.272801240759204e-29 183908
77.7544 1.690161708112534e-32 2.219051926364921e-29 179424
77.8006 1.711367908992457e-32 2.21549474535427e-29 178760
77.8468 1.665674801745903e-32 2.141165802376727e-29 172928
77.893 1.621737918542326e-32 2.079785645877709e-29 167352
77.9392 1.589985843367072e-32 2.048344658092203e-29 164984
77.9854 1.578243294479763e-32 2.001784973369667e-29 161736
78.0316 1.546019106405058e-32 1.943125388615172e-29 157112
78.0778 1.478488712245377e-32 1.880708648700825e-29 150848
78.124 1.486407624007135e-32 1.88469902231348e-29 151332
78.1702 1.436925270864859e-32 1.833280678611781e-29 146720
78.2164 1.407650621149342e-32 1.765742992564813e-29 140874
78.2626 1.359675557509342e-32 1.70515399107601e-29 136832
78.3088 1.377791984238092e-32 1.72404056403694e-29 137904
78.355 1.321050869461435e-32 1.637292247240451e-29 131384
78.4012 1.270485067442965e-32 1.583553808656791e-29 126248
78.4474 1.276127657997098e-32 1.557277714092238e-29 124152
78.4936 1.26715148860391e-32 1.541552521780626e-29 123896
78.5398 1.191440519633196e-32 1.467502052957765e-29 117588
78.586 1.144078624740551e-32 1.405810863054002e-29 112160
78.6322 1.175010170259766e-32 1.415317699545929e-29 112488
78.6784 1.162444933872708e-32 1.387395253296023e-29 110072
78.7246 1.091655359894824e-32 1.317764682003059e-29 104906
78.7708 1.029516432507331e-32 1.24151660141691e-29 98880
78.817 1.088642075111743e-32 1.267176223453071e-29 101408
78.8632 1.034655224166156e-32 1.217827510347612e-29 97128
78.9094 1.003103901187193e-32 1.158736580463604e-29 92504
78.9556 9.398462589096555e-33 1.118703424525316e-29 88308
79.0018 9.757916385893033e-33 1.135924814297358e-29 89504
79.048 9.367896432066704e-33 1.082127271957863e-29 85064
79.0942 9.262026522267789e-33 1.020215258736551e-29 80856
79.1404 8.78486121610011e-33 1.003011368520819e-29 78914
79.1866 8.591509233145299e-33 9.896001051359712e-30 77928
79.2328 8.387832393305106e-33 9.33522820235533e-30 73760
79.279 8.035468880260852e-33 8.867565603490125e-30 69752
79.3252 7.887331400382891e-33 9.056038922238029e-30 70788
79.3714 7.551286682442185e-33 8.430100519913238e-30 66920
79.4176 7.622813026055819e-33 8.036067325934612e-30 63192
79.4638 7.14579527032881e-33 7.564062996661233e-30 59594
79.51 7.005522020918523e-33 7.968467703877636e-30 62760
79.5562 6.574973993877539e-33 7.186956060617284e-30 56720
79.6024 6.609420253187579e-33 6.724969740192658e-30 53384
79.6486 6.555094604319719e-33 6.637794045165649e-30 52272
79.6948 6.292698332619945e-33 6.862605433718941e-30 53456
79.741 5.651582665801265e-33 6.074698093177405e-30 47676
79.7872 5.775075377925689e-33 5.566426289547836e-30 44234
79.8334 5.741365061658428e-33 5.792400351818355e-30 45288
79.8796 5.61526980772612e-33 5.776329236720333e-30 44960
79.9258 4.948477733066502e-33 5.065713763351235e-30 39344
79.972 5.00454281002422e-33 4.580530187174369e-30 35664
80.0182 5.205643458821198e-33 5.020889682539378e-30 39440
80.0644 4.940298338828608e-33 4.741200885057022e-30 37194
80.1106 4.086997353451478e-33 4.073841941232167e-30 31484
80.1568 4.215257579811673e-33 3.732155010979225e-30 28848
80.203 4.374224408044472e-33 4.27839627729266e-30 33200
80.2492 4.177611814499425e-33 3.830150126087661e-30 30056
80.2954 3.41883127683708e-33 3.196512858653398e-30 24570
80.3416 3.767285669530529e-33 3.092942933866781e-30 23936
80.3878 3.790233187004436e-33 3.438796726749328e-30 26640
80.434 3.41005621679766e-33 3.056596454410239e-30 23624
80.4802 2.781099070197904e-33 2.314115896780979e-30 18020
80.5264 3.362034557123364e-33 2.584157620967372e-30 19986
80.5726 3.150195155256838e-33 2.639913478254643e-30 20744
80.6188 2.78324387674962e-33 2.307587256069836e-30 18000
80.665 2.114354144226776e-33 1.580283637219778e-30 12152
80.7112 2.75186937257815e-33 2.161973762370948e-30 16488
80.7574 2.630011615025056e-33 2.028355967072047e-30 15698
80.8036 2.202246083321527e-33 1.704825870969197e-30 13136
80.8498 1.667176777093071e-33 1.024118044067174e-30 8196
80.896 2.311764898138042e-33 1.61095039196631e-30 12488
80.9422 2.10050120236369e-33 1.462109774649217e-30 11250
80.9884 1.606320827451174e-33 1.193608136555565e-30 8984
81.0346 1.266972964435385e-33 7.545555027217851e-31 5736
81.0808 1.783360194648434e-33 1.121896497575515e-30 8456
81.127 1.566397005646381e-33 9.660860530747872e-31 7448
81.1732 1.176024519251555e-33 7.495716688897242e-31 5538
81.2194 9.699736762127266e-34 5.163880060648071e-31 3884
81.2656 1.269410870086807e-33 6.964555619337959e-31 5208
81.3118 1.103744038547001e-33 5.679308990778003e-31 4424
81.358 6.104794449823219e-34 2.912947394108701e-31 2186
81.4042 9.479890696713909e-34 4.088774837161097e-31 3120
81.4504 7.951977537765621e-34 3.452094774359876e-31 2744
81.4966 6.424425563353463e-34 2.854544463573534e-31 2184
81.5428 3.063785550792214e-34 1.247852721311707e-31 902
81.589 5.088579656471485e-34 1.810228624297552e-31 1464
81.6352 4.102850902117695e-34 1.424992571093337e-31 1064
81.6814 3.26742398755976e-34 1.027978415700734e-31 728
81.7276 1.269532747834241e-34 2.919168129922357e-32 258
81.7738 1.829268637158346e-34 4.44107847709571e-32 344
81.82 9.438068318429166e-35 2.226773640092594e-32 168
81.8662 2.351588701370165e-35 1.191917533089958e-32 56
81.9124 5.966982140221838e-36 1.768970493761863e-33 7


0.0461999 0.1247273878209837 0.009746424670536378 18
0.0923998 0.6271380870836063 0.05455767427479017 62
0.1386 0.6042856713213658 0.08202570858372596 98
0.1848 1.093171496958619 0.1971620842130026 210
0.230999 1.078046516290529 0.3016873974643368 350
0.277199 0.8218361951858004 0.3584686899409745 450
0.323399 0.7390917320946684 0.4002297964709487 602
0.369599 0.6315613039336462 0.4569200412767114 762
0.415799 0.6447477866818041 0.6026103016631777 1142
0.461999 0.4583573363738686 0.5170892228953388 1250
0.508199 0.4177665031569653 0.4753393684804448 1458
0.554399 0.4006586039387089 0.4890639099175821 1814
0.600599 0.3972537279762791 0.444927467177535 2178
0.646798 0.3795257757680219 0.4318141870365352 2498
0.692998 0.315665123044829 0.3860636903807618 2622
0.739198 0.3246172785542474 0.4073338433997203 3338
0.785398 0.2908721753630394 0.3790314911565252 3722
0.831598 0.2698208822805093 0.3527749364831876 4170
0.877798 0.2355243001125328 0.3256904463084793 4358
0.923998 0.2341508019520397 0.303441943480951 5034
0.970198 0.2169163359620468 0.3005538259758258 5714
1.0164 0.2041418859367887 0.2858446333282726 5982
1.0626 0.1887581857364621 0.2662268236570705 6602
1.1088 0.1778495424267076 0.2566614570492519 7130
1.155 0.1783580094236016 0.2573265978161783 8034
1.2012 0.1573231565320059 0.2518392516826334 8606
1.2474 0.1461055426923713 0.24706940535885 9066
1.2936 0.1432515174464856 0.2482897765461415 9962
1.3398 0.1322011311136667 0.2503027253506948 10550
1.386 0.1259524838741069 0.229710024362591 11226
1.4322 0.1244371458822207 0.2423376073598854 12146
1.4784 0.1126008265627815 0.2314861346960548 12606
1.5246 0.1096307642153105 0.2374039506311894 13802
1.5708 0.1077323827940027 0.2399793397074997 14754
1.617 0.09994897463917297 0.2361527540150192 15194
1.6632 0.09653527097521811 0.2436823039435305 16454
1.7094 0.09070612237920564 0.2423079632406399 17154
1.7556 0.08781964649155041 0.2492085291058492 18266
1.8018 0.08126000831780313 0.2370637546541577 18750
1.848 0.08152427334087209 0.2473473957834305 20234
1.8942 0.07853988868726895 0.2478382898060054 21450
1.9404 0.07243923927030947 0.2525771849061199 21962
1.9866 0.07247582503871201 0.2567385502912993 23462
2.0328 0.06733862175126594 0.2540111890594346 24042
2.079 0.06752606303863226 0.2655132249665117 25946
2.1252 0.06118591074861176 0.2629515396859916 26118
2.17139 0.05928507516305765 0.2691787485817736 27506
2.21759 0.05835848089839543 0.269361007096273 29066
2.26379 0.05618687563228435 0.2732190231095741 30450
2.30999 0.05392023642036884 0.2802959499247385 31742
2.35619 0.0508930896128633 0.2802475695816379 32250
2.40239 0.04959098030087934 0.2851332956101847 34250
2.44859 0.04796457449658137 0.2894710556662087 35454
2.49479 0.04608530909175665 0.2903753548660057 36434
2.54099 0.04347507888550642 0.290891641927601 37682
2.58719 0.04298711561659384 0.2969829259147403 39294
2.63339 0.04208231521876977 0.3015815580117033 41426
2.67959 0.03912263085168742 0.2949940043121487 42066
2.72579 0.03852125394108794 0.3010585467846076 43490
2.77199 0.03731974879754502 0.3040299518510058 45702
2.81819 0.0361198055313932 0.2984628675020513 46634
2.86439 0.03437680872064747 0.2983080935574521 48554
2.91059 0.03250054406619351 0.2915907020220809 48870
2.95679 0.03239551649144932 0.2899785356610039 51554
3.00299 0.03158290043101418 0.2950213023238382 54090
3.04919 0.02947680640388103 0.2868435926389175 54314
3.09539 0.02909327674942376 0.2842013779792069 56910
3.14159 0.0274704473271541 0.2773279717437407 57482
3.18779 0.02743048227307228 0.2756619765986598 60626
3.23399 0.02561017256622882 0.2690823049362397 61206
3.28019 0.02459822168757989 0.2622452602494661 62570
3.32639 0.0240211992949213 0.2656542999406342 65730
3.37259 0.0230850889738904 0.254132107628398 66686
3.41879 0.02237855238491977 0.2539296869411547 69698
3.46499 0.02104230070588945 0.2448596020597165 70026
3.51119 0.02074566738495365 0.2435845649343573 72746
3.55739 0.02012449687476819 0.2390878600244735 74910
3.60359 0.01901556494725198 0.231854572049902 75722
3.64979 0.01858840774254752 0.2280206119778065 78378
3.69599 0.01780257856109009 0.2272534002671312 80030
3.74219 0.01750947032961571 0.2214943365175886 83186
3.78839 0.01675471179895443 0.2182153088852126 84666
3.83459 0.01597061015989671 0.2146485160104271 86546
3.88079 0.01549272520403511 0.2074591812518427 88134
3.92699 0.01523017312532846 0.2077629227355104 91538
3.97319 0.01453251909697693 0.2036505776419956 93138
4.01939 0.01396461206733251 0.1966750167777208 94478
4.06559 0.01354883332477889 0.1946504682318718 97274
4.11179 0.01315186628912928 0.1939333696880137 99690
4.15799 0.01278240081418869 0.190698687126424 102590
4.20419 0.01212844746167208 0.1865643298783454 103770
4.25039 0.01180077633199272 0.1842029408268885 106346
4.29659 0.01133838117635761 0.1803846859150597 108546
4.34279 0.01100246086948246 0.1769829416184581 110726
4.38899 0.01055079647914139 0.1715234010924404 112322
4.43519 0.01012453700943495 0.1710354616206424 115890
4.48139 0.009973820805175834 0.1695570015048955 118766
4.52759 0.009524024636652527 0.1670304834015387 122298
4.57379 0.008971474695152531 0.1600914605666523 122090
4.61999 0.008752732148063002 0.1586615854513973 125810
4.66619 0.008386920045591141 0.1563178940263282 128190
4.71239 0.008114476844882311 0.1516402017207905 130994
4.75859 0.007779128946623113 0.1493726966613441 133722
4.80479 0.007331488074319209 0.143918311811515 133886
4.85099 0.007300497181271829 0.1435599888767792 140538
4.89719 0.006785242403870354 0.1382703890613928 140594
4.94339 0.006602656249290705 0.1357822172810284 143594
4.98959 0.006326149338570716 0.1306420382951172 146310
5.03579 0.006112316068425111 0.1301844159264937 150650
5.08199 0.005788103626709935 0.1262728608477341 151914
5.12819 0.005478311258757814 0.1225666972196379 153398
5.17439 0.005324865696423762 0.1200230753537691 157866
5.22059 0.00505827965426928 0.1167466908038657 160658
5.26679 0.004854610258180523 0.1154656524363436 164102
5.31299 0.004619279238205021 0.1102173208853481 164994
5.35919 0.004474388396806659 0.1088235508159386 169850
5.40539 0.004269780703725955 0.1063924259725337 172986
5.45159 0.004036794532306479 0.1021309580000357 173894
5.49779 0.003871984703769477 0.1004033063654054 176778
5.54399 0.003769390116715417 0.09910923880087147 181802
5.59019 0.003582571811050276 0.09625018994862508 184430
5.63639 0.003426555739314283 0.09351269302969996 187242
5.68259 0.003287316094418978 0.09169060420078455 190250
5.72879 0.00314508425521139 0.08879923471399843 192570
5.77499 0.003067497554165436 0.08854584359201498 198254
5.82119 0.002872580398216486 0.08509886038846014 198074
5.86739 0.002773291015124291 0.08351977681831052 202050
5.91359 0.002671148290236103 0.08163588713471449 205502
5.95979 0.002585261087582765 0.08092616564849885 210666
6.00599 0.002480918270291015 0.07908745409436778 212426
6.05219 0.002371097543469905 0.07678338567991266 213918
6.09839 0.002313757179159153 0.07706596254593483 220994
6.14459 0.002188601472401157 0.07403979698659888 221522
6.19079 0.00213216775062258 0.07338804916573984 226314
6.23699 0.002032783424604552 0.0711400453594991 227294
6.28319 0.001981178374047393 0.07046145471691617 232962
6.32939 0.001921569327497252 0.06974727684509362 237818
6.37559 0.001824955203581321 0.06788817666181 238398
6.42178 0.001770120027873215 0.06628009643857945 241418
6.46798 0.001708568149011677 0.06560247302062087 246818
6.51418 0.001663531689950628 0.06458234006235494 249906
6.56038 0.001616306855090102 0.06381743901892485 254702
6.60658 0.001541675441484231 0.06176369591888552 254418
6.65278 0.001492985347064289 0.06122165383711631 260354
6.69898 0.001453195084545868 0.06036685664543728 264974
6.74518 0.001405330855300859 0.0594418985318488 268722
6.79138 0.001349766917329773 0.05813480278272898 271562
6.83758 0.001311362844822847 0.0571575674795889 275586
6.88378 0.001274578782458656 0.05646860214358684 280190
6.92998 0.001227034136465785 0.05515362461362521 282834
6.97618 0.001185363441115653 0.05408178252506073 285170
7.02238 0.001144136830404694 0.05319984729738061 289886
7.06858 0.00111588538220155 0.05274840688673711 294474
7.11478 0.001083573166659707 0.05152322570773854 299498
7.16098 0.001034568449102134 0.05019493967535391 299958
7.20718 0.001007715145583001 0.04933630410400951 305858
7.25338 0.0009759036850001887 0.04896345279488269 310794
7.29958 0.0009450215983005798 0.04790835685641931 313082
7.34578 0.0009095640232714459 0.04688146059843924 316046
7.39198 0.000887532570154857 0.04616353082991118 322218
7.43818 0.0008692221563490856 0.04583118455892266 328562
7.48438 0.0008233896749363084 0.04405786358570329 327990
7.53058 0.0008064293440739218 0.04369061162046554 335282
7.57678 0.0007740793032353338 0.04248043330367759 335970
7.62298 0.0007570037454414464 0.04209984530348564 344066
7.66918 0.0007234638176685076 0.04061450589219009 343718
7.71538 0.0007109448824736446 0.04055414586445639 351498
7.76158 0.0006857766684048044 0.03957168916406011 354458
7.80778 0.0006646490831890621 0.0387001540006036 358566
7.85398 0.0006475930891051174 0.0382684789460706 366122
7.90018 0.000618770668028682 0.03718815118562562 365810
7.94638 0.0006016807919863095 0.03640794950253957 371622
7.99258 0.0005831796224116232 0.0359218851171827 375986
8.03878 0.0005677737958923148 0.0354202302625929 382170
8.08498 0.000548000396603532 0.03424381889165716 381818
8.13118 0.0005332386641374847 0.0337722162977477 389574
8.17738 0.0005172160575601781 0.03311006671170719 393698
8.22358 0.0005012426410894747 0.03252267488565958 399458
8.26978 0.0004868834257873879 0.03168843703515602 402222
8.31598 0.0004699946510581888 0.03121485551034191 406922
8.36218 0.0004611898179092835 0.03049289962717295 412842
8.40838 0.0004419781973685858 0.03005816264171075 415346
8.45458 0.0004310538591968429 0.02945388772597923 421182
8.50078 0.0004172170016603981 0.02876917387120227 425018
8.54698 0.0004058773747842979 0.02836516284379738 431138
8.59318 0.0003921200885365373 0.02781427490634173 434382
8.63938 0.000380447811449275 0.02725504282589683 439514
8.68558 0.0003687252331591961 0.02671623453615211 444738
8.73178 0.0003585104052069129 0.02617639203170636 448910
8.77798 0.0003447136439964225 0.02564056399939598 450618
8.82418 0.0003381299863448411 0.02525561959570066 459554
8.87038 0.0003274059489184748 0.02468354651234239 463106
8.91658 0.0003181560815093657 0.02423024989187246 467094
8.96278 0.0003113698675871986 0.02376961603006471 474938
9.00898 0.0003002286761616172 0.02330614061949089 477186
9.05518 0.0002914769672567885 0.02295206645034864 484670
9.10138 0.000282382067450177 0.02237206136564226 487010
9.14758 0.0002746771827897444 0.02194690161966536 493314
9.19378 0.0002651946395434141 0.02149148004306595 496322
9.23998 0.0002586075892298634 0.0210907714240324 501702
9.28618 0.0002525879952618081 0.02080192425866015 508562
9.33238 0.0002444018187198874 0.02037841686017812 514242
9.37858 0.0002366522465234137 0.01985287614418302 516158
9.42478 0.0002303427173226974 0.01949864488092934 522602
9.47098 0.0002249566602076965 0.01925087722394396 530658
9.51718 0.0002164023205642334 0.01872594885271285 530042
9.56338 0.0002116819366555212 0.01849955105295921 538878
9.60958 0.0002054402784556938 0.01818379599559063 544130
9.65578 0.000200340153777339 0.01792165567442738 551106
9.70198 0.0001930367759799806 0.01746432793094389 553982
9.74818 0.0001875932553840123 0.01712656742277565 558242
9.79438 0.0001825944677302681 0.01682854528136066 564546
9.84058 0.0001777834027022095 0.01653965767805672 570494
9.88678 0.0001727858270062827 0.01624105510444204 576762
9.93298 0.0001665187333912725 0.01586231310646572 578234
9.97918 0.0001627764536163648 0.01563061340295731 585666
10.0254 0.0001594178672808044 0.01538692731743773 594446
10.0716 0.0001533841867846527 0.0149922273389973 595250
10.1178 0.0001498458158979559 0.01477803118130248 603402
10.164 0.0001453165736006079 0.01447503195996582 607382
10.2102 0.0001425966293654313 0.01430608994860412 617010
10.2564 0.0001375146015179868 0.01388691624139235 616778
10.3026 0.0001338581844898606 0.01372700175416446 624746
10.3488 0.0001295981359284931 0.01342713610215116 628062
10.395 0.0001269669046046395 0.01326794531184553 639410
10.4412 0.0001233483044529671 0.01295179534502442 642954
10.4874 0.0001198180862281933 0.01265931789513249 645974
10.5336 0.0001169403508079637 0.01247309728924338 653490
10.5798 0.0001138576570761943 0.01222657249848398 660746
10.626 0.0001102063455381134 0.01203115108240167 664646
10.6722 0.0001071728614483954 0.0117750331626133 667290
10.7184 0.0001048797113028848 0.01166697989354403 679034
10.7646 0.0001023102693473644 0.0114100169053028 682722
10.8108 9.968184256704789e-05 0.01119596140294897 691238
10.857 9.589001083217361e-05 0.01084028508739573 688602
10.9032 9.380593155591952e-05 0.01080156223280467 700826
10.9494 9.150982921298271e-05 0.01059260752645672 705662
10.9956 8.865890295630241e-05 0.01041308522340424 710082
11.0418 8.679870015951154e-05 0.01021937644321602 719162
11.088 8.396208726040267e-05 0.01000586527027069 722250
11.1342 8.232327143026447e-05 0.009881705446657257 731510
11.1804 7.984371762328376e-05 0.009710991322621505 736442
11.2266 7.75555198748882e-05 0.00950594658022582 740898
11.2728 7.616971088702375e-05 0.009398943444238597 750158
11.319 7.400541415483196e-05 0.009190403626186231 754866
11.3652 7.200513229600652e-05 0.009031494961805121 760826
11.4114 6.980371555761562e-05 0.008812191046869085 764034
11.4576 6.844441415441524e-05 0.008718764275665624 773846
11.5038 6.66426721298797e-05 0.00855983322065848 779714
11.55 6.470229317614943e-05 0.008374115353777495 784314
11.5962 6.311420400341637e-05 0.008249744745719545 791342
11.6424 6.153866853632543e-05 0.008144807249605953 799458
11.6886 6.008407158343788e-05 0.008011242191651982 804962
11.7348 5.829457349061416e-05 0.007821044325659086 809550
11.781 5.688823633930532e-05 0.007651824203414179 813458
11.8272 5.606565943362219e-05 0.007573838459716441 827402
11.8734 5.42432297817997e-05 0.007424095161910079 828618
11.9196 5.290783806672699e-05 0.007300982358307521 836918
11.9658 5.156025946502799e-05 0.007177342464184461 842874
12.012 5.023603849342735e-05 0.007030287829243838 849338
12.0582 4.92162923710747e-05 0.006948782896056478 858942
12.1044 4.775458858742429e-05 0.006798553273947161 860978
12.1506 4.662742582819715e-05 0.006672273907289783 868346
12.1968 4.546027043315476e-05 0.006553296718891306 875154
12.243 4.464925475749019e-05 0.00648959026873115 886214
12.2892 4.325452606004592e-05 0.00634710758007709 887346
12.3354 4.215452490265172e-05 0.006229841447975297 894986
12.3816 4.116623804490616e-05 0.006134003215624398 902774
12.4278 4.03970649866255e-05 0.006034332174109746 912114
12.474 3.90656400504364e-05 0.005918288629558977 915026
12.5202 3.812347794725492e-05 0.005819221229397264 920142
12.5664 3.728676699279714e-05 0.005733332952768537 929762
12.6126 3.639491125969181e-05 0.005645647665125416 937698
12.6588 3.551668105684257e-05 0.00555933278135904 944762
12.705 3.447470853526067e-05 0.005442350382381539 948254
12.7512 3.382574236192968e-05 0.005346029587758204 956802
12.7974 3.300984172412085e-05 0.005290293915857412 967658
12.8436 3.208810395747175e-05 0.005165449038238313 969702
12.8898 3.111458054371178e-05 0.005072036836825644 974090
12.936 3.068862698369843e-05 0.005034570843789513 988482
12.9822 2.988252742436321e-05 0.004936054092484356 991994
13.0284 2.910929869500667e-05 0.004856310871768416 1001030
13.0746 2.848685233415645e-05 0.004751661746171056 1005450
13.1208 2.782010043304663e-05 0.004667766306819628 1013738
13.167 2.71835916601052e-05 0.004596951708589319 1021710
13.2132 2.632182047687614e-05 0.00450545639832524 1023626
13.2594 2.585473608945997e-05 0.004448621155641849 1035834
13.3056 2.517093683979772e-05 0.004369964360791696 1040786
13.3518 2.465430072854426e-05 0.004312497630048918 1053206
13.398 2.401623743102476e-05 0.004224170991199955 1057002
13.4442 2.349190069589618e-05 0.004157690020820292 1063898
13.4904 2.292679297964373e-05 0.004092670489938117 1072782
13.5366 2.23435103131832e-05 0.004013141111121913 1078826
13.5828 2.187258039888031e-05 0.003951932604314701 1087922
13.629 2.126495687665336e-05 0.003870499859030218 1090494
13.6752 2.083217451261761e-05 0.00382165387786927 1101362
13.7214 2.037671086840038e-05 0.00375224243454658 1109802
13.7676 1.985716884262764e-05 0.003686808665770621 1114514
13.8138 1.936909234052528e-05 0.003641158312610747 1123926
13.86 1.883025609209907e-05 0.003563029495032306 1125986
13.9062 1.853835837693014e-05 0.003528872312035016 1143554
13.9524 1.802910276328649e-05 0.003454132181514569 1144710
13.9986 1.759525388171993e-05 0.003396693233864121 1154018
14.0448 1.7223475063846e-05 0.003337865085185753 1159962
14.091 1.681881649855749e-05 0.003290583860040266 1170986
14.1372 1.643822757311297e-05 0.00323819112290281 1178142
14.1834 1.60001841744324e-05 0.003174097076011162 1182674
14.2296 1.562560154710347e-05 0.003125438691682612 1191002
14.2758 1.528421882219024e-05 0.003081484766871413 1200438
14.322 1.490548489045205e-05 0.00303667693400336 1208162
14.3682 1.461180954318152e-05 0.002971405584849504 1215258
14.4144 1.427954544769849e-05 0.002921756953242936 1224134
14.4606 1.392333747996738e-05 0.002874663930688502 1228722
14.5068 1.363655521274095e-05 0.002832180792501327 1243154
14.553 1.329597352481798e-05 0.002776045462298014 1245434
14.5992 1.303265056384048e-05 0.002726911356038743 1255158
14.6454 1.262515262743248e-05 0.00267327341741004 1255610
14.6916 1.248890335082945e-05 0.002653473462117908 1277562
14.7378 1.208032391709729e-05 0.00259545348493343 1274414
14.784 1.183946663457e-05 0.002556893312647139 1285994
14.8302 1.159811769678584e-05 0.002524238030458984 1299570
14.8764 1.128827360263812e-05 0.002470598935954002 1302122
14.9226 1.10771881032288e-05 0.002429231898055648 1311366
14.9688 1.081924398900123e-05 0.002390893709466107 1319186
15.015 1.058509756074745e-05 0.002348349606549309 1327434
15.0612 1.031982777627014e-05 0.002309612346831543 1337294
15.1074 1.007584113472302e-05 0.00226977847731784 1342730
15.1536 9.841554543221472e-06 0.002232814716630115 1350570
15.1998 9.643669519815757e-06 0.002202125262408846 1362590
15.246 9.422358137958714e-06 0.00216314960060065 1369698
15.2922 9.181073473866186e-06 0.002123726609387815 1374914
15.3384 8.968958370427278e-06 0.002089020412182296 1383570
15.3846 8.785886797088017e-06 0.002060481871083786 1395374
15.4308 8.54528815460321e-06 0.002013224673251275 1396994
15.477 8.383949530464021e-06 0.00199007150991147 1411530
15.5232 8.184205555635625e-06 0.001957883287859532 1417574
15.5694 8.026337815656513e-06 0.00192840350103268 1428834
15.6156 7.843062486991463e-06 0.001894151700754969 1439018
15.6618 7.646310921609168e-06 0.001856526279062538 1440698
15.708 7.477601565808924e-06 0.001829451432092153 1453638
15.7542 7.324576812910303e-06 0.00179926912441137 1463426
15.8004 7.155824958022838e-06 0.001769836140761551 1471050
15.8466 6.978978016838213e-06 0.00173468280247484 1476638
15.8928 6.807850513441133e-06 0.00170836820024793 1484466
15.939 6.69932627101323e-06 0.001686201401127413 1501154
15.9852 6.507000385802361e-06 0.001649149172460249 1501706
16.0314 6.351889037841267e-06 0.001628197930561734 1511502
16.0776 6.229806774621935e-06 0.001596344569852831 1520234
16.1238 6.105339993164254e-06 0.001574810286810353 1535010
16.17 5.979693280457865e-06 0.001547629358806668 1543358
16.2162 5.781942421067088e-06 0.001503440740278244 1535754
16.2624 5.730226449655905e-06 0.001498146749088143 1564802
16.3086 5.560695463372529e-06 0.001463713760583613 1563038
16.3548 5.465138077377344e-06 0.001444375829690859 1578426
16.401 5.311617812592148e-06 0.001415193626761054 1581482
16.4472 5.220459799336362e-06 0.001391044917234033 1592250
16.4934 5.085657991354907e-06 0.001367987132258034 1602230
16.5396 4.95640386514827e-06 0.001340959151115872 1604754
16.5858 4.877900811256771e-06 0.001329121985402126 1623458
16.632 4.736466151128038e-06 0.001296932025422001 1624910
16.6782 4.669730857107441e-06 0.001286218197014181 1645122
16.7244 4.531822381418441e-06 0.001258159336216638 1645130
16.7706 4.440962781300791e-06 0.001234422099501255 1655706
16.8168 4.340288429995411e-06 0.001215864582254341 1663502
16.863 4.248686671894943e-06 0.001194932081818737 1675514
16.9092 4.158478026913562e-06 0.001175595656761035 1685298
16.9554 4.053734430232434e-06 0.001151802039196841 1689566
17.0016 3.955708046018286e-06 0.001132234163951459 1697850
17.0478 3.891725241720317e-06 0.001121711980668308 1718546
17.094 3.791092078586641e-06 0.001095692339933096 1719822
17.1402 3.704886011375114e-06 0.001073969166507685 1726586
17.1864 3.624684156893029e-06 0.001060830460266979 1739186
17.2326 3.545053491492393e-06 0.001043222401202506 1751538
17.2788 3.465948867230537e-06 0.001023840443469695 1758062
17.325 3.38402196358603e-06 0.001002254292249673 1763010
17.3712 3.310984254471456e-06 0.000989665526720611 1778642
17.4174 3.2397298538771e-06 0.0009748258869536529 1788582
17.4636 3.157998723870086e-06 0.0009545272796979057 1794746
17.5098 3.091955645272381e-06 0.0009380526686881183 1803290
17.556 3.02426925950619e-06 0.0009220210529615478 1811058
17.6022 2.962632138013073e-06 0.0009084822272564161 1828358
17.6484 2.890439704090792e-06 0.0008876979208742568 1831362
17.6946 2.831787088126387e-06 0.0008733958384060622 1842458
17.7408 2.760921522709211e-06 0.0008567552444523446 1846998
17.787 2.715468193708648e-06 0.0008476068460308164 1869122
17.8332 2.647112948377324e-06 0.0008316289436290143 1876346
17.8794 2.581353325724412e-06 0.0008156837668885092 1879506
17.9256 2.522680411410381e-06 0.0008029283774786028 1893326
17.9718 2.470979591358677e-06 0.0007881798819466707 1901826
18.018 2.413208098733665e-06 0.0007758267836857856 1911962
18.0642 2.354552977156675e-06 0.00076006473041008 1919198
18.1104 2.305806096649643e-06 0.0007485764263721591 1930242
18.1566 2.255666271390591e-06 0.000735302254187364 1942442
18.2028 2.210266578397362e-06 0.0007216829463600771 1951734
18.249 2.156050288000557e-06 0.0007067306373769725 1955402
18.2952 2.110537535026769e-06 0.000696794895469104 1971858
18.3414 2.066649863377486e-06 0.0006852781317660382 1984898
18.3876 2.012530394061788e-06 0.0006706564507277502 1986422
18.4338 1.965335706151761e-06 0.000659250270180398 1996146
18.48 1.932324848684226e-06 0.0006508028833013247 2017106
18.5262 1.88190543025761e-06 0.0006379518530253443 2020638
18.5724 1.837948300277479e-06 0.0006273473386681517 2029346
18.6186 1.797151905748115e-06 0.0006159697126302081 2041002
18.6648 1.758551325783019e-06 0.0006055579429517516 2051450
18.711 1.722713484763762e-06 0.0005959657021163486 2065886
18.7572 1.672153263053704e-06 0.0005817926813880988 2064546
18.8034 1.644580624145522e-06 0.0005751942774690963 2082650
18.8496 1.6101969174369e-06 0.0005628151332893344 2095182
18.8958 1.572024167113248e-06 0.0005522531468101771 2101346
18.942 1.539407345506368e-06 0.0005440434163007814 2115554
18.9882 1.495873201894405e-06 0.0005317254722796781 2115654
19.0344 1.475570490707257e-06 0.0005264258087988498 2141066
19.0806 1.429922561995306e-06 0.0005138481741014068 2139786
19.1268 1.399522440794659e-06 0.0005065139459754104 2152202
19.173 1.366239303962137e-06 0.0004974904332452883 2161086
19.2192 1.337194774183749e-06 0.0004879197691645052 2176058
19.2654 1.313421804648588e-06 0.0004807834247907951 2190818
19.3116 1.278447910379189e-06 0.0004698667617131385 2191158
19.3578 1.250131828128582e-06 0.0004626508596501839 2205314
19.404 1.224585778883511e-06 0.0004532341254119775 2215554
19.4502 1.197925189038299e-06 0.0004469709394476425 2230562
19.4964 1.169771906698727e-06 0.000438226913140555 2239614
19.5426 1.141770876849159e-06 0.0004293789295269318 2245706
19.5888 1.114913017740468e-06 0.0004230850926301431 2259674
19.635 1.092320639741708e-06 0.0004164489364513203 2273214
19.6812 1.063817338392355e-06 0.0004075413868605078 2278802
19.7274 1.043091105900716e-06 0.000401135781066586 2294034
19.7736 1.015249006296623e-06 0.0003920991933703419 2294942
19.8198 9.968879578334823e-07 0.0003869478066148362 2317050
19.866 9.723624068418682e-07 0.0003794046837193768 2322842
19.9122 9.511173217288591e-07 0.0003709573521707873 2330810
19.9584 9.309310733225226e-07 0.0003652575352193231 2345958
20.0046 9.098397424343017e-07 0.0003586789458882808 2353586
20.0508 8.916051092468505e-07 0.0003542761787175011 2376210
20.097 8.644896199358346e-07 0.0003457482412960526 2374502
20.1432 8.48747257077228e-07 0.0003391565982203368 2386346
20.1894 8.285642939788803e-07 0.000334177749982413 2401314
20.2356 8.092777025629699e-07 0.0003280098015518691 2411450
20.2818 7.915695791688982e-07 0.0003218935087668672 2420718
20.328 7.712485716951533e-07 0.0003150945222543277 2425754
20.3742 7.599639693219204e-07 0.0003120512325494217 2455218
20.4204 7.385441513752449e-07 0.0003041194201652011 2450942
20.4666 7.229001273982997e-07 0.0002986158901539954 2467130
20.5128 7.0499434347338e-07 0.0002928149232807767 2474874
20.559 6.918291174016133e-07 0.0002878730426448903 2490362
20.6052 6.747599363490903e-07 0.0002824384276957157 2498142
20.6514 6.589472120515363e-07 0.000277108738540538 2507090
20.6976 6.442347955605451e-07 0.0002732047428670686 2525562
20.7438 6.289240820789556e-07 0.0002675431418994116 2534726
20.79 6.163875708067783e-07 0.0002633323808763626 2549906
20.8362 5.989638942399759e-07 0.0002570076715986125 2551074
20.8824 5.885115378717388e-07 0.000253807040476831 2570702
20.9286 5.731236925352233e-07 0.0002478981933773179 2574642
20.9748 5.615065762413528e-07 0.000243686069315038 2594066
21.021 5.464434855423744e-07 0.0002387424385748301 2594802
21.0672 5.362267964356497e-07 0.0002344937178843983 2612030
21.1134 5.243010422599887e-07 0.0002307573279154854 2627954
21.1596 5.122587421599878e-07 0.0002265476878236364 2640402
21.2058 4.989227021817415e-07 0.0002209741402188787 2641454
21.252 4.888704210715084e-07 0.0002179627546492145 2661834
21.2982 4.770543210577041e-07 0.0002133875496728576 2669138
21.3444 4.670389980501616e-07 0.0002101125350248781 2684858
21.3905 4.549359194626334e-07 0.0002062931268088867 2693910
21.4367 4.436454505540703e-07 0.0002015586875451343 2701682
21.4829 4.35756904183924e-07 0.000198584466784302 2722698
21.5291 4.240360136857158e-07 0.0001943127433917048 2725262
21.5753 4.152880163893842e-07 0.0001911820880852965 2742450
21.6215 4.054442169191366e-07 0.0001870066063859319 2749850
21.6677 3.96343513332039e-07 0.0001837930406503927 2763902
21.7139 3.876466149842981e-07 0.0001803291466052708 2778498
21.7601 3.778995012422763e-07 0.0001765760436246328 2784530
21.8063 3.701755031300637e-07 0.0001737054401008551 2804106
21.8525 3.607902818283053e-07 0.0001701891542605965 2809790
21.8987 3.527680093034079e-07 0.0001672233962546051 2825058
21.9449 3.444278387984487e-07 0.0001640599752839168 2834330
21.9911 3.35648579596328e-07 0.0001603578630856767 2842022
22.0373 3.296130113556824e-07 0.0001583560363404176 2864754
22.0835 3.200788147963025e-07 0.000154572675916818 2864186
22.1297 3.13184594645475e-07 0.0001515875320371804 2879538
22.1759 3.073596062099454e-07 0.0001493903169306618 2899454
22.2221 2.991977283951748e-07 0.0001458099727027129 2904258
22.2683 2.932979736914029e-07 0.0001439618334054702 2930234
22.3145 2.856334046832802e-07 0.0001404638059164699 2929526
22.3607 2.789916260123493e-07 0.0001378203995884898 2942442
22.4069 2.731407398050825e-07 0.0001356652530889344 2960810
22.4531 2.661735720776462e-07 0.0001324933619075596 2964954
22.4993 2.604506990640719e-07 0.0001299894891975057 2980910
22.5455 2.545055542078944e-07 0.0001275291404984996 2990978
22.5917 2.487090428268751e-07 0.0001253332248764615 3007626
22.6379 2.42679586360774e-07 0.0001229751344838322 3019166
22.6841 2.362685577193755e-07 0.0001200987267735709 3021090
22.7303 2.3184313204046e-07 0.0001183451749875402 3047834
22.7765 2.261073719235386e-07 0.0001159997347594216 3055590
22.8227 2.210035609113517e-07 0.0001137216104406152 3068546
22.8689 2.147685926375258e-07 0.0001110845809865658 3067274
22.9151 2.111275813766578e-07 0.0001095639884568908 3098058
22.9613 2.061235980623486e-07 0.0001074362871582102 3109214
23.0075 2.004089508770054e-07 0.0001047862302788983 3110466
23.0537 1.962691570860835e-07 0.0001028943180288685 3124370
23.0999 1.921819904015223e-07 0.0001011781802275646 3144174
23.1461 1.877263922103323e-07 9.930716616651802e-05 3161738
23.1923 1.824927505368034e-07 9.706604263083413e-05 3159890
23.2385 1.787416275401191e-07 9.509170540939809e-05 3174138
23.2847 1.746300435471981e-07 9.348763240843396e-05 3195926
23.3309 1.709315072461925e-07 9.193137799511929e-05 3211386
23.3771 1.667782161964056e-07 8.985905062872412e-05 3219314
23.4233 1.623311027901515e-07 8.799803067980939e-05 3225494
23.4695 1.588843456186845e-07 8.63671671789283e-05 3242562
23.5157 1.550045844085268e-07 8.478473336812328e-05 3257450
23.5619 1.51416650228765e-07 8.313961294630178e-05 3269118
23.6081 1.480812869760768e-07 8.142826944711549e-05 3278930
23.6543 1.440712745621964e-07 7.959779587150945e-05 3286650
23.7005 1.415436972884345e-07 7.84859167398194e-05 3316610
23.7467 1.381223648956768e-07 7.684209867745462e-05 3321542
23.7929 1.344704548182012e-07 7.500913841782604e-05 3328578
23.8391 1.315102474966836e-07 7.38607974053748e-05 3345074
23.8853 1.284599518074582e-07 7.238824610040675e-05 3361686
23.9315 1.25383020341098e-07 7.087316501572222e-05 3369722
23.9777 1.22631014027582e-07 6.953510539971193e-05 3385290
24.0239 1.192880974367113e-07 6.8018827346408e-05 3391370
24.0701 1.17245522401367e-07 6.699808203497797e-05 3422966
24.1163 1.139791435523056e-07 6.536037467097992e-05 3419538
24.1625 1.116508657131798e-07 6.422907578174546e-05 3441890
24.2087 1.087421707658711e-07 6.281942556993679e-05 3447582
24.2549 1.065535134594493e-07 6.174918220742574e-05 3466298
24.3011 1.034792020581536e-07 6.026395431058024e-05 3466194
24.3473 1.013055358892255e-07 5.929961260231389e-05 3492062
24.3935 9.898474774536557e-08 5.817524056310657e-05 3503114
24.4397 9.65251085991897e-08 5.698790370006138e-05 3517146
24.4859 9.451612956092371e-08 5.598274330876927e-05 3535706
24.5321 9.204080544784221e-08 5.470547482190852e-05 3539742
24.5783 9.012217458706224e-08 5.358646353339103e-05 3558698
24.6245 8.798151706413418e-08 5.257223624371217e-05 3570122
24.6707 8.595089768982395e-08 5.147642845310466e-05 3585174
24.7169 8.376961337569737e-08 5.045031137441625e-05 3594314
24.7631 8.187086966048721e-08 4.960250989991547e-05 3612258
24.8093 7.978422988947581e-08 4.848059546230982e-05 3620282
24.8555 7.79738078868207e-08 4.761787589980801e-05 3639078
24.9017 7.616160683393028e-08 4.665745803273905e-05 3650450
24.9479 7.428561887916661e-08 4.563839570916025e-05 3661418
24.9941 7.273082910343528e-08 4.478276698170027e-05 3677694
25.0403 7.101698622038255e-08 4.392838652387405e-05 3695978
25.0865 6.930334565237209e-08 4.297303017212266e-05 3702810
25.1327 6.768539979336067e-08 4.213749173540776e-05 3716162
25.1789 6.625839998718003e-08 4.133129242225626e-05 3740094
25.2251 6.440225485570879e-08 4.040718592044496e-05 3740954
25.2713 6.309955303418463e-08 3.966302236170306e-05 3760946
25.3175 6.162990835450157e-08 3.893418295170271e-05 3778278
25.3637 5.993183133522726e-08 3.806456536898269e-05 3784922
25.4099 5.863557109740831e-08 3.748870113251095e-05 3805266
25.4561 5.711956756487459e-08 3.653410094385123e-05 3807686
25.5023 5.594525686147357e-08 3.591310571351966e-05 3833130
25.5485 5.453549046813242e-08 3.511202910653455e-05 3841898
25.5947 5.336959954215413e-08 3.446420757132118e-05 3858074
25.6409 5.211921585748685e-08 3.371560854198153e-05 3868974
25.6871 5.090972296427491e-08 3.302440188327032e-05 3885362
25.7333 4.970361350862045e-08 3.234615077342023e-05 3898290
25.7795 4.84764513497064e-08 3.166385196177731e-05 3907334
25.8257 4.741963131915939e-08 3.109845889035887e-05 3928730
25.8719 4.616530255101306e-08 3.042985181235958e-05 3936666
25.9181 4.517676346557816e-08 2.992477643683253e-05 3961346
25.9643 4.4166675645004e-08 2.935501842361705e-05 3975774
26.0105 4.284434836637403e-08 2.863534874558607e-05 3970106
26.0567 4.200575739110967e-08 2.814023085751086e-05 4003170
26.1029 4.102094703620628e-08 2.761593982384867e-05 4019558
26.1491 4.007612515778637e-08 2.700313945713163e-05 4025642
26.1953 3.898464897947632e-08 2.634189126038125e-05 4028514
26.2415 3.823192117548648e-08 2.590459087921347e-05 4059398
26.2877 3.733566302493398e-08 2.540276077090661e-05 4069674
26.3339 3.642791190468115e-08 2.485438948988465e-05 4083698
26.3801 3.549783075086353e-08 2.434401703700184e-05 4095210
26.4263 3.469799394435275e-08 2.387388374240512e-05 4110518
26.4725 3.390558557854495e-08 2.341071822658328e-05 4126850
26.5187 3.30763287254497e-08 2.289649733193132e-05 4140114
26.5649 3.219591499406096e-08 2.24040620375538e-05 4144070
26.6111 3.157253049497341e-08 2.205369496098773e-05 4175802
26.6573 3.080402776690382e-08 2.159617130352326e-05 4187882
26.7035 3.002878520331164e-08 2.110725312058259e-05 4199250
26.7497 2.931261331284723e-08 2.068302432643798e-05 4209326
26.7959 2.859058547127917e-08 2.026711490280009e-05 4222130
26.8421 2.807407707291623e-08 1.99289799967906e-05 4254258
26.8883 2.727751672678957e-08 1.941775145489638e-05 4252478
26.9345 2.667689431348502e-08 1.905460882826119e-05 4270698
26.9807 2.600014142359461e-08 1.865334033819012e-05 4278122
27.0269 2.547947286594301e-08 1.82948861162893e-05 4309898
27.0731 2.484561774656635e-08 1.791730181271042e-05 4317150
27.1193 2.423697614285507e-08 1.754329576147948e-05 4329698
27.1655 2.364037401759392e-08 1.720551662968105e-05 4340826
27.2117 2.310761978583757e-08 1.684171214285257e-05 4359590
27.2579 2.253927808747325e-08 1.648390786821677e-05 4376850
27.3041 2.202258236440872e-08 1.617424485941194e-05 4386674
27.3503 2.151232430373307e-08 1.581207106134324e-05 4401782
27.3965 2.098051231301413e-08 1.55083252843236e-05 4419210
27.4427 2.054411238473978e-08 1.52282977458472e-05 4446482
27.4889 1.9937407540527e-08 1.48574746710632e-05 4435554
27.5351 1.954473117118931e-08 1.458592448644336e-05 4468934
27.5813 1.905258752390909e-08 1.427157112382159e-05 4477650
27.6275 1.862522170725404e-08 1.398391857929734e-05 4491218
27.6737 1.817473262226421e-08 1.370601809699372e-05 4510358
27.7199 1.774383866349995e-08 1.340930384548325e-05 4518594
27.7661 1.735285275503928e-08 1.315178414520233e-05 4544474
27.8123 1.690788835284705e-08 1.285463297726107e-05 4552098
27.8585 1.654579228184337e-08 1.263119147247003e-05 4574990
27.9047 1.607684387488942e-08 1.232712232538972e-05 4577210
27.9509 1.574555726817555e-08 1.213181944172935e-05 4608186
27.9971 1.534862105946518e-08 1.185295614418227e-05 4610198
28.0433 1.496750107908189e-08 1.16192752383886e-05 4628898
28.0895 1.460834523816334e-08 1.136581014362423e-05 4641170
28.1357 1.428753769107573e-08 1.113124212202583e-05 4662462
28.1819 1.398906228567018e-08 1.092941349793223e-05 4681442
28.2281 1.362292416213567e-08 1.066007893675309e-05 4687850
28.2743 1.330486159742427e-08 1.045037746725202e-05 4708818
28.3205 1.299418492016812e-08 1.024275589078272e-05 4721534
28.3667 1.267129057544842e-08 1.003114855266427e-05 4732770
28.4129 1.235690944950113e-08 9.817028161034817e-06 4753346
28.4591 1.208153564928636e-08 9.640466947272614e-06 4772886
28.5053 1.179535194935024e-08 9.441300274069622e-06 4785098
28.5515 1.147945529596772e-08 9.231808380195245e-06 4795394
28.5977 1.123184633631529e-08 9.029255104131227e-06 4813986
28.6439 1.097240095291513e-08 8.857447798871611e-06 4832654
28.6901 1.070850282277581e-08 8.676123314160664e-06 4849362
28.7363 1.045685619648667e-08 8.485595866496924e-06 4858322
28.7825 1.017611106628521e-08 8.297392885063088e-06 4871286
28.8287 9.970081704775453e-09 8.136540064125851e-06 4894370
28.8749 9.748725748227024e-09 7.98540797841115e-06 4914650
28.9211 9.47999467940254e-09 7.790616641819878e-06 4919658
28.9673 9.263978486952327e-09 7.635512782039302e-06 4941638
29.0135 9.070156762795687e-09 7.500833122422009e-06 4965954
29.0597 8.832404085226333e-09 7.335277570347828e-06 4971770
29.1059 8.615314848832173e-09 7.167425875691259e-06 4985702
29.1521 8.391364240661209e-09 7.017857434173841e-06 4996314
29.1983 8.209126362212265e-09 6.890431041938353e-06 5021258
29.2445 8.018739135130475e-09 6.744918088847003e-06 5038470
29.2907 7.812827227289204e-09 6.587701602386744e-06 5048570
29.3369 7.648002490277136e-09 6.455785837329898e-06 5067786
29.3831 7.460423126810579e-09 6.329794788896656e-06 5084402
29.4293 7.279973815770015e-09 6.19489656949813e-06 5104238
29.4755 7.087530513744243e-09 6.040546095542038e-06 5101890
29.5217 6.938113837377329e-09 5.929341252381341e-06 5129594
29.5679 6.771285058014486e-09 5.818727686896692e-06 5149086
29.6141 6.608210827583272e-09 5.690340855960284e-06 5168834
29.6603 6.432241854118049e-09 5.568194385246766e-06 5172306
29.7065 6.295687666857719e-09 5.46545560155748e-06 5199218
29.7527 6.145285049208621e-09 5.348280628423873e-06 5215430
29.7989 5.986041386100465e-09 5.222720185653887e-06 5229066
29.8451 5.852163534547919e-09 5.120610703647096e-06 5244530
29.8913 5.718840556890275e-09 5.011226717431151e-06 5262870
29.9375 5.574684088212599e-09 4.89710748934766e-06 5272562
29.9837 5.441758561168947e-09 4.79492565892762e-06 5290098
30.0299 5.316322213538013e-09 4.703283921230589e-06 5314358
30.0761 5.18368950953636e-09 4.601768714907514e-06 5322098
30.1223 5.051794488886882e-09 4.505633190055178e-06 5341026
30.1685 4.946891292203784e-09 4.408698553003974e-06 5366858
30.2147 4.819159142208558e-09 4.322001131930436e-06 5374422
30.2609 4.695412439121759e-09 4.215206135168365e-06 5377730
30.3071 4.585823516779427e-09 4.140876648801583e-06 5409410
30.3533 4.486123609650611e-09 4.053148009964019e-06 5434014
30.3995 4.374556884822593e-09 3.965708576290278e-06 5438882
30.4457 4.266324572086043e-09 3.880573041765589e-06 5456178
30.4919 4.158845768794028e-09 3.789379984943576e-06 5469242
30.5381 4.071331645158214e-09 3.721129984552413e-06 5496174
30.5843 3.970647563631549e-09 3.635753346655146e-06 5505530
30.6305 3.8694908688702e-09 3.558375068620304e-06 5521202
30.6767 3.782484292461794e-09 3.484260966125574e-06 5544126
30.7229 3.691884859557626e-09 3.414337873530385e-06 5560106
30.7691 3.602831139741319e-09 3.344264712003845e-06 5579754
30.8153 3.504136736554777e-09 3.260141986493124e-06 5576270
30.8615 3.42640421686598e-09 3.194938325159275e-06 5607138
30.9077 3.35004000800572e-09 3.130998273115013e-06 5625026
30.9539 3.26853262832441e-09 3.066864705003025e-06 5646698
31.0001 3.176741413929851e-09 2.99746942061952e-06 5649126
31.0463 3.108151409798296e-09 2.935889787180072e-06 5676434
31.0925 3.031995601653815e-09 2.874274202670171e-06 5687418
31.1387 2.962196866870849e-09 2.818263583975521e-06 5715830
31.1849 2.882979922927996e-09 2.754217240389906e-06 5729210
31.2311 2.822091437067299e-09 2.695205352935816e-06 5744802
31.2773 2.749090359707189e-09 2.632614097629268e-06 5752154
31.3235 2.688598251025586e-09 2.58144675133747e-06 5786382
31.3697 2.617007292809189e-09 2.51527880907373e-06 5784146
31.4159 2.562845736903302e-09 2.46769043407138e-06 5812146
31.4621 2.501409863936479e-09 2.41725714933679e-06 5830166
31.5083 2.432055175096398e-09 2.36174908437384e-06 5845850
31.5545 2.375021402210533e-09 2.317271748324244e-06 5862834
31.6007 2.315011428300273e-09 2.266433419639093e-06 5876066
31.6469 2.260109583630979e-09 2.224631455273287e-06 5905854
31.6931 2.197814581532828e-09 2.167457739843528e-06 5902274
31.7393 2.151528620531998e-09 2.124587993968824e-06 5931258
31.7855 2.103771090481733e-09 2.080888807581062e-06 5954966
31.8317 2.049956802086117e-09 2.031137374904436e-06 5965346
31.8779 1.99893934478977e-09 1.983083208788485e-06 5977818
31.9241 1.956808021349726e-09 1.944459095738429e-06 6004718
31.9703 1.906643348857931e-09 1.901533091746671e-06 6011706
32.0165 1.861269232484302e-09 1.863336811084234e-06 6045770
32.0627 1.810204736886953e-09 1.817721434890537e-06 6041586
32.1089 1.770924716040466e-09 1.785063623034533e-06 6073166
32.1551 1.723334620605339e-09 1.742006946001935e-06 6078962
32.2013 1.684796626019311e-09 1.709486128251809e-06 6114258
32.2475 1.642963689532707e-09 1.670990956861765e-06 6123086
32.2937 1.601804229765549e-09 1.635468383090446e-06 6136770
32.3399 1.562579287477884e-09 1.598549349963554e-06 6154898
32.3861 1.52407165108454e-09 1.563209548549279e-06 6178610
32.4323 1.490873789407538e-09 1.531266612503833e-06 6197982
32.4785 1.453189272342027e-09 1.49607609352445e-06 6205322
32.5247 1.413750015328679e-09 1.461241862026725e-06 6218850
32.5709 1.38479773494444e-09 1.433000947382168e-06 6249542
32.6171 1.352814399086174e-09 1.401922540018855e-06 6274146
32.6633 1.313569660430153e-09 1.368422058088903e-06 6270242
32.7095 1.284693740559216e-09 1.342364005532674e-06 6305222
32.7557 1.253821148290697e-09 1.313026118326858e-06 6325026
32.8019 1.221018626633345e-09 1.284720829787263e-06 6331922
32.8481 1.190527510776387e-09 1.254831951579006e-06 6343698
32.8943 1.161280800535036e-09 1.229670998004655e-06 6375158
32.9405 1.13364853080546e-09 1.202855199860419e-06 6392178
32.9867 1.108503960300838e-09 1.177430744252613e-06 6412826
33.0329 1.075372788912885e-09 1.145969147970587e-06 6407078
33.0791 1.054246102993808e-09 1.125359454435736e-06 6447954
33.1253 1.02765781537046e-09 1.098766120074798e-06 6456026
33.1715 1.00286516750303e-09 1.076104567510009e-06 6482034
33.2177 9.765596352012999e-10 1.05226962095554e-06 6492878
33.2639 9.510444482963258e-10 1.026438633387212e-06 6502074
33.3101 9.327132374628019e-10 1.009732963665949e-06 6542930
33.3563 9.084240886395633e-10 9.854855543803523e-07 6556598
33.4025 8.84380614665895e-10 9.630261585808386e-07 6570330
33.4487 8.626898284874458e-10 9.421260062264271e-07 6581882
33.4949 8.434976976459139e-10 9.224628956001866e-07 6612546
33.5411 8.21515250239734e-10 9.018503692855156e-07 6628622
33.5873 7.985240795608291e-10 8.798375832503928e-07 6629498
33.6335 7.815559140407231e-10 8.625704402038597e-07 6659250
33.6797 7.631372880483683e-10 8.449995160913509e-07 6686006
33.7259 7.427643315351616e-10 8.241301540752293e-07 6693786
33.7721 7.249105674059378e-10 8.053052712982703e-07 6711554
33.8183 7.081793132030476e-10 7.893356671760719e-07 6735678
33.8645 6.905165973650785e-10 7.714828488841784e-07 6754754
33.9107 6.737329333366905e-10 7.541171677595368e-07 6776570
33.9569 6.543179567688282e-10 7.345280822449971e-07 6767394
34.0031 6.428037285139238e-10 7.226078184330993e-07 6818246
34.0493 6.248881956629792e-10 7.061260689355407e-07 6830562
34.0955 6.076440876315754e-10 6.886557525577963e-07 6839186
34.1417 5.939169417444715e-10 6.74980701216375e-07 6861462
34.1879 5.793854224579581e-10 6.600225767654324e-07 6880394
34.2341 5.652744329174782e-10 6.46801797233845e-07 6907178
34.2803 5.498951445084314e-10 6.301782539284762e-07 6917034
34.3265 5.371801247886012e-10 6.180508161243469e-07 6937934
34.3727 5.238252641501909e-10 6.025810643889228e-07 6947250
34.4189 5.114079983748924e-10 5.899628366708469e-07 6982106
34.4651 4.985667450665533e-10 5.769197859955848e-07 6995718
34.5113 4.864857847081488e-10 5.6340249315271e-07 7006682
34.5575 4.746506095739673e-10 5.52111354008408e-07 7035866
34.6037 4.628620073700088e-10 5.389684794031943e-07 7054110
34.6499 4.505369254855908e-10 5.260579097605451e-07 7059194
34.6961 4.401548058766864e-10 5.157490777112043e-07 7091802
34.7423 4.2819139306745e-10 5.042665361976126e-07 7100666
34.7885 4.183189672802388e-10 4.932569259861629e-07 7129070
34.8347 4.072756459352958e-10 4.821081056623883e-07 7143282
34.8809 3.977545828017173e-10 4.718803118091088e-07 7161482
34.9271 3.875174412183595e-10 4.609003721063174e-07 7184694
34.9733 3.782135813704e-10 4.506395770473493e-07 7203914
35.0195 3.691147076029492e-10 4.404029028999204e-07 7219746
35.0657 3.595284337512188e-10 4.299424946501547e-07 7228634
35.1119 3.51235337114164e-10 4.210351478994469e-07 7271990
35.1581 3.41973194738775e-10 4.11230420215658e-07 7266786
35.2043 3.336210957380138e-10 4.024796706204589e-07 7293650
35.2505 3.255353024154491e-10 3.934351572203382e-07 7324086
35.2967 3.171534193000245e-10 3.845113467413701e-07 7338650
35.3429 3.092933369740243e-10 3.759390664111907e-07 7351962
35.3891 3.01018720619157e-10 3.670983735031685e-07 7357190
35.4353 2.946545429492689e-10 3.599428015012253e-07 7406042
35.4815 2.864900211133145e-10 3.509331940768475e-07 7408626
35.5277 2.801181796154606e-10 3.436433443107415e-07 7435610
35.5739 2.728280255609612e-10 3.363766463461518e-07 7453542
35.6201 2.654093913258194e-10 3.276927079369332e-07 7464002
35.6663 2.59408191043529e-10 3.210289141670136e-07 7493546
35.7125 2.530577936109057e-10 3.137894368117673e-07 7510806
35.7587 2.467357490282043e-10 3.065334483880607e-07 7532114
35.8049 2.402900287342168e-10 2.993056724440165e-07 7536234
35.8511 2.341919503648416e-10 2.926480203015251e-07 7565834
35.8973 2.293505385525456e-10 2.86953481104765e-07 7603062
35.9435 2.225308020755787e-10 2.79444703584334e-07 7593890
35.9897 2.170769043757722e-10 2.736016059675265e-07 7622906
36.0359 2.118389540815803e-10 2.677658881201909e-07 7646622
36.0821 2.067218387528065e-10 2.621014505008611e-07 7672058
36.1283 2.011739862879223e-10 2.553966292364581e-07 7679346
36.1745 1.959115603693759e-10 2.494951262060729e-07 7693058
36.2207 1.918852990550237e-10 2.448885119945141e-07 7732158
36.2669 1.866302321259413e-10 2.386717464197111e-07 7746962
36.3131 1.824271632409011e-10 2.33462675026765e-07 7770986
36.3593 1.773909855358721e-10 2.276373355108684e-07 7772094
36.4055 1.731132857188954e-10 2.230456046804549e-07 7803818
36.4517 1.690912566652063e-10 2.181794556363018e-07 7834338
36.4979 1.642553753936243e-10 2.127013448601819e-07 7833710
36.5441 1.604421990524616e-10 2.081978170458936e-07 7858794
36.5903 1.565628024521302e-10 2.037085203225125e-07 7884290
36.6365 1.524425729164455e-10 1.987259582342108e-07 7901522
36.6827 1.488862091374451e-10 1.947334438896084e-07 7930662
36.7289 1.448033583752696e-10 1.900235229294961e-07 7934426
36.7751 1.414693821059286e-10 1.858434940988679e-07 7967322
36.8213 1.377926018892285e-10 1.816150891335615e-07 7981934
36.8675 1.342966674025281e-10 1.773286191197173e-07 8003282
36.9137 1.309643931033418e-10 1.736759386511126e-07 8019666
36.9599 1.276522011407792e-10 1.694280553866118e-07 8034482
37.0061 1.247009263599506e-10 1.655121750469808e-07 8068542
37.0523 1.216487878077507e-10 1.618453298749959e-07 8088290
37.0985 1.185210618408854e-10 1.581231526358207e-07 8096322
37.1447 1.155017859002613e-10 1.545238329656181e-07 8122646
37.1909 1.126624133427539e-10 1.510840651211007e-07 8150138
37.2371 1.098384663510595e-10 1.478240955955437e-07 8165322
37.2833 1.069614632104815e-10 1.444950399194297e-07 8182574
37.3295 1.042426397705626e-10 1.411733815495958e-07 8203698
37.3757 1.016052817981401e-10 1.380177207665553e-07 8226914
37.4219 9.916665599106883e-11 1.349524348613514e-07 8246898
37.4681 9.667425305516236e-11 1.318076879489593e-07 8261774
37.5143 9.419767361602334e-11 1.28439731497076e-07 8279426
37.5605 9.198113693304384e-11 1.259140605162765e-07 8308722
37.6067 8.963733803700888e-11 1.229049869167188e-07 8326214
37.6529 8.741224189983736e-11 1.200855843380792e-07 8342682
37.6991 8.511734931088703e-11 1.172907251039652e-07 8360834
37.7453 8.311955404183778e-11 1.147965518045221e-07 8393226
37.7915 8.110766284015445e-11 1.124473606585564e-07 8420150
37.8377 7.881538863652216e-11 1.095787143055745e-07 8421986
37.8839 7.686490720043973e-11 1.070782862912241e-07 8445714
37.9301 7.50080888961222e-11 1.048199642193671e-07 8472590
37.9763 7.322329848475923e-11 1.024705281283506e-07 8495370
38.0225 7.129673798526744e-11 9.994226477947484e-08 8512802
38.0687 6.943577500798638e-11 9.766242999854165e-08 8523290
38.1149 6.798703318928843e-11 9.573659025535955e-08 8570982
38.1611 6.60740024219961e-11 9.325118874050687e-08 8568458
38.2073 6.436885163601506e-11 9.109369753410117e-08 8586498
38.2535 6.275996867715593e-11 8.899041882866152e-08 8608838
38.2997 6.134775416108418e-11 8.725500533061039e-08 8645610
38.3459 5.971859430596469e-11 8.51514110704895e-08 8658386
38.3921 5.81428185530315e-11 8.303708983367122e-08 8668598
38.4383 5.670655380436889e-11 8.135335457632304e-08 8697426
38.4845 5.535443796339298e-11 7.954765780995288e-08 8722562
38.5307 5.393733005818858e-11 7.7581801697952e-08 8737962
38.5769 5.263063699311302e-11 7.593650059510535e-08 8771366
38.6231 5.121929744944647e-11 7.403998547427579e-08 8771010
38.6693 5.015015073277573e-11 7.25948918355035e-08 8822618
38.7155 4.864776095372062e-11 7.060787476287791e-08 8807726
38.7617 4.748261575360498e-11 6.912175918063617e-08 8844618
38.8079 4.63643001139084e-11 6.767121861672343e-08 8868722
38.8541 4.517420038906846e-11 6.610489731398391e-08 8891394
38.9003 4.40312026559247e-11 6.45704318112067e-08 8911934
38.9465 4.286444504815404e-11 6.302783170635031e-08 8923938
38.9927 4.190487200946143e-11 6.165621266186981e-08 8953682
39.0389 4.08607271100201e-11 6.029677549645173e-08 8981966
39.0851 3.973950694208478e-11 5.875100646376483e-08 8990442
39.1313 3.876968257646321e-11 5.749857210546083e-08 9007874
39.1775 3.781671973078056e-11 5.621886387553031e-08 9038982
39.2237 3.689905954046294e-11 5.498551771710228e-08 9068570
39.2699 3.592959666498549e-11 5.367509865015928e-08 9085250
39.3161 3.496454598229903e-11 5.241511302842227e-08 9084690
39.3623 3.415338161226147e-11 5.129859765723035e-08 9128654
39.4085 3.325745301707993e-11 5.003535975388007e-08 9133170
39.4547 3.249537249013501e-11 4.901589471808673e-08 9185882
39.5009 3.159117060234996e-11 4.767967086191564e-08 9163254
39.5471 3.092273847073817e-11 4.678360567558537e-08 9220130
39.5933 3.008159456960299e-11 4.559430636212404e-08 9233138
39.6395 2.931779438305601e-11 4.456349697103907e-08 9249378
39.6857 2.861434373908727e-11 4.358563218181729e-08 9271550
39.7319 2.784573915993247e-11 4.255424156591606e-08 9286266
39.7781 2.715785471624474e-11 4.16070706182852e-08 9320762
39.8243 2.644866154912501e-11 4.063688655607655e-08 9326718
39.8705 2.581074513743241e-11 3.973937105924193e-08 9354602
39.9167 2.517356959223919e-11 3.884622336318791e-08 9384122
39.9629 2.451067112713009e-11 3.792444620199742e-08 9400482
40.0091 2.39448309204885e-11 3.711444751406398e-08 9432638
40.0553 2.33268518399764e-11 3.623559156160111e-08 9445314
40.1015 2.274670539983496e-11 3.54162101319143e-08 9477290
40.1477 2.21820677663992e-11 3.452795598489248e-08 9489182
40.1939 2.162250351695422e-11 3.377540830379725e-08 9506706
40.2401 2.10711249675278e-11 3.297827182432541e-08 9533978
40.2863 2.055309470202051e-11 3.222351074469398e-08 9553662
40.3325 2.003302705972306e-11 3.150024598893464e-08 9579506
40.3787 1.955951307317059e-11 3.083750773271563e-08 9607866
40.4249 1.899125325648005e-11 3.002667700401273e-08 9608354
40.4711 1.854103878168916e-11 2.941078498712976e-08 9643862
40.5173 1.808102787640241e-11 2.875357737268274e-08 9670578
40.5635 1.763784955710281e-11 2.808101065324974e-08 9687890
40.6097 1.715820046326649e-11 2.737601860794412e-08 9693294
40.6559 1.676602025197477e-11 2.677565783947195e-08 9736034
40.7021 1.636378371677264e-11 2.620751921278757e-08 9758946
40.7483 1.593388989319882e-11 2.557047901683986e-08 9778994
40.7945 1.553631959496057e-11 2.496189148219974e-08 9796814
40.8407 1.513402030600193e-11 2.438793003708986e-08 9816882
40.8869 1.478722361188126e-11 2.390992438703393e-08 9850514
40.9331 1.435766969620686e-11 2.327170281022611e-08 9856062
40.9793 1.401824900020547e-11 2.276741028451235e-08 9886706
41.0255 1.368949432622382e-11 2.226994038201418e-08 9916194
41.0717 1.332927092782799e-11 2.173453865852266e-08 9924854
41.1179 1.299863409991208e-11 2.124920808650606e-08 9961490
41.1641 1.266818894348856e-11 2.074345724801384e-08 9979098
41.2103 1.234413816547006e-11 2.026804907544159e-08 9990266
41.2565 1.203935842054267e-11 1.979374142798087e-08 10012398
41.3027 1.172643179911138e-11 1.93495322573054e-08 10038818
41.3489 1.144496178364722e-11 1.890909083812018e-08 10072082
41.3951 1.115103374493638e-11 1.84879311545266e-08 10082670
41.4413 1.08943595742151e-11 1.80791370747008e-08 10123226
41.4875 1.060476790295624e-11 1.761666144883372e-08 10134834
41.5337 1.032962780805405e-11 1.721609058697845e-08 10151450
41.5799 1.008909666832501e-11 1.686100340784811e-08 10184118
41.6261 9.826714258674981e-12 1.643276391271788e-08 10199810
41.6723 9.583290081359782e-12 1.607460319388046e-08 10230386
41.7185 9.331419117422285e-12 1.569003548082561e-08 10238334
41.7647 9.10243918232917e-12 1.534639181669529e-08 10271594
41.8109 8.875012268875811e-12 1.500172512480551e-08 10298418
41.8571 8.641272505210076e-12 1.462566004853453e-08 10306814
41.9033 8.445291475541059e-12 1.431859771990477e-08 10341306
41.9495 8.222962735852041e-12 1.398334738463342e-08 10362842
41.9957 8.011044545019644e-12 1.365103979355041e-08 10388834
42.0419 7.810895497679211e-12 1.333156401102603e-08 10395630
42.0881 7.618091233541497e-12 1.303788250496495e-08 10425362
42.1343 7.431496115197957e-12 1.272330126179126e-08 10454274
42.1805 7.244324350426231e-12 1.243923471203315e-08 10478294
42.2267 7.06802882565626e-12 1.215399530065608e-08 10501818
42.2729 6.88292485400293e-12 1.187295321417353e-08 10514810
42.3191 6.709218676893311e-12 1.159940127368251e-08 10548842
42.3653 6.53794808822637e-12 1.132845695630937e-08 10566462
42.4115 6.37655215618557e-12 1.107553159135109e-08 10586810
42.4577 6.215793332924366e-12 1.083304172536116e-08 10614954
42.5039 6.050504201232972e-12 1.056385269362225e-08 10631054
42.5501 5.907803215506277e-12 1.033090114934265e-08 10662362
42.5963 5.762212853719807e-12 1.009405405690706e-08 10683354
42.6425 5.614632841168517e-12 9.8550699089615e-09 10699298
42.6887 5.473670415037824e-12 9.626867514824959e-09 10738782
42.7349 5.337869535068505e-12 9.393440291393526e-09 10744202
42.7811 5.212683786355329e-12 9.195501838547007e-09 10782186
42.8273 5.069628151455094e-12 8.96275086996588e-09 10784966
42.8735 4.949397687943395e-12 8.777011371920332e-09 10833938
42.9197 4.821245361195891e-12 8.57396265146446e-09 10848138
42.9659 4.703349738907673e-12 8.3833908155525e-09 10873766
43.0121 4.578406431871652e-12 8.176420504468972e-09 10886970
43.0583 4.461464916425046e-12 7.992194905733186e-09 10912442
43.1045 4.354156778846623e-12 7.810102855136485e-09 10936698
43.1507 4.246184363439323e-12 7.635226549646679e-09 10966142
43.1969 4.130130733546524e-12 7.437423765332296e-09 10968746
43.2431 4.037496427286755e-12 7.279670072183405e-09 11014602
43.2893 3.941899108834334e-12 7.12188954838546e-09 11042774
43.3355 3.833609528397378e-12 6.946489222098268e-09 11061474
43.3817 3.742585721160421e-12 6.785301025617644e-09 11072450
43.4279 3.643053150770059e-12 6.621022474453926e-09 11096922
43.4741 3.561671821344526e-12 6.491909934423436e-09 11146526
43.5203 3.462437195438274e-12 6.326780637303398e-09 11145602
43.5665 3.373936338796431e-12 6.180208672620792e-09 11168442
43.6127 3.289529629766067e-12 6.034526163598184e-09 11181086
43.6589 3.218562677911553e-12 5.92322746446229e-09 11250114
43.7051 3.125877030207374e-12 5.76138397821795e-09 11242106
43.7513 3.048336216069875e-12 5.631593393895236e-09 11265446
43.7975 2.976096227864457e-12 5.505209607867473e-09 11285490
43.8437 2.903573647643934e-12 5.383192412020438e-09 11335922
43.8899 2.82728076105374e-12 5.242651560940377e-09 11330130
43.9361 2.755412807821487e-12 5.12777902487654e-09 11357270
43.9823 2.689983275872851e-12 5.015291021064894e-09 11389098
44.0285 2.623883965874003e-12 4.901633986818471e-09 11426642
44.0747 2.550651461800424e-12 4.780588087903152e-09 11431358
44.1209 2.492360591617028e-12 4.677927054520192e-09 11462298
44.1671 2.427846604090778e-12 4.569117018675181e-09 11479202
44.2133 2.365483986363096e-12 4.462097257136987e-09 11509746
44.2595 2.305615790315886e-12 4.35463193647112e-09 11523062
44.3057 2.25217080733746e-12 4.258981823464401e-09 11556210
44.3519 2.195318439289066e-12 4.163975086076551e-09 11588282
44.3981 2.138183847707714e-12 4.061467600985326e-09 11599646
44.4443 2.088192741687043e-12 3.978417403794514e-09 11645274
44.4905 2.032185727601555e-12 3.877740654033357e-09 11649338
44.5367 1.980866498544703e-12 3.788671137452379e-09 11665386
44.5829 1.934134497048672e-12 3.707831884660622e-09 11719286
44.6291 1.884233416822021e-12 3.617153624307576e-09 11720738
44.6753 1.838173247283434e-12 3.536747971292151e-09 11755074
44.7215 1.789386004052809e-12 3.449939645451071e-09 11767166
44.7677 1.748766315271136e-12 3.376354952003158e-09 11813346
44.8139 1.703544009415691e-12 3.297465842254278e-09 11825450
44.8601 1.658684329513966e-12 3.217648032722128e-09 11828814
44.9063 1.618440192171522e-12 3.147995655714262e-09 11884418
44.9525 1.578387792841046e-12 3.076400251781859e-09 11900378
44.9987 1.536507017084953e-12 3.001799651113056e-09 11908002
45.0449 1.499095417464292e-12 2.932777752818857e-09 11937470
45.0911 1.463005442091913e-12 2.869452783055489e-09 11981346
45.1373 1.426575303861425e-12 2.801769400154525e-09 11998154
45.1835 1.391115034186256e-12 2.737815833247103e-09 12015798
45.2297 1.355879720898029e-12 2.672698057102055e-09 12046586
45.2759 1.322642174108116e-12 2.612017093108947e-09 12073226
45.3221 1.288823644279487e-12 2.551360731219192e-09 12089370
45.3683 1.258140307616669e-12 2.495889379894397e-09 12123662
45.4145 1.22316053390733e-12 2.433792772667539e-09 12129018
45.4607 1.194763806130056e-12 2.380072279643423e-09 12168698
45.5069 1.165316843348769e-12 2.326604565472248e-09 12191070
45.5531 1.137313204041394e-12 2.277387620849946e-09 12237290
45.5993 1.106039921330362e-12 2.219144481936785e-09 12237434
45.6455 1.080439713846949e-12 2.17112948044165e-09 12269430
45.6917 1.052713927433804e-12 2.119802569609451e-09 12288314
45.7379 1.026021288840778e-12 2.069838253961669e-09 12312018
45.7841 1.000732405344493e-12 2.022973051462168e-09 12333770
45.8303 9.762199593422659e-13 1.975269133190187e-09 12362654
45.8765 9.536579194861552e-13 1.934173163055055e-09 12405282
45.9227 9.283961879146816e-13 1.886886082290141e-09 12414842
45.9689 9.045328964652433e-13 1.843142833419443e-09 12433278
46.0151 8.828576600435925e-13 1.802704574570428e-09 12469442
46.0613 8.612602215070756e-13 1.763306935237647e-09 12497106
46.1075 8.379243700679974e-13 1.72027863945164e-09 12513074
46.1537 8.178010577714822e-13 1.68048122392864e-09 12531902
46.1999 7.980546435653805e-13 1.644774551680223e-09 12567690
46.2461 7.787647517504088e-13 1.607685468509087e-09 12603338
46.2923 7.585829781493578e-13 1.567444124898899e-09 12612726
46.3385 7.401134627228466e-13 1.531944274178772e-09 12634802
46.3847 7.217036592306623e-13 1.497304764932137e-09 12662730
46.4309 7.042811195450957e-13 1.463995481844735e-09 12699086
46.4771 6.861260726370715e-13 1.429329234752953e-09 12711074
46.5233 6.694806813178519e-13 1.398247022825213e-09 12739098
46.5695 6.528432749182376e-13 1.366545409029196e-09 12769490
46.6157 6.365521325657649e-13 1.336310712573983e-09 12799686
46.6619 6.211922782813246e-13 1.305578538829038e-09 12828626
46.7081 6.051083405218495e-13 1.275111084373565e-09 12832794
46.7543 5.906528526176698e-13 1.247263421628717e-09 12875942
46.8005 5.76348872329478e-13 1.218663162413886e-09 12906314
46.8467 5.617061252147295e-13 1.189287802032152e-09 12913122
46.8929 5.475746036823034e-13 1.163132144081008e-09 12937346
46.9391 5.344082380729506e-13 1.136892221466033e-09 12973374
46.9853 5.217891700751647e-13 1.112158808237212e-09 13008170
47.0315 5.088454910940623e-13 1.085627578556038e-09 13025810
47.0777 4.956684340268527e-13 1.060420478915395e-09 13033590
47.1239 4.841837739676272e-13 1.038800104596825e-09 13083698
47.1701 4.715695804677372e-13 1.01335873239433e-09 13094706
47.2163 4.604154766677973e-13 9.911643703281719e-10 13119002
47.2625 4.488248654746798e-13 9.687280206822088e-10 13146318
47.3087 4.380414008432608e-13 9.477875672052423e-10 13167383
47.3549 4.277385237200551e-13 9.268791440533283e-10 13180844
47.4011 4.164371664798479e-13 9.040843509812353e-10 13147596
47.4473 4.065285003588601e-13 8.834284541932601e-10 13144028
47.4935 3.961668684007991e-13 8.620896272838768e-10 13122684
47.5397 3.861779803514065e-13 8.422606634923654e-10 13103336
47.5859 3.769431237949889e-13 8.234724754735354e-10 13108416
47.6321 3.673026129050087e-13 8.032762327738015e-10 13073744
47.6783 3.582188272295468e-13 7.851867860658868e-10 13076900
47.7245 3.494486359756914e-13 7.671223002938104e-10 13051992
47.7707 3.40889235879266e-13 7.499652451519535e-10 13056752
47.8169 3.318861219101877e-13 7.317613513290173e-10 13036344
47.8631 3.23853825881664e-13 7.148645062882941e-10 13009832
47.9093 3.155542202064674e-13 6.979021105114464e-10 12996668
47.9555 3.080900094965221e-13 6.832317524378609e-10 13003248
48.0017 2.99755308731263e-13 6.657545019948814e-10 12967172
48.0479 2.926673151406673e-13 6.517906128297793e-10 12963480
48.0941 2.852761921616449e-13 6.361871781827655e-10 12954260
48.1403 2.784303815576652e-13 6.220259056254471e-10 12942432
48.1865 2.712705543124791e-13 6.075989087148889e-10 12924296
48.2327 2.642873045750065e-13 5.929173127314353e-10 12903392
48.2789 2.582489121326721e-13 5.799188196901221e-10 12906168
48.3251 2.514481236101818e-13 5.65546811201141e-10 12873656
48.3713 2.45210452390768e-13 5.530505575999066e-10 12870720
48.4175 2.392151891487304e-13 5.404257986707596e-10 12855428
48.4637 2.331643633015688e-13 5.285040869185635e-10 12842256
48.5099 2.273054487858478e-13 5.156671612586973e-10 12820304
48.5561 2.216720864466297e-13 5.044551296078812e-10 12820328
48.6023 2.160014875851973e-13 4.92436377569148e-10 12794856
48.6485 2.106195265452531e-13 4.816498744147413e-10 12787940
48.6947 2.051301125011798e-13 4.697423295606601e-10 12748392
48.7409 2.00175853711637e-13 4.594719711481014e-10 12752756
48.7871 1.952445891568769e-13 4.484883575374214e-10 12732036
48.8333 1.906259755614233e-13 4.39113350533937e-10 12737132
48.8795 1.85801551220763e-13 4.286813454506478e-10 12712976
48.9257 1.811461843516031e-13 4.187268859330759e-10 12696348
48.9719 1.764467319336948e-13 4.085637424610737e-10 12673892
49.0181 1.723432720649894e-13 3.999127841726768e-10 12677316
49.0643 1.679830965472984e-13 3.906599240391831e-10 12650384
49.1105 1.635075828970293e-13 3.813337489013558e-10 12621344
49.1567 1.595184104425776e-13 3.7278850285851e-10 12624204
49.2029 1.557900433760562e-13 3.649128807940331e-10 12615632
49.2491 1.518483661423422e-13 3.566502235917356e-10 12600420
49.2953 1.478328349070232e-13 3.479145863560105e-10 12570224
49.3415 1.443357995778124e-13 3.403585345414227e-10 12566868
49.3877 1.407244744916786e-13 3.324529885297541e-10 12545828
49.4339 1.373017195830839e-13 3.246630179117272e-10 12538232
49.4801 1.337036603983697e-13 3.167524524640946e-10 12496452
49.5263 1.30583561271799e-13 3.098869255566708e-10 12502688
49.5725 1.274093708128672e-13 3.032932961828021e-10 12498708
49.6187 1.242228147188286e-13 2.959871245080898e-10 12469640
49.6649 1.209393220093682e-13 2.890007057651041e-10 12440136
49.7111 1.18035135221464e-13 2.828122872843436e-10 12442412
49.7573 1.151676092781996e-13 2.766319510007022e-10 12433712
49.8035 1.122409338704384e-13 2.701197362249044e-10 12410544
49.8497 1.093784592371982e-13 2.637949309317505e-10 12381512
49.8959 1.067962743802254e-13 2.581185479776422e-10 12378960
49.9421 1.041818215102861e-13 2.521266738089253e-10 12366872
49.9883 1.015828075792507e-13 2.463595557335328e-10 12345588
50.0345 9.908428171338601e-14 2.405916643651185e-10 12327008
50.0807 9.665652237912778e-14 2.354418887203003e-10 12313388
50.1269 9.43147511545216e-14 2.300154418307152e-10 12306768
50.1731 9.187550926906522e-14 2.244334509823764e-10 12275504
50.2193 8.966467998217601e-14 2.197186689961104e-10 12265620
50.2655 8.739229311116286e-14 2.144980879435373e-10 12236324
50.3117 8.542547411272106e-14 2.099948121841124e-10 12253880
50.3579 8.321262671678631e-14 2.050244141157076e-10 12219756
50.4041 8.114298857244764e-14 2.003891454709401e-10 12195524
50.4503 7.922540698785825e-14 1.959841700352379e-10 12189000
50.4965 7.71817103032695e-14 1.914278135649971e-10 12170168
50.5427 7.533721836791957e-14 1.870859674705063e-10 12147588
50.5889 7.345523593998536e-14 1.82968868313084e-10 12134360
50.6351 7.169721307680224e-14 1.788686783318353e-10 12122816
50.6813 6.999264206407015e-14 1.747478952113336e-10 12107580
50.7275 6.828156328951799e-14 1.70970027367317e-10 12098972
50.7737 6.644846136115342e-14 1.668081928270312e-10 12054744
50.8199 6.495573136135001e-14 1.632773175636626e-10 12056912
50.8661 6.335917662854189e-14 1.595189943208457e-10 12039108
50.9123 6.179274716785033e-14 1.559002032004218e-10 12019400
50.9585 6.028597593655407e-14 1.523629051142815e-10 11996936
51.0047 5.878300223497164e-14 1.488712970556216e-10 11979744
51.0509 5.746695616457487e-14 1.457218938919259e-10 11975504
51.0971 5.605039288778545e-14 1.425304720094625e-10 11963472
51.1433 5.460533251811572e-14 1.391899986450349e-10 11928692
51.1895 5.326982295182775e-14 1.360285066262347e-10 11920356
51.2357 5.201891127773554e-14 1.331647817933593e-10 11900072
51.2819 5.078765131487952e-14 1.303421658435153e-10 11897312
51.3281 4.942751285832156e-14 1.270725506848903e-10 11857164
51.3743 4.826269725121674e-14 1.242232292959461e-10 11842556
51.4205 4.719447525289517e-14 1.216857567931173e-10 11841552
51.4667 4.602299289607446e-14 1.188351211975163e-10 11811860
51.5129 4.49029307009119e-14 1.161282049692428e-10 11798888
51.5591 4.379067957704306e-14 1.133763481817002e-10 11768748
51.6053 4.281446288337687e-14 1.112213582055811e-10 11777096
51.6515 4.169741626599872e-14 1.085133302320856e-10 11733936
51.6977 4.063522812817848e-14 1.060577301314512e-10 11714324
51.7439 3.976782033357886e-14 1.03977668671959e-10 11725020
51.7901 3.878179709694833e-14 1.017033918816909e-10 11696816
51.8363 3.778464540935198e-14 9.923731209426432e-11 11666048
51.8825 3.69284361405181e-14 9.712444248687656e-11 11661996
51.9287 3.606606772315831e-14 9.499756535884352e-11 11645228
51.9749 3.517561671017104e-14 9.281376640515608e-11 11620884
52.0211 3.430356522309432e-14 9.066257769274195e-11 11590808
52.0673 3.351861394304897e-14 8.87442725248809e-11 11587908
52.1135 3.272079261046261e-14 8.673553197473352e-11 11569028
52.1597 3.19600834848061e-14 8.496250901059501e-11 11558012
52.2059 3.115028390683929e-14 8.295834693845337e-11 11528724
52.2521 3.039385721488234e-14 8.110290919771645e-11 11506964
52.2983 2.969386900997415e-14 7.938281596275171e-11 11494536
52.3445 2.897378119924935e-14 7.767976018390396e-11 11477444
52.3907 2.826443450386651e-14 7.589009049581757e-11 11456804
52.4369 2.758353824918754e-14 7.420192431708422e-11 11428740
52.4831 2.695876968318475e-14 7.267862286250281e-11 11427272
52.5293 2.631304592329539e-14 7.10416771166325e-11 11407524
52.5755 2.566942170359684e-14 6.944015517802431e-11 11376992
52.6217 2.507827841003998e-14 6.789736447178409e-11 11363952
52.6679 2.448539594064086e-14 6.644288893973647e-11 11346680
52.7141 2.388943064199705e-14 6.491921609995369e-11 11322272
52.7603 2.333977139480391e-14 6.353639562695842e-11 11313672
52.8065 2.276572651990161e-14 6.207851514002008e-11 11276120
52.8527 2.22576185098667e-14 6.08566165555197e-11 11283648
52.8989 2.168559203713791e-14 5.944866144103025e-11 11248088
52.9451 2.120965802019886e-14 5.824180783942603e-11 11240592
52.9913 2.06970990089811e-14 5.691467536864516e-11 11217380
53.0375 2.017690154296317e-14 5.56280596109889e-11 11185436
53.0837 1.973647170329188e-14 5.448560747633225e-11 11182920
53.1299 1.924605947001382e-14 5.324540085256971e-11 11148968
53.1761 1.88016059120181e-14 5.20750020041539e-11 11132988
53.2223 1.83654209017293e-14 5.099521430820918e-11 11121068
53.2685 1.789575202756666e-14 4.975794629476138e-11 11080992
53.3147 1.755231927197091e-14 4.887438526049275e-11 11101004
53.3609 1.708173211759871e-14 4.770338624966903e-11 11052488
53.4071 1.668914545730223e-14 4.665333179923833e-11 11042760
53.4533 1.63151994939213e-14 4.567483556739259e-11 11024240
53.4995 1.592346719181287e-14 4.465888651939957e-11 11000652
53.5457 1.554371103686957e-14 4.371868071745638e-11 10983116
53.5919 1.51642853802631e-14 4.273604191422005e-11 10951520
53.6381 1.484736805283377e-14 4.187879422013316e-11 10954992
53.6843 1.447297527605365e-14 4.092863941757197e-11 10922468
53.7305 1.413810152347695e-14 4.00799721915812e-11 10900932
53.7767 1.37843900535345e-14 3.915964849915653e-11 10876700
53.8229 1.351053317795574e-14 3.83994270196808e-11 10874520
53.8691 1.316260690744535e-14 3.749504398159041e-11 10837064
53.9153 1.284748981437097e-14 3.666094286178482e-11 10811504
53.9615 1.257982015351472e-14 3.596570519141824e-11 10817724
54.0077 1.2281442261727e-14 3.512646690668985e-11 10782764
54.0539 1.19856850132113e-14 3.437950627484167e-11 10759932
54.1001 1.170092246478902e-14 3.36224490029235e-11 10739204
54.1463 1.144774663813536e-14 3.291937434560237e-11 10720560
54.1925 1.118180386560943e-14 3.22521430331158e-11 10715144
54.2387 1.089433887044922e-14 3.148965932755187e-11 10664960
54.2849 1.065004814785178e-14 3.083377846556213e-11 10661076
54.3311 1.041092446327874e-14 3.019016480867822e-11 10634540
54.3773 1.017763223214343e-14 2.958557935246803e-11 10629012
54.4235 9.929962187465687e-15 2.892617558208715e-11 10600856
54.4697 9.693774894050829e-15 2.826844755226017e-11 10566600
54.5159 9.491963258447948e-15 2.77127622485555e-11 10567232
54.5621 9.259486600978404e-15 2.709807236435634e-11 10531880
54.6083 9.058771099447095e-15 2.65456178160126e-11 10530996
54.6545 8.832807153119071e-15 2.58905502875446e-11 10477004
54.7007 8.639109257450548e-15 2.537911851907937e-11 10471488
54.7469 8.450846299385008e-15 2.487758132413274e-11 10464068
54.7931 8.247192900160554e-15 2.432074230022964e-11 10430660
54.8393 8.062573450040795e-15 2.382544576598875e-11 10419756
54.8855 7.864181529733236e-15 2.329769354251639e-11 10384784
54.9317 7.688949335808239e-15 2.283623644338375e-11 10374072
54.9779 7.506939816238577e-15 2.233253547981851e-11 10348256
55.0241 7.337879301561992e-15 2.186011949051556e-11 10318008
55.0703 7.174220645604925e-15 2.140067794008651e-11 10309604
55.1165 7.007653628514019e-15 2.094437124222747e-11 10286924
55.1627 6.848503610936985e-15 2.047731035664159e-11 10261848
55.2089 6.699582018434484e-15 2.005850364728429e-11 10243016
55.2551 6.538601710429124e-15 1.961433243901065e-11 10211616
55.3013 6.396152570333249e-15 1.923041681426153e-11 10207340
55.3475 6.239771195477527e-15 1.878416405346418e-11 10164252
55.3937 6.10614010848699e-15 1.842079982279901e-11 10159472
55.4399 5.960074964672559e-15 1.802282802632741e-11 10129184
55.4861 5.828868506772394e-15 1.765238246274493e-11 10114464
55.5323 5.699224978416442e-15 1.730320226765341e-11 10103336
55.5785 5.558155694826761e-15 1.688746276604657e-11 10049364
55.6247 5.44260049036211e-15 1.657975812527241e-11 10056980
55.6709 5.316128569253331e-15 1.621160611321543e-11 10027464
55.7171 5.194286912659286e-15 1.586929048963987e-11 10001132
55.7633 5.081251282165464e-15 1.553968138095825e-11 9984704
55.8095 4.956419411662432e-15 1.518687513248675e-11 9946872
55.8557 4.85777949665359e-15 1.490243012682607e-11 9950204
55.9019 4.740055624651961e-15 1.45670877334586e-11 9907884
55.9481 4.634026513360552e-15 1.425531707231919e-11 9890480
55.9943 4.527873134927826e-15 1.396039920008518e-11 9864212
56.0405 4.42778135118729e-15 1.368094256514349e-11 9850680
56.0867 4.32971462523066e-15 1.339572708927505e-11 9831356
56.1329 4.221551187256936e-15 1.308258286416744e-11 9781176
56.1791 4.133444741144845e-15 1.284350287343856e-11 9789368
56.2253 4.04126868416527e-15 1.257608376494324e-11 9760404
56.2715 3.951262765147312e-15 1.230815199766073e-11 9735800
56.3177 3.859914926573243e-15 1.204692951898242e-11 9711092
56.3639 3.772174101053476e-15 1.179495137861418e-11 9689040
56.4101 3.689224885374989e-15 1.155498163814197e-11 9668192
56.4563 3.605359379155112e-15 1.130083920364571e-11 9643500
56.5025 3.52480724878799e-15 1.106962297528978e-11 9617840
56.5487 3.444664092860432e-15 1.083290730436249e-11 9596220
56.5949 3.371085169325711e-15 1.06178953028135e-11 9579572
56.6411 3.294596470949226e-15 1.038778424133692e-11 9553832
56.6873 3.219103021724246e-15 1.017118133257396e-11 9523872
56.7335 3.143643259797265e-15 9.954066619048622e-12 9502856
56.7797 3.080605296380609e-15 9.76786946536819e-12 9490980
56.8259 3.006858152819581e-15 9.551358555698409e-12 9456200
56.8721 2.936617254882089e-15 9.347943931732197e-12 9434060
56.9183 2.872631896579817e-15 9.166580340057587e-12 9409128
56.9645 2.809521616921173e-15 8.97167828095596e-12 9392816
57.0107 2.748170397132787e-15 8.789664437042828e-12 9367812
57.0569 2.682338090134516e-15 8.592064114080005e-12 9335648
57.1031 2.630199791531676e-15 8.433069162702318e-12 9334140
57.1493 2.565902355812222e-15 8.235797207970151e-12 9287804
57.1955 2.513200131929734e-15 8.078570167793466e-12 9280268
57.2417 2.450808309656317e-15 7.892611336108047e-12 9232656
57.2879 2.401736148964955e-15 7.747232088981385e-12 9235316
57.3341 2.346666878475764e-15 7.585442054836403e-12 9201576
57.3803 2.291933173598415e-15 7.422625978088183e-12 9175664
57.4265 2.241181746146696e-15 7.276336351977343e-12 9151536
57.4727 2.191635962537563e-15 7.122417442343176e-12 9128240
57.5189 2.143210753325055e-15 6.977388677329294e-12 9109832
57.5651 2.092332169373982e-15 6.823002391277998e-12 9072324
57.6113 2.049431857606625e-15 6.693629334333332e-12 9060392
57.6575 2.002955825888306e-15 6.550550179760536e-12 9034272
57.7037 1.959074029822779e-15 6.417158039772577e-12 9008744
57.7499 1.916487349003105e-15 6.280429434653336e-12 8989764
57.7961 1.872535557842765e-15 6.148675295136636e-12 8956412
57.8423 1.832485058129081e-15 6.026819124012416e-12 8941880
57.8885 1.791443795896485e-15 5.899522940533379e-12 8914968
57.9347 1.749579026500689e-15 5.769713489463932e-12 8881592
57.9809 1.71248662580851e-15 5.662510109194744e-12 8866164
58.0271 1.672964935716863e-15 5.539494936674035e-12 8832464
58.0733 1.635876123942705e-15 5.431809668428977e-12 8819384
58.1195 1.599628481590868e-15 5.314004300762607e-12 8784948
58.1657 1.564000106550729e-15 5.207280598790569e-12 8766056
58.2119 1.52985596139532e-15 5.099936116443535e-12 8741592
58.2581 1.495696076407987e-15 4.993652320835514e-12 8715404
58.3043 1.463685581715743e-15 4.889401481206228e-12 8693160
58.3505 1.430779291155104e-15 4.785864872288291e-12 8660528
58.3967 1.398472693471598e-15 4.688575626411869e-12 8638364
58.4429 1.368883208688611e-15 4.594528147567805e-12 8622660
58.4891 1.338188506026157e-15 4.497554316488971e-12 8587712
58.5353 1.308536761629538e-15 4.404317821307074e-12 8569368
58.5815 1.277563889030083e-15 4.310035336185944e-12 8529836
58.6277 1.252667084070027e-15 4.231305541745096e-12 8529840
58.6739 1.2224070101839e-15 4.136120579350432e-12 8486240
58.7201 1.196374510357666e-15 4.054368503435757e-12 8464964
58.7663 1.169184552031682e-15 3.969367766840565e-12 8441376
58.8125 1.142690291221631e-15 3.883651978441399e-12 8401016
58.8587 1.120718555886973e-15 3.816460271440201e-12 8409180
58.9049 1.092234226761959e-15 3.724662397632813e-12 8351564
58.9511 1.069134176411818e-15 3.649884718860319e-12 8339304
58.9973 1.046164170183284e-15 3.574465154325503e-12 8310416
59.0435 1.023662748429081e-15 3.503787938680861e-12 8286104
59.0897 1.000339783074588e-15 3.42861627386499e-12 8262372
59.1359 9.776847367640209e-16 3.354886020636737e-12 8225852
59.1821 9.584226599763742e-16 3.294027936082188e-12 8224104
59.2283 9.357362816252043e-16 3.220073577459129e-12 8180564
59.2745 9.144604276309008e-16 3.152347609996667e-12 8150744
59.3207 8.950320563728853e-16 3.091487863707403e-12 8137680
59.3669 8.757889849704353e-16 3.031255849484324e-12 8111156
59.4131 8.551516684120796e-16 2.96203029830472e-12 8078748
59.4593 8.357687283182345e-16 2.900184220024542e-12 8045600
59.5055 8.196013786651904e-16 2.845652456032076e-12 8035524
59.5517 8.00537097313571e-16 2.784767023093765e-12 8002928
59.5979 7.829164200156717e-16 2.727011682618595e-12 7975760
59.6441 7.651835212028235e-16 2.667242314616869e-12 7946448
59.6903 7.490612321730284e-16 2.614208969672743e-12 7924280
59.7365 7.326507020993693e-16 2.561595035372917e-12 7899672
59.7827 7.162879682134906e-16 2.506629842893336e-12 7869572
59.8289 6.994490624507053e-16 2.451873511717716e-12 7830276
59.8751 6.859353594200905e-16 2.40836347752753e-12 7826636
59.9213 6.699258012695563e-16 2.355745352007338e-12 7792388
59.9675 6.547764260052975e-16 2.305843085235935e-12 7765296
60.0137 6.403981059788503e-16 2.258213291921759e-12 7733948
60.0599 6.262636130398592e-16 2.213027203674772e-12 7710948
60.1061 6.128521667563619e-16 2.168672101427498e-12 7689260
60.1523 5.985625696800969e-16 2.11955384304869e-12 7649916
60.1985 5.862869950720586e-16 2.080114945842215e-12 7638020
60.2447 5.730076525047541e-16 2.034324918539626e-12 7597136
60.2909 5.613381095138909e-16 1.994724080389892e-12 7586532
60.3371 5.474471256474792e-16 1.947591609934056e-12 7540628
60.3833 5.361213752502807e-16 1.90999802681984e-12 7519344
60.4295 5.24656183043313e-16 1.871875423608875e-12 7501880
60.4757 5.12482863545781e-16 1.831157510561539e-12 7466540
60.5219 5.013488051905171e-16 1.79356615246142e-12 7440012
60.5681 4.903017768900705e-16 1.75908804841488e-12 7414112
60.6143 4.790330494276957e-16 1.720198835416094e-12 7382808
60.6605 4.691294793345261e-16 1.6870555193809e-12 7365056
60.7067 4.581884138912076e-16 1.650156601075388e-12 7324200
60.7529 4.484917208785137e-16 1.616429804372e-12 7308356
60.7991 4.385333902830808e-16 1.582592957666001e-12 7275944
60.8453 4.279127473387641e-16 1.546689418452294e-12 7238628
60.8915 4.200180007332166e-16 1.520105136526178e-12 7231832
60.9377 4.100720966822088e-16 1.485423012596611e-12 7189104
60.9839 4.011968181121993e-16 1.45479436384271e-12 7168592
61.0301 3.922538771299409e-16 1.424111587009144e-12 7136184
61.0763 3.838848256968007e-16 1.396538118599449e-12 7116188
61.1225 3.747945482969299e-16 1.364712313020575e-12 7077644
61.1687 3.667798906323949e-16 1.337824128162394e-12 7053780
61.2149 3.586074432629652e-16 1.310575203191383e-12 7031900
61.2611 3.505432721872988e-16 1.282817871382898e-12 6993612
61.3073 3.429912917225056e-16 1.257825192253946e-12 6976868
61.3535 3.347069559923017e-16 1.229337094726036e-12 6934520
61.3997 3.281634397328108e-16 1.206064823469123e-12 6920268
61.4459 3.208425764134473e-16 1.180487704562799e-12 6889172
61.4921 3.129862358409892e-16 1.152606453381744e-12 6844680
61.5383 3.065979963255382e-16 1.13105836792938e-12 6834860
61.5845 3.000061735025886e-16 1.107515857630651e-12 6802656
61.6307 2.932856267632231e-16 1.084435230166533e-12 6777188
61.6769 2.862955986971542e-16 1.060186595350416e-12 6737144
61.7231 2.80178492293274e-16 1.039595959418736e-12 6712620
61.7693 2.742570673709991e-16 1.019097599920862e-12 6695444
61.8155 2.67868975296003e-16 9.975158054801388e-13 6653604
61.8617 2.616035962769067e-16 9.7514848435539e-13 6626744
61.9079 2.559599695105166e-16 9.564317589029633e-13 6602196
61.9541 2.503147888863509e-16 9.358122782737425e-13 6571892
62.0003 2.445477458987151e-16 9.157936666693443e-13 6541832
62.0465 2.389671360216771e-16 8.961045404534885e-13 6504960
62.0927 2.342458772292213e-16 8.800643660889299e-13 6496244
62.1389 2.287418811073072e-16 8.601938137574226e-13 6453468
62.1851 2.238704533887113e-16 8.430029627097096e-13 6432680
62.2313 2.18605420143636e-16 8.245445916019133e-13 6396960
62.2775 2.136918667410218e-16 8.06915205849115e-13 6364784
62.3237 2.092576448444465e-16 7.919313927796824e-13 6352916
62.3699 2.040721338110051e-16 7.734710526151974e-13 6304836
62.4161 1.996012982875583e-16 7.573166605090753e-13 6282080
62.4623 1.952023897086602e-16 7.424411959168453e-13 6251508
62.5085 1.908563212964469e-16 7.275350530482678e-13 6225728
62.5547 1.861531192785421e-16 7.109226339072948e-13 6187640
62.6009 1.822427266551481e-16 6.971403675036457e-13 6159276
62.6471 1.783899754405531e-16 6.827583755508638e-13 6141404
62.6933 1.741415865362743e-16 6.679840952857927e-13 6104412
62.7395 1.701102834294943e-16 6.531958254843111e-13 6071612
62.7857 1.664573311428596e-16 6.403123654250508e-13 6046032
62.8319 1.627448352760834e-16 6.263980656461033e-13 6013244
62.8781 1.590708987770797e-16 6.138355925814696e-13 5990204
62.9243 1.553387990111629e-16 6.000604568274674e-13 5950020
62.9705 1.522863635671112e-16 5.897243123541105e-13 5938520
63.0167 1.482855224964846e-16 5.753693353074164e-13 5890944
63.0629 1.451070205439229e-16 5.638395255900862e-13 5864480
63.1091 1.417387390644086e-16 5.517562949814601e-13 5834628
63.1553 1.386892526122531e-16 5.404907048972936e-13 5806868
63.2015 1.354445392522831e-16 5.292839935520169e-13 5779796
63.2477 1.322935329789272e-16 5.177958495222882e-13 5744076
63.2939 1.29442655188889e-16 5.07199886810861e-13 5716436
63.3401 1.265136317326908e-16 4.967884495983713e-13 5686140
63.3863 1.23564482782918e-16 4.855861148913866e-13 5648924
63.4325 1.209003248076677e-16 4.759902860620467e-13 5631720
63.4787 1.181052468258208e-16 4.655419425770919e-13 5592584
63.5249 1.154331094009088e-16 4.556397070170074e-13 5565032
63.5711 1.125726348220706e-16 4.453104904574056e-13 5527812
63.6173 1.10270518973905e-16 4.367552515766137e-13 5502944
63.6635 1.077413247319702e-16 4.278204574056918e-13 5479728
63.7097 1.051586336992836e-16 4.182339268300912e-13 5435888
63.7559 1.028256762406302e-16 4.09794343243413e-13 5413076
63.8021 1.00483953491677e-16 4.012252675814852e-13 5379972
63.8483 9.821885984940474e-17 3.926287848094093e-13 5348924
63.8945 9.590111969897584e-17 3.837745812796297e-13 5317392
63.9407 9.365587050781243e-17 3.752332811100616e-13 5279504
63.9869 9.178887829532489e-17 3.685814626171368e-13 5268480
64.0331 8.949167408598113e-17 3.598146721819649e-13 5223572
64.0793 8.740071738368404e-17 3.520174197877069e-13 5190452
64.1255 8.549297472301935e-17 3.446876100043166e-13 5162808
64.1716 8.358107972798275e-17 3.375626749507851e-13 5130032
64.2178 8.161244104237166e-17 3.304163021060473e-13 5102844
64.264 7.971409575427549e-17 3.22947580769481e-13 5064404
64.3102 7.793971323332409e-17 3.16402282438967e-13 5041788
64.3564 7.615049739003173e-17 3.094471357252885e-13 5006048
64.4026 7.437750267127262e-17 3.025780132537922e-13 4974476
64.4488 7.259093833616497e-17 2.961230374241667e-13 4944876
64.495 7.096082690230353e-17 2.899444219339408e-13 4906532
64.5412 6.94244819766807e-17 2.84133317073965e-13 4887960
64.5874 6.772191123687362e-17 2.77467238609017e-13 4844576
64.6336 6.619725480249435e-17 2.714909256859352e-13 4814876
64.6798 6.476842832749446e-17 2.658769300309941e-13 4789392
64.726 6.309283983661197e-17 2.596070649477937e-13 4742684
64.7722 6.187400109790407e-17 2.546262598162421e-13 4734516
64.8184 6.023708390300116e-17 2.482741646149351e-13 4682588
64.8646 5.896026450020119e-17 2.43342482063206e-13 4661736
64.9108 5.762379933334037e-17 2.380796011879564e-13 4628360
64.957 5.615172398942956e-17 2.326244306997708e-13 4589408
65.0032 5.490572282722927e-17 2.277991150561341e-13 4560588
65.0494 5.372710431085898e-17 2.231193858637827e-13 4531724
65.0956 5.2448434904899e-17 2.179160462641438e-13 4499988
65.1418 5.116011171640333e-17 2.130055700405428e-13 4461728
65.188 5.001388586968383e-17 2.084329247893323e-13 4433484
65.2342 4.887342309503168e-17 2.039002844300686e-13 4405280
65.2804 4.76798847405297e-17 1.988981982334512e-13 4360472
65.3266 4.659775998525453e-17 1.946927398511735e-13 4339080
65.3728 4.551169003504587e-17 1.90430764770778e-13 4301396
65.419 4.449157013728923e-17 1.862520394032557e-13 4271340
65.4652 4.344662289727692e-17 1.82112827742982e-13 4239968
65.5114 4.243222202968094e-17 1.778915662514573e-13 4201116
65.5576 4.147122688923912e-17 1.741005847482016e-13 4177748
65.6038 4.043900820018892e-17 1.699140777528467e-13 4136636
65.65 3.950449362555863e-17 1.662591851066309e-13 4110516
65.6962 3.856967519946297e-17 1.624654595852571e-13 4075076
65.7424 3.762072798033679e-17 1.585520802994609e-13 4037220
65.7886 3.677712201328813e-17 1.550610008788215e-13 4008632
65.8348 3.589044593382685e-17 1.515417007971839e-13 3972800
65.881 3.509104072495325e-17 1.482001717039408e-13 3946224
65.9272 3.424545669453004e-17 1.446515898382682e-13 3908516
65.9734 3.342514728143684e-17 1.411615351082103e-13 3876912
66.0196 3.26118336695802e-17 1.378353949517416e-13 3839720
66.0658 3.190292703796324e-17 1.348659549588882e-13 3813012
66.112 3.107257135572841e-17 1.315967735217317e-13 3777968
66.1582 3.030510089396429e-17 1.282887122767743e-13 3737048
66.2044 2.961871983656643e-17 1.255595975164994e-13 3713520
66.2506 2.89148556376245e-17 1.226004358112544e-13 3677996
66.2968 2.818353032121067e-17 1.195717146326556e-13 3640800
66.343 2.748637353229003e-17 1.166791825784796e-13 3607976
66.3892 2.679834239657902e-17 1.137615832555947e-13 3570924
66.4354 2.619732815517017e-17 1.112470500718122e-13 3545936
66.4816 2.551025644957328e-17 1.083358727764925e-13 3506408
66.5278 2.484754486544687e-17 1.055974205762028e-13 3471600
66.574 2.428743904543719e-17 1.032470859082251e-13 3442172
66.6202 2.368816312760639e-17 1.006224894631038e-13 3407676
66.6664 2.30867812036691e-17 9.813160421347699e-14 3373964
66.7126 2.248336413175264e-17 9.559434352699626e-14 3336468
66.7588 2.194192510008404e-17 9.330098522468514e-14 3307520
66.805 2.137021585151988e-17 9.085359437943175e-14 3272000
66.8512 2.079249015839806e-17 8.854046122968621e-14 3237408
66.8974 2.021477869946093e-17 8.596516387203873e-14 3196721
66.9436 1.977903280532927e-17 8.424734719042451e-14 3179382
66.9898 1.918961400853504e-17 8.180895364655431e-14 3135572
67.036 1.870029966009941e-17 7.965693375819448e-14 3103196
67.0822 1.82743924524505e-17 7.788159596024905e-14 3079200
67.1284 1.782320657771506e-17 7.603225738889926e-14 3053732
67.1746 1.734545390940621e-17 7.395092775913333e-14 3018894
67.2208 1.68793121983802e-17 7.207325298603501e-14 2988590
67.267 1.649238336557567e-17 7.045847601702652e-14 2970498
67.3132 1.605104650865475e-17 6.85387775552103e-14 2938226
67.3594 1.562635021629786e-17 6.683489789202842e-14 2910458
67.4056 1.520651367715652e-17 6.511355359010473e-14 2883180
67.4518 1.484913539647003e-17 6.364814832247953e-14 2860964
67.498 1.446862585314934e-17 6.204352976078291e-14 2833284
67.5442 1.410724130366514e-17 6.051155417063802e-14 2808758
67.5904 1.374907687946564e-17 5.904865240926378e-14 2780862
67.6366 1.339865219633187e-17 5.758674129420426e-14 2758742
67.6828 1.305410817964038e-17 5.622128326659228e-14 2734520
67.729 1.270854159449955e-17 5.473489563362703e-14 2707878
67.7752 1.238581357393694e-17 5.334468791024113e-14 2685368
67.8214 1.205840604879058e-17 5.204231664202706e-14 2660304
67.8676 1.177468961541729e-17 5.084270234568088e-14 2642216
67.9138 1.14304373029619e-17 4.939602485414897e-14 2610312
67.96 1.117413784648286e-17 4.837329959821821e-14 2593256
68.0062 1.089362628064334e-17 4.715822503389939e-14 2569946
68.0524 1.059438576445579e-17 4.591154729960727e-14 2542752
68.0986 1.034753617963004e-17 4.497035419194536e-14 2526218
68.1448 1.006306262899485e-17 4.37609108041947e-14 2501610
68.191 9.803157487980108e-18 4.263394764740076e-14 2479202
68.2372 9.54491552504341e-18 4.162152031112999e-14 2457824
68.2834 9.300852474121804e-18 4.052991040275979e-14 2436522
68.3296 9.053833830811928e-18 3.953682401628817e-14 2413964
68.3758 8.841047185966903e-18 3.86926133260895e-14 2396034
68.422 8.586723460258124e-18 3.758721506384597e-14 2369162
68.4682 8.400151023396037e-18 3.679436732584655e-14 2354394
68.5144 8.176986933684219e-18 3.588033830242423e-14 2332340
68.5606 7.953030002206626e-18 3.492900437330238e-14 2309150
68.6068 7.746201258408385e-18 3.407565462053884e-14 2288172
68.653 7.54765760387905e-18 3.325530317807159e-14 2269922
68.6992 7.351823784887361e-18 3.243337111027436e-14 2250780
68.7454 7.158941954505265e-18 3.159994424203181e-14 2229338
68.7916 6.973873658829232e-18 3.082069909518889e-14 2210772
68.8378 6.797325467401886e-18 3.00967892786418e-14 2192108
68.884 6.619656071748777e-18 2.936472578393618e-14 2170988
68.9302 6.449720703635127e-18 2.864331564489249e-14 2152722
68.9764 6.283723910105985e-18 2.795421252256057e-14 2132996
69.0226 6.130580086925676e-18 2.727949482092716e-14 2117244
69.0688 5.948887193012429e-18 2.653510985952651e-14 2092700
69.115 5.791351234998428e-18 2.587719360719276e-14 2074508
69.1612 5.661966545134999e-18 2.53061699613667e-14 2061852
69.2074 5.507392189708311e-18 2.464302802949538e-14 2041724
69.2536 5.355179201836198e-18 2.398363040783544e-14 2018460
69.2998 5.22060230822083e-18 2.340928416292509e-14 2003006
69.346 5.093583932991919e-18 2.291499572966792e-14 1989396
69.3922 4.953682807179772e-18 2.23124387545684e-14 1968260
69.4384 4.819790593538813e-18 2.17061874166854e-14 1946780
69.4846 4.703220867957938e-18 2.123209595997217e-14 1934142
69.5308 4.582288455786231e-18 2.070965219501352e-14 1918124
69.577 4.451118407731446e-18 2.014140433680982e-14 1896468
69.6232 4.331662579923288e-18 1.965628447093932e-14 1879406
69.6694 4.227263000516481e-18 1.918418643364645e-14 1864284
69.7156 4.123067426209844e-18 1.874304774290905e-14 1850846
69.7618 4.00091342223139e-18 1.820544137457043e-14 1826084
69.808 3.90281427535861e-18 1.779781674244121e-14 1814094
69.8542 3.805411143459863e-18 1.736250150350293e-14 1799300
69.9004 3.703155395392965e-18 1.690976167026475e-14 1780710
69.9466 3.605928082099328e-18 1.648173129935783e-14 1764884
69.9928 3.501577901386171e-18 1.603658879191177e-14 1744434
70.039 3.424852871826754e-18 1.569427729057302e-14 1734356
70.0852 3.330027385918572e-18 1.529734487580337e-14 1717670
70.1314 3.234565223689263e-18 1.488042027245501e-14 1697718
70.1776 3.15670525251568e-18 1.450753668863923e-14 1682948
70.2238 3.07514636694367e-18 1.418915412634694e-14 1670502
70.27 2.996108059926035e-18 1.381760519943322e-14 1654382
70.3162 2.911323263716577e-18 1.344791927651433e-14 1635902
70.3624 2.838379624060876e-18 1.313201055872914e-14 1623948
70.4086 2.761176951369362e-18 1.276706367584541e-14 1607870
70.4548 2.690612717375453e-18 1.244759859079219e-14 1591710
70.501 2.612658538317394e-18 1.212584161619127e-14 1575254
70.5472 2.558590288327727e-18 1.186688229272263e-14 1565550
70.5934 2.483409047021563e-18 1.152778770243256e-14 1546364
70.6396 2.418079595117998e-18 1.125311836019905e-14 1531526
70.6858 2.355657516793952e-18 1.095785787335331e-14 1516926
70.732 2.301682211018052e-18 1.072558752917727e-14 1508390
70.7782 2.228877522207334e-18 1.038074647209058e-14 1486182
70.8244 2.172302805577797e-18 1.015427421578106e-14 1475414
70.8706 2.114278344781311e-18 9.862432128003604e-15 1459662
70.9168 2.06041048944299e-18 9.626530544174905e-15 1447358
70.963 2.005222334488915e-18 9.380269301230505e-15 1433654
71.0092 1.950152516323728e-18 9.129800845810632e-15 1417218
71.0554 1.905236716251949e-18 8.919701685141069e-15 1405838
71.1016 1.853014327179867e-18 8.703774937402264e-15 1392414
71.1478 1.804252035209171e-18 8.460202936666849e-15 1376246
71.194 1.7576018700865e-18 8.245786158409408e-15 1363542
71.2402 1.710871099821468e-18 8.050353675016856e-15 1352918
71.2864 1.663669584546331e-18 7.815718076239941e-15 1338134
71.3326 1.617537476434485e-18 7.612350787622799e-15 1323840
71.3788 1.571684101034465e-18 7.405491297751615e-15 1308782
71.425 1.536138606312979e-18 7.243319030596252e-15 1301238
71.4712 1.492706120822454e-18 7.039710703823933e-15 1284854
71.5174 1.449515784021341e-18 6.853395382126307e-15 1268942
71.5636 1.418745059506681e-18 6.705155000209861e-15 1261590
71.6098 1.380972723389138e-18 6.532522107633056e-15 1247528
71.656 1.3417515864385e-18 6.352095846886346e-15 1233438
71.7022 1.302109756088968e-18 6.166023139629219e-15 1217750
71.7484 1.27289435918075e-18 6.037674834439626e-15 1213134
71.7946 1.234816519122628e-18 5.859955053103236e-15 1197782
71.8408 1.196844465838457e-18 5.684486330527414e-15 1180700
71.887 1.168315604473139e-18 5.548836163764523e-15 1171854
71.9332 1.140846913693492e-18 5.426563670953942e-15 1163174
71.9794 1.107316849433962e-18 5.267445154583947e-15 1146192
72.0256 1.07869541089562e-18 5.143984421126647e-15 1135046
72.0718 1.051012707236008e-18 5.008471780169579e-15 1124070
72.118 1.022504099282203e-18 4.883477412047577e-15 1113638
72.1642 9.938248158945239e-19 4.74614811995323e-15 1100408
72.2104 9.664546504291634e-19 4.614393283794355e-15 1087734
72.2566 9.39155960370765e-19 4.494009985500575e-15 1078334
72.3028 9.139137289602881e-19 4.370087156716383e-15 1066848
72.349 8.88844364585662e-19 4.256294464232796e-15 1055558
72.3952 8.619332574882038e-19 4.128138728442752e-15 1039512
72.4414 8.438315558436598e-19 4.045729794063065e-15 1034006
72.4876 8.219031934472328e-19 3.944288707144767e-15 1023206
72.5338 7.97834398415336e-19 3.830561634206905e-15 1008276
72.58 7.764378938341177e-19 3.725948859478532e-15 996998
72.6262 7.568377824153059e-19 3.639956052633454e-15 990336
72.6724 7.345630156791933e-19 3.523927264069232e-15 977246
72.7186 7.117246658474478e-19 3.423146525875374e-15 964328
72.7648 6.925270604915232e-19 3.331603748550806e-15 955686
72.811 6.767286782249733e-19 3.250297818647845e-15 947630
72.8572 6.542761018132032e-19 3.154322381416494e-15 932496
72.9034 6.379262377060687e-19 3.071319108129829e-15 923126
72.9496 6.235517187764643e-19 2.998382521642505e-15 915264
72.9958 6.046812666827142e-19 2.914543962599199e-15 902150
73.042 5.900131064348491e-19 2.843092792937321e-15 893672
73.0882 5.722219494629146e-19 2.757770841695651e-15 880782
73.1344 5.581182555563574e-19 2.687888536866294e-15 875360
73.1806 5.404144880235334e-19 2.599403758618572e-15 862326
73.2268 5.249372988731662e-19 2.53187045974799e-15 852140
73.273 5.106992713982699e-19 2.458286924245592e-15 842544
73.3192 4.958675333208e-19 2.386918469204824e-15 832910
73.3654 4.839195842357242e-19 2.331276562827601e-15 824288
73.4116 4.710890350858786e-19 2.263766617117785e-15 812262
73.4578 4.584136460584166e-19 2.208224517927099e-15 804728
73.504 4.458770144264038e-19 2.148984057917244e-15 795486
73.5502 4.3336228008568e-19 2.084767584824827e-15 784520
73.5964 4.20502071315051e-19 2.025259437195886e-15 773576
73.6426 4.099667287612419e-19 1.970345544240006e-15 767574
73.6888 3.980020012515824e-19 1.909187432056217e-15 757976
73.735 3.849410490676151e-19 1.851478895929267e-15 747246
73.7812 3.735645841774868e-19 1.792536100086615e-15 736088
73.8274 3.668005750313676e-19 1.759284030651403e-15 733116
73.8736 3.551275923491228e-19 1.703703747701976e-15 720086
73.9198 3.455891654537801e-19 1.655196951583746e-15 710432
73.966 3.365767497970206e-19 1.611835703819621e-15 702960
74.0122 3.273000304429568e-19 1.570059049102912e-15 695102
74.0584 3.182683359508814e-19 1.519778859313577e-15 685680
74.1046 3.075910793394131e-19 1.471219132240722e-15 674000
74.1508 2.997928248519584e-19 1.430914912851302e-15 669294
74.197 2.914346025402592e-19 1.389724726275806e-15 661064
74.2432 2.819100895699768e-19 1.344469200352399e-15 649664
74.2894 2.746225874195173e-19 1.306805511309733e-15 641262
74.3356 2.681221687979743e-19 1.274466329750834e-15 636632
74.3818 2.605157987400382e-19 1.238351049667128e-15 627324
74.428 2.523612133374067e-19 1.196820367376098e-15 615680
74.4742 2.456366334782467e-19 1.164919536666051e-15 607974
74.5204 2.404721736027809e-19 1.138714385033726e-15 604784
74.5666 2.320875662948529e-19 1.096931144582406e-15 593216
74.6128 2.24666424385423e-19 1.060856636535824e-15 583830
74.659 2.188877353380123e-19 1.030986294013173e-15 578624
74.7052 2.124159124265315e-19 9.993278826852267e-16 571152
74.7514 2.06612671142981e-19 9.693555826204092e-16 562616
74.7976 1.995984408289309e-19 9.348872209214244e-16 551246
74.8438 1.959498119346225e-19 9.179267178630294e-16 549072
74.89 1.902871406617894e-19 8.905618892244636e-16 540848
74.9362 1.841056483893737e-19 8.566747167838957e-16 529620
74.9824 1.791902650422972e-19 8.358837209909057e-16 523232
75.0286 1.746104442959795e-19 8.096493636371746e-16 518286
75.0748 1.698079195226336e-19 7.854685484813533e-16 511160
75.121 1.63425113253017e-19 7.578483241654395e-16 500648
75.1672 1.586034340108271e-19 7.308284038848941e-16 493848
75.2134 1.550652482610758e-19 7.102421063130913e-16 489776
75.2596 1.500468349916255e-19 6.882541597846869e-16 480798
75.3058 1.459563296026854e-19 6.679974380278447e-16 472664
75.352 1.423411770675936e-19 6.487157379468715e-16 467208
75.3982 1.384350057230537e-19 6.301230629313595e-16 461456
75.4444 1.337845776860219e-19 6.061373554955153e-16 451988
75.4906 1.299223051930836e-19 5.870418743856584e-16 443496
75.5368 1.273829242758115e-19 5.726206717158162e-16 441638
75.583 1.228637478730983e-19 5.519842700015781e-16 433968
75.6292 1.18750334290997e-19 5.315138638210703e-16 425888
75.6754 1.15086035732207e-19 5.117225772795752e-16 417600
75.7216 1.125788080579759e-19 4.990534936628363e-16 414632
75.7678 1.092174983805662e-19 4.823872604217519e-16 407024
75.814 1.057258097430538e-19 4.653589686252986e-16 399048
75.8602 1.027010600794189e-19 4.519613964809498e-16 393878
75.9064 1.007341841152648e-19 4.385594889730838e-16 389196
75.9526 9.754771676532207e-20 4.232602120118303e-16 380816
75.9988 9.410422440887599e-20 4.074301913502986e-16 373160
76.045 9.159472813831528e-20 3.939694669011158e-16 370176
76.0912 8.895780342855822e-20 3.808872979715931e-16 364856
76.1374 8.591895724364127e-20 3.662174263312315e-16 356088
76.1836 8.353162790767445e-20 3.532629637110047e-16 348848
76.2298 8.156242721389432e-20 3.432878053903049e-16 347208
76.276 7.887645817103379e-20 3.306265978132901e-16 339944
76.3222 7.620303140469835e-20 3.177199901154069e-16 331856
76.3684 7.457871818104583e-20 3.100921068639544e-16 327150
76.4146 7.289855315089801e-20 3.000520622127136e-16 324092
76.4608 7.029773650651609e-20 2.879315335694085e-16 316944
76.507 6.772833571750844e-20 2.757268950010994e-16 309512
76.5532 6.6009177753834e-20 2.674925463768997e-16 305496
76.5994 6.44525515006702e-20 2.581938236869123e-16 301904
76.6456 6.199612887868347e-20 2.465328093249967e-16 293552
76.6918 5.984068003423557e-20 2.364498195265162e-16 287328
76.738 5.865714980752624e-20 2.309440721768103e-16 285656
76.7842 5.712404278959114e-20 2.230329232879617e-16 279936
76.8304 5.526822985920496e-20 2.146914024929241e-16 273404
76.8766 5.292347621217439e-20 2.038053846267117e-16 264384
76.9228 5.263845314397098e-20 2.003027699635306e-16 266672
76.969 5.053359535049387e-20 1.913668277310878e-16 259208
77.0152 4.876186186865286e-20 1.83659349133986e-16 252216
77.0614 4.717654116577559e-20 1.75594200353354e-16 247088
77.1076 4.621614118987344e-20 1.698960123667528e-16 245664
77.1538 4.457933233151017e-20 1.62640855836616e-16 239288
77.2 4.284325804352452e-20 1.554592178826197e-16 231968
77.2462 4.195929869343488e-20 1.509090260035643e-16 229608
77.2924 4.099392224352428e-20 1.459177733719293e-16 226340
77.3386 3.92351453913368e-20 1.38617628534158e-16 219360
77.3848 3.80010300593125e-20 1.33128975055059e-16 213104
77.431 3.754663655095828e-20 1.297494826420706e-16 213024
77.4772 3.615776763142119e-20 1.240824021609926e-16 208088
77.5234 3.441322450132794e-20 1.166707602668656e-16 200336
77.5696 3.337202423017879e-20 1.117640018667273e-16 195552
77.6158 3.312850306807337e-20 1.093080256965077e-16 196328
77.662 3.187535870424885e-20 1.041840741491899e-16 189792
77.7082 3.042481919864148e-20 9.910219249234975e-17 183908
77.7544 2.933906882728743e-20 9.426955097509295e-17 179424
77.8006 2.904333708725359e-20 9.207240506256951e-17 178760
77.8468 2.805273910071705e-20 8.784273187802777e-17 172928
77.893 2.703370559481795e-20 8.412814920175643e-17 167352
77.9392 2.619353274886636e-20 8.043620878876099e-17 164984
77.9854 2.5206145384367e-20 7.613986569488928e-17 161736
78.0316 2.450227881564763e-20 7.293880807197668e-17 157112
78.0778 2.348185801952919e-20 6.895041544395808e-17 150848
78.124 2.322975329909263e-20 6.729699455127122e-17 151332
78.1702 2.222430690105608e-20 6.357975544417746e-17 146720
78.2164 2.105267842854146e-20 6.00819705552317e-17 140874
78.2626 2.054797683211195e-20 5.751515777468391e-17 136832
78.3088 2.0659710822136e-20 5.688534318064264e-17 137904
78.355 1.95089795489402e-20 5.285715490041989e-17 131384
78.4012 1.846435064418301e-20 4.988761190644612e-17 126248
78.4474 1.788670335117878e-20 4.748400284001664e-17 124152
78.4936 1.78126283713496e-20 4.620084821131093e-17 123896
78.5398 1.704369665623919e-20 4.320291887368867e-17 117588
78.586 1.61084245460549e-20 4.046384983179822e-17 112160
78.6322 1.571751664366214e-20 3.905708452822634e-17 112488
78.6784 1.526042321219124e-20 3.740501775887013e-17 110072
78.7246 1.457396840773208e-20 3.521117309077157e-17 104906
78.7708 1.394175666287256e-20 3.308714951884977e-17 98880
78.817 1.411023583220746e-20 3.268651039515775e-17 101408
78.8632 1.314995324780832e-20 3.039891458284864e-17 97128
78.9094 1.241619102387234e-20 2.837811624264769e-17 92504
78.9556 1.196706745296908e-20 2.659437602068074e-17 88308
79.0018 1.215819705084044e-20 2.609687471179603e-17 89504
79.048 1.149529230036452e-20 2.429654944746025e-17 85064
79.0942 1.062194339866836e-20 2.254555954305988e-17 80856
79.1404 1.024609842452993e-20 2.126812230390561e-17 78914
79.1866 1.016144891104371e-20 2.070910485814115e-17 77928
79.2328 9.796591144667419e-21 1.936593769089211e-17 73760
79.279 9.178045914876462e-21 1.81473372299107e-17 69752
79.3252 9.135454894522898e-21 1.758846919088222e-17 70788
79.3714 8.396756418396465e-21 1.60753523086234e-17 66920
79.4176 8.073478025749156e-21 1.508850831749473e-17 63192
79.4638 7.760831920928307e-21 1.407203316018534e-17 59594
79.51 8.0458911453316e-21 1.398955159194565e-17 62760
79.5562 7.124287781831802e-21 1.229905474316523e-17 56720
79.6024 6.510207861995686e-21 1.141660966013973e-17 53384
79.6486 6.534639939341054e-21 1.108717882693625e-17 52272
79.6948 6.741184094042984e-21 1.098400521600599e-17 53456
79.741 6.076347638137181e-21 9.629070996150109e-18 47676
79.7872 5.387305819345667e-21 8.817275887630629e-18 44234
79.8334 5.473092003770505e-21 8.66391179281858e-18 45288
79.8796 5.43201254135836e-21 8.330165315884359e-18 44960
79.9258 4.920055251337898e-21 7.163293278759927e-18 39344
79.972 4.45514293163944e-21 6.488843626772564e-18 35664
80.0182 4.742417310431104e-21 6.753866858260527e-18 39440
80.0644 4.380692635871172e-21 6.165923097724147e-18 37194
80.1106 3.718324122163487e-21 5.153561573138721e-18 31484
80.1568 3.557099106773797e-21 4.840629093931968e-18 28848
80.203 4.065150171403321e-21 5.276139875828099e-18 33200
80.2492 3.591465477922345e-21 4.622204376788116e-18 30056
80.2954 2.805156595983208e-21 3.708582831963492e-18 24570
80.3416 2.82472819092445e-21 3.603780027772095e-18 23936
80.3878 3.182004045171983e-21 3.847741491203135e-18 26640
80.434 2.877716583651817e-21 3.29430279552589e-18 23624
80.4802 2.137457025518984e-21 2.471996254147425e-18 18020
80.5264 2.289629869609475e-21 2.668530874016954e-18 19986
80.5726 2.351404647071282e-21 2.708565870387314e-18 20744
80.6188 2.122072501988757e-21 2.307278311105713e-18 18000
80.665 1.483891849293636e-21 1.588869580284637e-18 12152
80.7112 1.963428511106252e-21 2.053172743865401e-18 16488
80.7574 1.773690014047206e-21 1.912895716446525e-18 15698
80.8036 1.444088503965356e-21 1.540546930118905e-18 13136
80.8498 9.683860509791215e-22 9.956549804695884e-19 8196
80.896 1.51769904647437e-21 1.411042912100304e-18 12488
80.9422 1.33009372194691e-21 1.249800366493932e-18 11250
80.9884 9.877384076031326e-22 9.73453244816347e-19 8984
81.0346 6.152932309390595e-22 6.204112653609347e-19 5736
81.0808 9.736871737200521e-22 8.940010407749981e-19 8456
81.127 9.22303803850607e-22 7.921949151292618e-19 7448
81.1732 6.478651327190814e-22 5.798880968946246e-19 5538
81.2194 4.224766627208264e-22 4.078036408771396e-19 3884
81.2656 5.531696000561175e-22 5.177173817482627e-19 5208
81.3118 5.151758097695527e-22 4.342517762968894e-19 4424
81.358 2.757625471896334e-22 2.163012775235639e-19 2186
81.4042 3.763495743319682e-22 3.024656351791933e-19 3120
81.4504 2.914447068668514e-22 2.543830385058232e-19 2744
81.4966 2.334863183206952e-22 2.008918013212334e-19 2184
81.5428 1.046612224340909e-22 8.339572140095005e-20 902
81.589 1.832263105914704e-22 1.422161802508112e-19 1464
81.6352 1.294780535778344e-22 1.029232332904392e-19 1064
81.6814 7.225986311928237e-23 6.45070155412064e-20 728
81.7276 2.752338869078481e-23 2.428492000549857e-20 258
81.7738 4.035629296928621e-23 3.045036365498773e-20 344
81.82 2.365828524336181e-23 1.639664717430344e-20 168
81.8662 4.921830371655429e-24 4.48444894272277e-21 56
81.9124 6.663041310360686e-25 3.983040066874931e-22 7


0.0461999 0.2060307776359607 0.003331695530242253 18
0.0923998 0.9426414933829792 0.01801928865687468 62
0.1386 0.8681380402488277 0.04005109416898338 98
0.1848 1.381637430715912 0.09459207821138181 210
0.230999 1.057479652064017 0.1635722503481639 350
0.277199 0.7052773332046159 0.2078331108620903 450
0.323399 0.5757640970577704 0.2643013075457362 602
0.369599 0.4733527771412439 0.2852290052626671 762
0.415799 0.5296042372308225 0.3924479459404847 1142
0.461999 0.3883793894171442 0.3119240379344354 1250
0.508199 0.3538491949722021 0.2769336854946151 1458
0.554399 0.3543590733110477 0.3009890778756946 1814
0.600599 0.3115442666657551 0.2915450427329525 2178
0.646798 0.3155553372279176 0.2879542965852671 2498
0.692998 0.2605018666903067 0.2528996896061649 2622
0.739198 0.2723102349185081 0.2914846873998824 3338
0.785398 0.2502864563410096 0.2877958401178501 3722
0.831598 0.243496973648748 0.2834092033610338 4170
0.877798 0.2056152788996288 0.2510319311761213 4358
0.923998 0.205243457250614 0.2643715639868618 5034
0.970198 0.1953013685142685 0.2797488798161298 5714
1.0164 0.1801702656048358 0.2683064543260908 5982
1.0626 0.1727665454982199 0.2910589606383857 6602
1.1088 0.1637685567195899 0.2919061042974582 7130
1.155 0.1621810093516532 0.3127413415668736 8034
1.2012 0.1574487142698429 0.3101228397812061 8606
1.2474 0.1459615142015171 0.3114896254945593 9066
1.2936 0.1421621338840728 0.3259851246635738 9962
1.3398 0.1316609963905301 0.328807060286941 10550
1.386 0.1261519488598084 0.3166940130266993 11226
1.4322 0.1238565405165739 0.3398129305779531 12146
1.4784 0.1161473759048311 0.3303939156845236 12606
1.5246 0.1168573505000374 0.3462109218684272 13802
1.5708 0.1122155775852921 0.3454747786998442 14754
1.617 0.108143436104579 0.3423752289137333 15194
1.6632 0.1029367698502191 0.3518193089881222 16454
1.7094 0.09758131809074513 0.3567721054851428 17154
1.7556 0.09718691149354675 0.3628356456783223 18266
1.8018 0.09114178619118227 0.3566351605641023 18750
1.848 0.08894725511616436 0.3751060087055126 20234
1.8942 0.08936827687751363 0.3775723228834704 21450
1.9404 0.08063732010935744 0.3783924719812798 21962
1.9866 0.08179586170014529 0.3794334652600774 23462
2.0328 0.07544218905806685 0.3770506676852042 24042
2.079 0.07605119643135692 0.3928508958990644 25946
2.1252 0.07150265195234773 0.3734843490830126 26118
2.17139 0.06962779227138503 0.3824370494097965 27506
2.21759 0.0678183398666431 0.3944841829251069 29066
2.26379 0.06663925960420204 0.3921576155296577 30450
2.30999 0.06331683683534149 0.3872485949179079 31742
2.35619 0.05986740962418154 0.3773815438494013 32250
2.40239 0.05865199905271611 0.3987464638120198 34250
2.44859 0.05618112984751229 0.3920932467407474 35454
2.49479 0.05455566657360727 0.3865317110211423 36434
2.54099 0.05205379235331922 0.3926366273955996 37682
2.58719 0.05083422026134651 0.3911511151799049 39294
2.63339 0.05070785697925619 0.4027918286875084 41426
2.67959 0.04808468112669775 0.3882755007111661 42066
2.72579 0.04705727641844467 0.3850580865746142 43490
2.77199 0.04569777943113112 0.3991228455171911 45702
2.81819 0.04384355999456097 0.3879384463328011 46634
2.86439 0.04215405635074124 0.3932896038865419 48554
2.91059 0.03970664713926918 0.3778799395861632 48870
2.95679 0.03910863233300735 0.3877082819129603 51554
3.00299 0.03801854099172854 0.3885075936197989 54090
3.04919 0.03566200303106296 0.3757270323859551 54314
3.09539 0.03513659855019665 0.3817904787169161 56910
3.14159 0.03336849312416578 0.3675981290549845 57482
3.18779 0.03302465677810906 0.3776451011521267 60626
3.23399 0.03112149001410215 0.3685507249021649 61206
3.28019 0.03037021835722757 0.3556581127697254 62570
3.32639 0.02991669702213893 0.3630022228461067 65730
3.37259 0.02860915896366721 0.3546707338021596 66686
3.41879 0.02793785293652653 0.3572628134533637 69698
3.46499 0.02645786455047672 0.3453545844297475 70026
3.51119 0.02617001089421761 0.3528144025869347 72746
3.55739 0.02530254371020827 0.3486785655212442 74910
3.60359 0.02397374513446107 0.3414246271472789 75722
3.64979 0.02355802569219593 0.3472709138372383 78378
3.69599 0.02275502934738336 0.3441436876018425 80030
3.74219 0.02267262701868935 0.3481065848402281 83186
3.78839 0.02170234285834092 0.3449252842404542 84666
3.83459 0.02122556789409992 0.3409521384916106 86546
3.88079 0.02061936756078366 0.3395465663568155 88134
3.92699 0.02017912282236153 0.3432513417711598 91538
3.97319 0.0195856664862999 0.3388161428702583 93138
4.01939 0.01887568871923812 0.3340829157407992 94478
4.06559 0.01876085024305136 0.3347971761437755 97274
4.11179 0.01816230787682001 0.333250009688444 99690
4.15799 0.01780458469887753 0.3350425840135675 102590
4.20419 0.01714174008458254 0.3285715966630394 103770
4.25039 0.01674487231012392 0.3268796426632199 106346
4.29659 0.01641683681829505 0.3260284708006947 108546
4.34279 0.01590660715823764 0.3236773428749559 110726
4.38899 0.01540542400849728 0.3173789850769915 112322
4.43519 0.01510064105825948 0.3208812625211933 115890
4.48139 0.01479272565166472 0.3208229461041203 118766
4.52759 0.01444432652367742 0.3189562577285912 122298
4.57379 0.01387105779546893 0.310851886809505 122090
4.61999 0.01356499421888341 0.3130556824068277 125810
4.66619 0.01318347945598964 0.308482234666428 128190
4.71239 0.01284449059949683 0.3054981480442393 130994
4.75859 0.01248822285441689 0.3046479230621268 133722
4.80479 0.01192939389408268 0.2938395609326379 133886
4.85099 0.01196780596662699 0.2992359593294072 140538
4.89719 0.01144183785702473 0.2907959048528757 140594
4.94339 0.01118303659570547 0.2881777825262 143594
4.98959 0.01080386344618297 0.2862543945456538 146310
5.03579 0.01054525229831242 0.2853705332664128 150650
5.08199 0.01016605275002165 0.2805953393428581 151914
5.12819 0.009750175874040293 0.2744430389676368 153398
5.17439 0.009539029674830772 0.2743874018195087 157866
5.22059 0.009264014827036759 0.2708537232723653 160658
5.26679 0.009040745098672306 0.2674572647090138 164102
5.31299 0.008673758148726252 0.260486475106573 164994
5.35919 0.008517543551560225 0.2596686834514074 169850
5.40539 0.008279037537926913 0.2579298180634609 172986
5.45159 0.007895896166676828 0.2515030596232319 173894
5.49779 0.007725530142059847 0.2475416030587431 176778
5.54399 0.007541872178287542 0.2453018624547008 181802
5.59019 0.007297930026217017 0.2430022308156665 184430
5.63639 0.007115834090899074 0.2390060171665478 187242
5.68259 0.006913045083928641 0.2347893059563644 190250
5.72879 0.006728421827561007 0.230907992681453 192570
5.77499 0.006607993688151446 0.2303940825211985 198254
5.82119 0.006255980533755761 0.2238549503311303 198074
5.86739 0.00612524133982472 0.2233957685616561 202050
5.91359 0.005980091528548274 0.2192726602549357 205502
5.95979 0.005929256942564766 0.2185904508327015 210666
6.00599 0.005687765103723837 0.2165005733546686 212426
6.05219 0.005480000353678851 0.2107727850908155 213918
6.09839 0.005437250688573543 0.2113266019116931 220994
6.14459 0.005239416532288583 0.2064816031254898 221522
6.19079 0.005075387683454285 0.2050377977781678 226314
6.23699 0.004953458298053885 0.1989875278481959 227294
6.28319 0.004846911228905411 0.1986401260429403 232962
6.32939 0.004735144554146201 0.1969133274334782 237818
6.37559 0.004587502364692184 0.191724948575481 238398
6.42178 0.004428648881732462 0.1911100830325874 241418
6.46798 0.004354067324051127 0.1898679240191808 246818
6.51418 0.004231567817314229 0.1863396090806939 249906
6.56038 0.004130580548456156 0.1848307547994126 254702
6.60658 0.003968523109019211 0.1796932355605521 254418
6.65278 0.003891691239992954 0.179744020279439 260354
6.69898 0.00379917124300858 0.1769593612556679 264974
6.74518 0.003701625360222776 0.1759504318045095 268722
6.79138 0.003596051916049533 0.1722906303044621 271562
6.83758 0.003500826940075939 0.170139627083642 275586
6.88378 0.003431334543187989 0.1680093257299105 280190
6.92998 0.00331242984002949 0.165878308326515 282834
6.97618 0.00321565076980881 0.1626286395229826 285170
7.02238 0.003140547486662427 0.1612528073217715 289886
7.06858 0.003065177862050242 0.1590111066194773 294474
7.11478 0.002986654585757189 0.1578449407246116 299498
7.16098 0.002889201359252243 0.1542156341478818 299958
7.20718 0.002840513807792942 0.1521982201683723 305858
7.25338 0.002767777897298059 0.1509787056941349 310794
7.29958 0.002685236235675879 0.1483174455385164 313082
7.34578 0.002605008067860033 0.1456726000554431 316046
7.39198 0.002569546074776117 0.1450943401585212 322218
7.43818 0.002508122215969377 0.144848392739912 328562
7.48438 0.00241949728902912 0.1407375549163583 327990
7.53058 0.002385351083536107 0.1406940615567651 335282
7.57678 0.00229891270177098 0.1372523306378571 335970
7.62298 0.002273404687628641 0.1375954596717567 344066
7.66918 0.002192940777220654 0.1337948224561099 343718
7.71538 0.002155896059678164 0.1342370922673568 351498
7.76158 0.002097306745503124 0.1316168734738328 354458
7.80778 0.002049750708975771 0.1301581139136572 358566
7.85398 0.0020263130868955 0.129463063922212 366122
7.90018 0.001945372452748352 0.1266800568124749 365810
7.94638 0.001915034505092187 0.1253581542153373 371622
7.99258 0.001866963376863948 0.1248545596074432 375986
8.03878 0.001841199451932057 0.1235499511167258 382170
8.08498 0.001768542186246445 0.1198252456707358 381818
8.13118 0.001750477305214647 0.1203413516770594 389574
8.17738 0.001705969833078992 0.1191601456773167 393698
8.22358 0.001673470976479634 0.1177474992158932 399458
8.26978 0.00162342003145276 0.1164558399036765 402222
8.31598 0.001594196994621596 0.1148744542084767 406922
8.36218 0.001560247385831741 0.1138206079075252 412842
8.40838 0.001524542129513331 0.1121124877456233 415346
8.45458 0.001497537418723741 0.1114285877226786 421182
8.50078 0.001457119055404036 0.1095712075429456 425018
8.54698 0.001429633183125084 0.1088868003982199 431138
8.59318 0.001397621118457998 0.1067749141629647 434382
8.63938 0.00136186684856098 0.1060179537070341 439514
8.68558 0.001335273309128099 0.1053553268770044 444738
8.73178 0.001305416254490234 0.1035037232012161 448910
8.77798 0.001269192175871912 0.1016046218224429 450618
8.82418 0.001248948461939012 0.1015099778746435 459554
8.87038 0.001223124511415584 0.1001045121666378 463106
8.91658 0.001189017606789591 0.09893990258185074 467094
8.96278 0.001175895457799442 0.0980227515615773 474938
9.00898 0.001145177825795761 0.09643461810792477 477186
9.05518 0.0011192440308767 0.09598657662228016 484670
9.10138 0.001091105076069206 0.0943445852851291 487010
9.14758 0.001074048694767849 0.09330187968583395 493314
9.19378 0.001041731895812061 0.09166983463174122 496322
9.23998 0.001022256059726494 0.09086599203306499 501702
9.28618 0.001005518636837708 0.09029744958265404 508562
9.33238 0.0009845475453167123 0.08907727761651435 514242
9.37858 0.0009580740316718171 0.08747996282659497 516158
9.42478 0.0009374739237419549 0.08671801424791087 522602
9.47098 0.0009192162736349041 0.08595665002199793 530658
9.51718 0.0008948003052093114 0.08407852480304809 530042
9.56338 0.0008822140227697825 0.08381386162845859 538878
9.60958 0.0008611908571133221 0.08264246794629602 544130
9.65578 0.0008462672884204301 0.0819971673011349 551106
9.70198 0.0008253912416961431 0.08084446057907521 553982
9.74818 0.0008039652431143492 0.07985459194927776 558242
9.79438 0.0007864831617823658 0.07911978742833757 564546
9.84058 0.0007738400351051105 0.07795380577928553 570494
9.88678 0.000757834688693902 0.0771005754685327 576762
9.93298 0.0007378737700532903 0.07540244366141605 578234
9.97918 0.0007239994072115836 0.07521472974825893 585666
10.0254 0.0007142515101797868 0.07424103164376351 594446
10.0716 0.00069516470340636 0.07290434014857212 595250
10.1178 0.0006802631608543134 0.07231438143986589 603402
10.164 0.0006654028893008908 0.07140581551332055 607382
10.2102 0.0006579414951462333 0.07101310536319773 617010
10.2564 0.0006385252766538085 0.06941882675218258 616778
10.3026 0.0006262031196303891 0.06888443365750475 624746
10.3488 0.0006127646036801504 0.06769374510521921 628062
10.395 0.0006044493869944326 0.06743401390271732 639410
10.4412 0.0005907677876644413 0.06634840845420996 642954
10.4874 0.0005765081780831227 0.06570300662638139 645974
10.5336 0.0005648002952779687 0.06472489183904737 653490
10.5798 0.0005566629566591119 0.06410661207465559 660746
10.626 0.0005432562080804331 0.06322951107522062 664646
10.6722 0.0005307339296842287 0.06216551891035859 667290
10.7184 0.0005233482732909976 0.06219070440295067 679034
10.7646 0.0005115904587805689 0.06124906816056754 682722
10.8108 0.0005014537644669206 0.06056903637483493 691238
10.857 0.0004873144116026366 0.05907752600360838 688602
10.9032 0.0004803863889874686 0.05906094015216269 700826
10.9494 0.0004713046668232738 0.05812108057532943 705662
10.9956 0.0004594906548722236 0.05737835325305111 710082
11.0418 0.0004521611460883651 0.05695237315600978 719162
11.088 0.0004431967901855586 0.05595262367670921 722250
11.1342 0.0004365110732112406 0.05562386915520675 731510
11.1804 0.0004277445624250988 0.05467714061611333 736442
11.2266 0.0004186891547005769 0.05415002464677818 740898
11.2728 0.0004109340769547598 0.05348479237506899 750158
11.319 0.0004013587840859608 0.05292207924357959 754866
11.3652 0.0003945167483286766 0.05210835356184838 760826
11.4114 0.000385726027596162 0.05138724719100408 764034
11.4576 0.0003798856907123862 0.05110148583070574 773846
11.5038 0.0003716185528677555 0.05034488422729089 779714
11.55 0.0003640198327988705 0.04986774649174908 784314
11.5962 0.0003561614258353808 0.04927594400484115 791342
11.6424 0.0003496717906787952 0.04878391759850396 799458
11.6886 0.0003424550055536008 0.04803989350715428 804962
11.7348 0.0003359959693221892 0.04740864495580128 809550
11.781 0.0003287435497164404 0.0466515730482147 813458
11.8272 0.0003251055544348851 0.04659775291280708 827402
11.8734 0.0003177770746981905 0.04582081201454117 828618
11.9196 0.0003113726818489538 0.04521978491737637 836918
11.9658 0.0003054395054457431 0.04472491792865911 842874
12.012 0.0003006632563588151 0.04422209403004831 849338
12.0582 0.0002962016900407609 0.04389788904052307 858942
12.1044 0.0002885382081193566 0.04297165412389529 860978
12.1506 0.0002833409873332624 0.0426001171457084 868346
12.1968 0.0002784156519647891 0.04214476717221773 875154
12.243 0.0002745266336367607 0.04194050757450692 886214
12.2892 0.0002665469372678492 0.04125192019362853 887346
12.3354 0.0002625850542742226 0.04081506834890908 894986
12.3816 0.0002576963629593484 0.04029941839067541 902774
12.4278 0.0002539963355266214 0.03992762234774985 912114
12.474 0.0002478970771261332 0.03937649301553085 915026
12.5202 0.0002429520539689949 0.03881063696321707 920142
12.5664 0.0002395940764948513 0.03845799161361039 929762
12.6126 0.0002347418860174879 0.03812626895944812 937698
12.6588 0.0002302524493430726 0.03771533902953926 944762
12.705 0.0002255651892104747 0.03718282253355121 948254
12.7512 0.000221545458440601 0.03665829404577636 956802
12.7974 0.0002187332966491841 0.0364719810347691 967658
12.8436 0.0002137011956805275 0.03588372218340064 969702
12.8898 0.0002089615001063789 0.03529067358696662 974090
12.936 0.0002068721391986755 0.03527167111003956 988482
12.9822 0.0002022499901941108 0.03474226511642146 991994
13.0284 0.0001991328423216856 0.03431110152925104 1001030
13.0746 0.000194616422433986 0.03394695976064291 1005450
13.1208 0.0001915160174174333 0.03355188818603475 1013738
13.167 0.0001885293488764912 0.03312162959573726 1021710
13.2132 0.0001846102667693729 0.03256891402065509 1023626
13.2594 0.0001815989938680801 0.03242922827381824 1035834
13.3056 0.000177713796075524 0.03189240728794224 1040786
13.3518 0.0001755872357841886 0.03180143284622235 1053206
13.398 0.0001719105626377298 0.03123921322165162 1057002
13.4442 0.0001686363724142914 0.03088483572408917 1063898
13.4904 0.0001657831640641684 0.03052098835716454 1072782
13.5366 0.0001629928258350125 0.03016493598871399 1078826
13.5828 0.0001604663387246046 0.02986191632872414 1087922
13.629 0.000157005501997449 0.02944791975438256 1090494
13.6752 0.0001542655727940669 0.02924007143403231 1101362
13.7214 0.000151437532508804 0.02890289516666331 1109802
13.7676 0.0001487976672596732 0.02855985667539275 1114514
13.8138 0.0001462488115057075 0.02819444996337838 1123926
13.86 0.0001433649299516779 0.02770071103287824 1125986
13.9062 0.0001419254837236742 0.02764243154522637 1143554
13.9524 0.0001387613111605522 0.02716856022405778 1144710
13.9986 0.0001363226135015472 0.02688653462112502 1154018
14.0448 0.0001341490872727604 0.0265429827293527 1159962
14.091 0.000131685029910737 0.02633615612003657 1170986
14.1372 0.0001294882074335694 0.02603039152615505 1178142
14.1834 0.0001269611671525469 0.02571529306507206 1182674
14.2296 0.0001248346797198107 0.02544768516125234 1191002
14.2758 0.0001227380526677108 0.02511021782930688 1200438
14.322 0.0001204578782129173 0.02483636616392677 1208162
14.3682 0.0001183814388856845 0.02455877028289583 1215258
14.4144 0.0001163995227171323 0.02432319960693673 1224134
14.4606 0.0001139376758747847 0.02392154109299015 1228722
14.5068 0.000112559526563384 0.02381400876295401 1243154
14.553 0.0001101623728389143 0.0234468243416177 1245434
14.5992 0.0001083403407710865 0.02323986042454863 1255158
14.6454 0.0001059182622720045 0.02286510323178052 1255610
14.6916 0.0001053316747922552 0.02282706177203035 1277562
14.7378 0.0001027579987390475 0.02232598820618526 1274414
14.784 0.0001011287052534737 0.02210700326933186 1285994
14.8302 9.953823365922993e-05 0.02198556854786498 1299570
14.8764 9.771155851811727e-05 0.0216791110279709 1302122
14.9226 9.604343096771184e-05 0.02136375617299971 1311366
14.9688 9.443366537945235e-05 0.02113924070672897 1319186
15.015 9.29386417354765e-05 0.02089283128234645 1327434
15.0612 9.155844939204283e-05 0.0207374759482389 1337294
15.1074 8.972842470639877e-05 0.02040052067994867 1342730
15.1536 8.799725269245364e-05 0.02017617507361976 1350570
15.1998 8.686209159006599e-05 0.01996926989240178 1362590
15.246 8.536514869754348e-05 0.01974274894159918 1369698
15.2922 8.370968241876044e-05 0.01952400236862815 1374914
15.3384 8.219361964906694e-05 0.01930164256178902 1383570
15.3846 8.092157025974963e-05 0.01904711064660939 1395374
15.4308 7.928183665925918e-05 0.01882942118149775 1396994
15.477 7.834389297191666e-05 0.01867149814815347 1411530
15.5232 7.69477069162913e-05 0.01838355623927461 1417574
15.5694 7.574431240659975e-05 0.01823197291103461 1428834
15.6156 7.45884249980173e-05 0.01802045317737879 1439018
15.6618 7.306708688227353e-05 0.01772275768667574 1440698
15.708 7.206508272610581e-05 0.01757585240558764 1453638
15.7542 7.09502176079135e-05 0.01740312581849172 1463426
15.8004 6.959562827378998e-05 0.01718955305963703 1471050
15.8466 6.850734545032968e-05 0.01694735333954468 1476638
15.8928 6.721771023676289e-05 0.01671607686750419 1484466
15.939 6.645249435853907e-05 0.01658926328921672 1501154
15.9852 6.503773293021852e-05 0.01634646498727302 1501706
16.0314 6.377979706015463e-05 0.0161798278232056 1511502
16.0776 6.285340867910391e-05 0.01602870874986684 1520234
16.1238 6.195694191919965e-05 0.01588228677276571 1535010
16.17 6.098947137632396e-05 0.01569680725310147 1543358
16.2162 5.934773764071952e-05 0.01534133134449978 1535754
16.2624 5.909403863125453e-05 0.01534691383929029 1564802
16.3086 5.76647223871806e-05 0.0150524142706993 1563038
16.3548 5.698638972422351e-05 0.01497766996749223 1578426
16.401 5.566002470082652e-05 0.01474377913624074 1581482
16.4472 5.489507651972152e-05 0.01462858365152185 1592250
16.4934 5.395248428985087e-05 0.014415188304804 1602230
16.5396 5.293995038203073e-05 0.0142101043362209 1604754
16.5858 5.223360970643164e-05 0.01412488112009123 1623458
16.632 5.112436639734353e-05 0.01391865330344009 1624910
16.6782 5.065891327140702e-05 0.01385946081896003 1645122
16.7244 4.946080511006412e-05 0.0136139754272522 1645130
16.7706 4.879475699086699e-05 0.01341556699966418 1655706
16.8168 4.789882158099437e-05 0.01328119214644497 1663502
16.863 4.723947300460583e-05 0.01314509804146411 1675514
16.9092 4.644867322390275e-05 0.01294788275689822 1685298
16.9554 4.548113561504139e-05 0.0127464389153739 1689566
17.0016 4.465027273466673e-05 0.01264635026700188 1697850
17.0478 4.428078391078218e-05 0.01256783928727667 1718546
17.094 4.323425556301883e-05 0.01238540649676386 1719822
17.1402 4.240100335816047e-05 0.01223918024820807 1726586
17.1864 4.192962471022592e-05 0.01207418925379945 1739186
17.2326 4.116422394988043e-05 0.0119654139130864 1751538
17.2788 4.041288520139134e-05 0.01181962663710921 1758062
17.325 3.965242415656971e-05 0.01164282092262459 1763010
17.3712 3.904499801206555e-05 0.01154374962472782 1778642
17.4174 3.836929242791455e-05 0.01143008864857155 1788582
17.4636 3.766033554823181e-05 0.01125081645957598 1794746
17.5098 3.710447633260283e-05 0.01109286027422562 1803290
17.556 3.638814535291097e-05 0.01096933154436603 1811058
17.6022 3.589731423926962e-05 0.01088200743649909 1828358
17.6484 3.522386910685645e-05 0.0107144221685496 1831362
17.6946 3.470176553839653e-05 0.01059535848264778 1842458
17.7408 3.394449926719505e-05 0.01043245308368426 1846998
17.787 3.363998062059508e-05 0.01037703814030003 1869122
17.8332 3.301575933282387e-05 0.01021772949614154 1876346
17.8794 3.243632618055332e-05 0.01007369020547409 1879506
17.9256 3.1848603163757e-05 0.009994715726652399 1893326
17.9718 3.129029379800078e-05 0.009820030145019993 1901826
18.018 3.083137171240121e-05 0.009734218616993324 1911962
18.0642 3.025175123722452e-05 0.009581451710525355 1919198
18.1104 2.97876434511551e-05 0.009497249961991651 1930242
18.1566 2.930248855379798e-05 0.009382678184974238 1942442
18.2028 2.871668096909213e-05 0.009274326782358741 1951734
18.249 2.81960427747775e-05 0.009131935547828384 1955402
18.2952 2.778695171676733e-05 0.009055169697137721 1971858
18.3414 2.741958650128819e-05 0.008947689342025439 1984898
18.3876 2.67888760419229e-05 0.008803602959055691 1986422
18.4338 2.638879989031257e-05 0.008688595379897265 1996146
18.48 2.608157908644433e-05 0.008619994536361676 2017106
18.5262 2.55466586748604e-05 0.008489851092321102 2020638
18.5724 2.504972787955896e-05 0.008370308466583966 2029346
18.6186 2.468195665894269e-05 0.008289826318088511 2041002
18.6648 2.42741563690175e-05 0.008161051253974483 2051450
18.711 2.393577053654439e-05 0.008093568151544767 2065886
18.7572 2.340912396885281e-05 0.007945788320515432 2064546
18.8034 2.308009112612452e-05 0.00787635811269553 2082650
18.8496 2.267226311355792e-05 0.007775196232705703 2095182
18.8958 2.228375297467796e-05 0.007669499568536423 2101346
18.942 2.192994297067919e-05 0.007590774638960562 2115554
18.9882 2.143490399175051e-05 0.00745497740054816 2115654
19.0344 2.122273466995748e-05 0.007418718696909934 2141066
19.0806 2.073581866539272e-05 0.007286997087056665 2139786
19.1268 2.047606402887571e-05 0.007176333444122926 2152202
19.173 2.004614656226784e-05 0.007099522002984924 2161086
19.2192 1.974205259340687e-05 0.007023529000655575 2176058
19.2654 1.943580675661551e-05 0.006949270636252384 2190818
19.3116 1.902086372910255e-05 0.006838521753739952 2191158
19.3578 1.870665988937331e-05 0.006750733108370251 2205314
19.404 1.840560590790585e-05 0.006663371984668476 2215554
19.4502 1.811450290011276e-05 0.006587824973929506 2230562
19.4964 1.778784022769756e-05 0.006489367915899227 2239614
19.5426 1.745789764174684e-05 0.006395748559049613 2245706
19.5888 1.716556144416813e-05 0.00632941082295142 2259674
19.635 1.692003166810314e-05 0.00625301078599477 2273214
19.6812 1.658234134162603e-05 0.006170022458669747 2278802
19.7274 1.6324153724156e-05 0.006084826799750993 2294034
19.7736 1.598504319027911e-05 0.005981433390820056 2294942
19.8198 1.576790452413156e-05 0.005927844398767891 2317050
19.866 1.545970664053999e-05 0.005841326048613321 2322842
19.9122 1.519886281684228e-05 0.005762674226081854 2330810
19.9584 1.493961385958009e-05 0.005701984843139343 2345958
20.0046 1.467365245811659e-05 0.005612295875607853 2353586
20.0508 1.44585614877249e-05 0.005585127013108683 2376210
20.097 1.41358671279233e-05 0.005464412196373902 2374502
20.1432 1.39175099394552e-05 0.00539726772328122 2386346
20.1894 1.368546725713258e-05 0.005336002819717291 2401314
20.2356 1.347254308306637e-05 0.005253376948138315 2411450
20.2818 1.324519050203787e-05 0.005188457323013549 2420718
20.328 1.296678212031137e-05 0.005101560635399513 2425754
20.3742 1.280479265496274e-05 0.005068182405568643 2455218
20.4204 1.252936671969531e-05 0.004977109519977292 2450942
20.4666 1.232592871474706e-05 0.004915166768501245 2467130
20.5128 1.212119744296803e-05 0.004843821830862335 2474874
20.559 1.193365327457899e-05 0.004784100893562475 2490362
20.6052 1.168595726260516e-05 0.004713933411716695 2498142
20.6514 1.148555077170362e-05 0.004645724805936501 2507090
20.6976 1.129806895710667e-05 0.004603718140739356 2525562
20.7438 1.109685343266414e-05 0.00453597314792814 2534726
20.79 1.092546936396337e-05 0.004485717611975141 2549906
20.8362 1.070949490378842e-05 0.004398821457342198 2551074
20.8824 1.053467679143064e-05 0.004350435523397834 2570702
20.9286 1.032268812015236e-05 0.004276391141373711 2574642
20.9748 1.017573640653026e-05 0.004229514335524862 2594066
21.021 9.948124687590385e-06 0.004163079009511123 2594802
21.0672 9.784229236833502e-06 0.004113475409096344 2612030
21.1134 9.646935390655381e-06 0.004063530400301461 2627954
21.1596 9.448479542780631e-06 0.00401099987888286 2640402
21.2058 9.254604666336918e-06 0.003937911399117308 2641454
21.252 9.133743063900289e-06 0.003894851133797121 2661834
21.2982 8.961847110422982e-06 0.003843114205334776 2669138
21.3444 8.788462949903152e-06 0.003785469583761577 2684858
21.3905 8.636300120096979e-06 0.003731647788522982 2693910
21.4367 8.466092759707908e-06 0.003679090699997088 2701682
21.4829 8.344613160294575e-06 0.003637927983480122 2722698
21.5291 8.181544696388234e-06 0.003569417999391623 2725262
21.5753 8.047053364849723e-06 0.003524475173853895 2742450
21.6215 7.882291245356613e-06 0.003473782194758966 2749850
21.6677 7.751304602425821e-06 0.003428411609293882 2763902
21.7139 7.626333407489533e-06 0.003381586182044865 2778498
21.7601 7.456863422348926e-06 0.003326886642468177 2784530
21.8063 7.344531638630541e-06 0.003288986157131013 2804106
21.8525 7.220259324952688e-06 0.003235364079250007 2809790
21.8987 7.081829156939127e-06 0.003191865789478446 2825058
21.9449 6.943882236756977e-06 0.003143011796788977 2834330
21.9911 6.802524770548072e-06 0.003091144666621642 2842022
22.0373 6.705061701832086e-06 0.003061589200174635 2864754
22.0835 6.566310293461325e-06 0.002999104871768711 2864186
22.1297 6.453160359050362e-06 0.002963567063828062 2879538
22.1759 6.342837143741096e-06 0.002929315131014348 2899454
22.2221 6.221233525983358e-06 0.002876051398759966 2904258
22.2683 6.128248896714598e-06 0.002850791932679862 2930234
22.3145 5.995649324101469e-06 0.002801934379960756 2929526
22.3607 5.879508555485359e-06 0.002757352391993125 2942442
22.4069 5.785901616227657e-06 0.002723053279837462 2960810
22.4531 5.668598446105e-06 0.002673812880908322 2964954
22.4993 5.56305603284623e-06 0.002641305101341973 2980910
22.5455 5.46374044137982e-06 0.002600362428545345 2990978
22.5917 5.368137664760204e-06 0.002562785765739142 3007626
22.6379 5.269964317237239e-06 0.002527601803750669 3019166
22.6841 5.16427719408154e-06 0.002477058005364859 3021090
22.7303 5.084177776497138e-06 0.00244935468157135 3047834
22.7765 4.986947112289687e-06 0.002416451444479657 3055590
22.8227 4.90502665588226e-06 0.002378421357691618 3068546
22.8689 4.783952658127185e-06 0.002331590600959669 3067274
22.9151 4.723163187878761e-06 0.002311189886999097 3098058
22.9613 4.635327344979362e-06 0.002273686678144745 3109214
23.0075 4.526288715974693e-06 0.002231024978511965 3110466
23.0537 4.4519329067632e-06 0.002199758109493266 3124370
23.0999 4.378216143682838e-06 0.002170650170026148 3144174
23.1461 4.303393403996413e-06 0.002141245983228936 3161738
23.1923 4.197426967322953e-06 0.002102862737695575 3159890
23.2385 4.12364670295621e-06 0.002069017034522917 3174138
23.2847 4.063490289050532e-06 0.002041770481770126 3195926
23.3309 3.98479751913088e-06 0.002014229790942016 3211386
23.3771 3.903821807435665e-06 0.001979284737271312 3219314
23.4233 3.823769577454334e-06 0.001946946935542824 3225494
23.4695 3.76025442467989e-06 0.001919388904807483 3242562
23.5157 3.690305036384764e-06 0.001888718635186526 3257450
23.5619 3.614052411689181e-06 0.001859620393066213 3269118
23.6081 3.545910849545667e-06 0.001829059099920661 3278930
23.6543 3.476799473271704e-06 0.001799440099599064 3286650
23.7005 3.425980539573429e-06 0.001780788701078123 3316610
23.7467 3.349714729377422e-06 0.001746392898030954 3321542
23.7929 3.279460135257293e-06 0.001716864036922862 3328578
23.8391 3.223273701946074e-06 0.0016935258855668 3345074
23.8853 3.164466797660326e-06 0.001667541242278846 3361686
23.9315 3.096928407347135e-06 0.001637397720355925 3369722
23.9777 3.043114249031324e-06 0.001613234573990229 3385290
24.0239 2.983729090093449e-06 0.001585146943133236 3391370
24.0701 2.933662094388852e-06 0.001568099946163854 3422966
24.1163 2.863743567765036e-06 0.001537348868353683 3419538
24.1625 2.814538029110407e-06 0.00151497742423746 3441890
24.2087 2.75613918951822e-06 0.00148599331231862 3447582
24.2549 2.706972944219379e-06 0.001468259725689911 3466298
24.3011 2.646245067730354e-06 0.00143835569879562 3466194
24.3473 2.600437096946037e-06 0.001420557540358102 3492062
24.3935 2.548515748372321e-06 0.001396517095912295 3503114
24.4397 2.497971573798276e-06 0.001374734594788317 3517146
24.4859 2.453964232384002e-06 0.001356086933702558 3535706
24.5321 2.397754209465319e-06 0.001330037620711409 3539742
24.5783 2.352209322320208e-06 0.001310513644741056 3558698
24.6245 2.306935488630488e-06 0.001289784490597735 3570122
24.6707 2.264388083377202e-06 0.001266954407431356 3585174
24.7169 2.214830398072767e-06 0.001246089242116255 3594314
24.7631 2.171189473000807e-06 0.001227416293183034 3612258
24.8093 2.126306502923439e-06 0.001204709222065561 3620282
24.8555 2.088565210771574e-06 0.001188410144817556 3639078
24.9017 2.044655878304648e-06 0.001168341033584174 3650450
24.9479 2.006222532517628e-06 0.001148591355094862 3661418
24.9941 1.963172844338032e-06 0.001130032681753833 3677694
25.0403 1.926797418124616e-06 0.001110831504726247 3695978
25.0865 1.88686237743707e-06 0.001092279966512319 3702810
25.1327 1.849745541604423e-06 0.001073390214293201 3716162
25.1789 1.817260964169329e-06 0.001056996603591874 3740094
25.2251 1.773755742677735e-06 0.001036685610482145 3740954
25.2713 1.744740127984768e-06 0.001020266990901481 3760946
25.3175 1.7087099207561e-06 0.001005068381258418 3778278
25.3637 1.668634938399787e-06 0.0009870604187375018 3784922
25.4099 1.638937119372944e-06 0.0009719692168863708 3805266
25.4561 1.599679070671562e-06 0.0009515123812731697 3807686
25.5023 1.574179564741302e-06 0.0009398481475506849 3833130
25.5485 1.537627354975765e-06 0.0009225467814619869 3841898
25.5947 1.509937312699343e-06 0.0009075498713535108 3858074
25.6409 1.474998188337719e-06 0.0008922208581937439 3868974
25.6871 1.445331885270426e-06 0.0008775244705089704 3885362
25.7333 1.417226076810544e-06 0.000862299659615226 3898290
25.7795 1.387657775358978e-06 0.0008454539468470952 3907334
25.8257 1.360723486929157e-06 0.0008334365835507234 3928730
25.8719 1.332207490134563e-06 0.0008172072739282242 3936666
25.9181 1.307989510423801e-06 0.0008057183569696864 3961346
25.9643 1.28168053321886e-06 0.0007914154010128317 3975774
26.0105 1.247468276336109e-06 0.0007745905918318269 3970106
26.0567 1.230146210567875e-06 0.0007635964285933445 4003170
26.1029 1.204086025579416e-06 0.0007505869204380282 4019558
26.1491 1.17686378006719e-06 0.0007359747729107471 4025642
26.1953 1.149098032685446e-06 0.0007223585615618916 4028514
26.2415 1.130813979019026e-06 0.0007125033524502441 4059398
26.2877 1.10590236023194e-06 0.0006992831092725988 4069674
26.3339 1.082652228175316e-06 0.0006867683847772238 4083698
26.3801 1.060478615851265e-06 0.0006745766013437491 4095210
26.4263 1.038915583599015e-06 0.0006619932922208117 4110518
26.4725 1.019399198597117e-06 0.0006504174786396323 4126850
26.5187 9.968787900636457e-07 0.0006387673137757717 4140114
26.5649 9.735822254015466e-07 0.0006265679159516164 4144070
26.6111 9.571120138653758e-07 0.0006181246084651583 4175802
26.6573 9.36483701806787e-07 0.0006073942734398159 4187882
26.7035 9.162592898160227e-07 0.0005948023217969404 4199250
26.7497 8.955676522024239e-07 0.0005841540997405187 4209326
26.7959 8.782572782605073e-07 0.0005732159227255949 4222130
26.8421 8.635922475042843e-07 0.0005651940619523139 4254258
26.8883 8.403453436655512e-07 0.0005541699029295739 4252478
26.9345 8.243995895723982e-07 0.000543735510498572 4270698
26.9807 8.062200478564831e-07 0.0005334815596736752 4278122
27.0269 7.918761720069466e-07 0.0005259571996441992 4309898
27.0731 7.74204390546583e-07 0.0005155486230171401 4317150
27.1193 7.576899571941285e-07 0.0005061354519531195 4329698
27.1655 7.417412861360033e-07 0.0004960483139625859 4340826
27.2117 7.256584137606723e-07 0.0004879229323218207 4359590
27.2579 7.120751076614701e-07 0.0004791070058716902 4376850
27.3041 6.955100843086102e-07 0.0004696624336423399 4386674
27.3503 6.814534260336946e-07 0.0004615100335741623 4401782
27.3965 6.673650682887547e-07 0.0004532142370178468 4419210
27.4427 6.54532652358987e-07 0.0004456960571038431 4446482
27.4889 6.367927677044579e-07 0.0004359174467727289 4435554
27.5351 6.272946440607524e-07 0.0004296656635362909 4468934
27.5813 6.1222314437049e-07 0.0004205688351549551 4477650
27.6275 5.994444364918651e-07 0.0004126763942737403 4491218
27.6737 5.868477200308919e-07 0.0004057294037388198 4510358
27.7199 5.7349892762033e-07 0.0003977058566044811 4518594
27.7661 5.635712609477118e-07 0.0003915899659186319 4544474
27.8123 5.500410186602024e-07 0.0003834316547854616 4552098
27.8585 5.389654679668399e-07 0.0003768472788774744 4574990
27.9047 5.264396948380901e-07 0.0003687076680227895 4577210
27.9509 5.169805244258757e-07 0.0003637044544182737 4608186
27.9971 5.048602147034337e-07 0.0003556962897519837 4610198
28.0433 4.934904660480649e-07 0.0003494039314017834 4628898
28.0895 4.829938767902388e-07 0.000342752331374192 4641170
28.1357 4.730948278162337e-07 0.000336938143745587 4662462
28.1819 4.632700684010256e-07 0.0003312882751431025 4681442
28.2281 4.520284751037308e-07 0.0003238181176267355 4687850
28.2743 4.436391903318742e-07 0.0003182481262300016 4708818
28.3205 4.332309708212078e-07 0.0003126211518599737 4721534
28.3667 4.233813367766851e-07 0.0003068068074992179 4732770
28.4129 4.142170210070285e-07 0.000300809888844487 4753346
28.4591 4.062468895502584e-07 0.0002958781366970763 4772886
28.5053 3.972673838634511e-07 0.0002902732177951897 4785098
28.5515 3.88000133614615e-07 0.0002843202840652548 4795394
28.5977 3.797017818360209e-07 0.0002793650414423084 4813986
28.6439 3.720716393846527e-07 0.0002741901775107229 4832654
28.6901 3.641157038880543e-07 0.0002691830216240892 4849362
28.7363 3.555520712582901e-07 0.0002637138965519112 4858322
28.7825 3.477071533930971e-07 0.000258159056421617 4871286
28.8287 3.413973595034789e-07 0.0002541699393785953 4894370
28.8749 3.333704945602611e-07 0.0002492254512392575 4914650
28.9211 3.256629404581082e-07 0.0002444352496977069 4919658
28.9673 3.189820626399622e-07 0.0002398432606152218 4941638
29.0135 3.125284197240892e-07 0.0002358090478659237 4965954
29.0597 3.05205262200219e-07 0.0002309654229491875 4971770
29.1059 2.984307178837905e-07 0.0002263646937909421 4985702
29.1521 2.913728758055612e-07 0.0002218888881835293 4996314
29.1983 2.854071344061243e-07 0.000218243151229714 5021258
29.2445 2.791497453334175e-07 0.0002142964331123482 5038470
29.2907 2.728572756184782e-07 0.0002102076840107548 5048570
29.3369 2.670098430162403e-07 0.0002063354824651564 5067786
29.3831 2.611843871145602e-07 0.0002022748298290502 5084402
29.4293 2.554659206163976e-07 0.0001983965092905045 5104238
29.4755 2.490542475922987e-07 0.0001940780776404391 5101890
29.5217 2.442575501875705e-07 0.0001911499066592398 5129594
29.5679 2.387369419700272e-07 0.0001875419548345409 5149086
29.6141 2.334537433845138e-07 0.0001839403539642777 5168834
29.6603 2.280266448235075e-07 0.0001800703406039932 5172306
29.7065 2.237058835115598e-07 0.0001769112077431501 5199218
29.7527 2.186127879793036e-07 0.0001735456983282354 5215430
29.7989 2.134725966584683e-07 0.0001700082455696024 5229066
29.8451 2.090194467479718e-07 0.0001669330327920362 5244530
29.8913 2.045049492173668e-07 0.0001636796198498057 5262870
29.9375 1.996394994941014e-07 0.0001604868471418163 5272562
29.9837 1.953083874241297e-07 0.0001571896924481545 5290098
30.0299 1.913622023267601e-07 0.0001546924697732138 5314358
30.0761 1.866146372068237e-07 0.00015121058868893 5322098
30.1223 1.827773028051043e-07 0.0001484390388524196 5341026
30.1685 1.788361652547593e-07 0.0001459056398075652 5366858
30.2147 1.745557715899369e-07 0.0001429844903778984 5374422
30.2609 1.704837227637658e-07 0.0001397529534167159 5377730
30.3071 1.671876283329913e-07 0.000137362113466979 5409410
30.3533 1.635229102084435e-07 0.0001348595800803952 5434014
30.3995 1.596198431838727e-07 0.0001322067582671511 5438882
30.4457 1.561183368960632e-07 0.0001295904561842799 5456178
30.4919 1.524051600842207e-07 0.00012698305028295 5469242
30.5381 1.495662965113277e-07 0.0001248624454257436 5496174
30.5843 1.459629247923584e-07 0.0001221851179394475 5505530
30.6305 1.426981369439925e-07 0.0001196884870108216 5521202
30.6767 1.397343093564234e-07 0.000117538010320981 5544126
30.7229 1.365779744200304e-07 0.0001153829515843536 5560106
30.7691 1.335022970906377e-07 0.0001132283531249275 5579754
30.8153 1.301484827332693e-07 0.0001105716390804757 5576270
30.8615 1.276280546739372e-07 0.0001086252783368034 5607138
30.9077 1.247737635922501e-07 0.0001065295051844656 5625026
30.9539 1.222164280694153e-07 0.0001044746831662485 5646698
31.0001 1.191784240499959e-07 0.0001021526683257606 5649126
31.0463 1.167758130404732e-07 0.0001004005278455517 5676434
31.0925 1.139674140166404e-07 9.840995097137822e-05 5687418
31.1387 1.116726765368274e-07 9.673616166875505e-05 5715830
31.1849 1.091740719957104e-07 9.462042762965469e-05 5729210
31.2311 1.067545803097739e-07 9.277155860180007e-05 5744802
31.2773 1.041417594780064e-07 9.086405586478214e-05 5752154
31.3235 1.021453826731121e-07 8.920756775916838e-05 5786382
31.3697 9.963674668439706e-08 8.724088201168562e-05 5784146
31.4159 9.756381507977993e-08 8.577410162151055e-05 5812146
31.4621 9.543634975198143e-08 8.41075575900931e-05 5830166
31.5083 9.330025743349972e-08 8.230677026855702e-05 5845850
31.5545 9.123970642311086e-08 8.07761693314254e-05 5862834
31.6007 8.915898435951051e-08 7.908794857409014e-05 5876066
31.6469 8.730213225389044e-08 7.770138273455905e-05 5905854
31.6931 8.518430524857754e-08 7.598558696416843e-05 5902274
31.7393 8.334840120409902e-08 7.459770459748259e-05 5931258
31.7855 8.170876897684886e-08 7.309095456158976e-05 5954966
31.8317 7.960657977788266e-08 7.159600972588402e-05 5965346
31.8779 7.788830017214655e-08 7.023887478680045e-05 5977818
31.9241 7.627245171539171e-08 6.896065735206166e-05 6004718
31.9703 7.437651217914725e-08 6.75042397634814e-05 6011706
32.0165 7.299016200040747e-08 6.637738571048533e-05 6045770
32.0627 7.11143321502964e-08 6.482134552320665e-05 6041586
32.1089 6.970805140713069e-08 6.365655063100577e-05 6073166
32.1551 6.799651894361173e-08 6.225430379438477e-05 6078962
32.2013 6.663947930201906e-08 6.128293547951174e-05 6114258
32.2475 6.507468235497137e-08 6.00967631459929e-05 6123086
32.2937 6.352473109721667e-08 5.882211713579804e-05 6136770
32.3399 6.216465459466539e-08 5.762295905653846e-05 6154898
32.3861 6.083972910683925e-08 5.657626114604509e-05 6178610
32.4323 5.947304013960131e-08 5.547607820898993e-05 6197982
32.4785 5.813540690860336e-08 5.42025115023175e-05 6205322
32.5247 5.680166283435223e-08 5.31717108636277e-05 6218850
32.5709 5.55799189265411e-08 5.234637882143124e-05 6249542
32.6171 5.444294885193584e-08 5.125622656083611e-05 6274146
32.6633 5.305922418203675e-08 5.010153935659368e-05 6270242
32.7095 5.20499354406567e-08 4.922438910975927e-05 6305222
32.7557 5.088023308606188e-08 4.825663178051303e-05 6325026
32.8019 4.969428871337709e-08 4.727015438532457e-05 6331922
32.8481 4.853168117582701e-08 4.627105021570791e-05 6343698
32.8943 4.755182383265495e-08 4.55000327259582e-05 6375158
32.9405 4.648751270689557e-08 4.460777234930515e-05 6392178
32.9867 4.543089277874548e-08 4.376537005542632e-05 6412826
33.0329 4.429123521063164e-08 4.272489725419724e-05 6407078
33.0791 4.344660257079361e-08 4.206184721931714e-05 6447954
33.1253 4.243145584011248e-08 4.11648121329974e-05 6456026
33.1715 4.153087304247988e-08 4.040953141211916e-05 6482034
33.2177 4.059796806972033e-08 3.957210018121886e-05 6492878
33.2639 3.958547370272524e-08 3.881051873268925e-05 6502074
33.3101 3.886593376861893e-08 3.81442903194091e-05 6542930
33.3563 3.798070095042044e-08 3.738529732858618e-05 6556598
33.4025 3.713145406496322e-08 3.66163741908088e-05 6570330
33.4487 3.62905887827223e-08 3.588455571703779e-05 6581882
33.4949 3.555560574131993e-08 3.520293319444045e-05 6612546
33.5411 3.476076396403049e-08 3.453954044727755e-05 6628622
33.5873 3.390693075366945e-08 3.377775120106736e-05 6629498
33.6335 3.322155974358821e-08 3.319624076224538e-05 6659250
33.6797 3.256598180998003e-08 3.256340560663689e-05 6686006
33.7259 3.175783340413012e-08 3.189983140525382e-05 6693786
33.7721 3.105007967449552e-08 3.128043926361847e-05 6711554
33.8183 3.043484846018861e-08 3.070166258521089e-05 6735678
33.8645 2.978457712337425e-08 3.006636077400791e-05 6754754
33.9107 2.911412110490863e-08 2.951301740609559e-05 6776570
33.9569 2.838975271506079e-08 2.883496497378061e-05 6767394
34.0031 2.786858463049691e-08 2.847149969311972e-05 6818246
34.0493 2.723158718076673e-08 2.786020744511587e-05 6830562
34.0955 2.654205115807636e-08 2.730652758215717e-05 6839186
34.1417 2.601311199354866e-08 2.683474599846125e-05 6861462
34.1879 2.544063777320077e-08 2.628730494269614e-05 6880394
34.2341 2.494365774887815e-08 2.581630277124843e-05 6907178
34.2803 2.433969240731066e-08 2.531388027477362e-05 6917034
34.3265 2.382798931825336e-08 2.481349841588306e-05 6937934
34.3727 2.325911581935623e-08 2.433431137459238e-05 6947250
34.4189 2.28140325048513e-08 2.394050359888287e-05 6982106
34.4651 2.228630702750645e-08 2.345930686660414e-05 6995718
34.5113 2.177856700187883e-08 2.29605142251113e-05 7006682
34.5575 2.136522401055456e-08 2.257233994991182e-05 7035866
34.6037 2.090516779716633e-08 2.212601508880432e-05 7054110
34.6499 2.041031999276679e-08 2.168081607405577e-05 7059194
34.6961 1.998617442370716e-08 2.128774932080539e-05 7091802
34.7423 1.954821815362895e-08 2.086438860592157e-05 7100666
34.7885 1.914317520780506e-08 2.050345337469185e-05 7129070
34.8347 1.872166869969362e-08 2.007910451368621e-05 7143282
34.8809 1.833573777294764e-08 1.969114241272702e-05 7161482
34.9271 1.795979934402618e-08 1.933706698478438e-05 7184694
34.9733 1.757280216143456e-08 1.895304176722199e-05 7203914
35.0195 1.717736526095365e-08 1.861011687385075e-05 7219746
35.0657 1.679573172810451e-08 1.824459413139435e-05 7228634
35.1119 1.647057112428945e-08 1.7949438322216e-05 7271990
35.1581 1.607317294351548e-08 1.755388171140705e-05 7266786
35.2043 1.575337567218904e-08 1.724582298344682e-05 7293650
35.2505 1.544229362532212e-08 1.693916407986388e-05 7324086
35.2967 1.50970323289777e-08 1.66020734719714e-05 7338650
35.3429 1.478349330663501e-08 1.628292976571855e-05 7351962
35.3891 1.442878956430799e-08 1.59611749234065e-05 7357190
35.4353 1.419211704231539e-08 1.571014150005274e-05 7406042
35.4815 1.384225472636198e-08 1.537258363739887e-05 7408626
35.5277 1.357436040935376e-08 1.509070158505191e-05 7435610
35.5739 1.329731607091964e-08 1.48303313385039e-05 7453542
35.6201 1.299268246014566e-08 1.451280534615725e-05 7464002
35.6663 1.274077343194815e-08 1.424680229742851e-05 7493546
35.7125 1.247385099340235e-08 1.399749507603122e-05 7510806
35.7587 1.221040251348903e-08 1.372604952896048e-05 7532114
35.8049 1.192502393988432e-08 1.344056463797939e-05 7536234
35.8511 1.169575895341066e-08 1.321773311711139e-05 7565834
35.8973 1.148069585052087e-08 1.300174790338244e-05 7603062
35.9435 1.118436582132664e-08 1.271189585218318e-05 7593890
35.9897 1.098393729257976e-08 1.247384249349048e-05 7622906
36.0359 1.074951386856521e-08 1.225273273556487e-05 7646622
36.0821 1.053474928748546e-08 1.204163041823055e-05 7672058
36.1283 1.029420592916623e-08 1.179987558433377e-05 7679346
36.1745 1.006994730611263e-08 1.157269513345625e-05 7693058
36.2207 9.882320427095623e-09 1.138636729746044e-05 7732158
36.2669 9.679526335302475e-09 1.116157000193075e-05 7746962
36.3131 9.470663936865752e-09 1.096074702196066e-05 7770986
36.3593 9.262279862298121e-09 1.072929588483886e-05 7772094
36.4055 9.091465559629107e-09 1.055570121765464e-05 7803818
36.4517 8.899280256253431e-09 1.037574946452909e-05 7834338
36.4979 8.687527591821913e-09 1.013976553033599e-05 7833710
36.5441 8.525161291628908e-09 9.979097312211788e-06 7858794
36.5903 8.352566727837587e-09 9.791513167652601e-06 7884290
36.6365 8.172332207182575e-09 9.607579616068045e-06 7901522
36.6827 8.016011318238314e-09 9.435279809776457e-06 7930662
36.7289 7.830297358483931e-09 9.243444987518741e-06 7934426
36.7751 7.689091297662455e-09 9.098611919620933e-06 7967322
36.8213 7.517307502149923e-09 8.922377154639837e-06 7981934
36.8675 7.347702904284672e-09 8.758089746165958e-06 8003282
36.9137 7.202120687629747e-09 8.606140273241707e-06 8019666
36.9599 7.037989613432133e-09 8.435204157788741e-06 8034482
37.0061 6.910888014237294e-09 8.301124579251082e-06 8068542
37.0523 6.765008116061344e-09 8.143891535109197e-06 8088290
37.0985 6.615347468496414e-09 7.994602052301274e-06 8096322
37.1447 6.480437825937872e-09 7.843929425382906e-06 8122646
37.1909 6.352139417762881e-09 7.710564055965695e-06 8150138
37.2371 6.219684500912128e-09 7.563194003035421e-06 8165322
37.2833 6.089734063056768e-09 7.420689450063635e-06 8182574
37.3295 5.965390522416501e-09 7.291915167308075e-06 8203698
37.3757 5.83746535458943e-09 7.154368706193313e-06 8226914
37.4219 5.722273054291177e-09 7.02083693040611e-06 8246898
37.4681 5.604151238256445e-09 6.896575552585753e-06 8261774
37.5143 5.486286762965275e-09 6.761749012407237e-06 8279426
37.5605 5.375725211881433e-09 6.645144928318952e-06 8308722
37.6067 5.265058045633052e-09 6.525030726991423e-06 8326214
37.6529 5.154392456085211e-09 6.399591749971924e-06 8342682
37.6991 5.048174181353584e-09 6.277750875788039e-06 8360834
37.7453 4.947919448399465e-09 6.180238851357463e-06 8393226
37.7915 4.854270140949106e-09 6.074774392262558e-06 8420150
37.8377 4.739688560234613e-09 5.947182099354436e-06 8421986
37.8839 4.643426712298357e-09 5.846236021670036e-06 8445714
37.9301 4.549248402909088e-09 5.740249500816258e-06 8472590
37.9763 4.455816629720337e-09 5.645624790828461e-06 8495370
38.0225 4.361493961297244e-09 5.546283036494342e-06 8512802
38.0687 4.266389302551366e-09 5.430973088716199e-06 8523290
38.1149 4.193321494240273e-09 5.356375176873715e-06 8570982
38.1611 4.093922851594647e-09 5.243376119235412e-06 8568458
38.2073 4.006918491001399e-09 5.148482480698716e-06 8586498
38.2535 3.924208873628091e-09 5.058425102414327e-06 8608838
38.2997 3.857032479305274e-09 4.977325669192673e-06 8645610
38.3459 3.768786362052751e-09 4.878498001892687e-06 8658386
38.3921 3.689941521213752e-09 4.782967119438091e-06 8668598
38.4383 3.619512889078344e-09 4.70493690967546e-06 8697426
38.4845 3.545873986492916e-09 4.620670599055223e-06 8722562
38.5307 3.471985501552966e-09 4.536707818306293e-06 8737962
38.5769 3.405093858284832e-09 4.460722018056125e-06 8771366
38.6231 3.324061388493982e-09 4.368745033614833e-06 8771010
38.6693 3.27176267906742e-09 4.306241333006045e-06 8822618
38.7155 3.189976624580206e-09 4.212504449195982e-06 8807726
38.7617 3.132961173517111e-09 4.140362747723202e-06 8844618
38.8079 3.069686103629042e-09 4.073937727559647e-06 8868722
38.8541 3.008875953036462e-09 3.999323042495984e-06 8891394
38.9003 2.941327081032829e-09 3.926368584620847e-06 8911934
38.9465 2.880882637106046e-09 3.854259896728935e-06 8923938
38.9927 2.827014976200581e-09 3.790786084847825e-06 8953682
39.0389 2.770061918623549e-09 3.722709268070015e-06 8981966
39.0851 2.709873520191572e-09 3.651983990084973e-06 8990442
39.1313 2.653429659630667e-09 3.583487807922233e-06 9007874
39.1775 2.603672158325906e-09 3.521779139058534e-06 9038982
39.2237 2.553347068956886e-09 3.465170297305435e-06 9068570
39.2699 2.498952059651066e-09 3.399915128394999e-06 9085250
39.3161 2.444052048486007e-09 3.328886727145266e-06 9084690
39.3623 2.401276619352432e-09 3.277271277419767e-06 9128654
39.4085 2.348263455862182e-09 3.213288059230326e-06 9133170
39.4547 2.309183311666432e-09 3.163570270700275e-06 9185882
39.5009 2.253081270353871e-09 3.093414670691339e-06 9163254
39.5471 2.214915176179346e-09 3.048709818831875e-06 9220130
39.5933 2.168118326779887e-09 2.991420003372544e-06 9233138
39.6395 2.124015017148194e-09 2.936059386368147e-06 9249378
39.6857 2.083643271249099e-09 2.883506600157101e-06 9271550
39.7319 2.037371628045283e-09 2.830807568138922e-06 9286266
39.7781 2.002183072124158e-09 2.781487751623515e-06 9320762
39.8243 1.956754685899461e-09 2.726414147588788e-06 9326718
39.8705 1.919684061244972e-09 2.682303092950368e-06 9354602
39.9167 1.882579682840741e-09 2.635824463168737e-06 9384122
39.9629 1.842221538067598e-09 2.584516465483796e-06 9400482
40.0091 1.809425844326806e-09 2.542887216538948e-06 9432638
40.0553 1.771111825280337e-09 2.496029476576166e-06 9445314
40.1015 1.737338378544327e-09 2.452559579617264e-06 9477290
40.1477 1.700483158309673e-09 2.405527592754497e-06 9489182
40.1939 1.665693707024649e-09 2.362390205808593e-06 9506706
40.2401 1.631639089977459e-09 2.324116093066849e-06 9533978
40.2863 1.599971521561048e-09 2.280786924569677e-06 9553662
40.3325 1.568146188658361e-09 2.24058617097203e-06 9579506
40.3787 1.535744002764196e-09 2.203377325682512e-06 9607866
40.4249 1.503610959437753e-09 2.159760508121841e-06 9608354
40.4711 1.474300725384498e-09 2.122650644223209e-06 9643862
40.5173 1.44501437793933e-09 2.087295069545046e-06 9670578
40.5635 1.416516185118012e-09 2.049303698071321e-06 9687890
40.6097 1.385923178569313e-09 2.009128870172628e-06 9693294
40.6559 1.36001885521566e-09 1.975738288312175e-06 9736034
40.7021 1.334709853919738e-09 1.943818384238257e-06 9758946
40.7483 1.306090304813024e-09 1.907658903337705e-06 9778994
40.7945 1.280406684262817e-09 1.871612610543667e-06 9796814
40.8407 1.253817076843951e-09 1.838405517192482e-06 9816882
40.8869 1.229762761529824e-09 1.807874217129388e-06 9850514
40.9331 1.203878656363548e-09 1.771981077382892e-06 9856062
40.9793 1.182006795267009e-09 1.742886995033504e-06 9886706
41.0255 1.157605124778139e-09 1.710753047395488e-06 9916194
41.0717 1.133861171465645e-09 1.679309739345009e-06 9924854
41.1179 1.112934410169589e-09 1.652033676413692e-06 9961490
41.1641 1.089472099382384e-09 1.619418733189913e-06 9979098
41.2103 1.067253832522904e-09 1.590390252243492e-06 9990266
41.2565 1.046444503118846e-09 1.56220020971043e-06 10012398
41.3027 1.024319512390276e-09 1.533536512961198e-06 10038818
41.3489 1.005528129086872e-09 1.508959308223855e-06 10072082
41.3951 9.841296709001749e-10 1.480728042362431e-06 10082670
41.4413 9.657374149070627e-10 1.457883724809645e-06 10123226
41.4875 9.46514121436809e-10 1.428849299950362e-06 10134834
41.5337 9.246771622929939e-10 1.402310919820878e-06 10151450
41.5799 9.090994511014584e-10 1.37952049672492e-06 10184118
41.6261 8.906534881663299e-10 1.353514004048172e-06 10199810
41.6723 8.726498090953884e-10 1.329433435323631e-06 10230386
41.7185 8.542080247067896e-10 1.30410620365267e-06 10238334
41.7647 8.38797689717634e-10 1.281956117259103e-06 10271594
41.8109 8.226961025176314e-10 1.258629358972799e-06 10298418
41.8571 8.045425691101575e-10 1.233717791983996e-06 10306814
41.9033 7.907931308806454e-10 1.213265598990129e-06 10341306
41.9495 7.741032571362732e-10 1.189969978594623e-06 10362842
41.9957 7.591636599477759e-10 1.168958904484653e-06 10388834
42.0419 7.433069390586034e-10 1.146738467524436e-06 10395630
42.0881 7.285604834811359e-10 1.126260107329609e-06 10425362
42.1343 7.154745023185056e-10 1.106660260068427e-06 10454274
42.1805 7.00534312813682e-10 1.086492115535413e-06 10478294
42.2267 6.863993940402727e-10 1.067512876137025e-06 10501818
42.2729 6.721773542233946e-10 1.047798523472093e-06 10514810
42.3191 6.591641529903368e-10 1.029837541554791e-06 10548842
42.3653 6.453973899862616e-10 1.011765771616837e-06 10566462
42.4115 6.318208379800595e-10 9.931091957273435e-07 10586810
42.4577 6.200512612218915e-10 9.769303733439891e-07 10614954
42.5039 6.069507490365788e-10 9.576777552617243e-07 10631054
42.5501 5.946368940044961e-10 9.420209886451057e-07 10662362
42.5963 5.83327066606821e-10 9.253860812114298e-07 10683354
42.6425 5.702703823947934e-10 9.080770446918585e-07 10699298
42.6887 5.60321391989346e-10 8.937093104806137e-07 10738782
42.7349 5.480127499717938e-10 8.754357325155672e-07 10744202
42.7811 5.380877909376182e-10 8.610885032578309e-07 10782186
42.8273 5.266710897477227e-10 8.436917254992422e-07 10784966
42.8735 5.169889128975565e-10 8.309026745633364e-07 10833938
42.9197 5.063953221388783e-10 8.145183069985883e-07 10848138
42.9659 4.966499429812358e-10 8.011907942466472e-07 10873766
43.0121 4.861399598631328e-10 7.857748697496593e-07 10886970
43.0583 4.763066161544689e-10 7.712580986667302e-07 10912442
43.1045 4.674743244394026e-10 7.582290547574904e-07 10936698
43.1507 4.580606433411491e-10 7.447995797763805e-07 10966142
43.1969 4.480644413361024e-10 7.299023248962358e-07 10968746
43.2431 4.400814028811591e-10 7.19018864886218e-07 11014602
43.2893 4.316036690016496e-10 7.067236551000612e-07 11042774
43.3355 4.22200050384066e-10 6.93584369597456e-07 11061474
43.3817 4.139654987980101e-10 6.813799692097393e-07 11072450
43.4279 4.048960966039828e-10 6.686800284044003e-07 11096922
43.4741 3.983541285308044e-10 6.588274743072295e-07 11146526
43.5203 3.894743054987163e-10 6.460561766122872e-07 11145602
43.5665 3.816036455256216e-10 6.343974486135259e-07 11168442
43.6127 3.737108904061081e-10 6.228002843832245e-07 11181086
43.6589 3.680566643375835e-10 6.141892298449807e-07 11250114
43.7051 3.593001185466592e-10 6.014974502612106e-07 11242106
43.7513 3.527490011053812e-10 5.903090522853044e-07 11265446
43.7975 3.456645772715794e-10 5.803578393795151e-07 11285490
43.8437 3.398448209632147e-10 5.71103968764043e-07 11335922
43.8899 3.324366450290793e-10 5.595456580538778e-07 11330130
43.9361 3.258447790979977e-10 5.498341298459594e-07 11357270
43.9823 3.199770407808695e-10 5.403441051045396e-07 11389098
44.0285 3.143150202478801e-10 5.316617936087227e-07 11426642
44.0747 3.074714900590646e-10 5.210752818364469e-07 11431358
44.1209 3.016402050076399e-10 5.124075467229403e-07 11462298
44.1671 2.958666096864798e-10 5.037168409330657e-07 11479202
44.2133 2.901226633176941e-10 4.951840603096164e-07 11509746
44.2595 2.841299113736703e-10 4.85798224422639e-07 11523062
44.3057 2.788900608518653e-10 4.778532783268681e-07 11556210
44.3519 2.73641877915645e-10 4.703399630124757e-07 11588282
44.3981 2.681439922864811e-10 4.616116687365657e-07 11599646
44.4443 2.633690463946252e-10 4.54756576741628e-07 11645274
44.4905 2.577041779631328e-10 4.459534729533194e-07 11649338
44.5367 2.52516584996278e-10 4.384826868530628e-07 11665386
44.5829 2.484895944233921e-10 4.318990211423161e-07 11719286
44.6291 2.430061893844364e-10 4.233546085656978e-07 11720738
44.6753 2.386109974695178e-10 4.170976608763734e-07 11755074
44.7215 2.339532907943811e-10 4.092890611603993e-07 11767166
44.7677 2.297527823248794e-10 4.031746466886611e-07 11813346
44.8139 2.251654685195651e-10 3.957980289575904e-07 11825450
44.8601 2.205911941650988e-10 3.890030362329234e-07 11828814
44.9063 2.168220132841785e-10 3.826781510513877e-07 11884418
44.9525 2.12734051357757e-10 3.761651822754887e-07 11900378
44.9987 2.084315464123611e-10 3.69148286904674e-07 11908002
45.0449 2.046548274140527e-10 3.633675958552685e-07 11937470
45.0911 2.010617888379607e-10 3.578408928695573e-07 11981346
45.1373 1.970386598667478e-10 3.517217626425163e-07 11998154
45.1835 1.931626478221483e-10 3.455296126979153e-07 12015798
45.2297 1.897686907729626e-10 3.401401048539168e-07 12046586
45.2759 1.861232901606609e-10 3.345367759540398e-07 12073226
45.3221 1.824374131637607e-10 3.286259027883159e-07 12089370
45.3683 1.794288337723244e-10 3.238432657663393e-07 12123662
45.4145 1.755559278554613e-10 3.177973869357146e-07 12129018
45.4607 1.72509259931771e-10 3.12981878460531e-07 12168698
45.5069 1.691705399690551e-10 3.078211107213316e-07 12191070
45.5531 1.665092088174203e-10 3.030769683944627e-07 12237290
45.5993 1.631114387377231e-10 2.976170500451829e-07 12237434
45.6455 1.601424442785875e-10 2.925975358659195e-07 12269430
45.6917 1.571308232500031e-10 2.878073414074957e-07 12288314
45.7379 1.543169823359389e-10 2.830482003959364e-07 12312018
45.7841 1.51404010269885e-10 2.781881594566755e-07 12333770
45.8303 1.486539358059061e-10 2.736767942536549e-07 12362654
45.8765 1.462169796909264e-10 2.695993737743233e-07 12405282
45.9227 1.435412831961905e-10 2.649676680856508e-07 12414842
45.9689 1.406841645976572e-10 2.601594054585169e-07 12433278
46.0151 1.383442607740763e-10 2.561534646181332e-07 12469442
46.0613 1.359394619633966e-10 2.522309963864555e-07 12497106
46.1075 1.333413882320455e-10 2.476630574823515e-07 12513074
46.1537 1.309180752164455e-10 2.435900044049676e-07 12531902
46.1999 1.286719461677799e-10 2.395964438258633e-07 12567690
46.2461 1.265288061559667e-10 2.361558662346426e-07 12603338
46.2923 1.24104850399069e-10 2.319480934339076e-07 12612726
46.3385 1.217496053588797e-10 2.280108446590796e-07 12634802
46.3847 1.196457070111785e-10 2.24417530091168e-07 12662730
46.4309 1.17672391258551e-10 2.20987230708273e-07 12699086
46.4771 1.154699031390558e-10 2.171037683570113e-07 12711074
46.5233 1.134278920538175e-10 2.135349583519997e-07 12739098
46.5695 1.115418553533934e-10 2.103602709633918e-07 12769490
46.6157 1.095665410466531e-10 2.068783259228362e-07 12799686
46.6619 1.075332490223714e-10 2.035245361405451e-07 12828626
46.7081 1.056297955242425e-10 2.000378079891548e-07 12832794
46.7543 1.038067784890675e-10 1.969886796294954e-07 12875942
46.8005 1.021289152447863e-10 1.939288965020539e-07 12906314
46.8467 1.001774498670028e-10 1.904691857065667e-07 12913122
46.8929 9.835375668630896e-11 1.873727499319051e-07 12937346
46.9391 9.675328724415701e-11 1.845174553653535e-07 12973374
46.9853 9.512714804657899e-11 1.815980897696171e-07 13008170
47.0315 9.33673828919247e-11 1.785978830016472e-07 13025810
47.0777 9.171730226627038e-11 1.756055009638963e-07 13033590
47.1239 9.029570536679663e-11 1.730556851371427e-07 13083698
47.1701 8.855967758304046e-11 1.700366786763257e-07 13094706
47.2163 8.70218327087638e-11 1.671737599236724e-07 13119002
47.2625 8.561190996363871e-11 1.647945330301064e-07 13146318
47.3087 8.408942954004582e-11 1.620829526454125e-07 13167383
47.3549 8.266748116132927e-11 1.595500480638658e-07 13180844
47.4011 8.093224111847325e-11 1.566591455232353e-07 13147596
47.4473 7.943047460987907e-11 1.541255267372089e-07 13144028
47.4935 7.792278213124348e-11 1.515756520627315e-07 13122684
47.5397 7.633196394465468e-11 1.487413801091611e-07 13103336
47.5859 7.497506398788773e-11 1.465639426861128e-07 13108416
47.6321 7.347277191923243e-11 1.439222718660179e-07 13073744
47.6783 7.206634422906782e-11 1.415395224246157e-07 13076900
47.7245 7.063314226637223e-11 1.390788910315994e-07 13051992
47.7707 6.936569943639144e-11 1.369225734446333e-07 13056752
47.8169 6.801667675283646e-11 1.346454948985133e-07 13036344
47.8631 6.654786924732326e-11 1.320674832103922e-07 13009832
47.9093 6.528700409330767e-11 1.299011573903456e-07 12996668
47.9555 6.413933387121838e-11 1.279026534671101e-07 13003248
48.0017 6.276223398627142e-11 1.253595604889235e-07 12967172
48.0479 6.157148291170835e-11 1.234409036647927e-07 12963480
48.0941 6.032630512221872e-11 1.212375940028118e-07 12954260
48.1403 5.920434528750038e-11 1.192859842317536e-07 12942432
48.1865 5.799467761840336e-11 1.170350773762763e-07 12924296
48.2327 5.678461104769106e-11 1.148752332192616e-07 12903392
48.2789 5.579550099894696e-11 1.130325042015876e-07 12906168
48.3251 5.458144401911799e-11 1.107952503967172e-07 12873656
48.3713 5.352818324800631e-11 1.089142192484925e-07 12870720
48.4175 5.240024227347433e-11 1.068680189020438e-07 12855428
48.4637 5.142697218103731e-11 1.051241844115877e-07 12842256
48.5099 5.03200162484069e-11 1.031215485533766e-07 12820304
48.5561 4.934725613861338e-11 1.012578485721213e-07 12820328
48.6023 4.827943763363222e-11 9.941322197158098e-08 12794856
48.6485 4.734570706714133e-11 9.767208410215654e-08 12787940
48.6947 4.62767874417948e-11 9.58112168091164e-08 12748392
48.7409 4.534983946839889e-11 9.414290735950011e-08 12752756
48.7871 4.436680664496372e-11 9.24112870779309e-08 12732036
48.8333 4.355503519115179e-11 9.098215848423732e-08 12737132
48.8795 4.260858491009274e-11 8.920336199751266e-08 12712976
48.9257 4.172426630513849e-11 8.753591507459384e-08 12696348
48.9719 4.086427380711033e-11 8.594059893815987e-08 12673892
49.0181 4.004874994408857e-11 8.452611315873008e-08 12677316
49.0643 3.919890810933668e-11 8.292504670639655e-08 12650384
49.1105 3.830665675208754e-11 8.123733681461767e-08 12621344
49.1567 3.761347277048412e-11 7.997263879874842e-08 12624204
49.2029 3.686080393632149e-11 7.860336042722825e-08 12615632
49.2491 3.609273583648103e-11 7.71131800286464e-08 12600420
49.2953 3.531932992015542e-11 7.560875713715579e-08 12570224
49.3415 3.463180587362114e-11 7.430215674115839e-08 12566868
49.3877 3.394574320229043e-11 7.29949992102547e-08 12545828
49.4339 3.323500513131073e-11 7.158373310785652e-08 12538232
49.4801 3.252147176664017e-11 7.02155481454572e-08 12496452
49.5263 3.192519560160662e-11 6.913005987373334e-08 12502688
49.5725 3.127749421095049e-11 6.784209386173496e-08 12498708
49.6187 3.062776635032849e-11 6.656604040084224e-08 12469640
49.6649 2.998719407547296e-11 6.54231023234526e-08 12440136
49.7111 2.942148838340916e-11 6.428218587404347e-08 12442412
49.7573 2.883602655206346e-11 6.31452004687492e-08 12433712
49.8035 2.823468584838536e-11 6.194744257510019e-08 12410544
49.8497 2.76653781542806e-11 6.088596471091039e-08 12381512
49.8959 2.713910642253531e-11 5.979790887048724e-08 12378960
49.9421 2.660386984272246e-11 5.875977088614147e-08 12366872
49.9883 2.606215894148398e-11 5.769022948409657e-08 12345588
50.0345 2.55648086586674e-11 5.665871448901731e-08 12327008
50.0807 2.505791741895905e-11 5.564926498791805e-08 12313388
50.1269 2.457409382185926e-11 5.461866230341322e-08 12306768
50.1731 2.408854550047868e-11 5.364710193103876e-08 12275504
50.2193 2.363383183049853e-11 5.270011702210276e-08 12265620
50.2655 2.314031191813612e-11 5.16792270882869e-08 12236324
50.3117 2.275408786014617e-11 5.090471335242532e-08 12253880
50.3579 2.228687030816958e-11 4.992929512575023e-08 12219756
50.4041 2.183253843577873e-11 4.901954044251788e-08 12195524
50.4503 2.143229209275604e-11 4.81561795781425e-08 12189000
50.4965 2.098717684872114e-11 4.728082952737552e-08 12170168
50.5427 2.058669327301698e-11 4.647532225919637e-08 12147588
50.5889 2.019638020228927e-11 4.56628807161475e-08 12134360
50.6351 1.979478595796991e-11 4.481542493613043e-08 12122816
50.6813 1.940522221730696e-11 4.408037671457174e-08 12107580
50.7275 1.905784138780644e-11 4.335411223926598e-08 12098972
50.7737 1.862139563564951e-11 4.244583753707103e-08 12054744
50.8199 1.82913166354882e-11 4.179436886366138e-08 12056912
50.8661 1.791886197071803e-11 4.107774457047477e-08 12039108
50.9123 1.758262007768624e-11 4.033243096601934e-08 12019400
50.9585 1.722324494683679e-11 3.959899226687908e-08 11996936
51.0047 1.686632710874689e-11 3.888796944985764e-08 11979744
51.0509 1.657673840474813e-11 3.828609352170561e-08 11975504
51.0971 1.625835272185662e-11 3.760253356276274e-08 11963472
51.1433 1.592300775784803e-11 3.69068212953494e-08 11928692
51.1895 1.559355910390526e-11 3.622126650043569e-08 11920356
51.2357 1.531899309756249e-11 3.564877844444449e-08 11900072
51.2819 1.503459692186078e-11 3.504171267724217e-08 11897312
51.3281 1.468924216662804e-11 3.430599258116382e-08 11857164
51.3743 1.441541781613217e-11 3.376976277081987e-08 11842556
51.4205 1.416809534026397e-11 3.323547477425873e-08 11841552
51.4667 1.385791193026972e-11 3.258512364093496e-08 11811860
51.5129 1.359254639263581e-11 3.203242254676127e-08 11798888
51.5591 1.330770484401771e-11 3.143918702059271e-08 11768748
51.6053 1.308859204988358e-11 3.097481339258265e-08 11777096
51.6515 1.279815400860732e-11 3.036777492993316e-08 11733936
51.6977 1.253109550541535e-11 2.98169525614616e-08 11714324
51.7439 1.232779243679711e-11 2.939386397495904e-08 11725020
51.7901 1.207608182467975e-11 2.883492913146897e-08 11696816
51.8363 1.181671214593498e-11 2.83139624949812e-08 11666048
51.8825 1.159343100590292e-11 2.781935811498761e-08 11661996
51.9287 1.138330875564309e-11 2.737572030338065e-08 11645228
51.9749 1.114850333106251e-11 2.685710063278242e-08 11620884
52.0211 1.090815196430575e-11 2.635163512254895e-08 11590808
52.0673 1.071316850400711e-11 2.594564368221881e-08 11587908
52.1135 1.050769399521333e-11 2.548692346688349e-08 11569028
52.1597 1.030681440160277e-11 2.505123754420414e-08 11558012
52.2059 1.008837855766754e-11 2.456775986649181e-08 11528724
52.2521 9.894077517589975e-12 2.414415290646172e-08 11506964
52.2983 9.714704989013033e-12 2.374308963502648e-08 11494536
52.3445 9.513373011551989e-12 2.331566119379406e-08 11477444
52.3907 9.320190912798546e-12 2.289753486708858e-08 11456804
52.4369 9.145335546588896e-12 2.249328247732937e-08 11428740
52.4831 8.973359401507586e-12 2.213168013036871e-08 11427272
52.5293 8.790524900461131e-12 2.17317424493436e-08 11407524
52.5755 8.610026802746483e-12 2.13299178561023e-08 11376992
52.6217 8.453489593133093e-12 2.098571750253698e-08 11363952
52.6679 8.284928563985483e-12 2.062140230540264e-08 11346680
52.7141 8.114788620135017e-12 2.023391127413348e-08 11322272
52.7603 7.965447352283031e-12 1.989539333159103e-08 11313672
52.8065 7.808024167710622e-12 1.952622358983198e-08 11276120
52.8527 7.665860450829198e-12 1.922280638100979e-08 11283648
52.8989 7.506198327227376e-12 1.884123375096485e-08 11248088
52.9451 7.37382473586006e-12 1.854311907335786e-08 11240592
52.9913 7.229424856455414e-12 1.821151862052674e-08 11217380
53.0375 7.07463488381519e-12 1.786567725132759e-08 11185436
53.0837 6.952630293416145e-12 1.756436109950166e-08 11182920
53.1299 6.818892526149326e-12 1.725403731745821e-08 11148968
53.1761 6.683915725215715e-12 1.69432036251582e-08 11132988
53.2223 6.557862615609104e-12 1.665137269131706e-08 11121068
53.2685 6.42177177736897e-12 1.632648521117406e-08 11080992
53.3147 6.323998745494537e-12 1.610261950206187e-08 11101004
53.3609 6.183100952063114e-12 1.578206774058275e-08 11052488
53.4071 6.06960215544888e-12 1.550197342038853e-08 11042760
53.4533 5.954739084593716e-12 1.523564009506249e-08 11024240
53.4995 5.844671951053891e-12 1.497047004452333e-08 11000652
53.5457 5.726092274887719e-12 1.46998119951116e-08 10983116
53.5919 5.611732290654135e-12 1.442568953715792e-08 10951520
53.6381 5.521177527434393e-12 1.421334676698469e-08 10954992
53.6843 5.405647249573411e-12 1.394104321691704e-08 10922468
53.7305 5.300306975487833e-12 1.368451942772461e-08 10900932
53.7767 5.20133904530997e-12 1.343442487637169e-08 10876700
53.8229 5.115412999003085e-12 1.323135031725289e-08 10874520
53.8691 5.004310047050653e-12 1.297065056349255e-08 10837064
53.9153 4.907589517030454e-12 1.272827378011679e-08 10811504
53.9615 4.829042547126282e-12 1.252773728112965e-08 10817724
54.0077 4.73084891171887e-12 1.229748009302612e-08 10782764
54.0539 4.641335021863039e-12 1.207993498377356e-08 10759932
54.1001 4.549272223485607e-12 1.184300822786179e-08 10739204
54.1463 4.467853333191281e-12 1.164786837636613e-08 10720560
54.1925 4.389533616545927e-12 1.146325730906146e-08 10715144
54.2387 4.290241105321943e-12 1.121763785097692e-08 10664960
54.2849 4.214387729355175e-12 1.102972441495189e-08 10661076
54.3311 4.136837065602414e-12 1.085045547943314e-08 10634540
54.3773 4.062486956298446e-12 1.066081769879002e-08 10629012
54.4235 3.978225610208244e-12 1.04609487232856e-08 10600856
54.4697 3.89816262830391e-12 1.026121916211029e-08 10566600
54.5159 3.834554865715041e-12 1.011169542789138e-08 10567232
54.5621 3.752507542922498e-12 9.911715757795068e-09 10531880
54.6083 3.686646863625749e-12 9.745062744186373e-09 10530996
54.6545 3.607053709022468e-12 9.548448960905752e-09 10477004
54.7007 3.541451054668848e-12 9.395572796788994e-09 10471488
54.7469 3.479197890578132e-12 9.239969260925949e-09 10464068
54.7931 3.40493451689146e-12 9.050389567477397e-09 10430660
54.8393 3.347255399860514e-12 8.915399446693398e-09 10419756
54.8855 3.276139590492878e-12 8.739670799091594e-09 10384784
54.9317 3.215556298412371e-12 8.584254354684198e-09 10374072
54.9779 3.15167246577449e-12 8.426565643811129e-09 10348256
55.0241 3.088928992418687e-12 8.276032784339633e-09 10318008
55.0703 3.034171906539866e-12 8.138851099252851e-09 10309604
55.1165 2.971805654345365e-12 7.981420551405657e-09 10286924
55.1627 2.914325507673459e-12 7.842111514614064e-09 10261848
55.2089 2.857507128555703e-12 7.708317603398747e-09 10243016
55.2551 2.799788776089148e-12 7.56051662938787e-09 10211616
55.3013 2.746972353878755e-12 7.430185369181618e-09 10207340
55.3475 2.68890166034233e-12 7.28850959607414e-09 10164252
55.3937 2.640755451466189e-12 7.175235002003503e-09 10159472
55.4399 2.583775076649309e-12 7.034988822579347e-09 10129184
55.4861 2.534479593251172e-12 6.908733701096431e-09 10114464
55.5323 2.48914977904872e-12 6.802505996192832e-09 10103336
55.5785 2.431337690079069e-12 6.654581229472812e-09 10049364
55.6247 2.388905873493796e-12 6.552027565636156e-09 10056980
55.6709 2.338677220450928e-12 6.426933327358969e-09 10027464
55.7171 2.293234592032363e-12 6.314179984103118e-09 10001132
55.7633 2.248571889833972e-12 6.202538377560862e-09 9984704
55.8095 2.199341289565118e-12 6.073190289646933e-09 9946872
55.8557 2.160941638680634e-12 5.982035576344257e-09 9950204
55.9019 2.114640906700609e-12 5.866438237353968e-09 9907884
55.9481 2.073271848812593e-12 5.760309454197283e-09 9890480
55.9943 2.028498331967316e-12 5.644578736260024e-09 9864212
56.0405 1.992119653375952e-12 5.556102598781967e-09 9850680
56.0867 1.952122768890808e-12 5.457961557636455e-09 9831356
56.1329 1.90722939657798e-12 5.338020345815832e-09 9781176
56.1791 1.874348581730917e-12 5.256663320873261e-09 9789368
56.2253 1.836831267112332e-12 5.162335381146e-09 9760404
56.2715 1.798792755229497e-12 5.065827756983419e-09 9735800
56.3177 1.762291784816221e-12 4.969634461744726e-09 9711092
56.3639 1.724335580051272e-12 4.875159305825873e-09 9689040
56.4101 1.693065925286209e-12 4.796653265456122e-09 9668192
56.4563 1.65813159291373e-12 4.703596928330115e-09 9643500
56.5025 1.622864064255746e-12 4.614388814593906e-09 9617840
56.5487 1.590328399491466e-12 4.529361071130649e-09 9596220
56.5949 1.56075175071618e-12 4.452865058700632e-09 9579572
56.6411 1.527990599712252e-12 4.367807099239207e-09 9553832
56.6873 1.495349915976961e-12 4.279291053157363e-09 9523872
56.7335 1.466031117287329e-12 4.205703325510338e-09 9502856
56.7797 1.438931100449993e-12 4.132232354429185e-09 9490980
56.8259 1.407590604668001e-12 4.04893178062238e-09 9456200
56.8721 1.378989791443838e-12 3.972822132488726e-09 9434060
56.9183 1.351318046848795e-12 3.904765145090982e-09 9409128
56.9645 1.324965496122791e-12 3.831814240404478e-09 9392816
57.0107 1.297775289190112e-12 3.759462497669591e-09 9367812
57.0569 1.269809145616834e-12 3.686478540191549e-09 9335648
57.1031 1.2479296045397e-12 3.630501619602395e-09 9334140
57.1493 1.219818702429998e-12 3.551632198680297e-09 9287804
57.1955 1.196314971599075e-12 3.490777857333497e-09 9280268
57.2417 1.169184853621744e-12 3.418213285188916e-09 9232656
57.2879 1.14896029394677e-12 3.366697342850055e-09 9235316
57.3341 1.124946833857245e-12 3.297840764483879e-09 9201576
57.3803 1.100803883997515e-12 3.235061788494083e-09 9175664
57.4265 1.08012009281558e-12 3.178751212833216e-09 9151536
57.4727 1.057542727468637e-12 3.11842394814224e-09 9128240
57.5189 1.037492018509126e-12 3.062983254275201e-09 9109832
57.5651 1.013610899498678e-12 2.998986382334291e-09 9072324
57.6113 9.959120161561885e-13 2.951028632317367e-09 9060392
57.6575 9.752796750467313e-13 2.892888351639011e-09 9034272
57.7037 9.552752044666713e-13 2.83947237620769e-09 9008744
57.7499 9.366071396265793e-13 2.789197559835811e-09 8989764
57.7961 9.175060342247896e-13 2.735995921741437e-09 8956412
57.8423 8.999706788658937e-13 2.686520123098426e-09 8941880
57.8885 8.81038605388165e-13 2.635087158032888e-09 8914968
57.9347 8.626492550196509e-13 2.584646264906175e-09 8881592
57.9809 8.471628370629712e-13 2.540731636454932e-09 8866164
58.0271 8.287004288067279e-13 2.489509340378165e-09 8832464
58.0733 8.130112804357103e-13 2.447655904250733e-09 8819384
58.1195 7.963519770501092e-13 2.401062136924258e-09 8784948
58.1657 7.809929344086135e-13 2.358332062982581e-09 8766056
58.2119 7.655929893668444e-13 2.313958148254551e-09 8741592
58.2581 7.49092040360156e-13 2.269585081773722e-09 8715404
58.3043 7.365175374136859e-13 2.231596171170347e-09 8693160
58.3505 7.20812517861095e-13 2.186612567823104e-09 8660528
58.3967 7.064325861585609e-13 2.14778839980795e-09 8638364
58.4429 6.930085196139704e-13 2.109618928265963e-09 8622660
58.4891 6.794969560671142e-13 2.070294702824035e-09 8587712
58.5353 6.665301733649247e-13 2.03116489023973e-09 8569368
58.5815 6.518519058761949e-13 1.990606297725092e-09 8529836
58.6277 6.417195322178349e-13 1.961393246862517e-09 8529840
58.6739 6.277527115740159e-13 1.920485978643354e-09 8486240
58.7201 6.159098747420429e-13 1.887063982875679e-09 8464964
58.7663 6.038030802544393e-13 1.8511726034236e-09 8441376
58.8125 5.912708888118582e-13 1.816549925681888e-09 8401016
58.8587 5.825832080240208e-13 1.788292920503049e-09 8409180
58.9049 5.687396714198512e-13 1.750272281251915e-09 8351564
58.9511 5.582260248305562e-13 1.718938326803111e-09 8339304
58.9973 5.481726411331013e-13 1.688726223730824e-09 8310416
59.0435 5.375315696426857e-13 1.657657194783329e-09 8286104
59.0897 5.270410667834302e-13 1.627918674040765e-09 8262372
59.1359 5.159432041202901e-13 1.595896889743532e-09 8225852
59.1821 5.08469263085115e-13 1.57239682421447e-09 8224104
59.2283 4.971936658984909e-13 1.538653644817224e-09 8180564
59.2745 4.871245128796271e-13 1.511094564715611e-09 8150744
59.3207 4.790906294397489e-13 1.485748120983671e-09 8137680
59.3669 4.695682573853027e-13 1.45882678263777e-09 8111156
59.4131 4.606253744828361e-13 1.431074120676323e-09 8078748
59.4593 4.50723974114926e-13 1.402374243619161e-09 8045600
59.5055 4.438864937083765e-13 1.381161020977346e-09 8035524
59.5517 4.349662058943193e-13 1.355408417737958e-09 8002928
59.5979 4.26071631880958e-13 1.328741723109214e-09 7975760
59.6441 4.17990148244179e-13 1.304553272058235e-09 7946448
59.6903 4.106389402455366e-13 1.282343267230793e-09 7924280
59.7365 4.026547132583701e-13 1.259338831193061e-09 7899672
59.7827 3.946354717422448e-13 1.235586051515724e-09 7869572
59.8289 3.864216787291996e-13 1.211124823163769e-09 7830276
59.8751 3.807556616536558e-13 1.193807214387189e-09 7826636
59.9213 3.723775389598902e-13 1.168861032872407e-09 7792388
59.9675 3.655110548746618e-13 1.149383371191282e-09 7765296
60.0137 3.583201379632797e-13 1.127581092589125e-09 7733948
60.0599 3.517277256512161e-13 1.108395184542851e-09 7710948
60.1061 3.450898789783299e-13 1.088079297283629e-09 7689260
60.1523 3.376907037683643e-13 1.066025320170875e-09 7649916
60.1985 3.325636682009298e-13 1.050455972669616e-09 7638020
60.2447 3.252167428397573e-13 1.029097261214909e-09 7597136
60.2909 3.195779759807717e-13 1.012101876001854e-09 7586532
60.3371 3.127492932709828e-13 9.910481868828578e-10 7540628
60.3833 3.071783225778114e-13 9.74962636764381e-10 7519344
60.4295 3.015971832636013e-13 9.582809917815198e-10 7501880
60.4757 2.952562156597788e-13 9.397721331037096e-10 7466540
60.5219 2.897802142102879e-13 9.218070017663458e-10 7440012
60.5681 2.845345445896631e-13 9.068746438550323e-10 7414112
60.6143 2.787903795735743e-13 8.893255703739776e-10 7382808
60.6605 2.735748911889693e-13 8.73926488168531e-10 7365056
60.7067 2.681614094393772e-13 8.570628979702327e-10 7324200
60.7529 2.635823237749051e-13 8.431338161922064e-10 7308356
60.7991 2.580192764348622e-13 8.261607704773695e-10 7275944
60.8453 2.528504632585165e-13 8.104661900171068e-10 7238628
60.8915 2.490002057093666e-13 7.987238011872399e-10 7231832
60.9377 2.43450834114898e-13 7.823294242312762e-10 7189104
60.9839 2.39156039112886e-13 7.690264023118283e-10 7168592
61.0301 2.343371226938388e-13 7.540720243319293e-10 7136184
61.0763 2.3040549652161e-13 7.418032309833418e-10 7116188
61.1225 2.25498551746653e-13 7.270906401576769e-10 7077644
61.1687 2.212586480060281e-13 7.136790572610875e-10 7053780
61.2149 2.175283457283436e-13 7.0166715250893e-10 7031900
61.2611 2.130283442995346e-13 6.879790493840992e-10 6993612
61.3073 2.09221607902493e-13 6.763356465973217e-10 6976868
61.3535 2.048020248469461e-13 6.620327049410644e-10 6934520
61.3997 2.015708590292774e-13 6.522389539190158e-10 6920268
61.4459 1.977020036360029e-13 6.399915734342038e-10 6889172
61.4921 1.933184809425443e-13 6.263012358135524e-10 6844680
61.5383 1.90316717668641e-13 6.161785850264624e-10 6834860
61.5845 1.866928610393529e-13 6.05718208400689e-10 6802656
61.6307 1.831746362138922e-13 5.94218538967781e-10 6777188
61.6769 1.795189940983564e-13 5.820948107151326e-10 6737144
61.7231 1.761766320138545e-13 5.719284737285124e-10 6712620
61.7693 1.73292206915376e-13 5.625765153625191e-10 6695444
61.8155 1.696888397046708e-13 5.51327509547661e-10 6653604
61.8617 1.664626769477117e-13 5.40693958370972e-10 6626744
61.9079 1.635631988053154e-13 5.316849101862706e-10 6602196
61.9541 1.604911559379516e-13 5.218803995080936e-10 6571892
62.0003 1.574533783317739e-13 5.118987683911929e-10 6541832
62.0465 1.541404004320459e-13 5.017909416333045e-10 6504960
62.0927 1.520175165701089e-13 4.942914331056126e-10 6496244
62.1389 1.487270567527276e-13 4.846331575346778e-10 6453468
62.1851 1.460635647552565e-13 4.752683585819001e-10 6432680
62.2313 1.432685979948404e-13 4.665509104922441e-10 6396960
62.2775 1.405568703152002e-13 4.581104380687394e-10 6364784
62.3237 1.383177329577155e-13 4.504766026024074e-10 6352916
62.3699 1.351634165592853e-13 4.404043339393563e-10 6304836
62.4161 1.330286074928342e-13 4.333552800835367e-10 6282080
62.4623 1.303578193165344e-13 4.250301399299625e-10 6251508
62.5085 1.279837052212469e-13 4.173331657558096e-10 6225728
62.5547 1.2539412656243e-13 4.086791642389819e-10 6187640
62.6009 1.23091967607328e-13 4.016038777932723e-10 6159276
62.6471 1.211193115662172e-13 3.948271551896858e-10 6141404
62.6933 1.185586043516003e-13 3.868601718275575e-10 6104412
62.7395 1.162786221246243e-13 3.793852593726514e-10 6071612
62.7857 1.141909624068224e-13 3.726266880508628e-10 6046032
62.8319 1.119489358009079e-13 3.654503420094362e-10 6013244
62.8781 1.100123956500417e-13 3.586775794383362e-10 5990204
62.9243 1.076150817667405e-13 3.515157128380858e-10 5950020
62.9705 1.060913278114093e-13 3.461020480487579e-10 5938520
63.0167 1.036556108263492e-13 3.383670966010584e-10 5890944
63.0629 1.016727191917796e-13 3.31835147743962e-10 5864480
63.1091 9.984323731362787e-14 3.258407662185644e-10 5834628
63.1553 9.789821245691879e-14 3.197555053550984e-10 5806868
63.2015 9.612684574138554e-14 3.135360121218331e-10 5779796
63.2477 9.418028245145823e-14 3.073822809730807e-10 5744076
63.2939 9.240991239330167e-14 3.01685315589728e-10 5716436
63.3401 9.066851764591752e-14 2.957522781128814e-10 5686140
63.3863 8.864692265742922e-14 2.895897190067065e-10 5648924
63.4325 8.734229466082743e-14 2.845957780623222e-10 5631720
63.4787 8.541314957344979e-14 2.788078327985067e-10 5592584
63.5249 8.386060661648695e-14 2.734127959999745e-10 5565032
63.5711 8.209034568878119e-14 2.675113704528331e-10 5527812
63.6173 8.054309476784323e-14 2.627758448887407e-10 5502944
63.6635 7.921629929923154e-14 2.578933564775035e-10 5479728
63.7097 7.734036486636688e-14 2.522560965025677e-10 5435888
63.7559 7.598339531474333e-14 2.474895551024925e-10 5413076
63.8021 7.450127034126955e-14 2.427173912863998e-10 5379972
63.8483 7.297545797986444e-14 2.377601032077121e-10 5348924
63.8945 7.157848102578091e-14 2.328951280214466e-10 5317392
63.9407 6.993162406871159e-14 2.280971709479349e-10 5279504
63.9869 6.906043684155403e-14 2.2449794049341e-10 5268480
64.0331 6.734496134944174e-14 2.191593914757085e-10 5223572
64.0793 6.602824154255506e-14 2.148109851828226e-10 5190452
64.1255 6.479388555606475e-14 2.105571728791476e-10 5162808
64.1716 6.337431318330006e-14 2.063580462955935e-10 5130032
64.2178 6.230245926548337e-14 2.022372239589987e-10 5102844
64.264 6.087040184834664e-14 1.980142160150939e-10 5064404
64.3102 5.978419475818442e-14 1.941715261973119e-10 5041788
64.3564 5.856755521547504e-14 1.902164320849283e-10 5006048
64.4026 5.7283888174982e-14 1.863298118757624e-10 4974476
64.4488 5.627199806951944e-14 1.824659591099958e-10 4944876
64.495 5.490743555390544e-14 1.787951091936162e-10 4906532
64.5412 5.413534004140077e-14 1.754306692481875e-10 4887960
64.5874 5.27437093991944e-14 1.714441750249261e-10 4844576
64.6336 5.172528395065315e-14 1.679341288007815e-10 4814876
64.6798 5.078304191926012e-14 1.648168598736366e-10 4789392
64.726 4.942351576701524e-14 1.60851126982366e-10 4742684
64.7722 4.883847107769814e-14 1.583872186879897e-10 4734516
64.8184 4.746878452598102e-14 1.544890981707248e-10 4682588
64.8646 4.667198056869832e-14 1.516770171797203e-10 4661736
64.9108 4.564006924213966e-14 1.485327720932361e-10 4628360
64.957 4.454015271670227e-14 1.452571284395214e-10 4589408
65.0032 4.375057709316458e-14 1.422490823842259e-10 4560588
65.0494 4.272006405083097e-14 1.395008781145287e-10 4531724
65.0956 4.189849822605223e-14 1.366328367332775e-10 4499988
65.1418 4.090977697103362e-14 1.335002594140696e-10 4461728
65.188 3.999912729864391e-14 1.309734042601121e-10 4433484
65.2342 3.926122527110491e-14 1.282412937657736e-10 4405280
65.2804 3.809686080514903e-14 1.254182852244078e-10 4360472
65.3266 3.757662918240787e-14 1.228456984914812e-10 4339080
65.3728 3.654524459874332e-14 1.203355770583519e-10 4301396
65.419 3.575563562788032e-14 1.177724299711426e-10 4271340
65.4652 3.501058908627865e-14 1.153788149018533e-10 4239968
65.5114 3.401042673823099e-14 1.128173470680824e-10 4201116
65.5576 3.351130457499411e-14 1.106209226893726e-10 4177748
65.6038 3.244862214086923e-14 1.081487946438773e-10 4136636
65.65 3.190980170417961e-14 1.058865320311981e-10 4110516
65.6962 3.104309400123946e-14 1.036885772002865e-10 4075076
65.7424 3.023117812363916e-14 1.012836258092107e-10 4037220
65.7886 2.964254401391454e-14 9.922024015468632e-11 4008632
65.8348 2.870692480207312e-14 9.716584497004268e-11 3972800
65.881 2.831582809468032e-14 9.50543018927277e-11 3946224
65.9272 2.734281006351556e-14 9.302555908896644e-11 3908516
65.9734 2.679930992804593e-14 9.100294738526759e-11 3876912
66.0196 2.603093021385907e-14 8.887868086199959e-11 3839720
66.0658 2.532757593518715e-14 8.715664949571374e-11 3813012
66.112 2.482521486522657e-14 8.514588362804865e-11 3777968
66.1582 2.397749753903058e-14 8.317517300773616e-11 3737048
66.2044 2.350415118633127e-14 8.142786673247344e-11 3713520
66.2506 2.278254377988506e-14 7.964777332899269e-11 3677996
66.2968 2.21603375411702e-14 7.775712221137877e-11 3640800
66.343 2.155200520353431e-14 7.603535234831262e-11 3607976
66.3892 2.084436720637735e-14 7.422716635906287e-11 3570924
66.4354 2.042879329549745e-14 7.273243236943526e-11 3545936
66.4816 1.96937019404583e-14 7.089302107802383e-11 3506408
66.5278 1.91576945541219e-14 6.925677218609668e-11 3471600
66.574 1.856904523865164e-14 6.772158559683895e-11 3442172
66.6202 1.795443020410674e-14 6.612864997814061e-11 3407676
66.6664 1.746710626710393e-14 6.453049583760834e-11 3373964
66.7126 1.682321918253714e-14 6.28432569414142e-11 3336468
66.7588 1.634390122770608e-14 6.146425984311927e-11 3307520
66.805 1.574333633107014e-14 5.989603883464113e-11 3272000
66.8512 1.522202456624069e-14 5.847099976215974e-11 3237408
66.8974 1.464760605135216e-14 5.676906849648384e-11 3196721
66.9436 1.423274420621834e-14 5.568193416679351e-11 3179382
66.9898 1.370947357296199e-14 5.405942443004521e-11 3135572
67.036 1.327954650529628e-14 5.264405225167726e-11 3103196
67.0822 1.291629850772896e-14 5.142513157464751e-11 3079200
67.1284 1.256253517979015e-14 5.024159743108563e-11 3053732
67.1746 1.217156346046599e-14 4.88645252113503e-11 3018894
67.2208 1.182110234469857e-14 4.761097332373401e-11 2988590
67.267 1.153623575615723e-14 4.650756967890582e-11 2970498
67.3132 1.119607917471621e-14 4.529505924047455e-11 2938226
67.3594 1.090735894786824e-14 4.420112391001384e-11 2910458
67.4056 1.060072805080175e-14 4.299649609445979e-11 2883180
67.4518 1.034823724452378e-14 4.19892134827624e-11 2860964
67.498 1.006817115869601e-14 4.094296415561452e-11 2833284
67.5442 9.812212457879157e-15 3.996094805665672e-11 2808758
67.5904 9.555011918121938e-15 3.885841495477083e-11 2780862
67.6366 9.322149553618839e-15 3.797251351490924e-11 2758742
67.6828 9.09154781917696e-15 3.703432028382476e-11 2734520
67.729 8.8531828044625e-15 3.609835338525071e-11 2707878
67.7752 8.645888703491637e-15 3.521420693645533e-11 2685368
67.8214 8.429230054483415e-15 3.431189759757256e-11 2660304
67.8676 8.241386905613261e-15 3.362649051782205e-11 2642216
67.9138 8.016840699419256e-15 3.262257415552931e-11 2610312
67.96 7.844521179597245e-15 3.195588348041109e-11 2593256
68.0062 7.653691788279458e-15 3.115712433872587e-11 2569946
68.0524 7.452634021679508e-15 3.034914499032747e-11 2542752
68.0986 7.294822614742876e-15 2.974499246919205e-11 2526218
68.1448 7.127307251768545e-15 2.898988559533761e-11 2501610
68.191 6.93903680708995e-15 2.828680906121843e-11 2479202
68.2372 6.796546350533167e-15 2.768629373289832e-11 2457824
68.2834 6.622451304366785e-15 2.697493996954713e-11 2436522
68.3296 6.461763861617033e-15 2.632954045452291e-11 2413964
68.3758 6.342536657153724e-15 2.582123993955589e-11 2396034
68.422 6.160841017962671e-15 2.514280977954985e-11 2369162
68.4682 6.041922293366048e-15 2.460751345803382e-11 2354394
68.5144 5.8935377119473e-15 2.406184374590797e-11 2332340
68.5606 5.753251890995881e-15 2.346287555432358e-11 2309150
68.6068 5.616359552718733e-15 2.294494352465232e-11 2288172
68.653 5.494094785740996e-15 2.244173602490452e-11 2269922
68.6992 5.369543877456403e-15 2.194965854021272e-11 2250780
68.7454 5.238934988491203e-15 2.143743701684375e-11 2229338
68.7916 5.123807927118608e-15 2.097605580429494e-11 2210772
68.8378 5.00415338136873e-15 2.051128275235691e-11 2192108
68.884 4.8852156368732e-15 2.002344043290029e-11 2170988
68.9302 4.785340552178168e-15 1.962755323881102e-11 2152722
68.9764 4.666052869534132e-15 1.916892243244575e-11 2132996
69.0226 4.566115044350795e-15 1.877753739533601e-11 2117244
69.0688 4.451176149488722e-15 1.831273735322861e-11 2092700
69.115 4.348260682301491e-15 1.791359082959722e-11 2074508
69.1612 4.260715148497688e-15 1.757020362502622e-11 2061852
69.2074 4.161749593791375e-15 1.718498899298364e-11 2041724
69.2536 4.058156632776275e-15 1.676175757033708e-11 2018460
69.2998 3.965792151491092e-15 1.642647678799585e-11 2003006
69.346 3.883709116796646e-15 1.608149472592088e-11 1989396
69.3922 3.792643890935697e-15 1.571736157045122e-11 1968260
69.4384 3.699807842337443e-15 1.535946427197663e-11 1946780
69.4846 3.621796076840642e-15 1.505308159861589e-11 1934142
69.5308 3.544089816521082e-15 1.474657391346795e-11 1918124
69.577 3.452043108213627e-15 1.437283465067455e-11 1896468
69.6232 3.377488018338753e-15 1.407509462639541e-11 1879406
69.6694 3.301677181279303e-15 1.378306034265099e-11 1864284
69.7156 3.236291751790443e-15 1.351931925768012e-11 1850846
69.7618 3.147474490988504e-15 1.317713406754727e-11 1826084
69.808 3.088072839535591e-15 1.292305229328591e-11 1814094
69.8542 3.015239683443332e-15 1.264440458145019e-11 1799300
69.9004 2.945604384394685e-15 1.236841694804116e-11 1780710
69.9466 2.881860473110536e-15 1.209982010864015e-11 1764884
69.9928 2.810786697197216e-15 1.182960956441785e-11 1744434
70.039 2.756491447024928e-15 1.159534865083987e-11 1734356
70.0852 2.691939225825191e-15 1.135469033486442e-11 1717670
70.1314 2.624965063361982e-15 1.108011690674033e-11 1697718
70.1776 2.567819814219565e-15 1.085053350507512e-11 1682948
70.2238 2.517496606285864e-15 1.064545839389616e-11 1670502
70.27 2.460096219558387e-15 1.040433822893954e-11 1654382
70.3162 2.399520573856603e-15 1.018351013950656e-11 1635902
70.3624 2.350292390004193e-15 9.962059070072234e-12 1623948
70.4086 2.29248844233934e-15 9.759332316461488e-12 1607870
70.4548 2.244523346623104e-15 9.53828451212403e-12 1591710
70.501 2.194122973711559e-15 9.344468333859814e-12 1575254
70.5472 2.146483404308571e-15 9.157685605592625e-12 1565550
70.5934 2.094006260033503e-15 8.940245107641722e-12 1546364
70.6396 2.04997038706841e-15 8.755106997980154e-12 1531526
70.6858 2.000126654471103e-15 8.561695100883306e-12 1516926
70.732 1.965750244724994e-15 8.413066689504355e-12 1508390
70.7782 1.911826441293925e-15 8.205491033010347e-12 1486182
70.8244 1.875098577493895e-15 8.043945560767018e-12 1475414
70.8706 1.826146963056621e-15 7.85790139011111e-12 1459662
70.9168 1.791148554193583e-15 7.704650042235775e-12 1447358
70.963 1.750313112685002e-15 7.543993475230814e-12 1433654
71.0092 1.709903421853892e-15 7.376040666687631e-12 1417218
71.0554 1.674942126139297e-15 7.231589529643951e-12 1405838
71.1016 1.63499370021854e-15 7.073125909895584e-12 1392414
71.1478 1.597069359660968e-15 6.915067829229555e-12 1376246
71.194 1.56233927841549e-15 6.769947875001362e-12 1363542
71.2402 1.530121683398838e-15 6.642096925502934e-12 1352918
71.2864 1.495821296087679e-15 6.499683890076662e-12 1338134
71.3326 1.460787540538855e-15 6.360127460255163e-12 1323840
71.3788 1.427005896176283e-15 6.209776496685754e-12 1308782
71.425 1.397629792306835e-15 6.095938756481512e-12 1301238
71.4712 1.364434589325167e-15 5.958708612870748e-12 1284854
71.5174 1.333234518603225e-15 5.828494933172539e-12 1268942
71.5636 1.307822545573824e-15 5.726672205806348e-12 1261590
71.6098 1.276317255658593e-15 5.589552169528116e-12 1247528
71.656 1.248463239271791e-15 5.47276352799885e-12 1233438
71.7022 1.217457058690274e-15 5.348951832693124e-12 1217750
71.7484 1.194649666878764e-15 5.252594614226026e-12 1213134
71.7946 1.167750870202463e-15 5.143647479861246e-12 1197782
71.8408 1.139562013671132e-15 5.016999610681403e-12 1180700
71.887 1.115141757195716e-15 4.919238451066938e-12 1171854
71.9332 1.092177821796361e-15 4.825194449440443e-12 1163174
71.9794 1.064732093457222e-15 4.709567560309296e-12 1146192
72.0256 1.041801979828317e-15 4.613180637701912e-12 1135046
72.0718 1.02029139931349e-15 4.51762989452871e-12 1124070
72.118 9.98667224030799e-16 4.427375463546701e-12 1113638
72.1642 9.741776148182463e-16 4.330011038037708e-12 1100408
72.2104 9.527268304016128e-16 4.234743194237415e-12 1087734
72.2566 9.317724243493171e-16 4.148238783716388e-12 1078334
72.3028 9.120502948524618e-16 4.058419457107483e-12 1066848
72.349 8.927757859818096e-16 3.982555448883255e-12 1055558
72.3952 8.694471106049449e-16 3.885079287740718e-12 1039512
72.4414 8.524158427475021e-16 3.809116206514264e-12 1034006
72.4876 8.339275542044732e-16 3.733605150714594e-12 1023206
72.5338 8.138817295927869e-16 3.643056489717456e-12 1008276
72.58 7.951969292007592e-16 3.567124263905072e-12 996998
72.6262 7.800375458214884e-16 3.502801729825947e-12 990336
72.6724 7.617180889790458e-16 3.423401361776334e-12 977246
72.7186 7.435899719307142e-16 3.34676412558863e-12 964328
72.7648 7.266961845082117e-16 3.272720608254678e-12 955686
72.811 7.118646855272771e-16 3.213458261625835e-12 947630
72.8572 6.956670167442764e-16 3.139083264086868e-12 932496
72.9034 6.807402765551464e-16 3.076604055575152e-12 923126
72.9496 6.646117555136104e-16 3.010137094146727e-12 915264
72.9958 6.483918039614671e-16 2.935989979153111e-12 902150
73.042 6.360708934035801e-16 2.887341909836246e-12 893672
73.0882 6.201619217220153e-16 2.815396856093418e-12 880782
73.1344 6.07924530214787e-16 2.764419225542794e-12 875360
73.1806 5.935149163789602e-16 2.702649310862932e-12 862326
73.2268 5.7991441071105e-16 2.643503989953245e-12 852140
73.273 5.664087940245361e-16 2.583444114662539e-12 842544
73.3192 5.52757575709133e-16 2.527138757998855e-12 832910
73.3654 5.422550085478011e-16 2.479965311947625e-12 824288
73.4116 5.288592118958014e-16 2.425165322715813e-12 812262
73.4578 5.177642498621362e-16 2.372982240671895e-12 804728
73.504 5.05176753471537e-16 2.319394135147433e-12 795486
73.5502 4.929248557087572e-16 2.266686082502004e-12 784520
73.5964 4.816835194280188e-16 2.217339238598573e-12 773576
73.6426 4.712451414364586e-16 2.173545573838922e-12 767574
73.6888 4.6149702602687e-16 2.126848469581712e-12 757976
73.735 4.49575339804744e-16 2.077775328319469e-12 747246
73.7812 4.381165186480211e-16 2.028258247060062e-12 736088
73.8274 4.302225313684833e-16 1.994257187234526e-12 733116
73.8736 4.183246580773277e-16 1.942319142551234e-12 720086
73.9198 4.096075790942507e-16 1.899184090944274e-12 710432
73.966 3.998128912187609e-16 1.860395778482682e-12 702960
74.0122 3.903680423690494e-16 1.818519696016056e-12 695102
74.0584 3.812963126916273e-16 1.777802407375823e-12 685680
74.1046 3.708424405477634e-16 1.733867380458039e-12 674000
74.1508 3.634623855206457e-16 1.698372398998969e-12 669294
74.197 3.551991641165005e-16 1.662372339053002e-12 661064
74.2432 3.454156707475804e-16 1.621399868684515e-12 649664
74.2894 3.383123716287152e-16 1.586744364189706e-12 641262
74.3356 3.295851978616972e-16 1.550735886114995e-12 636632
74.3818 3.219610197093978e-16 1.515465883847564e-12 627324
74.428 3.130913273459848e-16 1.476306406870458e-12 615680
74.4742 3.057153846507215e-16 1.442568852528085e-12 607974
74.5204 2.996818574262193e-16 1.417817291484134e-12 604784
74.5666 2.909320123114752e-16 1.376857024385761e-12 593216
74.6128 2.837673114830152e-16 1.346151730088242e-12 583830
74.659 2.775006063129555e-16 1.316294395910057e-12 578624
74.7052 2.6995004066441e-16 1.283843209339338e-12 571152
74.7514 2.639245520702488e-16 1.256459521518276e-12 562616
74.7976 2.557971484042042e-16 1.222374384015614e-12 551246
74.8438 2.511394974232552e-16 1.197645562437514e-12 549072
74.89 2.442822145377567e-16 1.168481975778171e-12 540848
74.9362 2.366836436853595e-16 1.135158218749477e-12 529620
74.9824 2.319701580396507e-16 1.112330712180978e-12 523232
75.0286 2.257593433462576e-16 1.084982508820369e-12 518286
75.0748 2.206007765867643e-16 1.062237207176938e-12 511160
75.121 2.134510513590463e-16 1.029277895645006e-12 500648
75.1672 2.081322658379034e-16 1.005803330793614e-12 493848
75.2134 2.035411280734799e-16 9.837076613662192e-13 489776
75.2596 1.974995189019463e-16 9.584288254767474e-13 480798
75.3058 1.926117734448944e-16 9.353364911043158e-13 472664
75.352 1.872597368743828e-16 9.109907300405145e-13 467208
75.3982 1.829230706570246e-16 8.900897207362499e-13 461456
75.4444 1.769949941713029e-16 8.653811146040527e-13 451988
75.4906 1.719288784995366e-16 8.414178658955025e-13 443496
75.5368 1.682764000111993e-16 8.245395598362998e-13 441638
75.583 1.636046976127609e-16 8.042763866503422e-13 433968
75.6292 1.59136985485963e-16 7.83911924801086e-13 425888
75.6754 1.543091246027341e-16 7.606429789334392e-13 417600
75.7216 1.501889071957331e-16 7.429409522302951e-13 414632
75.7678 1.45876562845406e-16 7.229909353604411e-13 407024
75.814 1.418061352511358e-16 7.043845611760672e-13 399048
75.8602 1.380215111688509e-16 6.885301184051443e-13 393878
75.9064 1.342564869846401e-16 6.696303573902418e-13 389196
75.9526 1.299864824728111e-16 6.503742891302882e-13 380816
75.9988 1.259180894724059e-16 6.333507851555445e-13 373160
76.045 1.230492984811071e-16 6.183554316839692e-13 370176
76.0912 1.19514605230901e-16 6.036235149232651e-13 364856
76.1374 1.156433301389203e-16 5.852267261209155e-13 356088
76.1836 1.122321412877105e-16 5.706946407589633e-13 348848
76.2298 1.09083133525245e-16 5.561238718328713e-13 347208
76.276 1.056811137194957e-16 5.406847078761178e-13 339944
76.3222 1.021201012203571e-16 5.226526408849374e-13 331856
76.3684 9.971539748761633e-17 5.14296830866758e-13 327150
76.4146 9.69067206256542e-17 5.009176176995519e-13 324092
76.4608 9.359584773955946e-17 4.854992825233299e-13 316944
76.507 9.048482793226691e-17 4.708515666810653e-13 309512
76.5532 8.773545939850085e-17 4.597873422552754e-13 305496
76.5994 8.544862108941967e-17 4.484520858219558e-13 301904
76.6456 8.22655834604659e-17 4.34587337501084e-13 293552
76.6918 7.975771709916567e-17 4.214560827067902e-13 287328
76.738 7.764896711280373e-17 4.137941308450571e-13 285656
76.7842 7.502774637889782e-17 4.012481798287095e-13 279936
76.8304 7.251075557497178e-17 3.896430967859566e-13 273404
76.8766 6.953352371183773e-17 3.749081541433426e-13 264384
76.9228 6.833417780495874e-17 3.72515377334744e-13 266672
76.969 6.588991600302603e-17 3.587754542568156e-13 259208
77.0152 6.31942021122089e-17 3.480635161900819e-13 252216
77.0614 6.127046881744805e-17 3.373871579107165e-13 247088
77.1076 5.961073308075108e-17 3.312799590127611e-13 245664
77.1538 5.750658408271353e-17 3.218238884905991e-13 239288
77.2 5.511023603923329e-17 3.101359893332151e-13 231968
77.2462 5.368241835604018e-17 3.03797386864084e-13 229608
77.2924 5.185314559391923e-17 2.958260958967294e-13 226340
77.3386 4.976746439834806e-17 2.855211288443731e-13 219360
77.3848 4.787481464307731e-17 2.766814518896742e-13 213104
77.431 4.685419052482725e-17 2.725173606668661e-13 213024
77.4772 4.513707743372863e-17 2.647541255988415e-13 208088
77.5234 4.296101218866474e-17 2.540778655515568e-13 200336
77.5696 4.154566366104137e-17 2.473780616924833e-13 195552
77.6158 4.06394588985251e-17 2.44462260073896e-13 196328
77.662 3.878698903094696e-17 2.345254655435299e-13 189792
77.7082 3.726365728539853e-17 2.277388431901196e-13 183908
77.7544 3.586371848485165e-17 2.212338964811113e-13 179424
77.8006 3.507593521910947e-17 2.179985634576894e-13 178760
77.8468 3.336031802557664e-17 2.092092341575042e-13 172928
77.893 3.205876271117294e-17 2.022950784211284e-13 167352
77.9392 3.098976795125317e-17 1.985963563689506e-13 164984
77.9854 2.984490788089707e-17 1.932143286866605e-13 161736
78.0316 2.878291059545584e-17 1.869127730108965e-13 157112
78.0778 2.730603393332179e-17 1.796319315335133e-13 150848
78.124 2.671990736517589e-17 1.785017854582012e-13 151332
78.1702 2.559873333820606e-17 1.728117491457222e-13 146720
78.2164 2.433663909302897e-17 1.648694875442621e-13 140874
78.2626 2.335537082586728e-17 1.603584958519362e-13 136832
78.3088 2.30423175540808e-17 1.606689116058918e-13 137904
78.355 2.17057682467905e-17 1.528230907067855e-13 131384
78.4012 2.062328281655956e-17 1.462680536744709e-13 126248
78.4474 1.996416551668397e-17 1.439218442210623e-13 124152
78.4936 1.951396734451573e-17 1.426830557579686e-13 123896
78.5398 1.8352517933936e-17 1.356232125811894e-13 117588
78.586 1.737349551070292e-17 1.293312692803948e-13 112160
78.6322 1.709985416837101e-17 1.294652884936075e-13 112488
78.6784 1.641061075532708e-17 1.262013218461512e-13 110072
78.7246 1.54966476179012e-17 1.205131621281217e-13 104906
78.7708 1.450274107321316e-17 1.135751126113245e-13 98880
78.817 1.450709634837627e-17 1.162335953683461e-13 101408
78.8632 1.375523939675814e-17 1.112425454823777e-13 97128
78.9094 1.29495440429271e-17 1.061917665061587e-13 92504
78.9556 1.223752520218213e-17 1.013231119819416e-13 88308
79.0018 1.210684481641824e-17 1.03176902389916e-13 89504
79.048 1.142126959024048e-17 9.757233444102223e-14 85064
79.0942 1.077781746355495e-17 9.289465357155384e-14 80856
79.1404 1.032059976482536e-17 9.086838779382788e-14 78914
79.1866 1.004887360001149e-17 9.039404512796032e-14 77928
79.2328 9.389069467189256e-18 8.524872390069506e-14 73760
79.279 8.853607552016527e-18 8.07543360310611e-14 69752
79.3252 8.767852449054024e-18 8.201210125546368e-14 70788
79.3714 8.190509223305314e-18 7.801780005527321e-14 66920
79.4176 7.691891516323535e-18 7.367075690139731e-14 63192
79.4638 7.193043084803644e-18 6.963984366826054e-14 59594
79.51 7.365756976521308e-18 7.363169512462605e-14 62760
79.5562 6.633910190115651e-18 6.682192553888179e-14 56720
79.6024 6.207730526691975e-18 6.305523965746344e-14 53384
79.6486 5.997982487123589e-18 6.166068148845883e-14 52272
79.6948 5.996734612022252e-18 6.345176228482673e-14 53456
79.741 5.329747751020558e-18 5.701700722220925e-14 47676
79.7872 4.922570770105279e-18 5.280141517588731e-14 44234
79.8334 4.969547846182223e-18 5.434964384728528e-14 45288
79.8796 4.825136050358125e-18 5.403897810381667e-14 44960
79.9258 4.200673329394205e-18 4.764965031218475e-14 39344
79.972 3.803447178470985e-18 4.3229151041564e-14 35664
80.0182 4.149336520262566e-18 4.806994980458771e-14 39440
80.0644 3.838473486796363e-18 4.542537357321781e-14 37194
80.1106 3.257908189167056e-18 3.866438506341108e-14 31484
80.1568 2.948788827096442e-18 3.543303522445412e-14 28848
80.203 3.336774614174892e-18 4.111707001267725e-14 33200
80.2492 2.984627267381412e-18 3.744039434176092e-14 30056
80.2954 2.464448225336234e-18 3.065633474860951e-14 24570
80.3416 2.37070813978256e-18 2.985157781741027e-14 23936
80.3878 2.580467412693202e-18 3.343401201129877e-14 26640
80.434 2.266917950927779e-18 2.989778167117911e-14 23624
80.4802 1.73736245401247e-18 2.283924225796589e-14 18020
80.5264 1.934172378494385e-18 2.534421366796086e-14 19986
80.5726 1.959199317962978e-18 2.642201426087886e-14 20744
80.6188 1.677615809344655e-18 2.314831609403777e-14 18000
80.665 1.140216476267442e-18 1.558191830568001e-14 12152
80.7112 1.538147496731776e-18 2.13136353156734e-14 16488
80.7574 1.451449997836779e-18 2.036127931111302e-14 15698
80.8036 1.193612175772601e-18 1.707489145406455e-14 13136
80.8498 7.586617898903841e-19 1.065866025503472e-14 8196
80.896 1.1311069709158e-18 1.640628566253682e-14 12488
80.9422 1.021519632056935e-18 1.474708058647468e-14 11250
80.9884 7.940257029090207e-19 1.184218467525595e-14 8984
81.0346 5.233127269404592e-19 7.571432681886478e-15 5736
81.0808 7.507183283498873e-19 1.122700681932339e-14 8456
81.127 6.672687378062315e-19 9.870288508190505e-15 7448
81.1732 4.849261013956564e-19 7.398074295260697e-15 5538
81.2194 3.40417405148682e-19 5.205780188620132e-15 3884
81.2656 4.571974792847626e-19 6.999709312820196e-15 5208
81.3118 3.887757989174804e-19 5.922252927253546e-15 4424
81.358 1.927095829054035e-19 2.953994577069844e-15 2186
81.4042 2.657366138081551e-19 4.247306987731595e-15 3120
81.4504 2.398759100243795e-19 3.699507648613581e-15 2744
81.4966 1.902926767912204e-19 2.928651129083094e-15 2184
81.5428 7.70406319462233e-20 1.249137930913722e-15 902
81.589 1.257266786822495e-19 1.994078832359175e-15 1464
81.6352 9.39086068738413e-20 1.423276378522853e-15 1064
81.6814 6.159507826391851e-20 1.012026651565605e-15 728
81.7276 1.984921031364383e-20 3.780258506689689e-16 258
81.7738 2.964758897322726e-20 4.814274519452985e-16 344
81.82 1.517913517579079e-20 2.153063666564548e-16 168
81.8662 5.029876652255054e-21 7.477838234770658e-17 56
81.9124 3.253450813930107e-22 9.376855822708596e-18 7


0.0461999 0.3123221054823871 0.005443932340534836 18
0.0923998 1.322831331917688 0.03198726886260158 62
0.1386 1.170244953689864 0.04600796659472742 98
0.1848 1.619519233146877 0.09799606944295473 210
0.230999 1.051686604455078 0.1653438253821514 350
0.277199 0.6752015260617541 0.1582362179179891 450
0.323399 0.549283186307996 0.1593833925945831 602
0.369599 0.4525824570602179 0.1656839383798246 762
0.415799 0.5552562957736402 0.1728734496839672 1142
0.461999 0.3988064284198531 0.1723019161223116 1250
0.508199 0.3653550516198705 0.1747633339771534 1458
0.554399 0.3458544321454917 0.1963631628011598 1814
0.600599 0.3247581614315508 0.2050238992101013 2178
0.646798 0.2951582862628355 0.2004519229494545 2498
0.692998 0.228607617511573 0.1912968036935532 2622
0.739198 0.2594971455317393 0.2110427408735181 3338
0.785398 0.2316749458463981 0.2028485123313779 3722
0.831598 0.2249814121094021 0.2101437763844516 4170
0.877798 0.1980082727768431 0.2023163920492206 4358
0.923998 0.1941251637958673 0.2161298819518566 5034
0.970198 0.1750530716552203 0.2290242385994257 5714
1.0164 0.1615260113612146 0.2279516403233813 5982
1.0626 0.1610956645037487 0.2389856178930461 6602
1.1088 0.1533479495870342 0.2357826163828758 7130
1.155 0.1502964512312525 0.2612012917860342 8034
1.2012 0.1415207672068091 0.2687124311392667 8606
1.2474 0.1369082346838965 0.2726383315271264 9066
1.2936 0.1277362830199908 0.2957348728144568 9962
1.3398 0.1218591138778529 0.2953039136647658 10550
1.386 0.1173048055535331 0.3063930185669489 11226
1.4322 0.1168169167013177 0.3241684281772377 12146
1.4784 0.1052315074963894 0.320556974839173 12606
1.5246 0.1073752240580478 0.3370054535704892 13802
1.5708 0.1054128000031075 0.3520426443619142 14754
1.617 0.1003678373891001 0.3480841547518767 15194
1.6632 0.09602830991069002 0.3645462460928152 16454
1.7094 0.0916655262054949 0.3662244876713315 17154
1.7556 0.08955817102259968 0.3694849989626326 18266
1.8018 0.08537331017514578 0.3677560405214249 18750
1.848 0.08496588046383105 0.3756821947228893 20234
1.8942 0.08374979809966025 0.3813023556229087 21450
1.9404 0.07801686693201537 0.3806933143848223 21962
1.9866 0.07775789492590478 0.3889049484743621 23462
2.0328 0.07237376948432785 0.3835423620683107 24042
2.079 0.07244481581105722 0.394612775262809 25946
2.1252 0.06962797354801203 0.3803626373729229 26118
2.17139 0.06743593051451766 0.387550920876288 27506
2.21759 0.06668485150425471 0.3921505140287936 29066
2.26379 0.06417408699844548 0.3941088262503875 30450
2.30999 0.06384869344604013 0.3996144951061729 31742
2.35619 0.05968640540005198 0.3990518022887352 32250
2.40239 0.05917228346633475 0.4027798997018571 34250
2.44859 0.05682310288799119 0.4012342873099196 35454
2.49479 0.05423721395446784 0.4052761335256065 36434
2.54099 0.05324547784539119 0.3985370347938023 37682
2.58719 0.0527149047494952 0.4006578421746962 39294
2.63339 0.05172798989672624 0.4084446327821273 41426
2.67959 0.04911257589734855 0.3929849010450956 42066
2.72579 0.0466471379689474 0.3961905078803695 43490
2.77199 0.04689645025961423 0.4034319353226822 45702
2.81819 0.0449706170103293 0.400656203516595 46634
2.86439 0.04399442330205074 0.3981132861938688 48554
2.91059 0.04132340108042689 0.388889690076056 48870
2.95679 0.04122987101677876 0.3987615406055108 51554
3.00299 0.04029538562729364 0.3996891545951014 54090
3.04919 0.03801522889174323 0.38474129268699 54314
3.09539 0.03737795854972905 0.3902465453568101 56910
3.14159 0.03572936342260882 0.3788750322028635 57482
3.18779 0.0351546706257491 0.382180832247581 60626
3.23399 0.03338729782299222 0.3776567416195866 61206
3.28019 0.03216921742172021 0.3728482260593374 62570
3.32639 0.03212227342431738 0.3836533344168226 65730
3.37259 0.03060783244141214 0.373865400202528 66686
3.41879 0.03010958279032579 0.3768909163912251 69698
3.46499 0.02853783575967885 0.3661775611524887 70026
3.51119 0.02777666909712941 0.3703030112784111 72746
3.55739 0.02744424827563129 0.3692389454153073 74910
3.60359 0.02622127716056007 0.3681126143093903 75722
3.64979 0.02572544854149889 0.369129664416883 78378
3.69599 0.02487006445229365 0.3702645935061459 80030
3.74219 0.02435503164316213 0.3711234787774932 83186
3.78839 0.02351599590257739 0.3658236631995352 84666
3.83459 0.02298858548504254 0.3647674942369716 86546
3.88079 0.02189433124307712 0.3614903232370941 88134
3.92699 0.02167790480792894 0.3697533461534619 91538
3.97319 0.02100242357889594 0.3658058265343291 93138
4.01939 0.02030025303493748 0.3596592556496492 94478
4.06559 0.01982339852158645 0.3639825971362484 97274
4.11179 0.01934954926060056 0.3622009031157031 99690
4.15799 0.01883565623513395 0.3628235980079391 102590
4.20419 0.0182603420110415 0.3578704258721339 103770
4.25039 0.01772466802660053 0.3578728746944927 106346
4.29659 0.01727544270075461 0.3566625798543834 108546
4.34279 0.01677478577840127 0.3546572215504669 110726
4.38899 0.01620866904503061 0.3488109369216671 112322
4.43519 0.01582279035520586 0.3519426547967562 115890
4.48139 0.01545582445234591 0.3508677383148814 118766
4.52759 0.01521513507540029 0.355159207275375 122298
4.57379 0.01449428687781682 0.3462157201141862 122090
4.61999 0.01420765591486731 0.3463814052263484 125810
4.66619 0.01372290419444773 0.341488279640941 128190
4.71239 0.01354215962725776 0.3411676781787711 130994
4.75859 0.01305088051463113 0.339604848100919 133722
4.80479 0.01258133349517361 0.3320121280094304 133886
4.85099 0.01259058163382836 0.3400029281341371 140538
4.89719 0.01196144550263647 0.3311535570540147 140594
4.94339 0.01171064462885654 0.329329550512379 143594
4.98959 0.01138432457274577 0.327140571233781 146310
5.03579 0.01119249500888831 0.3286037362885786 150650
5.08199 0.01082769022590051 0.3219470557794407 151914
5.12819 0.01049236170358575 0.3173399506699808 153398
5.17439 0.01024522277239352 0.3170235803322183 157866
5.22059 0.009965581585934668 0.3152037832554609 160658
5.26679 0.009855334194405124 0.3154751424568454 164102
5.31299 0.009485858306990077 0.3072415493405445 164994
5.35919 0.009342931136648904 0.309844340844969 169850
5.40539 0.008998837049303949 0.3063323165351829 172986
5.45159 0.008710096202826183 0.2997744959557511 173894
5.49779 0.008480543122292043 0.2970654885932729 176778
5.54399 0.008430354547379417 0.3010081812792482 181802
5.59019 0.008170676239956865 0.2986497377855901 184430
5.63639 0.007971975459293882 0.2941803784429833 187242
5.68259 0.00781708421238273 0.2927556259361813 190250
5.72879 0.007605787581773009 0.2890962616801574 192570
5.77499 0.007473744034771582 0.2910575343281571 198254
5.82119 0.007199717420937351 0.2846962565101693 198074
5.86739 0.00704595277944504 0.2834606526138931 202050
5.91359 0.006879676142884566 0.2836804551039269 205502
5.95979 0.006802749699688927 0.2830548373980297 210666
6.00599 0.006618961425461104 0.2786972451534053 212426
6.05219 0.006433791721494642 0.2773058404013937 213918
6.09839 0.006399070653810553 0.2786881810642014 220994
6.14459 0.006157809312835973 0.2740859199808295 221522
6.19079 0.006035699817795618 0.2723108863547717 226314
6.23699 0.005847701960936453 0.2677214451908943 227294
6.28319 0.00582513837736058 0.2679807999340936 232962
6.32939 0.005698840621736356 0.2675426872377122 237818
6.37559 0.005545307543974947 0.2619183401927101 238398
6.42178 0.005367193869248683 0.2612981322865856 241418
6.46798 0.00530017140495587 0.2610596648475302 246818
6.51418 0.005169224028888288 0.258835557755435 249906
6.56038 0.0050736943612109 0.2585100542224728 254702
6.60658 0.004911561285474547 0.2499948436911988 254418
6.65278 0.004855810043016867 0.2526097774819367 260354
6.69898 0.004771414617776442 0.2502667808024319 264974
6.74518 0.004688153286631567 0.2493838695870776 268722
6.79138 0.004552091903085938 0.2466962547129065 271562
6.83758 0.00447404877138969 0.2442601490054432 275586
6.88378 0.004385362938994389 0.2433368928538961 280190
6.92998 0.004270632127323353 0.2396650967689982 282834
6.97618 0.004153688564688444 0.2384983066953187 285170
7.02238 0.004062508067986539 0.2367112887425064 289886
7.06858 0.003993774927111243 0.2350355704449472 294474
7.11478 0.003946545962821883 0.2337416993447119 299498
7.16098 0.003826104987928985 0.22848524082303 299958
7.20718 0.003755814444184959 0.228028651235526 305858
7.25338 0.003693076919798528 0.2270691716327724 310794
7.29958 0.003609013178744969 0.2241965043342543 313082
7.34578 0.003515703388461357 0.2213596359964473 316046
7.39198 0.003481149758971465 0.2201656676882255 322218
7.43818 0.003418585876224269 0.2193314207445193 328562
7.48438 0.003308458754688617 0.2150967095814236 327990
7.53058 0.003271404757192288 0.2154799576414589 335282
7.57678 0.003153652434630959 0.2104419360198066 335970
7.62298 0.003146156593910368 0.211596307341952 344066
7.66918 0.003029452853721708 0.2059057194109624 343718
7.71538 0.002998395528030371 0.2070880988764948 351498
7.76158 0.002939754519029986 0.2043536613745393 354458
7.80778 0.002860426118017418 0.2019154351603234 358566
7.85398 0.002839214813322883 0.2016636724327259 366122
7.90018 0.002741559361025258 0.1969675435245811 365810
7.94638 0.002703760742884826 0.1967953573434933 371622
7.99258 0.002646488996423021 0.194742512284355 375986
8.03878 0.002601288226621085 0.1931676630442827 382170
8.08498 0.002525092395153624 0.1889181121431638 381818
8.13118 0.002492259281746467 0.1891470266778441 389574
8.17738 0.002438134082066913 0.187571955662456 393698
8.22358 0.002392623056446531 0.1857830859526511 399458
8.26978 0.002338548115346818 0.1840058660099141 402222
8.31598 0.002300120842486544 0.1820399279519906 406922
8.36218 0.002263312677686824 0.1800032825737247 412842
8.40838 0.002207691022794038 0.1779404804837035 415346
8.45458 0.002168004313650639 0.1765978203320852 421182
8.50078 0.002126673568087238 0.1749626027164755 425018
8.54698 0.002091791629426606 0.1739915987859202 431138
8.59318 0.002043028975663315 0.1711164518716579 434382
8.63938 0.002006700884867583 0.1699861541280021 439514
8.68558 0.001972237497844268 0.1690643080105767 444738
8.73178 0.001929096378162084 0.1673571028182862 448910
8.77798 0.001877330702985853 0.1643888062294031 450618
8.82418 0.001859585914835107 0.1642361580388713 459554
8.87038 0.001827657400224102 0.1633163618468144 463106
8.91658 0.001786055444946205 0.1609122121850816 467094
8.96278 0.001764809641185138 0.1607030252828716 474938
9.00898 0.001716120303389155 0.1579785249369287 477186
9.05518 0.001700074735910485 0.1571657488592268 484670
9.10138 0.001659623315423759 0.1555123253128159 487010
9.14758 0.001632134017776581 0.154421663096498 493314
9.19378 0.001595024625291151 0.1523691378088869 496322
9.23998 0.00156605627164676 0.1509820933105496 501702
9.28618 0.001551583210683069 0.1503711513241173 508562
9.33238 0.001520990634249347 0.1488985018264591 514242
9.37858 0.001485438544634638 0.1464081546546726 516158
9.42478 0.001461459803532467 0.1457053948842476 522602
9.47098 0.001442485526582751 0.1459462161655025 530658
9.51718 0.001403218104478583 0.1428165519122951 530042
9.56338 0.001382684503542082 0.1418316769532013 538878
9.60958 0.001364189144231335 0.1404505601381708 544130
9.65578 0.001342165561620219 0.1405599444211816 551106
9.70198 0.001310973522486033 0.1385498170832145 553982
9.74818 0.001288518555929205 0.1366742361508784 558242
9.79438 0.001262516600595661 0.1362004641924625 564546
9.84058 0.001244694382885337 0.1346721786330185 570494
9.88678 0.001226569778997866 0.1337657945472203 576762
9.93298 0.001196003818862659 0.1322569377156091 578234
9.97918 0.001182424364714528 0.1315547183243118 585666
10.0254 0.00116788852741473 0.130567971176774 594446
10.0716 0.001137669301781854 0.1283662428654894 595250
10.1178 0.00112618849656787 0.1280544328918626 603402
10.164 0.00110457297531302 0.1264103596920772 607382
10.2102 0.001088024862907449 0.1263662857925577 617010
10.2564 0.001058675476342416 0.123837042172575 616778
10.3026 0.001044495510796929 0.1229836649385615 624746
10.3488 0.00102705411113039 0.1216423477701909 628062
10.395 0.001014479558130763 0.1217488889019765 639410
10.4412 0.0009957684117900963 0.1196538729317856 642954
10.4874 0.000974070963708516 0.1189441752952451 645974
10.5336 0.000959548830674145 0.1176325161010857 653490
10.5798 0.0009440979069666293 0.1169315416082202 660746
10.626 0.0009285678118316228 0.115675947593729 664646
10.6722 0.0009080943378502507 0.1142179778701282 667290
10.7184 0.0009005745121498967 0.1135733373624492 679034
10.7646 0.0008828335256721126 0.1123587221106573 682722
10.8108 0.0008671115642185612 0.1123437282217152 691238
10.857 0.0008452177707659584 0.1097927098645427 688602
10.9032 0.0008389986054017845 0.1097013131848722 700826
10.9494 0.0008274367753514216 0.1081989953917111 705662
10.9956 0.0008070138120007367 0.1072668151537576 710082
11.0418 0.0007995321435561095 0.1065719302488606 719162
11.088 0.0007829622874602833 0.1054256141927992 722250
11.1342 0.000771335855441779 0.1049026234194258 731510
11.1804 0.0007549596442062447 0.1033943373740446 736442
11.2266 0.0007436926574420412 0.1028004172851701 740898
11.2728 0.0007323082331787145 0.1020079971056357 750158
11.319 0.0007195404207733302 0.1009250234328119 754866
11.3652 0.0007083950789575131 0.1001382287064538 760826
11.4114 0.0006956199910011486 0.09851156164962271 764034
11.4576 0.0006865467853258048 0.09810996121997599 773846
11.5038 0.0006742504239594768 0.0969757879379408 779714
11.55 0.0006615712419499241 0.09601050892888821 784314
11.5962 0.0006522658445618149 0.09523045469598189 791342
11.6424 0.0006440875820964847 0.09466379375439651 799458
11.6886 0.0006310657790474373 0.09346932711679495 804962
11.7348 0.0006205493750486956 0.09229884304439645 809550
11.781 0.0006101696892269071 0.09124763994118716 813458
11.8272 0.000604535214752309 0.09124140562939925 827402
11.8734 0.000591703065522001 0.09010670140142769 828618
11.9196 0.0005832391962216047 0.08911493703125893 836918
11.9658 0.0005731782438607952 0.08828197138402877 842874
12.012 0.0005658358983912026 0.08773804840074299 849338
12.0582 0.0005582804758196253 0.0872429490971616 858942
12.1044 0.0005458406104938682 0.08608885671766082 860978
12.1506 0.0005367097723883947 0.08540638272856525 868346
12.1968 0.0005286442137540731 0.08472762572138287 875154
12.243 0.0005232916227479152 0.08431157785742928 886214
12.2892 0.0005131258474026866 0.08305289264414721 887346
12.3354 0.0005039741700507127 0.08245701879582504 894986
12.3816 0.0004976932054927256 0.08174843350194252 902774
12.4278 0.0004912968408870143 0.08144808675656776 912114
12.474 0.0004804539863049274 0.08036354105631066 915026
12.5202 0.0004725832610985856 0.07956070822376278 920142
12.5664 0.0004663150420399769 0.07891369137670561 929762
12.6126 0.0004608085672336823 0.07847558130790752 937698
12.6588 0.000454310439524293 0.0777172607110424 944762
12.705 0.0004442787429829648 0.07685561419303223 948254
12.7512 0.0004388656187320934 0.0760215752759438 956802
12.7974 0.0004339357202228161 0.07570588905483611 967658
12.8436 0.0004245570980575349 0.07474938010278817 969702
12.8898 0.0004187552065562163 0.0738409819686537 974090
12.936 0.0004145583584782887 0.07370144907489266 988482
12.9822 0.0004066503327730336 0.07277575987814167 991994
13.0284 0.0004020424238113563 0.072351888735355 1001030
13.0746 0.000393614833768387 0.07150749214046949 1005450
13.1208 0.0003887870724068791 0.07085594865958421 1013738
13.167 0.0003823540106438058 0.07039984237172071 1021710
13.2132 0.0003743141620958021 0.06936988188834393 1023626
13.2594 0.0003706982373108589 0.06932136303382268 1035834
13.3056 0.0003637854434915014 0.06847714468443063 1040786
13.3518 0.0003604885645406045 0.06817665334100133 1053206
13.398 0.000354343237640674 0.06721297093537767 1057002
13.4442 0.0003486543502716043 0.06653464451246367 1063898
13.4904 0.000344032132213605 0.06609690594754712 1072782
13.5366 0.0003382231194288203 0.06542799944830256 1078826
13.5828 0.000334532823962397 0.06494961382860492 1087922
13.629 0.0003272095229602154 0.06404406063929316 1090494
13.6752 0.0003231388439278016 0.06385856112878617 1101362
13.7214 0.000318919728297843 0.06318694654142139 1109802
13.7676 0.0003130578110819381 0.06252010453191728 1114514
13.8138 0.0003079371548590418 0.06209814980045411 1123926
13.86 0.0003032716503779403 0.0611272898938062 1125986
13.9062 0.0003012682472898193 0.06107835243597071 1143554
13.9524 0.0002947110068679403 0.06019435563282781 1144710
13.9986 0.0002912104263229889 0.05965073089549001 1154018
14.0448 0.0002876795489210878 0.05919159907716129 1159962
14.091 0.0002825725899209192 0.05873708200517561 1170986
14.1372 0.0002795867087918227 0.05820678717608944 1178142
14.1834 0.0002735098729960657 0.05760689319813599 1182674
14.2296 0.0002702937495127634 0.05703331933691655 1191002
14.2758 0.0002673647462313907 0.05662539597442112 1200438
14.322 0.0002626512969628556 0.05618263534235471 1208162
14.3682 0.0002593526714162833 0.05565814344076434 1215258
14.4144 0.0002554499308057705 0.05519052916269177 1224134
14.4606 0.0002511983246015987 0.05448075779297912 1228722
14.5068 0.0002488374089935541 0.05418580798388103 1243154
14.553 0.0002442526999039484 0.05355196845398279 1245434
14.5992 0.00024100862372788 0.05326247771382119 1255158
14.6454 0.0002356973775235792 0.05246679878162376 1255610
14.6916 0.0002351068221950286 0.05242373913065061 1277562
14.7378 0.000230099164983141 0.05164012290239347 1274414
14.784 0.0002271189823717388 0.05153878359079391 1285994
14.8302 0.0002247724721745664 0.05106926266465824 1299570
14.8764 0.0002206046924823034 0.05048836909252447 1302122
14.9226 0.0002177280503410507 0.05013550659138464 1311366
14.9688 0.0002148785818706289 0.04975360432040205 1319186
15.015 0.0002118296192389671 0.04925336896986329 1327434
15.0612 0.0002092587234825831 0.0488003871350936 1337294
15.1074 0.0002054536258200034 0.04819411670367008 1342730
15.1536 0.0002025105356872468 0.0479212640901161 1350570
15.1998 0.0002010843363875791 0.04765851471226936 1362590
15.246 0.000197701077857007 0.04707347022573831 1369698
15.2922 0.0001938332222098684 0.04660100991279171 1374914
15.3384 0.0001913735246170287 0.04633514655689112 1383570
15.3846 0.0001894426757883587 0.0459197291066185 1395374
15.4308 0.0001856876324736945 0.04536551910249088 1396994
15.477 0.0001836866133784197 0.0451984816259596 1411530
15.5232 0.0001808027236547715 0.0446199617824806 1417574
15.5694 0.0001790720733756652 0.04436139763786445 1428834
15.6156 0.0001765480361615788 0.04409886489366823 1439018
15.6618 0.0001733778473895681 0.04348616026413642 1440698
15.708 0.0001712759535859489 0.04330695171224937 1453638
15.7542 0.0001689032793503383 0.04292788085714479 1463426
15.8004 0.0001664014099306851 0.04253675083597511 1471050
15.8466 0.0001637692287636921 0.04200268158049937 1476638
15.8928 0.0001618940015939418 0.04172104139078633 1484466
15.939 0.0001600354489449719 0.04151781119071778 1501154
15.9852 0.0001569092811374285 0.0408822811252388 1501706
16.0314 0.0001546249060970407 0.04058530744618272 1511502
16.0776 0.0001529097397966646 0.04029932203426432 1520234
16.1238 0.0001515325073083076 0.03999226701406967 1535010
16.17 0.0001495040710902736 0.03963323870602806 1543358
16.2162 0.0001457586257659494 0.0389085153370403 1535754
16.2624 0.0001457372589948423 0.03899657002670461 1564802
16.3086 0.0001422544265103552 0.03842480841059623 1563038
16.3548 0.000141557835697282 0.03821816422909347 1578426
16.401 0.0001387599050520012 0.03775789968320747 1581482
16.4472 0.0001372043804121956 0.03753468579759465 1592250
16.4934 0.0001353268615041279 0.03710843200966026 1602230
16.5396 0.0001327376159245704 0.03670672641287425 1604754
16.5858 0.0001318921287215049 0.03655053216705268 1623458
16.632 0.0001292876367054681 0.03606079447471713 1624910
16.6782 0.0001285394854550845 0.03603859418518486 1645122
16.7244 0.0001258910463709041 0.03547417417387765 1645130
16.7706 0.0001243769983492128 0.03524090955091626 1655706
16.8168 0.0001223587993202886 0.03490074608899708 1663502
16.863 0.0001209135163354476 0.03463363051654009 1675514
16.9092 0.000119517000103838 0.03431524820691389 1685298
16.9554 0.000117332416455333 0.03392058236532873 1689566
17.0016 0.0001158831971156738 0.03359559360208133 1697850
17.0478 0.0001151167199256001 0.0334653347736843 1718546
17.094 0.0001128523396563835 0.03300339056267831 1719822
17.1402 0.0001111287650973942 0.03265489204946204 1726586
17.1864 0.0001099795564388789 0.03247102207888788 1739186
17.2326 0.0001086458650139495 0.03219894239714332 1751538
17.2788 0.0001067814034686057 0.03185005523596316 1758062
17.325 0.0001049118297760638 0.03154898672243629 1763010
17.3712 0.0001040085333082694 0.03134455272623882 1778642
17.4174 0.0001027240612739802 0.03098375794285008 1788582
17.4636 0.0001010491244244742 0.03075060066338242 1794746
17.5098 9.953675225989647e-05 0.03040377042685042 1803290
17.556 9.802213941034044e-05 0.03010990255142488 1811058
17.6022 9.717414934901147e-05 0.02999795858083005 1828358
17.6484 9.545756861226975e-05 0.02960664894039775 1831362
17.6946 9.440149932486075e-05 0.02933429979253294 1842458
17.7408 9.284139019717088e-05 0.02906007537489668 1846998
17.787 9.208445416631801e-05 0.02887847177057993 1869122
17.8332 9.068339478648054e-05 0.02860618106331541 1876346
17.8794 8.91658806908118e-05 0.02829260459681491 1879506
17.9256 8.811875380722198e-05 0.02806622272827573 1893326
17.9718 8.705813413863575e-05 0.02779300826215703 1901826
18.018 8.561928579400171e-05 0.02752029910980328 1911962
18.0642 8.44568599598838e-05 0.02723415699998877 1919198
18.1104 8.328635373936461e-05 0.02702297238010381 1930242
18.1566 8.215400828879692e-05 0.02684534742850609 1942442
18.2028 8.108902336604268e-05 0.02660207835548881 1951734
18.249 7.989912322970791e-05 0.02619437352509763 1955402
18.2952 7.893307992110315e-05 0.02607831277629597 1971858
18.3414 7.800760180563296e-05 0.02587626167659832 1984898
18.3876 7.656170683430912e-05 0.02551930991116596 1986422
18.4338 7.549671923652136e-05 0.0253636542133027 1996146
18.48 7.476469736315461e-05 0.02519152064326989 2017106
18.5262 7.384809876632462e-05 0.02488893597598122 2020638
18.5724 7.256093587098234e-05 0.02463857734664444 2029346
18.6186 7.162185589365709e-05 0.02445063269174927 2041002
18.6648 7.073721240258197e-05 0.02419450958630183 2051450
18.711 7.007849687968155e-05 0.02402400605082596 2065886
18.7572 6.861736952740303e-05 0.02367472813863559 2064546
18.8034 6.792041682572865e-05 0.02354548775048656 2082650
18.8496 6.700899851926496e-05 0.02336573693144853 2095182
18.8958 6.618639571890462e-05 0.02305481917063144 2101346
18.942 6.529547115922344e-05 0.02288232114398134 2115554
18.9882 6.411410497825161e-05 0.02260011622566913 2115654
19.0344 6.356324243162907e-05 0.02251256414487218 2141066
19.0806 6.248002431566699e-05 0.02217904537628664 2139786
19.1268 6.170050851241578e-05 0.02201817383016834 2152202
19.173 6.071781494673911e-05 0.02178322520981329 2161086
19.2192 6.001879618014463e-05 0.02163558939798058 2176058
19.2654 5.937070606205248e-05 0.02145266381738674 2190818
19.3116 5.826815789852977e-05 0.02115534843275722 2191158
19.3578 5.762921432118982e-05 0.02099586961390955 2205314
19.404 5.688601395442657e-05 0.02078392713129897 2215554
19.4502 5.595369449379641e-05 0.02067117613198915 2230562
19.4964 5.527029203419663e-05 0.02047012022476802 2239614
19.5426 5.44344935839042e-05 0.02019571412385087 2245706
19.5888 5.38578315383955e-05 0.02001745221224128 2259674
19.635 5.315996794507203e-05 0.01988814268333369 2273214
19.6812 5.230921770480757e-05 0.01959576663357697 2278802
19.7274 5.168532456335611e-05 0.01951236557871332 2294034
19.7736 5.06529753719325e-05 0.01919774082925949 2294942
19.8198 5.035250838596131e-05 0.01911357580009936 2317050
19.866 4.949602488490366e-05 0.01889279303521343 2322842
19.9122 4.879896157644677e-05 0.01865857693935204 2330810
19.9584 4.818058383831495e-05 0.01854395242825425 2345958
20.0046 4.74494865104416e-05 0.01833081093005906 2353586
20.0508 4.712583554541659e-05 0.0182349277204751 2376210
20.097 4.614362006614512e-05 0.0179507546385918 2374502
20.1432 4.547607708070771e-05 0.01779871000171568 2386346
20.1894 4.500077188472536e-05 0.01766245234446171 2401314
20.2356 4.443734552477812e-05 0.01742046689087771 2411450
20.2818 4.369246546163076e-05 0.01727930471956276 2420718
20.328 4.302336052152788e-05 0.0171031816450511 2425754
20.3742 4.265906631398607e-05 0.01704314859585752 2455218
20.4204 4.190411723455232e-05 0.01680370840828968 2450942
20.4666 4.129793744915148e-05 0.01665988349599883 2467130
20.5128 4.070762705537011e-05 0.01645618279921952 2474874
20.559 4.028036333613564e-05 0.01631877019087203 2490362
20.6052 3.959937263997312e-05 0.01615432819587901 2498142
20.6514 3.903544664401382e-05 0.01597466158138377 2507090
20.6976 3.859165073039779e-05 0.01584620869656303 2525562
20.7438 3.800327851423598e-05 0.01567825065507089 2534726
20.79 3.754976758428258e-05 0.01552260211806201 2549906
20.8362 3.692007614085465e-05 0.01531994431530553 2551074
20.8824 3.649005515163923e-05 0.01520036119738824 2570702
20.9286 3.590256081518197e-05 0.01497900027071641 2574642
20.9748 3.550390764204236e-05 0.01491447397748364 2594066
21.021 3.485887852327932e-05 0.01469805210029814 2594802
21.0672 3.44289606252139e-05 0.01457043663355517 2612030
21.1134 3.398521221796706e-05 0.0144134872195231 2627954
21.1596 3.350420403362055e-05 0.01430591909297789 2640402
21.2058 3.293736819229566e-05 0.01414499272193471 2641454
21.252 3.254790877779467e-05 0.01399108876111368 2661834
21.2982 3.206515155704597e-05 0.01382083802059071 2669138
21.3444 3.162708206969835e-05 0.01370360959230802 2684858
21.3905 3.11811001118622e-05 0.01355150927400561 2693910
21.4367 3.067858007550575e-05 0.01338347524640847 2701682
21.4829 3.029434330123293e-05 0.01329300020102355 2722698
21.5291 2.983258332065691e-05 0.01310550323995345 2725262
21.5753 2.949782312555715e-05 0.01298344368285797 2742450
21.6215 2.896713681722529e-05 0.01282903237072778 2749850
21.6677 2.859388816973344e-05 0.01269487565587197 2763902
21.7139 2.820736154238396e-05 0.01255943566625101 2778498
21.7601 2.775771468037488e-05 0.01240417608863705 2784530
21.8063 2.743143214604899e-05 0.01229998930275033 2804106
21.8525 2.698573939002162e-05 0.01215606807906318 2809790
21.8987 2.665538284295301e-05 0.01199840523700742 2825058
21.9449 2.619034940062441e-05 0.01187193217276937 2834330
21.9911 2.579346071879826e-05 0.01174704669001087 2842022
22.0373 2.550013613507716e-05 0.01168363830160834 2864754
22.0835 2.501855794651727e-05 0.01147353904472511 2864186
22.1297 2.468749625624406e-05 0.01135973376477686 2879538
22.1759 2.443789480268444e-05 0.01127173091831202 2899454
22.2221 2.399188030396455e-05 0.01114317256018562 2904258
22.2683 2.37404212170537e-05 0.01104823164934259 2930234
22.3145 2.329604729699711e-05 0.0108900413633238 2929526
22.3607 2.298639569160631e-05 0.01075915022507237 2942442
22.4069 2.270924675592569e-05 0.01065364990203603 2960810
22.4531 2.23368663291328e-05 0.01051209892635122 2964954
22.4993 2.200150031790369e-05 0.01040773011711942 2980910
22.5455 2.162165846294093e-05 0.01029137076893506 2990978
22.5917 2.137261715539186e-05 0.01016775915320196 3007626
22.6379 2.105998843438653e-05 0.01007331015542012 3019166
22.6841 2.065707771990093e-05 0.009918157978095546 3021090
22.7303 2.043682544997133e-05 0.009855907176513313 3047834
22.7765 2.009696785330332e-05 0.009734361862332737 3055590
22.8227 1.982688801931309e-05 0.009622858372424355 3068546
22.8689 1.94616477270658e-05 0.009471315153710035 3067274
22.9151 1.92666772931422e-05 0.009425608446466859 3098058
22.9613 1.89662467750626e-05 0.009313244413048654 3109214
23.0075 1.860333799814051e-05 0.009169193553838636 3110466
23.0537 1.832121284768421e-05 0.009082343297165509 3124370
23.0999 1.812652347031226e-05 0.008996037248283182 3144174
23.1461 1.788353812547652e-05 0.008899084565879747 3161738
23.1923 1.751809011284964e-05 0.008751133948007979 3159890
23.2385 1.728567228255133e-05 0.008672177105962062 3174138
23.2847 1.7033456418012e-05 0.008586500300381527 3195926
23.3309 1.680669441360985e-05 0.008494081684878222 3211386
23.3771 1.653679975755705e-05 0.008379622256619713 3219314
23.4233 1.624616450745823e-05 0.008255447619363076 3225494
23.4695 1.602687302896904e-05 0.008177254979221673 3242562
23.5157 1.579093629737043e-05 0.008087106816003792 3257450
23.5619 1.553082812059722e-05 0.007989762224625078 3269118
23.6081 1.528249919631066e-05 0.007892348654867804 3278930
23.6543 1.502931962787002e-05 0.007775552176543656 3286650
23.7005 1.487466767224652e-05 0.007734414827665119 3316610
23.7467 1.461290927747707e-05 0.007606338317256432 3321542
23.7929 1.436353780504497e-05 0.007524671546519512 3328578
23.8391 1.415431104700289e-05 0.007435424498178609 3345074
23.8853 1.395490185451221e-05 0.007355978817348739 3361686
23.9315 1.371969686135041e-05 0.007243601602744963 3369722
23.9777 1.354281499278787e-05 0.007165413721600641 3385290
24.0239 1.327543140657078e-05 0.00706141512841933 3391370
24.0701 1.316240019905659e-05 0.007012714568580845 3422966
24.1163 1.289024901912593e-05 0.006892696405533636 3419538
24.1625 1.271097394850325e-05 0.006839123320766426 3441890
24.2087 1.248850691147823e-05 0.006729706911455032 3447582
24.2549 1.232114258540626e-05 0.006649028129030176 3466298
24.3011 1.208463762751646e-05 0.006551889116901323 3466194
24.3473 1.191368331616272e-05 0.006491747132469224 3492062
24.3935 1.174194919423555e-05 0.006410556485139194 3503114
24.4397 1.15546461071822e-05 0.006325881096286292 3517146
24.4859 1.139370273661603e-05 0.006251666453094416 3535706
24.5321 1.119448549101477e-05 0.006161015186022693 3539742
24.5783 1.103004302488062e-05 0.00609306603971772 3558698
24.6245 1.084007425600345e-05 0.006010731140244359 3570122
24.6707 1.06831600927583e-05 0.005932948382053274 3585174
24.7169 1.050820482974885e-05 0.005848055089632068 3594314
24.7631 1.034985961691031e-05 0.005780837730214561 3612258
24.8093 1.017187261365957e-05 0.005700477151411259 3620282
24.8555 1.001231674499433e-05 0.005633446214739548 3639078
24.9017 9.843360222103494e-06 0.005564585792778912 3650450
24.9479 9.686002930071664e-06 0.005487573634498726 3661418
24.9941 9.552672158019745e-06 0.005415366466792448 3677694
25.0403 9.401386919431911e-06 0.005345150237859498 3695978
25.0865 9.224490948886229e-06 0.005273827835242379 3702810
25.1327 9.081015535054891e-06 0.005204894316591015 3716162
25.1789 8.967955879817474e-06 0.005150471055442451 3740094
25.2251 8.781687794912578e-06 0.005070035832668008 3740954
25.2713 8.65691863005226e-06 0.005003481735548149 3760946
25.3175 8.52436985128574e-06 0.004941408013850998 3778278
25.3637 8.35776930796565e-06 0.00486671971786795 3784922
25.4099 8.241512130280184e-06 0.004815789114193184 3805266
25.4561 8.088985700156861e-06 0.004743503876333132 3807686
25.5023 7.979077989240114e-06 0.004682920325520001 3833130
25.5485 7.834231147199458e-06 0.00461746227766279 3841898
25.5947 7.700073346408048e-06 0.004556761272287855 3858074
25.6409 7.576982100700101e-06 0.004489090632927159 3868974
25.6871 7.458111373750956e-06 0.004435014854341461 3885362
25.7333 7.321610606254538e-06 0.004379526395934004 3898290
25.7795 7.19280168810306e-06 0.004308259245161444 3907334
25.8257 7.089441460074204e-06 0.004253012758305801 3928730
25.8719 6.953538294521377e-06 0.004196670519000114 3936666
25.9181 6.853990309070128e-06 0.0041538546165081 3961346
25.9643 6.74940871426704e-06 0.004094294322315247 3975774
26.0105 6.59394168532544e-06 0.004015724083996635 3970106
26.0567 6.517244241425216e-06 0.003976743714307076 4003170
26.1029 6.407838057695244e-06 0.003930261174016624 4019558
26.1491 6.287056574468755e-06 0.003870454042794744 4025642
26.1953 6.161386020816633e-06 0.003802925856155673 4028514
26.2415 6.085420468727156e-06 0.003764637429373914 4059398
26.2877 5.979653946985443e-06 0.003705941964111158 4069674
26.3339 5.874543835335872e-06 0.003654761539811592 4083698
26.3801 5.770271311910587e-06 0.003598992710429986 4095210
26.4263 5.664043676848967e-06 0.003557317632478997 4110518
26.4725 5.576580198773176e-06 0.003505997653584601 4126850
26.5187 5.479492461718018e-06 0.003449172041670847 4140114
26.5649 5.373370940146099e-06 0.003395881194945683 4144070
26.6111 5.297822506869285e-06 0.003363735160408067 4175802
26.6573 5.209189476013727e-06 0.003310724207157987 4187882
26.7035 5.110347912781088e-06 0.003258172171899639 4199250
26.7497 5.016038386961823e-06 0.003212662688382878 4209326
26.7959 4.927871278749437e-06 0.003162687182700002 4222130
26.8421 4.868625406617319e-06 0.003136419135892331 4254258
26.8883 4.764383120882687e-06 0.003074771799715806 4252478
26.9345 4.684673715748973e-06 0.003031201409441928 4270698
26.9807 4.589345581753242e-06 0.002981495799598481 4278122
27.0269 4.532749558798934e-06 0.002950237226984056 4309898
27.0731 4.447665069410559e-06 0.002904695963297981 4317150
27.1193 4.367769750695753e-06 0.002862409799253119 4329698
27.1655 4.286395606916165e-06 0.002811045933468602 4340826
27.2117 4.212382138279978e-06 0.002777785524151098 4359590
27.2579 4.141099241735448e-06 0.002736073094740699 4376850
27.3041 4.069794565904097e-06 0.002691874528193403 4386674
27.3503 3.993670253096152e-06 0.002649240357263237 4401782
27.3965 3.922674792174933e-06 0.002614020184152398 4419210
27.4427 3.866696015623686e-06 0.00258332734106219 4446482
27.4889 3.769620921569825e-06 0.002527750987326929 4435554
27.5351 3.724061661201922e-06 0.002500097793000423 4468934
27.5813 3.653009092715518e-06 0.002460704442168623 4477650
27.6275 3.582547754356167e-06 0.002422494389506103 4491218
27.6737 3.525900236822165e-06 0.002386195800759878 4510358
27.7199 3.451981603740508e-06 0.00234650293430315 4518594
27.7661 3.402909317206829e-06 0.002318617833810743 4544474
27.8123 3.338322628938679e-06 0.002278827127510344 4552098
27.8585 3.280440513707955e-06 0.002245528510017596 4574990
27.9047 3.21092280348834e-06 0.00220668530336299 4577210
27.9509 3.165428636541167e-06 0.002178503106980195 4608186
27.9971 3.098673975523951e-06 0.002141282365550052 4610198
28.0433 3.044696088072697e-06 0.00210898170555512 4628898
28.0895 2.986197024561586e-06 0.00207530744624155 4641170
28.1357 2.937342552168556e-06 0.002044547717073742 4662462
28.1819 2.88494763296069e-06 0.002013658694232872 4681442
28.2281 2.825962974986154e-06 0.001979408317404461 4687850
28.2743 2.778528443028662e-06 0.001951698413188151 4708818
28.3205 2.725787676361419e-06 0.001919763435623073 4721534
28.3667 2.670294939111218e-06 0.001887731218814824 4732770
28.4129 2.622327009638408e-06 0.001859670506258518 4753346
28.4591 2.577813812107856e-06 0.001833519892597198 4772886
28.5053 2.530757673025962e-06 0.001802509197903005 4785098
28.5515 2.482731503845936e-06 0.001772019406592501 4795394
28.5977 2.433761565051789e-06 0.001745933182829327 4813986
28.6439 2.388643667741985e-06 0.001720638456199025 4832654
28.6901 2.349139363798726e-06 0.001691361673008409 4849362
28.7363 2.301158217905637e-06 0.001663693226030531 4858322
28.7825 2.257113637900372e-06 0.001636332167261902 4871286
28.8287 2.216300636482149e-06 0.001613857532569107 4894370
28.8749 2.177633621342212e-06 0.00158747312026696 4914650
28.9211 2.131624123984481e-06 0.001559976409320452 4919658
28.9673 2.093336856256622e-06 0.001537391414434984 4941638
29.0135 2.057677884856511e-06 0.001514191787119814 4965954
29.0597 2.014901896859987e-06 0.001487348901519182 4971770
29.1059 1.974126400892684e-06 0.001462654687418904 4985702
29.1521 1.935854258636767e-06 0.001438020799127674 4996314
29.1983 1.904180879122279e-06 0.001416818720133559 5021258
29.2445 1.867113783820528e-06 0.001391826424784143 5038470
29.2907 1.828718900090335e-06 0.001369465111994372 5048570
29.3369 1.795992042753104e-06 0.001348023517724814 5067786
29.3831 1.762363613310598e-06 0.001326714796409519 5084402
29.4293 1.731997074677492e-06 0.001304444645436532 5104238
29.4755 1.689751972917821e-06 0.001279099121533977 5101890
29.5217 1.663327766977035e-06 0.001261613704242921 5129594
29.5679 1.631387998077277e-06 0.001240268424253992 5149086
29.6141 1.603267897960016e-06 0.001221677995577536 5168834
29.6603 1.568737773964259e-06 0.00119865623129 5172306
29.7065 1.540205778632477e-06 0.001180742387192009 5199218
29.7527 1.511653416196982e-06 0.001161289252505447 5215430
29.7989 1.480590931460213e-06 0.001141279066997088 5229066
29.8451 1.450790861195695e-06 0.001121928886213425 5244530
29.8913 1.425518818424188e-06 0.001104113184356777 5262870
29.9375 1.395393796874388e-06 0.001084011724652369 5272562
29.9837 1.368260213298594e-06 0.001064483630157171 5290098
30.0299 1.343784455787419e-06 0.001050348431308206 5314358
30.0761 1.315813843564467e-06 0.001029456889936294 5322098
30.1223 1.291930979234815e-06 0.001013845421429295 5341026
30.1685 1.267736251236668e-06 0.0009968480036368957 5366858
30.2147 1.240294301488235e-06 0.0009787924572925047 5374422
30.2609 1.214276362841614e-06 0.0009597995225911086 5377730
30.3071 1.193015029728955e-06 0.0009469569756918704 5409410
30.3533 1.173537290793914e-06 0.0009322941640990287 5434014
30.3995 1.1473778312743e-06 0.0009143274332396807 5438882
30.4457 1.123387390815143e-06 0.0008991524663222798 5456178
30.4919 1.102706439117396e-06 0.0008812947742830932 5469242
30.5381 1.081673959477108e-06 0.0008706426195985435 5496174
30.5843 1.05956623526445e-06 0.0008542848428591647 5505530
30.6305 1.038902331718815e-06 0.0008381751423868905 5521202
30.6767 1.018183608514619e-06 0.0008251645726397649 5544126
30.7229 9.987494952230504e-07 0.000811606462311809 5560106
30.7691 9.786365763612049e-07 0.0007975314528148065 5579754
30.8153 9.555962813546804e-07 0.0007815365405053286 5576270
30.8615 9.399037314861258e-07 0.000769825382052717 5607138
30.9077 9.220853346358647e-07 0.0007563555768998967 5625026
30.9539 9.030895114035007e-07 0.0007434315435537974 5646698
31.0001 8.836646634161985e-07 0.0007298044660570252 5649126
31.0463 8.674314009004921e-07 0.0007185848040325646 5676434
31.0925 8.486994884829181e-07 0.0007051379849332186 5687418
31.1387 8.345193636274556e-07 0.0006941861492897587 5715830
31.1849 8.167662666544659e-07 0.0006819500673159608 5729210
31.2311 8.001586419073247e-07 0.0006703721899873346 5744802
31.2773 7.826900625931917e-07 0.0006576018565475908 5752154
31.3235 7.700023222904808e-07 0.0006478860151539668 5786382
31.3697 7.523896573586897e-07 0.0006337653298757194 5784146
31.4159 7.380394438722445e-07 0.000625321065654008 5812146
31.4621 7.236079560603601e-07 0.0006139275401291322 5830166
31.5083 7.092006614700314e-07 0.0006027934289610345 5845850
31.5545 6.943352991675393e-07 0.0005930116962422065 5862834
31.6007 6.798508855592341e-07 0.0005812163788844681 5876066
31.6469 6.685508987953303e-07 0.0005725806858858707 5905854
31.6931 6.529845100701818e-07 0.0005603864479188084 5902274
31.7393 6.405320554170325e-07 0.0005514961900460183 5931258
31.7855 6.281053167305602e-07 0.0005427775043580701 5954966
31.8317 6.145037605103053e-07 0.0005326037815685513 5965346
31.8779 6.021541736692607e-07 0.0005227328766283342 5977818
31.9241 5.909763482832381e-07 0.0005137695176276149 6004718
31.9703 5.781249255036081e-07 0.0005045195152882594 6011706
32.0165 5.681489334056736e-07 0.0004967553964546796 6045770
32.0627 5.548779022118916e-07 0.0004864828646769989 6041586
32.1089 5.442071284772641e-07 0.0004786623422965321 6073166
32.1551 5.326864634607514e-07 0.0004693718043295934 6078962
32.2013 5.239463140060322e-07 0.0004626013247193313 6114258
32.2475 5.125905154545319e-07 0.0004536006029745043 6123086
32.2937 5.014367861328546e-07 0.0004457063676482375 6136770
32.3399 4.921379414755262e-07 0.000437046688161681 6154898
32.3861 4.812982332486794e-07 0.0004302246385630517 6178610
32.4323 4.724506425053406e-07 0.000422877801355388 6197982
32.4785 4.624118993665186e-07 0.000414099270544066 6205322
32.5247 4.521140220378848e-07 0.0004069094498499285 6218850
32.5709 4.440768925003463e-07 0.0004001063895697498 6249542
32.6171 4.353809544983408e-07 0.000393584617858643 6274146
32.6633 4.253781074671058e-07 0.0003854090017830136 6270242
32.7095 4.175571703885163e-07 0.0003794884230791275 6305222
32.7557 4.087703124625643e-07 0.0003725771635502938 6325026
32.8019 4.003505019957351e-07 0.0003654042861175592 6331922
32.8481 3.918581235231167e-07 0.0003581656810843162 6343698
32.8943 3.845872222485285e-07 0.000352914916844152 6375158
32.9405 3.767275191068032e-07 0.0003464059661810191 6392178
32.9867 3.693510122142398e-07 0.0003406258842046403 6412826
33.0329 3.599998326340935e-07 0.0003330890677600884 6407078
33.0791 3.53711696874575e-07 0.0003283354064272003 6447954
33.1253 3.464869538448019e-07 0.0003223598582761254 6456026
33.1715 3.39654116448994e-07 0.0003168187679617695 6482034
33.2177 3.326087991793821e-07 0.0003102874939966647 6492878
33.2639 3.252532067839065e-07 0.0003046405241505211 6502074
33.3101 3.195747163529621e-07 0.0003001572481757891 6542930
33.3563 3.127780167197712e-07 0.0002947698655491904 6556598
33.4025 3.058891697744372e-07 0.0002890156391649957 6570330
33.4487 2.996553785485199e-07 0.0002838869101168427 6581882
33.4949 2.943995843298371e-07 0.0002785692372912076 6612546
33.5411 2.879753187332737e-07 0.0002738298856987045 6628622
33.5873 2.810744883226261e-07 0.0002683677386119205 6629498
33.6335 2.760300705015218e-07 0.0002636562656191907 6659250
33.6797 2.706776447074418e-07 0.0002595507138217739 6686006
33.7259 2.647320440310554e-07 0.0002541759128663741 6693786
33.7721 2.59512438238641e-07 0.0002494355443509065 6711554
33.8183 2.54181996639039e-07 0.0002454840017708159 6735678
33.8645 2.489932924502527e-07 0.000241036489205485 6754754
33.9107 2.440244301010857e-07 0.0002366192996201725 6776570
33.9569 2.380274873978802e-07 0.0002312920222784993 6767394
34.0031 2.343559388940971e-07 0.0002286661108787913 6818246
34.0493 2.294798476001446e-07 0.0002239268511660303 6830562
34.0955 2.242536926215816e-07 0.0002196026704887933 6839186
34.1417 2.199409393867937e-07 0.0002157179490761569 6861462
34.1879 2.15554422030073e-07 0.0002117311411777899 6880394
34.2341 2.114808803768042e-07 0.0002082909118233488 6907178
34.2803 2.065365785781445e-07 0.0002041345305978055 6917034
34.3265 2.02789590476895e-07 0.0002004896982487494 6937934
34.3727 1.979911298372018e-07 0.000196505988038484 6947250
34.4189 1.945447402932725e-07 0.0001934177449868195 6982106
34.4651 1.905210490340062e-07 0.0001897380659418731 6995718
34.5113 1.866095375734595e-07 0.0001860315995022174 7006682
34.5575 1.827081945790182e-07 0.0001829781997573185 7035866
34.6037 1.7905629809788e-07 0.0001795193471841201 7054110
34.6499 1.749685489887196e-07 0.00017616508265183 7059194
34.6961 1.717916642565378e-07 0.0001731939411086566 7091802
34.7423 1.679428628136345e-07 0.0001699233823213258 7100666
34.7885 1.648961588024583e-07 0.0001667191746122051 7129070
34.8347 1.613410087606386e-07 0.0001637047074926778 7143282
34.8809 1.580183208301587e-07 0.000160930454597057 7161482
34.9271 1.548362457641325e-07 0.0001580620715861862 7184694
34.9733 1.516244669178402e-07 0.0001552491021612515 7203914
35.0195 1.486028895379479e-07 0.0001521972709662566 7219746
35.0657 1.452775716355326e-07 0.0001492098690530439 7228634
35.1119 1.427631602882289e-07 0.0001470011932346775 7271990
35.1581 1.393928841976035e-07 0.0001440496305406014 7266786
35.2043 1.367037653742423e-07 0.0001415810918874687 7293650
35.2505 1.340766062431205e-07 0.0001391645035430257 7324086
35.2967 1.312371324809516e-07 0.0001364664387621574 7338650
35.3429 1.284742425460269e-07 0.0001340224261564015 7351962
35.3891 1.255520020245362e-07 0.000131302795048665 7357190
35.4353 1.234678766024257e-07 0.0001295611145139787 7406042
35.4815 1.206017367926912e-07 0.0001268522100791625 7408626
35.5277 1.182392891838724e-07 0.000124643802357022 7435610
35.5739 1.158946804137223e-07 0.0001224886730739645 7453542
35.6201 1.133181581694577e-07 0.0001201357201426373 7464002
35.6663 1.11108144355174e-07 0.0001180296037727575 7493546
35.7125 1.088167060304847e-07 0.0001159541279217906 7510806
35.7587 1.066383996508102e-07 0.0001138995480755381 7532114
35.8049 1.042517761841974e-07 0.000111543557811952 7536234
35.8511 1.022875088555736e-07 0.0001096126324502909 7565834
35.8973 1.004033684085069e-07 0.0001080823044010898 7603062
35.9435 9.792348101645742e-08 0.0001057017371975943 7593890
35.9897 9.611459479467438e-08 0.0001038612646113789 7622906
36.0359 9.416841347037647e-08 0.000101937112021087 7646622
36.0821 9.24111534044693e-08 0.000100336131144641 7672058
36.1283 9.035092776847689e-08 9.829277330756595e-05 7679346
36.1745 8.840012871162746e-08 9.64090942233055e-05 7693058
36.2207 8.676643624784853e-08 9.495744948013548e-05 7732158
36.2669 8.487398373498535e-08 9.324823826093012e-05 7746962
36.3131 8.334494096434142e-08 9.148287694170036e-05 7770986
36.3593 8.147844992521972e-08 8.966942184780472e-05 7772094
36.4055 7.997821378170899e-08 8.808416332740902e-05 7803818
36.4517 7.841322060379861e-08 8.662169296960556e-05 7834338
36.4979 7.655039613042776e-08 8.482924470563969e-05 7833710
36.5441 7.506367812998163e-08 8.341633729771651e-05 7858794
36.5903 7.363712218913308e-08 8.197434449489504e-05 7884290
36.6365 7.22248464489456e-08 8.036930431543479e-05 7901522
36.6827 7.074192641189418e-08 7.889604294154265e-05 7930662
36.7289 6.921606241688664e-08 7.738183539523493e-05 7934426
36.7751 6.792103743335053e-08 7.619358632118695e-05 7967322
36.8213 6.644828141822613e-08 7.473948113179821e-05 7981934
36.8675 6.51439402939836e-08 7.336488356324823e-05 8003282
36.9137 6.378088851365921e-08 7.205089007215765e-05 8019666
36.9599 6.246422986734332e-08 7.06315257410353e-05 8034482
37.0061 6.142122442447486e-08 6.941415579527213e-05 8068542
37.0523 6.004391874116596e-08 6.81694500035103e-05 8088290
37.0985 5.879740998906854e-08 6.697835115320728e-05 8096322
37.1447 5.76086068860435e-08 6.569261177611381e-05 8122646
37.1909 5.654279029797709e-08 6.455086603735406e-05 8150138
37.2371 5.536587856788065e-08 6.334376402194585e-05 8165322
37.2833 5.426014853161441e-08 6.216934261061428e-05 8182574
37.3295 5.317078570970398e-08 6.101313544168786e-05 8203698
37.3757 5.208137785631933e-08 5.99829157472079e-05 8226914
37.4219 5.101943745230705e-08 5.891754096750737e-05 8246898
37.4681 4.996763197112392e-08 5.77757396522837e-05 8261774
37.5143 4.893570532607883e-08 5.683538043761824e-05 8279426
37.5605 4.802386246774999e-08 5.579853626505761e-05 8308722
37.6067 4.701271758657354e-08 5.477132722403085e-05 8326214
37.6529 4.607867378048266e-08 5.376647074132343e-05 8342682
37.6991 4.509367609649245e-08 5.277702793551068e-05 8360834
37.7453 4.430760325392327e-08 5.191938754477928e-05 8393226
37.7915 4.341994629852441e-08 5.110116554713747e-05 8420150
37.8377 4.240411895490228e-08 5.00519118861426e-05 8421986
37.8839 4.159258410524547e-08 4.917220929317885e-05 8445714
37.9301 4.07822705414534e-08 4.826631599057873e-05 8472590
37.9763 4.002104315131832e-08 4.744716539146772e-05 8495370
38.0225 3.918650355926425e-08 4.656357976761312e-05 8512802
38.0687 3.834190870952156e-08 4.573351722036536e-05 8523290
38.1149 3.76370276195426e-08 4.505404038508648e-05 8570982
38.1611 3.679621775580455e-08 4.417101468977206e-05 8568458
38.2073 3.604592411580358e-08 4.336635187592923e-05 8586498
38.2535 3.538586145313806e-08 4.256529599106968e-05 8608838
38.2997 3.471584386893436e-08 4.186915448449987e-05 8645610
38.3459 3.397017062410548e-08 4.11281083455817e-05 8658386
38.3921 3.322550253925514e-08 4.035113337248951e-05 8668598
38.4383 3.261942630614066e-08 3.972773188412306e-05 8697426
38.4845 3.196271852905632e-08 3.901713669440136e-05 8722562
38.5307 3.132281337648675e-08 3.828922053759383e-05 8737962
38.5769 3.075548612135789e-08 3.762762854083415e-05 8771366
38.6231 3.007419757145343e-08 3.689914721744432e-05 8771010
38.6693 2.959088867712302e-08 3.633811422716308e-05 8822618
38.7155 2.887207181852397e-08 3.559742361690966e-05 8807726
38.7617 2.831413094358423e-08 3.503181135596482e-05 8844618
38.8079 2.777185698024578e-08 3.443009984741992e-05 8868722
38.8541 2.725603951461214e-08 3.380535503433464e-05 8891394
38.9003 2.66947861651934e-08 3.319251873671559e-05 8911934
38.9465 2.615489941727396e-08 3.256776124226568e-05 8923938
38.9927 2.565421178352107e-08 3.203945114275884e-05 8953682
39.0389 2.516744981200212e-08 3.149940897177394e-05 8981966
39.0851 2.462152890176921e-08 3.09197778023006e-05 8990442
39.1313 2.413021730163165e-08 3.035900461142298e-05 9007874
39.1775 2.370626628329004e-08 2.982866987322046e-05 9038982
39.2237 2.325563204060956e-08 2.933347879632983e-05 9068570
39.2699 2.279195022378159e-08 2.879375109503859e-05 9085250
39.3161 2.229914081824036e-08 2.820550879818247e-05 9084690
39.3623 2.189236147963469e-08 2.781016515230071e-05 9128654
39.4085 2.14436537101602e-08 2.728090627251026e-05 9133170
39.4547 2.109703078348359e-08 2.687517300942521e-05 9185882
39.5009 2.058773704253351e-08 2.625236789042054e-05 9163254
39.5471 2.027589879074199e-08 2.588640904191675e-05 9220130
39.5933 1.985198106737113e-08 2.541239426994017e-05 9233138
39.6395 1.945040516576545e-08 2.496328715602627e-05 9249378
39.6857 1.906878765444411e-08 2.456772225875179e-05 9271550
39.7319 1.867214650843937e-08 2.406114345655511e-05 9286266
39.7781 1.835230540303775e-08 2.367173646341479e-05 9320762
39.8243 1.797769362955951e-08 2.322472590577236e-05 9326718
39.8705 1.763091091429647e-08 2.2832353379515e-05 9354602
39.9167 1.731282724091103e-08 2.246484498017919e-05 9384122
39.9629 1.694933961445529e-08 2.205625008556838e-05 9400482
40.0091 1.664386150717669e-08 2.171122817229369e-05 9432638
40.0553 1.630185760809775e-08 2.128900746893865e-05 9445314
40.1015 1.602344128446438e-08 2.095685221904782e-05 9477290
40.1477 1.56988489157789e-08 2.055717273286942e-05 9489182
40.1939 1.538641717581183e-08 2.019276066222194e-05 9506706
40.2401 1.509449100745732e-08 1.986172053878335e-05 9533978
40.2863 1.479972975080665e-08 1.951375802494283e-05 9553662
40.3325 1.451773121231234e-08 1.919234258775394e-05 9579506
40.3787 1.42401155353835e-08 1.88747526742131e-05 9607866
40.4249 1.392670185612552e-08 1.850375264890011e-05 9608354
40.4711 1.369929450349608e-08 1.821275077666896e-05 9643862
40.5173 1.342859980336398e-08 1.78855940113983e-05 9670578
40.5635 1.317231337581894e-08 1.759055717556099e-05 9687890
40.6097 1.289129275831933e-08 1.72462566092748e-05 9693294
40.6559 1.266510880878492e-08 1.700394807488e-05 9736034
40.7021 1.241025692973747e-08 1.671479457566017e-05 9758946
40.7483 1.218145540642057e-08 1.641784828889291e-05 9778994
40.7945 1.194064778052579e-08 1.613179152866554e-05 9796814
40.8407 1.172211418759667e-08 1.583661599744606e-05 9816882
40.8869 1.151462926140647e-08 1.559797190995758e-05 9850514
40.9331 1.125997438286889e-08 1.530939537155182e-05 9856062
40.9793 1.105149875539257e-08 1.50714331125249e-05 9886706
41.0255 1.084319640391444e-08 1.4825626288246e-05 9916194
41.0717 1.063251614829079e-08 1.455457049055541e-05 9924854
41.1179 1.045440736260353e-08 1.430797281341308e-05 9961490
41.1641 1.024714712519031e-08 1.406246618584453e-05 9979098
41.2103 1.003050426202254e-08 1.382279960166676e-05 9990266
41.2565 9.83206741040553e-09 1.35995291260023e-05 10012398
41.3027 9.646808772464912e-09 1.336973871119268e-05 10038818
41.3489 9.479001975422443e-09 1.315890353891602e-05 10072082
41.3951 9.298588003114081e-09 1.290924567688e-05 10082670
41.4413 9.135930458247075e-09 1.269538421367926e-05 10123226
41.4875 8.951078300977086e-09 1.248522701723306e-05 10134834
41.5337 8.769612185072577e-09 1.227405758832542e-05 10151450
41.5799 8.614302292408544e-09 1.2079985315688e-05 10184118
41.6261 8.449160076810511e-09 1.18659505686003e-05 10199810
41.6723 8.296589105711175e-09 1.166358924209907e-05 10230386
41.7185 8.13101772153902e-09 1.145165240714616e-05 10238334
41.7647 7.990515795210167e-09 1.127668039455086e-05 10271594
41.8109 7.834672573039014e-09 1.109191222357411e-05 10298418
41.8571 7.676521699316915e-09 1.088006528157079e-05 10306814
41.9033 7.542522833918902e-09 1.072617178189587e-05 10341306
41.9495 7.407517846878444e-09 1.053338997566229e-05 10362842
41.9957 7.266428274232898e-09 1.035853572271067e-05 10388834
42.0419 7.117352102017269e-09 1.016621935472081e-05 10395630
42.0881 6.987983150397688e-09 1.000622264869165e-05 10425362
42.1343 6.86269912034518e-09 9.841912147005776e-06 10454274
42.1805 6.733655281613094e-09 9.678663582710798e-06 10478294
42.2267 6.609351668107791e-09 9.508980839360274e-06 10501818
42.2729 6.479376935238001e-09 9.3461397513066e-06 10514810
42.3191 6.360436669044335e-09 9.19458735450043e-06 10548842
42.3653 6.234376194678634e-09 9.036396641867681e-06 10566462
42.4115 6.125050847439007e-09 8.869589415065982e-06 10586810
42.4577 6.01427669379981e-09 8.731147422939001e-06 10614954
42.5039 5.897836652685718e-09 8.570770940214788e-06 10631054
42.5501 5.788672157463313e-09 8.439825991459695e-06 10662362
42.5963 5.674787347001935e-09 8.305334033409757e-06 10683354
42.6425 5.562810966895978e-09 8.152595460229118e-06 10699298
42.6887 5.475962993193081e-09 8.026424382555418e-06 10738782
42.7349 5.366892122880777e-09 7.868169734843908e-06 10744202
42.7811 5.275887514708664e-09 7.751556554820428e-06 10782186
42.8273 5.157965648249369e-09 7.610217134885713e-06 10784966
42.8735 5.072077574641752e-09 7.506254634566399e-06 10833938
42.9197 4.972180999227884e-09 7.372434048667884e-06 10848138
42.9659 4.886651517060995e-09 7.243768429754443e-06 10873766
43.0121 4.791942763127545e-09 7.109543776776891e-06 10886970
43.0583 4.703165470332802e-09 6.99016492143502e-06 10912442
43.1045 4.608131791834441e-09 6.880398544241117e-06 10936698
43.1507 4.524889048351034e-09 6.767890757490499e-06 10966142
43.1969 4.430103300656991e-09 6.645369945265456e-06 10968746
43.2431 4.359505157483866e-09 6.540273826915339e-06 11014602
43.2893 4.281489138128818e-09 6.427341764372803e-06 11042774
43.3355 4.196786554347847e-09 6.31892584662813e-06 11061474
43.3817 4.117584699298473e-09 6.209357977902125e-06 11072450
43.4279 4.035543026246846e-09 6.103922866276293e-06 11096922
43.4741 3.964166450393564e-09 6.020793774000572e-06 11146526
43.5203 3.886850314863394e-09 5.900598143746795e-06 11145602
43.5665 3.811830078588737e-09 5.803294424229167e-06 11168442
43.6127 3.73885982139354e-09 5.694810214884849e-06 11181086
43.6589 3.682456335793651e-09 5.626552873052612e-06 11250114
43.7051 3.603091139113437e-09 5.515144878745276e-06 11242106
43.7513 3.533602912478704e-09 5.419338550326574e-06 11265446
43.7975 3.466872339311127e-09 5.329064275128982e-06 11285490
43.8437 3.410350625869627e-09 5.251684405536794e-06 11335922
43.8899 3.337374840227555e-09 5.152560080133323e-06 11330130
43.9361 3.273007702159289e-09 5.062145124484363e-06 11357270
43.9823 3.215654642365468e-09 4.982790837253839e-06 11389098
44.0285 3.159954520553217e-09 4.900691720925204e-06 11426642
44.0747 3.093901626090322e-09 4.81184069540958e-06 11431358
44.1209 3.035786680388327e-09 4.735523611041813e-06 11462298
44.1671 2.976256181729875e-09 4.65666505867716e-06 11479202
44.2133 2.920847671712818e-09 4.580462951223995e-06 11509746
44.2595 2.867438046051839e-09 4.493540221558309e-06 11523062
44.3057 2.814824564645746e-09 4.420638404374617e-06 11556210
44.3519 2.765153232496908e-09 4.35323913392445e-06 11588282
44.3981 2.706746931356232e-09 4.274649010197422e-06 11599646
44.4443 2.660911468909968e-09 4.212759523475955e-06 11645274
44.4905 2.604908899073205e-09 4.13504206055931e-06 11649338
44.5367 2.554677779453304e-09 4.064736970954049e-06 11665386
44.5829 2.519393109499528e-09 3.998286752113529e-06 11719286
44.6291 2.464106364000245e-09 3.922679154964438e-06 11720738
44.6753 2.419715383308134e-09 3.864230783571682e-06 11755074
44.7215 2.371374376947844e-09 3.796320105673942e-06 11767166
44.7677 2.330439833518687e-09 3.742323620029917e-06 11813346
44.8139 2.284008310744428e-09 3.672948640105246e-06 11825450
44.8601 2.238491608136509e-09 3.603180832801272e-06 11828814
44.9063 2.204818571922281e-09 3.551661793164272e-06 11884418
44.9525 2.160571293277409e-09 3.4887487735461e-06 11900378
44.9987 2.115968919361143e-09 3.425660691305298e-06 11908002
45.0449 2.076454932415473e-09 3.374579558157388e-06 11937470
45.0911 2.042217516385756e-09 3.320133964239753e-06 11981346
45.1373 2.003969731368071e-09 3.262241114916751e-06 11998154
45.1835 1.965750921810397e-09 3.206070197988383e-06 12015798
45.2297 1.92970463308005e-09 3.149218354565948e-06 12046586
45.2759 1.893807797850102e-09 3.099874986841075e-06 12073226
45.3221 1.858554130962674e-09 3.045967052844138e-06 12089370
45.3683 1.826068902445491e-09 2.998715918287079e-06 12123662
45.4145 1.787055693073234e-09 2.940478114777575e-06 12129018
45.4607 1.758128444600421e-09 2.895484189684299e-06 12168698
45.5069 1.723770860607618e-09 2.846931838284174e-06 12191070
45.5531 1.695925456394275e-09 2.802357714952693e-06 12237290
45.5993 1.662894188753377e-09 2.748955432001215e-06 12237434
45.6455 1.632175897887976e-09 2.702285775507098e-06 12269430
45.6917 1.599677092005034e-09 2.658122358479275e-06 12288314
45.7379 1.571490127361033e-09 2.615286413292691e-06 12312018
45.7841 1.541226975320075e-09 2.570641314825372e-06 12333770
45.8303 1.51276999461183e-09 2.524829859515937e-06 12362654
45.8765 1.488591942560697e-09 2.486756898369623e-06 12405282
45.9227 1.461409193027986e-09 2.44001266018434e-06 12414842
45.9689 1.431990784932019e-09 2.396880117975367e-06 12433278
46.0151 1.40489007386039e-09 2.361457517961224e-06 12469442
46.0613 1.380401661042657e-09 2.324110962402316e-06 12497106
46.1075 1.35437035297155e-09 2.282901709815184e-06 12513074
46.1537 1.329778196535237e-09 2.239064914496052e-06 12531902
46.1999 1.307014697229147e-09 2.204683372977892e-06 12567690
46.2461 1.283591888729012e-09 2.167914830600132e-06 12603338
46.2923 1.257814437259367e-09 2.131358604504091e-06 12612726
46.3385 1.233833044091723e-09 2.097155550901817e-06 12634802
46.3847 1.21071925711044e-09 2.061575654645444e-06 12662730
46.4309 1.191422978758006e-09 2.026382896936687e-06 12699086
46.4771 1.168933774683158e-09 1.989753064677577e-06 12711074
46.5233 1.147597721457611e-09 1.958913829596238e-06 12739098
46.5695 1.12605629746724e-09 1.927413228954078e-06 12769490
46.6157 1.104284055418609e-09 1.896260233911803e-06 12799686
46.6619 1.084735540317632e-09 1.866708176813681e-06 12828626
46.7081 1.063810911711138e-09 1.832665995713901e-06 12832794
46.7543 1.046110929057714e-09 1.803392687697773e-06 12875942
46.8005 1.027074765590861e-09 1.774230669256662e-06 12906314
46.8467 1.005813478742841e-09 1.742511374641747e-06 12913122
46.8929 9.874173281024566e-10 1.714146865422845e-06 12937346
46.9391 9.699743459087687e-10 1.689047535310067e-06 12973374
46.9853 9.532394910207453e-10 1.660937788178738e-06 13008170
47.0315 9.345389332608499e-10 1.633267241604638e-06 13025810
47.0777 9.164661381897132e-10 1.605162591280531e-06 13033590
47.1239 9.012715418475456e-10 1.581159454911567e-06 13083698
47.1701 8.838690603020442e-10 1.553809848701557e-06 13094706
47.2163 8.675120760780415e-10 1.527999555423009e-06 13119002
47.2625 8.520376500178976e-10 1.503853863619084e-06 13146318
47.3087 8.362000688452517e-10 1.479986105209193e-06 13167383
47.3549 8.213301418999423e-10 1.458648210528692e-06 13180844
47.4011 8.039820553711722e-10 1.430855927167e-06 13147596
47.4473 7.894984853991877e-10 1.40731804545879e-06 13144028
47.4935 7.733724235285351e-10 1.381797484721057e-06 13122684
47.5397 7.59228493887799e-10 1.359306720951823e-06 13103336
47.5859 7.449207779743389e-10 1.337282017049134e-06 13108416
47.6321 7.293460969894398e-10 1.314383789763128e-06 13073744
47.6783 7.153271026530113e-10 1.294281835933216e-06 13076900
47.7245 7.018093757794567e-10 1.269356255147579e-06 13051992
47.7707 6.901817036523603e-10 1.249152778632191e-06 13056752
47.8169 6.761403797064355e-10 1.227496807589343e-06 13036344
47.8631 6.628716819526692e-10 1.205051957356516e-06 13009832
47.9093 6.489661214830251e-10 1.186628630298264e-06 12996668
47.9555 6.380514571978369e-10 1.16777084340489e-06 13003248
48.0017 6.249205563559781e-10 1.145224277962534e-06 12967172
48.0479 6.140988115317114e-10 1.125870723032302e-06 12963480
48.0941 6.024517245393891e-10 1.106901202384806e-06 12954260
48.1403 5.913652518287736e-10 1.088012959118842e-06 12942432
48.1865 5.790684266972742e-10 1.070660373744793e-06 12924296
48.2327 5.675055011011408e-10 1.051266628617374e-06 12903392
48.2789 5.580765190290288e-10 1.033570497967023e-06 12906168
48.3251 5.469304918101342e-10 1.015109825870816e-06 12873656
48.3713 5.36954608002919e-10 9.974497267755621e-07 12870720
48.4175 5.264715789083388e-10 9.799213311101908e-07 12855428
48.4637 5.166592038254904e-10 9.635675081242765e-07 12842256
48.5099 5.062914458340188e-10 9.475520387077181e-07 12820304
48.5561 4.971080831493187e-10 9.314525040246956e-07 12820328
48.6023 4.876711744575409e-10 9.132622722466404e-07 12794856
48.6485 4.786490946122518e-10 8.990214562217259e-07 12787940
48.6947 4.687761411513007e-10 8.811896566485754e-07 12748392
48.7409 4.603644881015242e-10 8.669481698056769e-07 12752756
48.7871 4.51849142346422e-10 8.512871651533376e-07 12732036
48.8333 4.439278053166009e-10 8.384787803625861e-07 12737132
48.8795 4.347911279586389e-10 8.231315510881773e-07 12712976
48.9257 4.267702778998554e-10 8.085607795012357e-07 12696348
48.9719 4.181344331768701e-10 7.94486406590398e-07 12673892
49.0181 4.109645231534611e-10 7.80858499782647e-07 12677316
49.0643 4.028911812855119e-10 7.675495521713921e-07 12650384
49.1105 3.949432303418014e-10 7.521858849959534e-07 12621344
49.1567 3.877659933332836e-10 7.405788894874443e-07 12624204
49.2029 3.806618383876148e-10 7.287776927832511e-07 12615632
49.2491 3.73392543027393e-10 7.159180171921986e-07 12600420
49.2953 3.659096920140365e-10 7.026977048589411e-07 12570224
49.3415 3.596326196775765e-10 6.906931144370551e-07 12566868
49.3877 3.524089055335474e-10 6.785588367216219e-07 12545828
49.4339 3.459266007705602e-10 6.670611385441484e-07 12538232
49.4801 3.381422304621748e-10 6.546779318832013e-07 12496452
49.5263 3.325703688285659e-10 6.450282900574128e-07 12502688
49.5725 3.263407121220934e-10 6.339170898937865e-07 12498708
49.6187 3.199645999928012e-10 6.222819064448033e-07 12469640
49.6649 3.138025327655805e-10 6.107270345271708e-07 12440136
49.7111 3.080473039562103e-10 6.011414166496322e-07 12442412
49.7573 3.021416434814958e-10 5.913629264738429e-07 12433712
49.8035 2.957441699141514e-10 5.814497905689731e-07 12410544
49.8497 2.902542539837071e-10 5.709654093137953e-07 12381512
49.8959 2.848759414625958e-10 5.61243315579801e-07 12378960
49.9421 2.793499861561471e-10 5.516851002344515e-07 12366872
49.9883 2.740242252054749e-10 5.418160459416859e-07 12345588
50.0345 2.684957782232558e-10 5.325543826121508e-07 12327008
50.0807 2.633056961647899e-10 5.242115443910563e-07 12313388
50.1269 2.583184672788518e-10 5.146995076326908e-07 12306768
50.1731 2.531005653289647e-10 5.059199417889653e-07 12275504
50.2193 2.482939124451022e-10 4.96829459403166e-07 12265620
50.2655 2.43249166328581e-10 4.880180420975672e-07 12236324
50.3117 2.392110145917595e-10 4.80679139379397e-07 12253880
50.3579 2.340249855746384e-10 4.718141269606651e-07 12219756
50.4041 2.294962794882152e-10 4.635685493880169e-07 12195524
50.4503 2.250875633754283e-10 4.55961681430255e-07 12189000
50.4965 2.207473171645886e-10 4.477286902841245e-07 12170168
50.5427 2.163577114863094e-10 4.401758296534794e-07 12147588
50.5889 2.121959243428005e-10 4.323039236080191e-07 12134360
50.6351 2.08164487763487e-10 4.245210938355924e-07 12122816
50.6813 2.042472968312176e-10 4.179491446469346e-07 12107580
50.7275 2.003959474718366e-10 4.106091702491628e-07 12098972
50.7737 1.959118780161683e-10 4.02791264869396e-07 12054744
50.8199 1.924077542324208e-10 3.961499698677412e-07 12056912
50.8661 1.887126279926077e-10 3.891113881264446e-07 12039108
50.9123 1.850446671296436e-10 3.821460571657288e-07 12019400
50.9585 1.814117767616764e-10 3.751379780759011e-07 11996936
51.0047 1.778369592022747e-10 3.683719716507492e-07 11979744
51.0509 1.745316731636404e-10 3.62762003250114e-07 11975504
51.0971 1.710574875925893e-10 3.562716956295682e-07 11963472
51.1433 1.676058560668918e-10 3.496424135771964e-07 11928692
51.1895 1.644124369341961e-10 3.432729198984146e-07 11920356
51.2357 1.614583339582409e-10 3.370742070009971e-07 11900072
51.2819 1.582776777610523e-10 3.315859965332315e-07 11897312
51.3281 1.549834689118735e-10 3.249365970629605e-07 11857164
51.3743 1.518940867915695e-10 3.193679901501866e-07 11842556
51.4205 1.491803925719882e-10 3.141983056256825e-07 11841552
51.4667 1.462230538758787e-10 3.081637356489556e-07 11811860
51.5129 1.434150961544297e-10 3.023799322984659e-07 11798888
51.5591 1.405420910919053e-10 2.969044274409954e-07 11768748
51.6053 1.380139342233959e-10 2.922388219526199e-07 11777096
51.6515 1.350750147660877e-10 2.86449272243758e-07 11733936
51.6977 1.323653747019975e-10 2.812020703825195e-07 11714324
51.7439 1.301852121506304e-10 2.768309336009035e-07 11725020
51.7901 1.275953536798064e-10 2.716639455343531e-07 11696816
51.8363 1.249467443079439e-10 2.662343343073888e-07 11666048
51.8825 1.226719941167094e-10 2.616213284468758e-07 11661996
51.9287 1.203782345035413e-10 2.573293987492553e-07 11645228
51.9749 1.178266274514653e-10 2.524657491517347e-07 11620884
52.0211 1.154669638317584e-10 2.477487831616147e-07 11590808
52.0673 1.133888711314332e-10 2.434619384498001e-07 11587908
52.1135 1.111984529820756e-10 2.38919779339121e-07 11569028
52.1597 1.090435480572951e-10 2.348817727660503e-07 11558012
52.2059 1.069066538945257e-10 2.303125510734322e-07 11528724
52.2521 1.047600170998165e-10 2.262445933296184e-07 11506964
52.2983 1.027586759859774e-10 2.222155378718487e-07 11494536
52.3445 1.006815862453686e-10 2.184768056463531e-07 11477444
52.3907 9.8636472485145e-11 2.144576346221696e-07 11456804
52.4369 9.675526441099056e-11 2.105082063579303e-07 11428740
52.4831 9.502407873749128e-11 2.067941243487718e-07 11427272
52.5293 9.30494936552775e-11 2.030645253744955e-07 11407524
52.5755 9.119561078428143e-11 1.995150581414686e-07 11376992
52.6217 8.940449917245474e-11 1.96052195577964e-07 11363952
52.6679 8.762139432644371e-11 1.925998073083051e-07 11346680
52.7141 8.583243079566561e-11 1.890518738965035e-07 11322272
52.7603 8.432469715069921e-11 1.858336811029992e-07 11313672
52.8065 8.256586197969524e-11 1.822227052708915e-07 11276120
52.8527 8.105196986508058e-11 1.791851270612744e-07 11283648
52.8989 7.938016616261164e-11 1.759264754712204e-07 11248088
52.9451 7.78521959872279e-11 1.732063886903431e-07 11240592
52.9913 7.62729749963813e-11 1.69843960644816e-07 11217380
53.0375 7.47027644166245e-11 1.66680500027044e-07 11185436
53.0837 7.335999876719207e-11 1.63938488992068e-07 11182920
53.1299 7.192809049121503e-11 1.608879283162373e-07 11148968
53.1761 7.045249946440944e-11 1.578547114706237e-07 11132988
53.2223 6.909527029553426e-11 1.5534961705402e-07 11121068
53.2685 6.75800493137511e-11 1.524009117142201e-07 11080992
53.3147 6.651776908612405e-11 1.5023554771576e-07 11101004
53.3609 6.505918799019137e-11 1.470353206606495e-07 11052488
53.4071 6.38449804108638e-11 1.445583525756835e-07 11042760
53.4533 6.26017429311028e-11 1.420536661629091e-07 11024240
53.4995 6.132878039273828e-11 1.394076801262612e-07 11000652
53.5457 6.017337701593579e-11 1.370602975652637e-07 10983116
53.5919 5.887845438293173e-11 1.345175260089797e-07 10951520
53.6381 5.786627601283524e-11 1.32447387427788e-07 10954992
53.6843 5.669472279117676e-11 1.298625923409278e-07 10922468
53.7305 5.557080883027016e-11 1.275015907219522e-07 10900932
53.7767 5.453054985400934e-11 1.251127745455293e-07 10876700
53.8229 5.352539396166861e-11 1.23173054104128e-07 10874520
53.8691 5.238926432643691e-11 1.20735995375902e-07 10837064
53.9153 5.131692867149407e-11 1.186666388839682e-07 10811504
53.9615 5.042266636982676e-11 1.168388968389357e-07 10817724
54.0077 4.945972809758437e-11 1.144466699089227e-07 10782764
54.0539 4.846520865524789e-11 1.123594964839883e-07 10759932
54.1001 4.759462713713883e-11 1.102319967710185e-07 10739204
54.1463 4.664445904551503e-11 1.08446152932189e-07 10720560
54.1925 4.580445191968262e-11 1.065946069019591e-07 10715144
54.2387 4.47977482033117e-11 1.04484645074476e-07 10664960
54.2849 4.394579451893931e-11 1.02709240129842e-07 10661076
54.3311 4.314706765417591e-11 1.008306203325142e-07 10634540
54.3773 4.238055331880787e-11 9.90817625026292e-08 10629012
54.4235 4.15399597660727e-11 9.721274567956776e-08 10600856
54.4697 4.066602195364795e-11 9.540321869323914e-08 10566600
54.5159 3.994530911496337e-11 9.394141409934472e-08 10567232
54.5621 3.916450718473063e-11 9.210764793759929e-08 10531880
54.6083 3.839551485052772e-11 9.062388446786125e-08 10530996
54.6545 3.762494511240458e-11 8.871916395722883e-08 10477004
54.7007 3.692515479853967e-11 8.721034329929057e-08 10471488
54.7469 3.629622304786241e-11 8.571173394998692e-08 10464068
54.7931 3.550845693846473e-11 8.42106998638607e-08 10430660
54.8393 3.483596097619149e-11 8.275989614504073e-08 10419756
54.8855 3.412958227812492e-11 8.125003486863394e-08 10384784
54.9317 3.348781646106064e-11 7.985824197176548e-08 10374072
54.9779 3.283326406579097e-11 7.839675461801815e-08 10348256
55.0241 3.216368267987097e-11 7.694045053643879e-08 10318008
55.0703 3.159880137423587e-11 7.564545188764813e-08 10309604
55.1165 3.093666124601706e-11 7.428582207294004e-08 10286924
55.1627 3.03139414011004e-11 7.305863379515085e-08 10261848
55.2089 2.972911697281545e-11 7.175736644316139e-08 10243016
55.2551 2.91241879291073e-11 7.043314678082125e-08 10211616
55.3013 2.860387919647044e-11 6.921646078209541e-08 10207340
55.3475 2.801678381994243e-11 6.790337578777645e-08 10164252
55.3937 2.750319317035681e-11 6.672742587454194e-08 10159472
55.4399 2.693298181388625e-11 6.558606548150152e-08 10129184
55.4861 2.640728232866132e-11 6.452263498131228e-08 10114464
55.5323 2.591564276255478e-11 6.342597546848342e-08 10103336
55.5785 2.534614121014182e-11 6.212802109541045e-08 10049364
55.6247 2.494134071643055e-11 6.114357475972942e-08 10056980
55.6709 2.443698766076442e-11 5.999581948931591e-08 10027464
55.7171 2.394422100377777e-11 5.89153027490788e-08 10001132
55.7633 2.3477916495221e-11 5.798807834324118e-08 9984704
55.8095 2.296144804837929e-11 5.690419339142028e-08 9946872
55.8557 2.257152940934587e-11 5.597639643678145e-08 9950204
55.9019 2.209959948611113e-11 5.493647208377666e-08 9907884
55.9481 2.169582733327007e-11 5.390169335222594e-08 9890480
55.9943 2.125085541561117e-11 5.293592053857041e-08 9864212
56.0405 2.086645162464388e-11 5.208589113815998e-08 9850680
56.0867 2.044756964584489e-11 5.113899771552541e-08 9831356
56.1329 2.000028661598863e-11 5.016697855490481e-08 9781176
56.1791 1.965980454433335e-11 4.938210938266123e-08 9789368
56.2253 1.928593508886307e-11 4.847701211056551e-08 9760404
56.2715 1.889380242172954e-11 4.760812954785793e-08 9735800
56.3177 1.853133661046689e-11 4.672345823734142e-08 9711092
56.3639 1.818083348284772e-11 4.592220053862539e-08 9689040
56.4101 1.7828426267645e-11 4.511287229983292e-08 9668192
56.4563 1.746050503456596e-11 4.43363584348583e-08 9643500
56.5025 1.711830074665288e-11 4.350629808023006e-08 9617840
56.5487 1.679628421216487e-11 4.275369970540168e-08 9596220
56.5949 1.650245647860705e-11 4.198650070081275e-08 9579572
56.6411 1.618790068597586e-11 4.118105577255582e-08 9553832
56.6873 1.586355019778223e-11 4.045188262107825e-08 9523872
56.7335 1.556011630760503e-11 3.97009229907613e-08 9502856
56.7797 1.528630262614046e-11 3.907820023180396e-08 9490980
56.8259 1.497868343377962e-11 3.829542629637221e-08 9456200
56.8721 1.470122269563937e-11 3.761485635305504e-08 9434060
56.9183 1.443137212007578e-11 3.688883922148013e-08 9409128
56.9645 1.417661684927048e-11 3.621561943654308e-08 9392816
57.0107 1.390029877781578e-11 3.5606387904295e-08 9367812
57.0569 1.360160936618145e-11 3.492495023029514e-08 9335648
57.1031 1.338336549242394e-11 3.44133662766445e-08 9334140
57.1493 1.309937058291744e-11 3.368273464683644e-08 9287804
57.1955 1.287022855741076e-11 3.30987539079023e-08 9280268
57.2417 1.260273343268523e-11 3.242492267363074e-08 9232656
57.2879 1.239281390573113e-11 3.192043958854926e-08 9235316
57.3341 1.212622282105899e-11 3.132481528401718e-08 9201576
57.3803 1.190437713407763e-11 3.075920273306256e-08 9175664
57.4265 1.165591081004807e-11 3.02066570715438e-08 9151536
57.4727 1.145085405561973e-11 2.967718830244182e-08 9128240
57.5189 1.12301936991507e-11 2.910367825679903e-08 9109832
57.5651 1.100883483112848e-11 2.854880172085926e-08 9072324
57.6113 1.079925614517843e-11 2.805903812613322e-08 9060392
57.6575 1.058318133232399e-11 2.756754600601248e-08 9034272
57.7037 1.038226206091191e-11 2.708813489609575e-08 9008744
57.7499 1.017537156071325e-11 2.660092854405007e-08 8989764
57.7961 9.96938626715303e-12 2.610992683225015e-08 8956412
57.8423 9.780687817643642e-12 2.566876177973536e-08 8941880
57.8885 9.589572322283148e-12 2.518365609211772e-08 8914968
57.9347 9.393216588820124e-12 2.472020650443336e-08 8881592
57.9809 9.213075611034969e-12 2.431547907585619e-08 8866164
58.0271 9.017201771935266e-12 2.386318771604143e-08 8832464
58.0733 8.845517837019045e-12 2.342941302170954e-08 8819384
58.1195 8.665249244684854e-12 2.301123551749925e-08 8784948
58.1657 8.506485944957144e-12 2.258525519671268e-08 8766056
58.2119 8.335822345554794e-12 2.216986193795527e-08 8741592
58.2581 8.179077194479359e-12 2.176259304908256e-08 8715404
58.3043 8.011272940625615e-12 2.136839909719806e-08 8693160
58.3505 7.854286047822852e-12 2.098199646693381e-08 8660528
58.3967 7.69353061608597e-12 2.057696993754634e-08 8638364
58.4429 7.554830745133644e-12 2.023413381809926e-08 8622660
58.4891 7.403027840743726e-12 1.982563553156337e-08 8587712
58.5353 7.262282515339317e-12 1.948231340806548e-08 8569368
58.5815 7.107545583854877e-12 1.908012987357951e-08 8529836
58.6277 6.977743269674284e-12 1.88128665379026e-08 8529840
58.6739 6.825134778105891e-12 1.844886105818319e-08 8486240
58.7201 6.693908769612365e-12 1.811157602445371e-08 8464964
58.7663 6.564824771164352e-12 1.777425243587913e-08 8441376
58.8125 6.431134624177694e-12 1.743364554499373e-08 8401016
58.8587 6.321040539632177e-12 1.716443416051141e-08 8409180
58.9049 6.172909574269088e-12 1.682594317057501e-08 8351564
58.9511 6.060156673799477e-12 1.65286925554357e-08 8339304
58.9973 5.93630742133457e-12 1.624497937150634e-08 8310416
59.0435 5.824226624916054e-12 1.594893613500522e-08 8286104
59.0897 5.711018348877016e-12 1.564328284499002e-08 8262372
59.1359 5.594998023249855e-12 1.534481191009458e-08 8225852
59.1821 5.501857336827973e-12 1.510112319709848e-08 8224104
59.2283 5.381456362385947e-12 1.480453360248192e-08 8180564
59.2745 5.27305410183982e-12 1.45390625664543e-08 8150744
59.3207 5.173001577255112e-12 1.429917228704206e-08 8137680
59.3669 5.077932364864358e-12 1.404456354089473e-08 8111156
59.4131 4.967134177667496e-12 1.376449733021832e-08 8078748
59.4593 4.869591659831104e-12 1.351106810459649e-08 8045600
59.5055 4.780274597624544e-12 1.329857516704054e-08 8035524
59.5517 4.680987750459871e-12 1.305718366306856e-08 8002928
59.5979 4.582508773722978e-12 1.283257757969834e-08 7975760
59.6441 4.487241733160291e-12 1.259854915694287e-08 7946448
59.6903 4.401881590722078e-12 1.239095570203506e-08 7924280
59.7365 4.315775186324442e-12 1.21510991745468e-08 7899672
59.7827 4.226523927735559e-12 1.193370007874349e-08 7869572
59.8289 4.142363089933984e-12 1.170013792158414e-08 7830276
59.8751 4.062899522816623e-12 1.15258455939813e-08 7826636
59.9213 3.978902046790512e-12 1.13157804524446e-08 7792388
59.9675 3.896249135741446e-12 1.109906929474405e-08 7765296
60.0137 3.819426448425573e-12 1.089422549056486e-08 7733948
60.0599 3.751056080536152e-12 1.068806989937716e-08 7710948
60.1061 3.674339037136228e-12 1.048995619048346e-08 7689260
60.1523 3.600120006847752e-12 1.028899271336171e-08 7649916
60.1985 3.525999805005967e-12 1.011484547922637e-08 7638020
60.2447 3.452328992438877e-12 9.91060859264999e-09 7597136
60.2909 3.386881905353586e-12 9.745043574562282e-09 7586532
60.3371 3.311261931979535e-12 9.534921418576699e-09 7540628
60.3833 3.250570507468715e-12 9.358967620004917e-09 7519344
60.4295 3.185078299844575e-12 9.182639585674421e-09 7501880
60.4757 3.116580821296549e-12 9.01047203032288e-09 7466540
60.5219 3.051154789453504e-12 8.844162367504215e-09 7440012
60.5681 2.9892853229121e-12 8.679894436401636e-09 7414112
60.6143 2.92880703826934e-12 8.50323889099218e-09 7382808
60.6605 2.871420524326067e-12 8.346341216134405e-09 7365056
60.7067 2.813533355919585e-12 8.175118367211259e-09 7324200
60.7529 2.757645238903179e-12 8.026394436416246e-09 7308356
60.7991 2.699622213729837e-12 7.872814746313906e-09 7275944
60.8453 2.642127280738903e-12 7.712685201359566e-09 7238628
60.8915 2.59630428544241e-12 7.585980329836088e-09 7231832
60.9377 2.541642725534836e-12 7.427575154662905e-09 7189104
60.9839 2.493676598736657e-12 7.281636964984196e-09 7168592
61.0301 2.442249663508433e-12 7.135772081823958e-09 7136184
61.0763 2.396572963177014e-12 7.010056651193935e-09 7116188
61.1225 2.346888982143742e-12 6.863798167578752e-09 7077644
61.1687 2.297846627430959e-12 6.740035022719698e-09 7053780
61.2149 2.253525338929988e-12 6.612872929565532e-09 7031900
61.2611 2.204268934786392e-12 6.48138698631595e-09 6993612
61.3073 2.163892962660218e-12 6.356769910519821e-09 6976868
61.3535 2.115313591016475e-12 6.226158028779861e-09 6934520
61.3997 2.076851024795072e-12 6.115771617289625e-09 6920268
61.4459 2.030393784946186e-12 6.000689219955667e-09 6889172
61.4921 1.985868862507354e-12 5.876157038796004e-09 6844680
61.5383 1.947539216776966e-12 5.7728115768347e-09 6834860
61.5845 1.907442529484892e-12 5.665891589499276e-09 6802656
61.6307 1.867749360566571e-12 5.553861539864672e-09 6777188
61.6769 1.826680034508569e-12 5.437966280179856e-09 6737144
61.7231 1.791088541059029e-12 5.337698875828034e-09 6712620
61.7693 1.755226039908797e-12 5.2463965747619e-09 6695444
61.8155 1.715748823644368e-12 5.135115420696613e-09 6653604
61.8617 1.678922551770804e-12 5.040839093592309e-09 6626744
61.9079 1.647543687687576e-12 4.948398909512197e-09 6602196
61.9541 1.611572716403426e-12 4.848326135111453e-09 6571892
62.0003 1.57762750020024e-12 4.752058798234995e-09 6541832
62.0465 1.544525719277163e-12 4.662411279621228e-09 6504960
62.0927 1.51571786833051e-12 4.577812023085834e-09 6496244
62.1389 1.480190855485397e-12 4.489446406984593e-09 6453468
62.1851 1.451577204047745e-12 4.406444691205686e-09 6432680
62.2313 1.419029546716054e-12 4.31424579375731e-09 6396960
62.2775 1.389786705093208e-12 4.227924277538716e-09 6364784
62.3237 1.362505468303938e-12 4.156519238971942e-09 6352916
62.3699 1.331822393974156e-12 4.06766299364603e-09 6304836
62.4161 1.303237690016335e-12 3.988164522311467e-09 6282080
62.4623 1.275036803220601e-12 3.913643369604793e-09 6251508
62.5085 1.249005358611635e-12 3.840450790491978e-09 6225728
62.5547 1.221113514098136e-12 3.759079312217923e-09 6187640
62.6009 1.195863131644731e-12 3.686287426787696e-09 6159276
62.6471 1.172120024930858e-12 3.618900135109095e-09 6141404
62.6933 1.145835322226737e-12 3.543791587719136e-09 6104412
62.7395 1.120583903127489e-12 3.47855245966425e-09 6071612
62.7857 1.098656937276882e-12 3.411205276428958e-09 6046032
62.8319 1.07448240457745e-12 3.34745374213045e-09 6013244
62.8781 1.053213568986267e-12 3.281910400986198e-09 5990204
62.9243 1.031070132949787e-12 3.215755410216399e-09 5950020
62.9705 1.012238887313939e-12 3.161052643253605e-09 5938520
63.0167 9.879599097351982e-13 3.093764748928747e-09 5890944
63.0629 9.696098469428423e-13 3.03649813849889e-09 5864480
63.1091 9.486490818438602e-13 2.977626672173196e-09 5834628
63.1553 9.302326993302334e-13 2.923755431725585e-09 5806868
63.2015 9.111785261839626e-13 2.865717226802376e-09 5779796
63.2477 8.921250474904565e-13 2.808003237462908e-09 5744076
63.2939 8.743129676267533e-13 2.754691010038115e-09 5716436
63.3401 8.559781288985234e-13 2.69944116790061e-09 5686140
63.3863 8.382300266794989e-13 2.645106003651211e-09 5648924
63.4325 8.221419955647151e-13 2.597183098147476e-09 5631720
63.4787 8.040282679839327e-13 2.54241203594506e-09 5592584
63.5249 7.876226370758156e-13 2.493056473388747e-09 5565032
63.5711 7.701760670857002e-13 2.440329230729914e-09 5527812
63.6173 7.554098651289442e-13 2.395240773727134e-09 5502944
63.6635 7.404689761135236e-13 2.346723370667097e-09 5479728
63.7097 7.234525859785212e-13 2.295665863748037e-09 5435888
63.7559 7.088978286082366e-13 2.252257583239389e-09 5413076
63.8021 6.942295295353562e-13 2.209390160475485e-09 5379972
63.8483 6.794328244126629e-13 2.162481617627709e-09 5348924
63.8945 6.650565459855032e-13 2.117965233969684e-09 5317392
63.9407 6.508738043385943e-13 2.073467295390119e-09 5279504
63.9869 6.393528452908165e-13 2.038125637407955e-09 5268480
64.0331 6.242914583283399e-13 1.992735032991254e-09 5223572
64.0793 6.109375747632463e-13 1.951877186424043e-09 5190452
64.1255 5.981504995230787e-13 1.914155590781885e-09 5162808
64.1716 5.858649784600675e-13 1.875629555812194e-09 5130032
64.2178 5.734219636618238e-13 1.836965892773724e-09 5102844
64.264 5.609750607411022e-13 1.799688185420594e-09 5064404
64.3102 5.497501732839269e-13 1.764571060869964e-09 5041788
64.3564 5.378396184547746e-13 1.72935273323392e-09 5006048
64.4026 5.256955001384126e-13 1.694892417197294e-09 4974476
64.4488 5.147015854483468e-13 1.660952255632567e-09 4944876
64.495 5.031946331239692e-13 1.625453876754655e-09 4906532
64.5412 4.934054747084122e-13 1.596012591419948e-09 4887960
64.5874 4.818497763106847e-13 1.562008248749869e-09 4844576
64.6336 4.713603364469275e-13 1.528938252947897e-09 4814876
64.6798 4.615054353697863e-13 1.5019196815939e-09 4789392
64.726 4.5032940264627e-13 1.467746480314347e-09 4742684
64.7722 4.419890873461781e-13 1.44376265771608e-09 4734516
64.8184 4.309293294460016e-13 1.40910933292211e-09 4682588
64.8646 4.219001542243049e-13 1.38483065260864e-09 4661736
64.9108 4.127740788785754e-13 1.356521376543779e-09 4628360
64.957 4.027426831541299e-13 1.326485840712116e-09 4589408
65.0032 3.941571435880534e-13 1.301208491433878e-09 4560588
65.0494 3.85514611306373e-13 1.276215996427887e-09 4531724
65.0956 3.767850030586964e-13 1.250779956009686e-09 4499988
65.1418 3.678720844472841e-13 1.223138161371026e-09 4461728
65.188 3.597687359313032e-13 1.200245410325517e-09 4433484
65.2342 3.51945589582748e-13 1.17712468379883e-09 4405280
65.2804 3.43136840440779e-13 1.150060824807148e-09 4360472
65.3266 3.35946328354094e-13 1.12787443580905e-09 4339080
65.3728 3.280662007215029e-13 1.104678355480156e-09 4301396
65.419 3.205098639105698e-13 1.082214269949742e-09 4271340
65.4652 3.131560286421983e-13 1.059139343206746e-09 4239968
65.5114 3.055296307368737e-13 1.037517571984036e-09 4201116
65.5576 2.986689947607546e-13 1.016420930558968e-09 4177748
65.6038 2.91701963701755e-13 9.931971254603473e-10 4136636
65.65 2.849754367523763e-13 9.731286997268529e-10 4110516
65.6962 2.784575036935931e-13 9.523819146072562e-10 4075076
65.7424 2.713596011629284e-13 9.308945272425158e-10 4037220
65.7886 2.651552644759829e-13 9.11682276980011e-10 4008632
65.8348 2.589100307666531e-13 8.921228626220621e-10 3972800
65.881 2.528492157603035e-13 8.729057947896128e-10 3946224
65.9272 2.471352374859879e-13 8.536781931781079e-10 3908516
65.9734 2.41265266426672e-13 8.351997723208622e-10 3876912
66.0196 2.354792497249894e-13 8.164952179699058e-10 3839720
66.0658 2.304301008606106e-13 7.995891824120794e-10 3813012
66.112 2.246339357132832e-13 7.819180198523648e-10 3777968
66.1582 2.193924337646233e-13 7.636467408870506e-10 3737048
66.2044 2.14475486226483e-13 7.479275761186311e-10 3713520
66.2506 2.097299417963452e-13 7.316341903608968e-10 3677996
66.2968 2.044270374235274e-13 7.144943035223208e-10 3640800
66.343 1.998741124474278e-13 6.99401473673719e-10 3607976
66.3892 1.949770833840112e-13 6.824148683313207e-10 3570924
66.4354 1.910898501534022e-13 6.681665812409045e-10 3545936
66.4816 1.862038598073735e-13 6.52262053626794e-10 3506408
66.5278 1.819463753803784e-13 6.382967748114227e-10 3471600
66.574 1.779811881144352e-13 6.237076823205847e-10 3442172
66.6202 1.737971129759241e-13 6.095127417766621e-10 3407676
66.6664 1.698191588757761e-13 5.956598444609408e-10 3373964
66.7126 1.658186068464606e-13 5.811831147959125e-10 3336468
66.7588 1.620262156517127e-13 5.686272108553377e-10 3307520
66.805 1.581501655256361e-13 5.555014752366858e-10 3272000
66.8512 1.544054453089284e-13 5.431813208759971e-10 3237408
66.8974 1.503698726579236e-13 5.288008495813999e-10 3196721
66.9436 1.476720817426568e-13 5.193734174109341e-10 3179382
66.9898 1.435893590612271e-13 5.054203081699957e-10 3135572
67.036 1.401130222362097e-13 4.936607571135326e-10 3103196
67.0822 1.372562527603974e-13 4.83952233661204e-10 3079200
67.1284 1.341743307942372e-13 4.739642581914519e-10 3053732
67.1746 1.309180098787368e-13 4.626788739573242e-10 3018894
67.2208 1.277760178867372e-13 4.523905705303017e-10 2988590
67.267 1.252829802787117e-13 4.439102698102631e-10 2970498
67.3132 1.221947082158274e-13 4.336519910106312e-10 2938226
67.3594 1.193752062882954e-13 4.244363758228374e-10 2910458
67.4056 1.164015022338462e-13 4.155692447793076e-10 2883180
67.4518 1.138587404518281e-13 4.072147755574272e-10 2860964
67.498 1.112066007645252e-13 3.980701068416746e-10 2833284
67.5442 1.087488313202627e-13 3.901059441438304e-10 2808758
67.5904 1.05940731042579e-13 3.812083046167123e-10 2780862
67.6366 1.035648722310264e-13 3.738291850909202e-10 2758742
67.6828 1.01201770190975e-13 3.659164212817243e-10 2734520
67.729 9.872388996866761e-14 3.580740192913588e-10 2707878
67.7752 9.63974155833935e-14 3.503022155967984e-10 2685368
67.8214 9.416315393948465e-14 3.427406088025486e-10 2660304
67.8676 9.213796129642913e-14 3.364372003017278e-10 2642216
67.9138 8.968333796979397e-14 3.28040332527341e-10 2610312
67.96 8.768081139687718e-14 3.215649110583269e-10 2593256
68.0062 8.560389098726114e-14 3.148051457363279e-10 2569946
68.0524 8.343067556798894e-14 3.072235299332709e-10 2542752
68.0986 8.186570873085842e-14 3.014907486523611e-10 2526218
68.1448 7.963908834253136e-14 2.94156341718925e-10 2501610
68.191 7.783854864598944e-14 2.880467976824616e-10 2479202
68.2372 7.603710542495988e-14 2.818037227607641e-10 2457824
68.2834 7.426469325042825e-14 2.756158927640785e-10 2436522
68.3296 7.24052408585543e-14 2.695191553220592e-10 2413964
68.3758 7.09726390198787e-14 2.637739156738359e-10 2396034
68.422 6.908547700867593e-14 2.574355888011626e-10 2369162
68.4682 6.758511150086148e-14 2.525934466027877e-10 2354394
68.5144 6.598557279090296e-14 2.465768213309639e-10 2332340
68.5606 6.44088050601787e-14 2.409976009780627e-10 2309150
68.6068 6.291434500455527e-14 2.358260839712351e-10 2288172
68.653 6.152177134350393e-14 2.30439131397452e-10 2269922
68.6992 6.009213541411884e-14 2.255564896264541e-10 2250780
68.7454 5.869869511611402e-14 2.206092213041689e-10 2229338
68.7916 5.738354305373396e-14 2.158237093349743e-10 2210772
68.8378 5.608112150327141e-14 2.111718108157718e-10 2192108
68.884 5.480591119347152e-14 2.062901699319223e-10 2170988
68.9302 5.360386318410656e-14 2.020335095370348e-10 2152722
68.9764 5.237854015738496e-14 1.973262763303425e-10 2132996
69.0226 5.130030343502532e-14 1.933332039908843e-10 2117244
69.0688 4.997356616111568e-14 1.887057178483297e-10 2092700
69.115 4.887321228433434e-14 1.846925105574635e-10 2074508
69.1612 4.787753606444058e-14 1.809452393849829e-10 2061852
69.2074 4.684702672491974e-14 1.767822936153051e-10 2041724
69.2536 4.565742838381211e-14 1.725129224879049e-10 2018460
69.2998 4.469931920085524e-14 1.69341204161312e-10 2003006
69.346 4.378373934099965e-14 1.656974618842855e-10 1989396
69.3922 4.270566880203008e-14 1.619277275293495e-10 1968260
69.4384 4.169134782030854e-14 1.583076037647607e-10 1946780
69.4846 4.083682865254169e-14 1.549751735370181e-10 1934142
69.5308 3.98735806648708e-14 1.516954284239187e-10 1918124
69.577 3.890083433750071e-14 1.48417852747852e-10 1896468
69.6232 3.802374592999906e-14 1.450873904764809e-10 1879406
69.6694 3.710608494187893e-14 1.42087144897025e-10 1864284
69.7156 3.631948608034596e-14 1.391489207175472e-10 1850846
69.7618 3.531703104395262e-14 1.355399636036588e-10 1826084
69.808 3.458990841960805e-14 1.330600661409543e-10 1814094
69.8542 3.371732430019946e-14 1.301240640961623e-10 1799300
69.9004 3.285043484014274e-14 1.270690256925387e-10 1780710
69.9466 3.212386969349291e-14 1.243997455391416e-10 1764884
69.9928 3.125594934184301e-14 1.211448948723006e-10 1744434
70.039 3.056997387295171e-14 1.185834820033996e-10 1734356
70.0852 2.977474507787159e-14 1.160798478606261e-10 1717670
70.1314 2.904727137681588e-14 1.13129415794895e-10 1697718
70.1776 2.831835821784955e-14 1.106790497662796e-10 1682948
70.2238 2.76363804566171e-14 1.080849689663729e-10 1670502
70.27 2.699740597880023e-14 1.056100084540342e-10 1654382
70.3162 2.629591498045747e-14 1.031477190428641e-10 1635902
70.3624 2.568094805392363e-14 1.00730123932836e-10 1623948
70.4086 2.499974536983369e-14 9.843210233940481e-11 1607870
70.4548 2.443177970917501e-14 9.602957762381278e-11 1591710
70.501 2.376394407603624e-14 9.375733696481629e-11 1575254
70.5472 2.328313801320666e-14 9.184955256640016e-11 1565550
70.5934 2.262531929578493e-14 8.938495282882535e-11 1546364
70.6396 2.208459361241377e-14 8.731621436790365e-11 1531526
70.6858 2.153850197539751e-14 8.545311666982394e-11 1516926
70.732 2.104686236118096e-14 8.364163926733564e-11 1508390
70.7782 2.045465012939071e-14 8.125404795270269e-11 1486182
70.8244 1.997406430008741e-14 7.974620463536718e-11 1475414
70.8706 1.947015250051626e-14 7.77011266889733e-11 1459662
70.9168 1.902768487394403e-14 7.615134145573917e-11 1447358
70.963 1.856339087925589e-14 7.443824037118559e-11 1433654
71.0092 1.807428352113577e-14 7.26814736054033e-11 1417218
71.0554 1.765164052411044e-14 7.107668641839009e-11 1405838
71.1016 1.724280079062795e-14 6.954659064915159e-11 1392414
71.1478 1.682053349649519e-14 6.795260512554082e-11 1376246
71.194 1.641742525039847e-14 6.650622859411849e-11 1363542
71.2402 1.603795097952161e-14 6.511981573370882e-11 1352918
71.2864 1.566554908897513e-14 6.372877467360068e-11 1338134
71.3326 1.52788329564712e-14 6.227567203504839e-11 1323840
71.3788 1.48817534065268e-14 6.078060257099621e-11 1308782
71.425 1.45863602509558e-14 5.973704280466634e-11 1301238
71.4712 1.419728583807037e-14 5.84160405684528e-11 1284854
71.5174 1.386815967335676e-14 5.690240441031592e-11 1268942
71.5636 1.354102696175085e-14 5.587662894272036e-11 1261590
71.6098 1.322687644371973e-14 5.455125408790553e-11 1247528
71.656 1.288852294036007e-14 5.3366315451868e-11 1233438
71.7022 1.25575363347456e-14 5.197080190277924e-11 1217750
71.7484 1.233326274785602e-14 5.116957123244515e-11 1213134
71.7946 1.198691460132913e-14 4.989893153712411e-11 1197782
71.8408 1.166424850476207e-14 4.852017438816499e-11 1180700
71.887 1.142054488382727e-14 4.766358954919528e-11 1171854
71.9332 1.115498387434164e-14 4.662789580111986e-11 1163174
71.9794 1.084142512526405e-14 4.53410131244697e-11 1146192
72.0256 1.061633543039244e-14 4.442068042272446e-11 1135046
72.0718 1.034280669196053e-14 4.333517297417718e-11 1124070
72.118 1.010129420000245e-14 4.23897450486817e-11 1113638
72.1642 9.850802590097914e-15 4.127943634330592e-11 1100408
72.2104 9.612150591965055e-15 4.034615222987882e-11 1087734
72.2566 9.381691349711094e-15 3.938482947121826e-11 1078334
72.3028 9.14858594857009e-15 3.847849971450375e-11 1066848
72.349 8.940874358488823e-15 3.762142924221777e-11 1055558
72.3952 8.689130906692444e-15 3.653916883089673e-11 1039512
72.4414 8.488419342833799e-15 3.577305293615297e-11 1034006
72.4876 8.312180130994411e-15 3.497603598187923e-11 1023206
72.5338 8.060305807012984e-15 3.398511022878492e-11 1008276
72.58 7.873739294083259e-15 3.318226066169058e-11 996998
72.6262 7.720580275722011e-15 3.247428187758552e-11 990336
72.6724 7.506547490327474e-15 3.167256440647054e-11 977246
72.7186 7.318301792487586e-15 3.075120043079203e-11 964328
72.7648 7.13907943785459e-15 3.010877490915716e-11 955686
72.811 6.996069721720479e-15 2.944840472539302e-11 947630
72.8572 6.775966088007297e-15 2.855965422412278e-11 932496
72.9034 6.636474562269395e-15 2.799556629739968e-11 923126
72.9496 6.474659215035568e-15 2.733130001803475e-11 915264
72.9958 6.278019453982201e-15 2.654757545237083e-11 902150
73.042 6.137813370176925e-15 2.598867790484243e-11 893672
73.0882 5.98990082699028e-15 2.532054601838355e-11 880782
73.1344 5.82501471905664e-15 2.478485108176415e-11 875360
73.1806 5.657942138303332e-15 2.403448311430053e-11 862326
73.2268 5.521903729115419e-15 2.358366336371054e-11 852140
73.273 5.382556444709896e-15 2.299350354776676e-11 842544
73.3192 5.205882852891501e-15 2.231554054946932e-11 832910
73.3654 5.077135663668758e-15 2.185881424356308e-11 824288
73.4116 4.934915744120715e-15 2.128722003770856e-11 812262
73.4578 4.800716901985188e-15 2.073268510423037e-11 804728
73.504 4.654084398246205e-15 2.017388734289674e-11 795486
73.5502 4.515585531703925e-15 1.968978767992566e-11 784520
73.5964 4.378662454953513e-15 1.914482852501535e-11 773576
73.6426 4.246565197991372e-15 1.861898848367633e-11 767574
73.6888 4.12856495204499e-15 1.814479084664244e-11 757976
73.735 3.988734332972969e-15 1.765553977007387e-11 747246
73.7812 3.864609633892971e-15 1.706855915897596e-11 736088
73.8274 3.760724733129111e-15 1.674403873748569e-11 733116
73.8736 3.626382943569672e-15 1.616084128434906e-11 720086
73.9198 3.508358339563146e-15 1.572273885726983e-11 710432
73.966 3.411831311630984e-15 1.527244802678483e-11 702960
74.0122 3.289008725408997e-15 1.48324632536103e-11 695102
74.0584 3.192843829639616e-15 1.439150492148387e-11 685680
74.1046 3.078884318557646e-15 1.397882064838583e-11 674000
74.1508 2.993649035581175e-15 1.356769821904491e-11 669294
74.197 2.888841878247375e-15 1.317925634355572e-11 661064
74.2432 2.797649292253032e-15 1.274865438942923e-11 649664
74.2894 2.714358342915861e-15 1.243390381637395e-11 641262
74.3356 2.629834835656274e-15 1.204700028187595e-11 636632
74.3818 2.544057985585036e-15 1.173014526845284e-11 627324
74.428 2.460911907264275e-15 1.135052606341786e-11 615680
74.4742 2.381086013953716e-15 1.102001025747212e-11 607974
74.5204 2.322898671737635e-15 1.074644662399159e-11 604784
74.5666 2.240616839366376e-15 1.04142149806641e-11 593216
74.6128 2.168206250344865e-15 1.010184565145003e-11 583830
74.659 2.107746332328602e-15 9.835687891907319e-12 578624
74.7052 2.036145681019084e-15 9.529535718563109e-12 571152
74.7514 1.978677242683393e-15 9.282896454321866e-12 562616
74.7976 1.90150634053027e-15 8.979314007192769e-12 551246
74.8438 1.852385670801519e-15 8.753886770275732e-12 549072
74.89 1.793545690119009e-15 8.500892064453578e-12 540848
74.9362 1.726651579422407e-15 8.221985954437946e-12 529620
74.9824 1.673742014718433e-15 8.029976358654298e-12 523232
75.0286 1.61452235398957e-15 7.768482449096065e-12 518286
75.0748 1.568676998692981e-15 7.594751981716174e-12 511160
75.121 1.507242740437714e-15 7.314581700288021e-12 500648
75.1672 1.457072403005958e-15 7.103049731458547e-12 493848
75.2134 1.418533324325319e-15 6.944460360076727e-12 489776
75.2596 1.368448652861845e-15 6.727654640936921e-12 480798
75.3058 1.321921126661087e-15 6.54794767456824e-12 472664
75.352 1.280252303716249e-15 6.348058781380133e-12 467208
75.3982 1.240228056502407e-15 6.184202190344958e-12 461456
75.4444 1.199165757944815e-15 5.987793622312142e-12 451988
75.4906 1.155006921105463e-15 5.814451433670907e-12 443496
75.5368 1.127543972907309e-15 5.673562424086615e-12 441638
75.583 1.090802873114313e-15 5.507530932612169e-12 433968
75.6292 1.057045720950071e-15 5.349052720734768e-12 425888
75.6754 1.017147078332294e-15 5.180811370930229e-12 417600
75.7216 9.917708053707542e-16 5.042338916278786e-12 414632
75.7678 9.58802806658158e-16 4.899535890428986e-12 407024
75.814 9.292227152268169e-16 4.745842718954607e-12 399048
75.8602 9.003357675739426e-16 4.620458519547723e-12 393878
75.9064 8.731165128824215e-16 4.501955315611406e-12 389196
75.9526 8.437068397708169e-16 4.348285553338756e-12 380816
75.9988 8.151599991338167e-16 4.210217515981218e-12 373160
76.045 7.972132910949612e-16 4.114613542268404e-12 370176
76.0912 7.736854125441922e-16 4.016250541618665e-12 364856
76.1374 7.475167090619099e-16 3.868453044935538e-12 356088
76.1836 7.18568692068159e-16 3.744654701002163e-12 348848
76.2298 7.049006447543742e-16 3.66745565195548e-12 347208
76.276 6.822480456531523e-16 3.568298558873909e-12 339944
76.3222 6.58667443065441e-16 3.436124105814048e-12 331856
76.3684 6.372119216056879e-16 3.343137781107806e-12 327150
76.4146 6.227646134601122e-16 3.273891839081498e-12 324092
76.4608 6.028647681641339e-16 3.171942245834354e-12 316944
76.507 5.797249045505664e-16 3.059515841855636e-12 309512
76.5532 5.626500754272326e-16 2.968135417995019e-12 305496
76.5994 5.473477663722423e-16 2.915393352768643e-12 301904
76.6456 5.257093439879278e-16 2.792426988901968e-12 293552
76.6918 5.063424044855705e-16 2.703455789406839e-12 287328
76.738 4.951179869792966e-16 2.649908164437844e-12 285656
76.7842 4.775189554354152e-16 2.561204202256331e-12 279936
76.8304 4.59042356592939e-16 2.469594478660143e-12 273404
76.8766 4.3747190644546e-16 2.352024002129958e-12 264384
76.9228 4.332220908327357e-16 2.340494683939477e-12 266672
76.969 4.14148367283056e-16 2.241511471304635e-12 259208
77.0152 3.958190109342996e-16 2.146536869938313e-12 252216
77.0614 3.823128001178466e-16 2.070280328711673e-12 247088
77.1076 3.737650299284514e-16 2.028296236721301e-12 245664
77.1538 3.573060374539284e-16 1.94187381313982e-12 239288
77.2 3.388522440657851e-16 1.847040176824776e-12 231968
77.2462 3.316134311073743e-16 1.8040380087881e-12 229608
77.2924 3.201337092108869e-16 1.742742671376209e-12 226340
77.3386 3.057827258445895e-16 1.657540340187458e-12 219360
77.3848 2.925326279052171e-16 1.586100669228e-12 213104
77.431 2.873549240230863e-16 1.551820927174328e-12 213024
77.4772 2.757808154225664e-16 1.484873388275809e-12 208088
77.5234 2.611503537294534e-16 1.409207302695661e-12 200336
77.5696 2.512323183305552e-16 1.357880004932682e-12 195552
77.6158 2.472533622281919e-16 1.336852847491505e-12 196328
77.662 2.339953618567202e-16 1.266102749662035e-12 189792
77.7082 2.242105454911724e-16 1.217244788165241e-12 183908
77.7544 2.161704934257557e-16 1.179687938629663e-12 179424
77.8006 2.110091116832018e-16 1.149596234155675e-12 178760
77.8468 2.018121781981816e-16 1.097498552493954e-12 172928
77.893 1.938326025808536e-16 1.055715743122058e-12 167352
77.9392 1.897511014730443e-16 1.030298670999234e-12 164984
77.9854 1.827916353147097e-16 9.957277287237566e-13 161736
78.0316 1.769421698811091e-16 9.616742351074418e-13 157112
78.0778 1.689449851577078e-16 9.206551305242702e-13 150848
78.124 1.683270940922004e-16 9.11201643956995e-13 151332
78.1702 1.616768692928824e-16 8.776778647822643e-13 146720
78.2164 1.544780884446622e-16 8.413575034037921e-13 140874
78.2626 1.497747689730955e-16 8.178512463050662e-13 136832
78.3088 1.491144420332354e-16 8.096557054828344e-13 137904
78.355 1.409293583808819e-16 7.648167429281025e-13 131384
78.4012 1.349775534506237e-16 7.37533907416766e-13 126248
78.4474 1.315001898633796e-16 7.219469145268475e-13 124152
78.4936 1.28976697260927e-16 7.068952750439646e-13 123896
78.5398 1.208333589997812e-16 6.659751171070141e-13 117588
78.586 1.144393743275968e-16 6.350184767641397e-13 112160
78.6322 1.126795540518209e-16 6.284903980296799e-13 112488
78.6784 1.080485798581721e-16 6.036265142502009e-13 110072
78.7246 1.011142635686068e-16 5.714532400442381e-13 104906
78.7708 9.40039351801295e-17 5.394551150963511e-13 98880
78.817 9.375067983615674e-17 5.379526197096879e-13 101408
78.8632 8.799511726238979e-17 5.09965058975917e-13 97128
78.9094 8.239758024688632e-17 4.821609586974021e-13 92504
78.9556 7.664565123656066e-17 4.56392740021055e-13 88308
79.0018 7.592055937980495e-17 4.512099919385115e-13 89504
79.048 7.083606664355561e-17 4.225370442837453e-13 85064
79.0942 6.612116409477088e-17 3.992793381802722e-13 80856
79.1404 6.292798283221257e-17 3.808965795346764e-13 78914
79.1866 6.079990505967661e-17 3.658684870321944e-13 77928
79.2328 5.676530521597382e-17 3.418498491034525e-13 73760
79.279 5.266782308198173e-17 3.186778809482736e-13 69752
79.3252 5.179219948771803e-17 3.147265045065628e-13 70788
79.3714 4.788076917174549e-17 2.894915214446502e-13 66920
79.4176 4.460171848565e-17 2.705684263703784e-13 63192
79.4638 4.099664290975794e-17 2.510969931490443e-13 59594
79.51 4.211921227870889e-17 2.575141220488335e-13 62760
79.5562 3.753268182267155e-17 2.263499447292824e-13 56720
79.6024 3.511598717355836e-17 2.109450901628512e-13 53384
79.6486 3.349833689868949e-17 2.037543533070429e-13 52272
79.6948 3.423497804152033e-17 2.049736854350844e-13 53456
79.741 3.026329965987698e-17 1.796554736990389e-13 47676
79.7872 2.84312331478915e-17 1.66509698229573e-13 44234
79.8334 2.862998690999959e-17 1.684341186191748e-13 45288
79.8796 2.863460813264583e-17 1.668246787393404e-13 44960
79.9258 2.506660687826981e-17 1.438892620151295e-13 39344
79.972 2.28907621515136e-17 1.315369908276204e-13 35664
80.0182 2.55272396295703e-17 1.443625749459675e-13 39440
80.0644 2.421197915112566e-17 1.378440860870559e-13 37194
80.1106 2.083479727798246e-17 1.140888574279826e-13 31484
80.1568 1.902348467007753e-17 1.060234903236293e-13 28848
80.203 2.264958557918071e-17 1.215081201110136e-13 33200
80.2492 2.084363789798329e-17 1.115481406310185e-13 30056
80.2954 1.734209381568871e-17 8.987025190412444e-14 24570
80.3416 1.702606155027793e-17 8.865784134326038e-14 23936
80.3878 1.961535967662835e-17 9.793506615744472e-14 26640
80.434 1.788763252282002e-17 8.818061989570841e-14 23624
80.4802 1.389369916336332e-17 6.681842903730016e-14 18020
80.5264 1.548857308336915e-17 7.450223017163378e-14 19986
80.5726 1.685861032537743e-17 7.695719411019993e-14 20744
80.6188 1.507336528634067e-17 6.730409314525242e-14 18000
80.665 1.024332490084875e-17 4.449397917575942e-14 12152
80.7112 1.41436424298737e-17 6.110214541821577e-14 16488
80.7574 1.406053293467799e-17 5.7820000659562e-14 15698
80.8036 1.209702893896528e-17 4.826003080122339e-14 13136
80.8498 7.427055225772578e-18 2.989901092199478e-14 8196
80.896 1.18655793991763e-17 4.565492391561091e-14 12488
80.9422 1.092068132277642e-17 4.039892490429655e-14 11250
80.9884 8.90112524281369e-18 3.149913044721426e-14 8984
81.0346 5.666084400924327e-18 2.045259123350439e-14 5736
81.0808 8.632822422148556e-18 2.914978370939919e-14 8456
81.127 7.71425598668134e-18 2.514722784215005e-14 7448
81.1732 5.838689782884881e-18 1.835655948590103e-14 5538
81.2194 4.194293659494207e-18 1.266161196476488e-14 3884
81.2656 5.676255240474883e-18 1.711014225767327e-14 5208
81.3118 4.897883079363085e-18 1.440869563172757e-14 4424
81.358 2.450145087544816e-18 6.981685126130334e-15 2186
81.4042 3.535797896939228e-18 9.934495198167588e-15 3120
81.4504 3.15804064824254e-18 8.823847813953353e-15 2744
81.4966 2.55993881753699e-18 6.300233385074831e-15 2184
81.5428 1.045082945089335e-18 2.82134885816708e-15 902
81.589 1.777496809065021e-18 4.262821859819139e-15 1464
81.6352 1.261734520194251e-18 2.932219169086134e-15 1064
81.6814 8.859666500823947e-19 1.915574834681184e-15 728
81.7276 2.974850139739402e-19 6.770852402225254e-16 258
81.7738 4.331419182766395e-19 8.371208391750774e-16 344
81.82 2.039448053892646e-19 4.402308369556313e-16 168
81.8662 6.546891494667778e-20 1.25291424174975e-16 56
81.9124 8.599621759555651e-21 2.232439138349628e-17 7


